order_item_id,order_id,product_id,quantity,discount,net_sales,profit
1,ORD000001,PROD0052,5,0.0,1933.9,743.05
2,ORD000002,PROD0110,3,0.0,60.57,15.78
3,ORD000002,PROD0150,1,0.15,117.39,39.26
4,ORD000003,PROD0130,5,0.0,422.25,205.35
5,ORD000004,PROD0123,1,0.0,231.18,79.98
6,ORD000005,PROD0104,1,0.05,245.13,64.79
7,ORD000006,PROD0148,4,0.0,179.32,54.64
8,ORD000006,PROD0049,2,0.0,1745.58,728.08
9,ORD000007,PROD0027,1,0.05,544.95,122.73
10,ORD000008,PROD0078,1,0.0,102.62,35.42
11,ORD000008,PROD0026,5,0.2,2721.12,662.32
12,ORD000009,PROD0069,4,0.15,257.28,59.68
13,ORD000010,PROD0134,1,0.05,95.83,28.17
14,ORD000011,PROD0021,5,0.1,5343.48,1092.88
15,ORD000012,PROD0053,3,0.05,1841.56,799.27
16,ORD000013,PROD0105,2,0.1,523.94,112.82
17,ORD000013,PROD0098,5,0.1,404.59,99.84
18,ORD000014,PROD0091,4,0.0,851.84,242.56
19,ORD000015,PROD0139,1,0.2,127.82,36.85
20,ORD000015,PROD0098,1,0.1,80.92,19.97
21,ORD000016,PROD0100,3,0.0,375.15,180.48
22,ORD000016,PROD0111,5,0.2,1068.0,299.75
23,ORD000017,PROD0137,2,0.1,148.18,36.52
24,ORD000017,PROD0112,1,0.0,203.28,88.92
25,ORD000017,PROD0034,2,0.15,542.28,112.44
26,ORD000017,PROD0029,5,0.0,1232.3,614.05
27,ORD000018,PROD0148,1,0.05,42.59,11.42
28,ORD000019,PROD0131,4,0.0,422.72,185.88
29,ORD000019,PROD0020,5,0.0,899.75,325.2
30,ORD000020,PROD0057,3,0.0,1096.83,521.64
31,ORD000021,PROD0006,3,0.0,1593.03,495.6
32,ORD000021,PROD0087,3,0.0,210.3,53.1
33,ORD000021,PROD0068,2,0.0,167.56,63.28
34,ORD000022,PROD0123,1,0.0,231.18,79.98
35,ORD000023,PROD0100,5,0.0,625.25,300.8
36,ORD000024,PROD0057,4,0.0,1462.44,695.52
37,ORD000025,PROD0078,3,0.1,277.07,75.47
38,ORD000026,PROD0005,3,0.0,2615.13,752.22
39,ORD000027,PROD0114,4,0.05,532.68,239.52
40,ORD000027,PROD0142,3,0.0,263.67,102.99
41,ORD000027,PROD0030,2,0.0,2540.68,1029.04
42,ORD000027,PROD0102,4,0.15,972.64,306.88
43,ORD000028,PROD0097,1,0.0,297.9,84.38
44,ORD000028,PROD0121,2,0.0,62.16,22.32
45,ORD000029,PROD0114,2,0.0,280.36,133.78
46,ORD000029,PROD0129,4,0.0,253.12,88.16
47,ORD000030,PROD0045,5,0.05,2497.5,663.35
48,ORD000030,PROD0076,1,0.0,86.28,29.22
49,ORD000031,PROD0147,4,0.1,716.4,174.96
50,ORD000031,PROD0126,1,0.15,170.76,57.86
51,ORD000031,PROD0013,3,0.0,2698.56,1092.87
52,ORD000032,PROD0054,5,0.0,828.65,328.15
53,ORD000033,PROD0141,4,0.05,348.8,111.4
54,ORD000034,PROD0116,2,0.0,330.88,128.62
55,ORD000035,PROD0136,5,0.05,115.71,52.96
56,ORD000036,PROD0027,4,0.15,1950.34,261.46
57,ORD000037,PROD0034,4,0.0,1275.96,416.28
58,ORD000038,PROD0134,5,0.0,504.35,166.05
59,ORD000038,PROD0122,5,0.1,532.89,129.89
60,ORD000038,PROD0007,4,0.1,3960.14,1209.18
61,ORD000039,PROD0028,4,0.0,3075.64,1063.64
62,ORD000039,PROD0138,5,0.05,854.67,386.32
63,ORD000040,PROD0070,3,0.05,137.57,34.55
64,ORD000041,PROD0004,3,0.0,4190.61,1781.76
65,ORD000041,PROD0055,4,0.05,2894.38,814.86
66,ORD000041,PROD0073,5,0.2,144.96,49.06
67,ORD000042,PROD0088,2,0.0,85.5,21.38
68,ORD000043,PROD0148,1,0.1,40.35,9.18
69,ORD000043,PROD0122,2,0.05,225.0,63.8
70,ORD000043,PROD0050,4,0.0,354.6,154.36
71,ORD000044,PROD0075,2,0.0,104.42,47.36
72,ORD000044,PROD0145,3,0.1,116.29,28.81
73,ORD000044,PROD0060,3,0.15,2148.48,416.76
74,ORD000045,PROD0104,5,0.05,1225.64,323.94
75,ORD000045,PROD0013,5,0.15,3822.96,1146.81
76,ORD000046,PROD0090,4,0.05,362.22,148.98
77,ORD000046,PROD0080,2,0.0,131.2,49.36
78,ORD000046,PROD0009,1,0.0,927.49,321.41
79,ORD000047,PROD0044,4,0.0,1981.68,534.84
80,ORD000048,PROD0122,2,0.0,236.84,75.64
81,ORD000049,PROD0091,3,0.0,638.88,181.92
82,ORD000049,PROD0090,2,0.05,181.11,74.49
83,ORD000049,PROD0036,2,0.1,682.76,126.68
84,ORD000050,PROD0142,1,0.0,87.89,34.33
85,ORD000050,PROD0115,4,0.05,303.09,137.37
86,ORD000050,PROD0079,3,0.0,189.93,85.71
87,ORD000051,PROD0009,4,0.1,3338.96,914.64
88,ORD000052,PROD0105,2,0.1,523.94,112.82
89,ORD000052,PROD0075,5,0.05,248.0,105.35
90,ORD000053,PROD0093,2,0.05,466.49,150.99
91,ORD000053,PROD0141,2,0.0,183.58,64.88
92,ORD000054,PROD0115,2,0.1,143.57,60.71
93,ORD000055,PROD0044,4,0.15,1684.43,237.59
94,ORD000055,PROD0133,5,0.0,1172.35,547.5
95,ORD000055,PROD0118,5,0.0,768.8,340.4
96,ORD000056,PROD0042,5,0.0,3332.45,1008.85
97,ORD000056,PROD0023,4,0.0,5450.2,1392.28
98,ORD000057,PROD0052,3,0.0,1160.34,445.83
99,ORD000058,PROD0007,3,0.0,3300.12,1236.9
100,ORD000059,PROD0016,1,0.0,1122.5,472.38
101,ORD000060,PROD0058,1,0.0,341.51,145.12
102,ORD000060,PROD0077,4,0.2,90.75,25.83
103,ORD000061,PROD0011,4,0.0,4744.56,1837.88
104,ORD000062,PROD0044,5,0.05,2353.24,544.69
105,ORD000062,PROD0012,2,0.0,1703.8,691.98
106,ORD000062,PROD0102,1,0.1,257.46,91.02
107,ORD000063,PROD0023,3,0.2,3270.12,226.68
108,ORD000064,PROD0111,4,0.0,1068.0,453.4
109,ORD000065,PROD0067,1,0.0,50.24,22.64
110,ORD000065,PROD0054,5,0.15,704.35,203.85
111,ORD000065,PROD0074,1,0.0,66.19,26.17
112,ORD000066,PROD0031,4,0.0,1417.92,419.88
113,ORD000066,PROD0067,1,0.0,50.24,22.64
114,ORD000067,PROD0052,5,0.1,1740.51,549.66
115,ORD000068,PROD0024,3,0.0,887.7,359.37
116,ORD000069,PROD0104,5,0.1,1161.13,259.43
117,ORD000070,PROD0143,4,0.0,289.8,77.92
118,ORD000071,PROD0099,4,0.0,628.2,223.4
119,ORD000071,PROD0051,1,0.0,537.55,176.36
120,ORD000072,PROD0027,4,0.1,2065.07,376.19
121,ORD000072,PROD0033,3,0.1,1276.53,504.36
122,ORD000072,PROD0081,4,0.0,222.88,64.64
123,ORD000072,PROD0074,3,0.0,198.57,78.51
124,ORD000073,PROD0122,4,0.0,473.68,151.28
125,ORD000074,PROD0124,4,0.0,141.48,67.2
126,ORD000075,PROD0050,2,0.1,159.57,59.45
127,ORD000075,PROD0075,1,0.0,52.21,23.68
128,ORD000076,PROD0110,5,0.0,100.95,26.3
129,ORD000076,PROD0115,1,0.1,71.78,30.35
130,ORD000077,PROD0087,5,0.05,332.97,70.97
131,ORD000078,PROD0049,2,0.0,1745.58,728.08
132,ORD000078,PROD0053,1,0.0,646.16,298.73
133,ORD000079,PROD0089,5,0.15,205.45,35.25
134,ORD000080,PROD0115,5,0.0,398.8,191.65
135,ORD000080,PROD0041,4,0.0,776.52,329.48
136,ORD000081,PROD0059,2,0.0,197.04,81.62
137,ORD000081,PROD0040,4,0.0,3006.2,905.12
138,ORD000081,PROD0035,4,0.0,2884.88,1207.4
139,ORD000081,PROD0007,2,0.1,1980.07,604.59
140,ORD000082,PROD0015,1,0.0,273.62,88.13
141,ORD000082,PROD0087,5,0.0,350.5,88.5
142,ORD000082,PROD0115,3,0.15,203.39,79.1
143,ORD000083,PROD0083,1,0.1,12.24,4.68
144,ORD000083,PROD0024,5,0.05,1405.52,524.97
145,ORD000083,PROD0068,4,0.0,335.12,126.56
146,ORD000084,PROD0032,5,0.1,862.29,306.44
147,ORD000084,PROD0014,1,0.15,1026.1,207.3
148,ORD000085,PROD0112,3,0.15,518.36,175.28
149,ORD000086,PROD0063,3,0.0,241.35,94.59
150,ORD000086,PROD0005,4,0.05,3312.5,828.62
151,ORD000086,PROD0073,4,0.0,144.96,68.24
152,ORD000087,PROD0062,5,0.05,168.62,61.92
153,ORD000088,PROD0055,3,0.05,2170.79,611.15
154,ORD000089,PROD0100,3,0.15,318.88,124.21
155,ORD000090,PROD0071,3,0.0,298.53,96.57
156,ORD000090,PROD0074,4,0.15,225.05,64.97
157,ORD000090,PROD0122,1,0.2,94.74,14.14
158,ORD000091,PROD0018,4,0.1,713.66,299.86
159,ORD000092,PROD0079,5,0.05,300.72,127.02
160,ORD000092,PROD0074,2,0.0,132.38,52.34
161,ORD000093,PROD0102,4,0.1,1029.85,364.09
162,ORD000094,PROD0090,5,0.1,428.94,162.39
163,ORD000094,PROD0026,1,0.0,680.28,268.52
164,ORD000094,PROD0009,5,0.0,4637.45,1607.05
165,ORD000095,PROD0091,5,0.0,1064.8,303.2
166,ORD000095,PROD0009,2,0.15,1576.73,364.57
167,ORD000096,PROD0142,1,0.0,87.89,34.33
168,ORD000097,PROD0020,3,0.0,539.85,195.12
169,ORD000097,PROD0027,4,0.05,2179.79,490.91
170,ORD000098,PROD0118,1,0.0,153.76,68.08
171,ORD000099,PROD0054,4,0.05,629.77,229.37
172,ORD000100,PROD0034,3,0.1,861.27,216.51
173,ORD000101,PROD0115,4,0.0,319.04,153.32
174,ORD000102,PROD0103,2,0.15,381.92,105.76
175,ORD000102,PROD0051,2,0.05,1021.34,298.96
176,ORD000103,PROD0127,1,0.15,62.32,14.64
177,ORD000104,PROD0111,4,0.15,907.8,293.2
178,ORD000104,PROD0018,2,0.05,376.66,169.76
179,ORD000105,PROD0138,3,0.1,485.81,204.8
180,ORD000106,PROD0006,4,0.15,1805.43,342.19
181,ORD000107,PROD0051,3,0.05,1532.02,448.45
182,ORD000108,PROD0025,1,0.0,486.64,183.33
183,ORD000109,PROD0147,3,0.05,567.15,161.07
184,ORD000109,PROD0097,5,0.05,1415.02,347.42
185,ORD000109,PROD0089,3,0.05,137.77,35.65
186,ORD000109,PROD0043,4,0.0,3569.48,1357.08
187,ORD000110,PROD0123,3,0.0,693.54,239.94
188,ORD000110,PROD0084,3,0.0,287.64,103.14
189,ORD000111,PROD0027,1,0.1,516.27,94.05
190,ORD000112,PROD0108,3,0.05,93.65,28.94
191,ORD000112,PROD0076,1,0.05,81.97,24.91
192,ORD000113,PROD0137,4,0.0,329.28,105.96
193,ORD000114,PROD0043,5,0.1,4015.67,1250.17
194,ORD000114,PROD0111,3,0.1,720.9,259.95
195,ORD000115,PROD0130,4,0.15,287.13,113.61
196,ORD000115,PROD0065,3,0.05,29.9,12.47
197,ORD000116,PROD0120,5,0.0,635.8,188.6
198,ORD000116,PROD0012,1,0.0,851.9,345.99
199,ORD000116,PROD0102,3,0.1,772.39,273.07
200,ORD000117,PROD0045,3,0.05,1498.5,398.01
201,ORD000117,PROD0099,2,0.0,314.1,111.7
202,ORD000117,PROD0146,3,0.0,160.5,42.0
203,ORD000118,PROD0031,5,0.0,1772.4,524.85
204,ORD000119,PROD0116,5,0.05,785.84,280.19
205,ORD000120,PROD0137,2,0.05,156.41,44.75
206,ORD000121,PROD0111,3,0.0,801.0,340.05
207,ORD000122,PROD0104,2,0.0,516.06,155.38
208,ORD000123,PROD0051,4,0.0,2150.2,705.44
209,ORD000123,PROD0029,2,0.1,443.63,196.33
210,ORD000123,PROD0116,4,0.0,661.76,257.24
211,ORD000124,PROD0045,1,0.0,525.79,158.96
212,ORD000125,PROD0149,2,0.05,372.95,173.77
213,ORD000125,PROD0094,2,0.0,374.24,171.36
214,ORD000126,PROD0020,5,0.0,899.75,325.2
215,ORD000127,PROD0090,4,0.0,381.28,168.04
216,ORD000128,PROD0049,3,0.2,2094.7,568.45
217,ORD000129,PROD0061,5,0.0,353.55,147.5
218,ORD000129,PROD0081,1,0.05,52.93,13.37
219,ORD000130,PROD0003,3,0.0,4332.39,1530.39
220,ORD000130,PROD0001,1,0.0,1042.42,448.14
221,ORD000131,PROD0085,1,0.0,66.19,23.62
222,ORD000132,PROD0081,5,0.05,264.67,66.87
223,ORD000132,PROD0050,4,0.15,301.41,101.17
224,ORD000133,PROD0043,4,0.0,3569.48,1357.08
225,ORD000134,PROD0027,4,0.0,2294.52,605.64
226,ORD000134,PROD0143,2,0.1,130.41,24.47
227,ORD000134,PROD0033,2,0.0,945.58,430.8
228,ORD000135,PROD0102,1,0.0,286.07,119.63
229,ORD000135,PROD0052,1,0.0,386.78,148.61
230,ORD000136,PROD0015,5,0.0,1368.1,440.65
231,ORD000136,PROD0087,1,0.05,66.59,14.19
232,ORD000137,PROD0140,1,0.0,135.16,60.71
233,ORD000138,PROD0108,4,0.1,118.3,32.02
234,ORD000138,PROD0098,2,0.05,170.83,48.93
235,ORD000139,PROD0082,1,0.05,18.14,8.45
236,ORD000140,PROD0118,2,0.0,307.52,136.16
237,ORD000140,PROD0062,1,0.05,33.73,12.39
238,ORD000141,PROD0027,1,0.0,573.63,151.41
239,ORD000142,PROD0139,5,0.2,639.08,184.23
240,ORD000142,PROD0067,3,0.1,135.65,52.85
241,ORD000143,PROD0123,4,0.15,786.01,181.21
242,ORD000144,PROD0137,2,0.0,164.64,52.98
243,ORD000145,PROD0142,5,0.05,417.48,149.68
244,ORD000145,PROD0026,2,0.15,1156.48,332.96
245,ORD000145,PROD0021,5,0.0,5937.2,1686.6
246,ORD000146,PROD0097,2,0.0,595.8,168.76
247,ORD000146,PROD0114,3,0.0,420.54,200.67
248,ORD000146,PROD0136,1,0.0,24.36,11.81
249,ORD000147,PROD0105,3,0.0,873.24,256.56
250,ORD000148,PROD0086,1,0.0,100.56,41.06
251,ORD000149,PROD0084,2,0.05,182.17,59.17
252,ORD000150,PROD0013,4,0.2,2878.46,737.54
253,ORD000151,PROD0088,3,0.1,115.42,19.24
254,ORD000151,PROD0107,2,0.0,113.14,32.46
255,ORD000152,PROD0088,4,0.05,162.45,34.21
256,ORD000153,PROD0111,2,0.0,534.0,226.7
257,ORD000154,PROD0106,2,0.0,220.8,94.74
258,ORD000155,PROD0113,5,0.05,163.88,50.63
259,ORD000156,PROD0082,3,0.05,54.41,25.34
260,ORD000157,PROD0138,2,0.0,359.86,172.52
261,ORD000157,PROD0030,4,0.0,5081.36,2058.08
262,ORD000157,PROD0021,4,0.0,4749.76,1349.28
263,ORD000158,PROD0062,1,0.1,31.95,10.61
264,ORD000158,PROD0079,5,0.1,284.9,111.2
265,ORD000159,PROD0032,3,0.05,546.12,212.61
266,ORD000159,PROD0132,5,0.0,158.45,44.0
267,ORD000160,PROD0030,3,0.05,3620.47,1353.01
268,ORD000161,PROD0089,5,0.15,205.45,35.25
269,ORD000162,PROD0008,2,0.05,364.12,150.24
270,ORD000163,PROD0080,2,0.0,131.2,49.36
271,ORD000164,PROD0004,3,0.0,4190.61,1781.76
272,ORD000165,PROD0051,4,0.1,1935.18,490.42
273,ORD000165,PROD0142,1,0.0,87.89,34.33
274,ORD000166,PROD0119,4,0.0,195.6,79.84
275,ORD000167,PROD0050,1,0.0,88.65,38.59
276,ORD000168,PROD0051,1,0.1,483.79,122.6
277,ORD000168,PROD0086,5,0.2,402.24,104.74
278,ORD000169,PROD0068,5,0.0,418.9,158.2
279,ORD000169,PROD0088,4,0.2,136.8,8.56
280,ORD000169,PROD0084,3,0.1,258.88,74.38
281,ORD000170,PROD0004,3,0.05,3981.08,1572.23
282,ORD000170,PROD0061,5,0.05,335.87,129.82
283,ORD000170,PROD0031,3,0.1,957.1,208.57
284,ORD000171,PROD0084,2,0.0,191.76,68.76
285,ORD000171,PROD0045,3,0.1,1419.63,319.14
286,ORD000172,PROD0114,5,0.0,700.9,334.45
287,ORD000173,PROD0094,4,0.0,748.48,342.72
288,ORD000173,PROD0072,4,0.0,299.68,99.48
289,ORD000173,PROD0150,5,0.0,690.55,299.9
290,ORD000174,PROD0009,2,0.0,1854.98,642.82
291,ORD000174,PROD0067,2,0.1,90.43,35.23
292,ORD000174,PROD0020,1,0.1,161.95,47.04
293,ORD000175,PROD0004,5,0.0,6984.35,2969.6
294,ORD000175,PROD0139,4,0.0,639.08,275.2
295,ORD000176,PROD0113,4,0.0,138.0,47.4
296,ORD000176,PROD0047,1,0.05,588.27,223.7
297,ORD000177,PROD0017,5,0.1,258.88,92.88
298,ORD000177,PROD0012,2,0.05,1618.61,606.79
299,ORD000178,PROD0117,1,0.0,248.79,62.93
300,ORD000178,PROD0036,5,0.05,1801.72,411.52
301,ORD000178,PROD0021,3,0.05,3384.2,833.84
302,ORD000179,PROD0094,2,0.0,374.24,171.36
303,ORD000179,PROD0074,3,0.2,158.86,38.8
304,ORD000179,PROD0106,4,0.1,397.44,145.32
305,ORD000179,PROD0085,2,0.0,132.38,47.24
306,ORD000180,PROD0008,3,0.1,517.43,196.61
307,ORD000180,PROD0075,5,0.15,221.89,79.24
308,ORD000181,PROD0007,2,0.0,2200.08,824.6
309,ORD000181,PROD0098,5,0.1,404.59,99.84
310,ORD000181,PROD0111,3,0.15,680.85,219.9
311,ORD000182,PROD0107,2,0.05,107.48,26.8
312,ORD000182,PROD0017,3,0.1,155.33,55.73
313,ORD000183,PROD0045,5,0.05,2497.5,663.35
314,ORD000183,PROD0027,4,0.05,2179.79,490.91
315,ORD000184,PROD0111,4,0.1,961.2,346.6
316,ORD000184,PROD0004,5,0.0,6984.35,2969.6
317,ORD000185,PROD0027,1,0.0,573.63,151.41
318,ORD000186,PROD0066,3,0.05,209.5,55.15
319,ORD000187,PROD0104,3,0.0,774.09,233.07
320,ORD000188,PROD0083,4,0.0,54.4,24.16
321,ORD000189,PROD0110,2,0.1,36.34,6.48
322,ORD000189,PROD0091,5,0.0,1064.8,303.2
323,ORD000190,PROD0099,3,0.05,447.59,143.99
324,ORD000190,PROD0026,1,0.15,578.24,166.48
325,ORD000191,PROD0073,3,0.2,86.98,29.44
326,ORD000191,PROD0009,1,0.0,927.49,321.41
327,ORD000191,PROD0019,3,0.0,2572.89,956.82
328,ORD000191,PROD0095,4,0.1,363.64,134.6
329,ORD000192,PROD0038,3,0.1,2325.94,735.49
330,ORD000192,PROD0147,5,0.1,895.5,218.7
331,ORD000193,PROD0095,2,0.0,202.02,87.5
332,ORD000193,PROD0105,2,0.2,465.73,54.61
333,ORD000194,PROD0124,5,0.0,176.85,84.0
334,ORD000194,PROD0103,1,0.0,224.66,86.58
335,ORD000194,PROD0083,5,0.0,68.0,30.2
336,ORD000194,PROD0052,2,0.05,734.88,258.54
337,ORD000195,PROD0020,2,0.0,359.9,130.08
338,ORD000196,PROD0140,5,0.1,608.22,235.97
339,ORD000196,PROD0060,3,0.0,2527.62,795.9
340,ORD000197,PROD0054,3,0.05,472.33,172.03
341,ORD000198,PROD0059,5,0.0,492.6,204.05
342,ORD000198,PROD0020,5,0.05,854.76,280.21
343,ORD000199,PROD0081,2,0.05,105.87,26.75
344,ORD000200,PROD0010,5,0.05,6910.92,2680.02
345,ORD000201,PROD0126,1,0.0,200.9,88.0
346,ORD000201,PROD0028,3,0.0,2306.73,797.73
347,ORD000201,PROD0085,5,0.15,281.31,68.46
348,ORD000202,PROD0140,3,0.0,405.48,182.13
349,ORD000203,PROD0113,3,0.05,98.32,30.37
350,ORD000204,PROD0016,3,0.05,3199.12,1248.76
351,ORD000204,PROD0083,5,0.0,68.0,30.2
352,ORD000204,PROD0076,1,0.0,86.28,29.22
353,ORD000205,PROD0110,1,0.15,17.16,2.23
354,ORD000206,PROD0035,5,0.05,3425.8,1328.95
355,ORD000206,PROD0084,1,0.0,95.88,34.38
356,ORD000206,PROD0025,2,0.15,827.29,220.67
357,ORD000206,PROD0040,4,0.1,2705.58,604.5
358,ORD000207,PROD0122,4,0.05,450.0,127.6
359,ORD000207,PROD0039,1,0.1,395.58,143.8
360,ORD000207,PROD0128,2,0.0,163.92,43.38
361,ORD000208,PROD0106,1,0.0,110.4,47.37
362,ORD000209,PROD0059,5,0.1,443.34,154.79
363,ORD000209,PROD0023,3,0.0,4087.65,1044.21
364,ORD000210,PROD0099,3,0.0,471.15,167.55
365,ORD000211,PROD0107,5,0.0,282.85,81.15
366,ORD000211,PROD0011,5,0.0,5930.7,2297.35
367,ORD000212,PROD0010,5,0.0,7274.65,3043.75
368,ORD000213,PROD0014,1,0.0,1207.18,388.38
369,ORD000214,PROD0048,1,0.0,116.32,29.56
370,ORD000215,PROD0143,4,0.1,260.82,48.94
371,ORD000216,PROD0138,2,0.0,359.86,172.52
372,ORD000217,PROD0067,3,0.2,120.58,37.78
373,ORD000217,PROD0018,1,0.05,188.33,84.88
374,ORD000217,PROD0076,5,0.0,431.4,146.1
375,ORD000217,PROD0036,1,0.0,379.31,101.27
376,ORD000218,PROD0121,1,0.0,31.08,11.16
377,ORD000218,PROD0026,3,0.0,2040.84,805.56
378,ORD000219,PROD0053,2,0.0,1292.32,597.46
379,ORD000219,PROD0033,2,0.05,898.3,383.52
380,ORD000219,PROD0114,3,0.0,420.54,200.67
381,ORD000220,PROD0114,1,0.15,119.15,45.86
382,ORD000220,PROD0042,5,0.0,3332.45,1008.85
383,ORD000221,PROD0150,1,0.0,138.11,59.98
384,ORD000222,PROD0049,3,0.0,2618.37,1092.12
385,ORD000222,PROD0037,2,0.0,1795.52,817.0
386,ORD000223,PROD0139,3,0.0,479.31,206.4
387,ORD000223,PROD0087,3,0.05,199.78,42.58
388,ORD000223,PROD0146,3,0.05,152.47,33.97
389,ORD000224,PROD0072,3,0.2,179.81,29.66
390,ORD000224,PROD0140,2,0.0,270.32,121.42
391,ORD000225,PROD0064,4,0.0,428.56,166.12
392,ORD000226,PROD0134,3,0.15,257.22,54.24
393,ORD000226,PROD0092,4,0.0,265.88,123.68
394,ORD000227,PROD0134,1,0.0,100.87,33.21
395,ORD000228,PROD0034,2,0.15,542.28,112.44
396,ORD000228,PROD0014,2,0.0,2414.36,776.76
397,ORD000228,PROD0048,1,0.1,104.69,17.93
398,ORD000229,PROD0018,1,0.1,178.42,74.97
399,ORD000229,PROD0007,5,0.0,5500.2,2061.5
400,ORD000229,PROD0144,5,0.0,794.45,386.3
401,ORD000230,PROD0147,5,0.0,995.0,318.2
402,ORD000231,PROD0025,2,0.15,827.29,220.67
403,ORD000232,PROD0018,2,0.0,396.48,189.58
404,ORD000232,PROD0055,5,0.0,3808.4,1209.0
405,ORD000232,PROD0054,3,0.05,472.33,172.03
406,ORD000233,PROD0064,5,0.05,508.92,180.87
407,ORD000233,PROD0146,5,0.0,267.5,70.0
408,ORD000233,PROD0016,2,0.0,2245.0,944.76
409,ORD000234,PROD0097,2,0.1,536.22,109.18
410,ORD000234,PROD0007,4,0.15,3740.14,989.18
411,ORD000235,PROD0122,2,0.0,236.84,75.64
412,ORD000235,PROD0032,3,0.0,574.86,241.35
413,ORD000236,PROD0130,3,0.0,253.35,123.21
414,ORD000236,PROD0150,4,0.15,469.57,157.05
415,ORD000237,PROD0038,1,0.1,775.31,245.16
416,ORD000237,PROD0008,5,0.05,910.29,375.59
417,ORD000238,PROD0065,5,0.05,49.83,20.78
418,ORD000238,PROD0008,2,0.0,383.28,169.4
419,ORD000239,PROD0092,1,0.05,63.15,27.6
420,ORD000239,PROD0036,4,0.2,1213.79,101.63
421,ORD000240,PROD0091,3,0.0,638.88,181.92
422,ORD000241,PROD0043,5,0.15,3792.57,1027.07
423,ORD000241,PROD0087,4,0.0,280.4,70.8
424,ORD000242,PROD0055,2,0.0,1523.36,483.6
425,ORD000242,PROD0068,2,0.0,167.56,63.28
426,ORD000243,PROD0073,2,0.0,72.48,34.12
427,ORD000244,PROD0058,4,0.0,1366.04,580.48
428,ORD000245,PROD0048,4,0.0,465.28,118.24
429,ORD000245,PROD0102,1,0.0,286.07,119.63
430,ORD000246,PROD0069,5,0.0,378.35,131.35
431,ORD000247,PROD0103,3,0.15,572.88,158.64
432,ORD000248,PROD0103,5,0.05,1067.13,376.73
433,ORD000249,PROD0073,3,0.15,92.41,34.87
434,ORD000249,PROD0034,2,0.0,637.98,208.14
435,ORD000250,PROD0086,2,0.0,201.12,82.12
436,ORD000250,PROD0017,4,0.05,218.61,85.81
437,ORD000250,PROD0059,5,0.1,443.34,154.79
438,ORD000251,PROD0080,3,0.0,196.8,74.04
439,ORD000251,PROD0102,3,0.15,729.48,230.16
440,ORD000252,PROD0107,4,0.0,226.28,64.92
441,ORD000253,PROD0114,5,0.05,665.86,299.41
442,ORD000254,PROD0108,2,0.0,65.72,22.58
443,ORD000254,PROD0050,5,0.05,421.09,170.79
444,ORD000255,PROD0081,1,0.0,55.72,16.16
445,ORD000255,PROD0015,2,0.15,465.15,94.17
446,ORD000256,PROD0043,4,0.05,3391.01,1178.61
447,ORD000257,PROD0120,5,0.0,635.8,188.6
448,ORD000258,PROD0121,4,0.0,124.32,44.64
449,ORD000259,PROD0089,5,0.0,241.7,71.5
450,ORD000259,PROD0004,2,0.0,2793.74,1187.84
451,ORD000259,PROD0064,2,0.15,182.14,50.92
452,ORD000260,PROD0002,5,0.0,5021.3,2285.5
453,ORD000260,PROD0146,2,0.0,107.0,28.0
454,ORD000261,PROD0117,5,0.0,1243.95,314.65
455,ORD000262,PROD0087,3,0.0,210.3,53.1
456,ORD000262,PROD0069,1,0.0,75.67,26.27
457,ORD000263,PROD0013,5,0.0,4497.6,1821.45
458,ORD000264,PROD0098,4,0.1,323.68,79.88
459,ORD000265,PROD0087,4,0.0,280.4,70.8
460,ORD000265,PROD0098,5,0.05,427.07,122.32
461,ORD000266,PROD0117,3,0.1,671.73,114.15
462,ORD000267,PROD0052,1,0.1,348.1,109.93
463,ORD000268,PROD0063,2,0.0,160.9,63.06
464,ORD000268,PROD0083,5,0.0,68.0,30.2
465,ORD000269,PROD0023,1,0.0,1362.55,348.07
466,ORD000269,PROD0056,1,0.1,325.18,73.68
467,ORD000270,PROD0147,5,0.0,995.0,318.2
468,ORD000271,PROD0079,1,0.05,60.14,25.4
469,ORD000272,PROD0111,4,0.05,1014.6,400.0
470,ORD000272,PROD0125,5,0.0,932.75,384.4
471,ORD000272,PROD0022,5,0.0,3250.1,991.95
472,ORD000273,PROD0087,4,0.0,280.4,70.8
473,ORD000274,PROD0080,5,0.0,328.0,123.4
474,ORD000274,PROD0119,1,0.1,44.01,15.07
475,ORD000275,PROD0042,5,0.0,3332.45,1008.85
476,ORD000275,PROD0100,1,0.0,125.05,60.16
477,ORD000276,PROD0128,1,0.2,65.57,5.3
478,ORD000276,PROD0085,4,0.0,264.76,94.48
479,ORD000276,PROD0145,4,0.0,172.28,55.64
480,ORD000276,PROD0009,2,0.05,1762.23,550.07
481,ORD000277,PROD0014,1,0.05,1146.82,328.02
482,ORD000278,PROD0134,5,0.0,504.35,166.05
483,ORD000278,PROD0150,3,0.0,414.33,179.94
484,ORD000279,PROD0127,4,0.05,278.62,87.9
485,ORD000280,PROD0123,1,0.05,219.62,68.42
486,ORD000281,PROD0138,1,0.1,161.94,68.27
487,ORD000282,PROD0098,5,0.0,449.55,144.8
488,ORD000282,PROD0117,4,0.2,796.13,52.69
489,ORD000282,PROD0094,5,0.0,935.6,428.4
490,ORD000283,PROD0003,4,0.05,5487.69,1751.69
491,ORD000284,PROD0119,4,0.0,195.6,79.84
492,ORD000284,PROD0070,1,0.0,48.27,13.93
493,ORD000284,PROD0142,2,0.05,166.99,59.87
494,ORD000285,PROD0028,3,0.05,2191.39,682.39
495,ORD000286,PROD0073,2,0.0,72.48,34.12
496,ORD000286,PROD0124,4,0.05,134.41,60.13
497,ORD000286,PROD0024,3,0.0,887.7,359.37
498,ORD000287,PROD0080,3,0.0,196.8,74.04
499,ORD000288,PROD0006,2,0.0,1062.02,330.4
500,ORD000289,PROD0049,3,0.0,2618.37,1092.12
501,ORD000289,PROD0001,2,0.1,1876.36,687.8
502,ORD000290,PROD0017,1,0.0,57.53,24.33
503,ORD000291,PROD0067,4,0.05,190.91,80.51
504,ORD000291,PROD0031,5,0.2,1417.92,170.37
505,ORD000291,PROD0016,4,0.0,4490.0,1889.52
506,ORD000291,PROD0008,3,0.0,574.92,254.1
507,ORD000292,PROD0131,3,0.0,317.04,139.41
508,ORD000292,PROD0110,5,0.0,100.95,26.3
509,ORD000292,PROD0118,2,0.1,276.77,105.41
510,ORD000293,PROD0047,4,0.0,2476.92,1018.64
511,ORD000293,PROD0134,5,0.0,504.35,166.05
512,ORD000294,PROD0098,2,0.0,179.82,57.92
513,ORD000294,PROD0077,1,0.05,26.94,10.71
514,ORD000294,PROD0023,4,0.0,5450.2,1392.28
515,ORD000295,PROD0066,4,0.05,279.34,73.54
516,ORD000295,PROD0088,3,0.0,128.25,32.07
517,ORD000296,PROD0047,3,0.0,1857.69,763.98
518,ORD000297,PROD0095,3,0.0,303.03,131.25
519,ORD000297,PROD0064,4,0.0,428.56,166.12
520,ORD000298,PROD0120,4,0.0,508.64,150.88
521,ORD000299,PROD0079,5,0.05,300.72,127.02
522,ORD000300,PROD0111,2,0.05,507.3,200.0
523,ORD000300,PROD0003,4,0.0,5776.52,2040.52
524,ORD000301,PROD0054,4,0.1,596.63,196.23
525,ORD000301,PROD0146,2,0.0,107.0,28.0
526,ORD000302,PROD0048,5,0.05,552.52,118.72
527,ORD000302,PROD0058,3,0.1,922.08,332.91
528,ORD000302,PROD0090,3,0.0,285.96,126.03
529,ORD000303,PROD0090,1,0.05,90.55,37.24
530,ORD000304,PROD0127,4,0.1,263.95,73.23
531,ORD000304,PROD0082,1,0.0,19.09,9.4
532,ORD000304,PROD0072,3,0.0,224.76,74.61
533,ORD000305,PROD0040,3,0.0,2254.65,678.84
534,ORD000305,PROD0042,4,0.0,2665.96,807.08
535,ORD000306,PROD0026,2,0.05,1292.53,469.01
536,ORD000306,PROD0083,5,0.0,68.0,30.2
537,ORD000306,PROD0135,3,0.0,56.76,27.42
538,ORD000306,PROD0148,5,0.0,224.15,68.3
539,ORD000307,PROD0020,4,0.05,683.81,224.17
540,ORD000307,PROD0013,4,0.05,3418.18,1277.26
541,ORD000307,PROD0057,2,0.15,621.54,238.08
542,ORD000308,PROD0060,4,0.05,3201.65,892.69
543,ORD000308,PROD0033,5,0.0,2363.95,1077.0
544,ORD000308,PROD0125,1,0.0,186.55,76.88
545,ORD000309,PROD0146,3,0.1,144.45,25.95
546,ORD000310,PROD0025,4,0.1,1751.9,538.66
547,ORD000311,PROD0024,5,0.2,1183.6,303.05
548,ORD000311,PROD0138,4,0.0,719.72,345.04
549,ORD000312,PROD0113,2,0.05,65.55,20.25
550,ORD000313,PROD0119,1,0.0,48.9,19.96
551,ORD000313,PROD0028,4,0.0,3075.64,1063.64
552,ORD000314,PROD0026,5,0.0,3401.4,1342.6
553,ORD000314,PROD0030,4,0.05,4827.29,1804.01
554,ORD000314,PROD0102,1,0.0,286.07,119.63
555,ORD000315,PROD0143,4,0.0,289.8,77.92
556,ORD000316,PROD0050,2,0.0,177.3,77.18
557,ORD000317,PROD0065,3,0.15,26.75,9.32
558,ORD000318,PROD0019,5,0.15,3644.93,951.48
559,ORD000319,PROD0135,5,0.0,94.6,45.7
560,ORD000320,PROD0119,5,0.0,244.5,99.8
561,ORD000320,PROD0087,5,0.0,350.5,88.5
562,ORD000321,PROD0087,1,0.0,70.1,17.7
563,ORD000321,PROD0076,3,0.0,258.84,87.66
564,ORD000322,PROD0105,5,0.1,1309.86,282.06
565,ORD000323,PROD0067,4,0.05,190.91,80.51
566,ORD000324,PROD0108,4,0.0,131.44,45.16
567,ORD000325,PROD0049,5,0.0,4363.95,1820.2
568,ORD000325,PROD0114,1,0.05,133.17,59.88
569,ORD000326,PROD0102,4,0.0,1144.28,478.52
570,ORD000326,PROD0127,2,0.1,131.98,36.62
571,ORD000326,PROD0075,4,0.1,187.96,73.84
572,ORD000327,PROD0108,2,0.05,62.43,19.29
573,ORD000328,PROD0038,3,0.0,2584.38,993.93
574,ORD000328,PROD0135,5,0.1,85.14,36.24
575,ORD000329,PROD0114,2,0.0,280.36,133.78
576,ORD000329,PROD0046,1,0.05,538.58,125.51
577,ORD000329,PROD0065,5,0.0,52.45,23.4
578,ORD000330,PROD0118,3,0.0,461.28,204.24
579,ORD000331,PROD0099,2,0.2,251.28,48.88
580,ORD000331,PROD0146,3,0.0,160.5,42.0
581,ORD000332,PROD0080,2,0.0,131.2,49.36
582,ORD000332,PROD0006,1,0.0,531.01,165.2
583,ORD000333,PROD0142,4,0.2,281.25,67.01
584,ORD000334,PROD0012,3,0.0,2555.7,1037.97
585,ORD000334,PROD0111,2,0.0,534.0,226.7
586,ORD000335,PROD0039,4,0.0,1758.12,751.0
587,ORD000336,PROD0081,4,0.1,200.59,42.35
588,ORD000337,PROD0108,2,0.0,65.72,22.58
589,ORD000337,PROD0057,4,0.0,1462.44,695.52
590,ORD000338,PROD0080,1,0.05,62.32,21.4
591,ORD000339,PROD0039,3,0.15,1120.8,365.46
592,ORD000340,PROD0132,5,0.05,150.53,36.08
593,ORD000340,PROD0059,3,0.0,295.56,122.43
594,ORD000341,PROD0050,1,0.15,75.35,25.29
595,ORD000342,PROD0149,4,0.0,785.16,386.8
596,ORD000343,PROD0042,1,0.0,666.49,201.77
597,ORD000344,PROD0144,5,0.1,715.0,306.85
598,ORD000344,PROD0075,4,0.05,198.4,84.28
599,ORD000344,PROD0115,2,0.0,159.52,76.66
600,ORD000344,PROD0118,1,0.0,153.76,68.08
601,ORD000345,PROD0113,3,0.15,87.97,20.02
602,ORD000345,PROD0047,1,0.0,619.23,254.66
603,ORD000346,PROD0006,1,0.0,531.01,165.2
604,ORD000346,PROD0125,2,0.0,373.1,153.76
605,ORD000347,PROD0040,3,0.1,2029.18,453.37
606,ORD000347,PROD0077,4,0.1,102.1,37.18
607,ORD000348,PROD0013,2,0.0,1799.04,728.58
608,ORD000349,PROD0020,5,0.0,899.75,325.2
609,ORD000349,PROD0079,4,0.0,253.24,114.28
610,ORD000350,PROD0032,4,0.0,766.48,321.8
611,ORD000351,PROD0108,5,0.0,164.3,56.45
612,ORD000351,PROD0095,5,0.0,505.05,218.75
613,ORD000351,PROD0079,3,0.1,170.94,66.72
614,ORD000352,PROD0134,5,0.0,504.35,166.05
615,ORD000353,PROD0120,3,0.1,343.33,75.01
616,ORD000354,PROD0101,5,0.1,739.67,271.57
617,ORD000354,PROD0141,2,0.05,174.4,55.7
618,ORD000355,PROD0083,5,0.0,68.0,30.2
619,ORD000355,PROD0081,4,0.05,211.74,53.5
620,ORD000356,PROD0029,1,0.0,246.46,122.81
621,ORD000356,PROD0055,2,0.0,1523.36,483.6
622,ORD000357,PROD0150,2,0.0,276.22,119.96
623,ORD000358,PROD0077,4,0.05,107.77,42.85
624,ORD000358,PROD0121,5,0.0,155.4,55.8
625,ORD000358,PROD0106,3,0.0,331.2,142.11
626,ORD000359,PROD0095,2,0.05,191.92,77.4
627,ORD000360,PROD0020,4,0.1,647.82,188.18
628,ORD000360,PROD0111,1,0.0,267.0,113.35
629,ORD000360,PROD0016,4,0.1,4041.0,1440.52
630,ORD000361,PROD0076,5,0.0,431.4,146.1
631,ORD000362,PROD0074,3,0.0,198.57,78.51
632,ORD000363,PROD0136,1,0.1,21.92,9.37
633,ORD000363,PROD0023,5,0.0,6812.75,1740.35
634,ORD000364,PROD0073,5,0.05,172.14,76.24
635,ORD000364,PROD0150,2,0.05,262.41,106.15
636,ORD000365,PROD0149,5,0.0,981.45,483.5
637,ORD000365,PROD0078,4,0.1,369.43,100.63
638,ORD000366,PROD0061,2,0.05,134.35,51.93
639,ORD000367,PROD0126,5,0.2,803.6,239.1
640,ORD000367,PROD0068,4,0.15,284.85,76.29
641,ORD000368,PROD0128,3,0.1,221.29,40.48
642,ORD000368,PROD0120,4,0.1,457.78,100.02
643,ORD000369,PROD0117,5,0.0,1243.95,314.65
644,ORD000369,PROD0093,5,0.0,1227.6,438.85
645,ORD000370,PROD0065,3,0.0,31.47,14.04
646,ORD000370,PROD0133,4,0.0,937.88,438.0
647,ORD000370,PROD0057,4,0.0,1462.44,695.52
648,ORD000371,PROD0100,1,0.05,118.8,53.91
649,ORD000372,PROD0106,3,0.2,264.96,75.87
650,ORD000373,PROD0070,3,0.15,123.09,20.07
651,ORD000374,PROD0126,5,0.0,1004.5,440.0
652,ORD000374,PROD0140,1,0.0,135.16,60.71
653,ORD000375,PROD0140,5,0.0,675.8,303.55
654,ORD000376,PROD0115,5,0.0,398.8,191.65
655,ORD000377,PROD0127,3,0.1,197.96,54.92
656,ORD000377,PROD0139,2,0.0,319.54,137.6
657,ORD000378,PROD0049,1,0.05,829.15,320.4
658,ORD000378,PROD0139,3,0.0,479.31,206.4
659,ORD000379,PROD0097,1,0.15,253.21,39.69
660,ORD000380,PROD0068,4,0.0,335.12,126.56
661,ORD000380,PROD0144,1,0.15,135.06,53.43
662,ORD000380,PROD0050,2,0.1,159.57,59.45
663,ORD000381,PROD0123,4,0.0,924.72,319.92
664,ORD000381,PROD0140,5,0.0,675.8,303.55
665,ORD000381,PROD0042,5,0.05,3165.83,842.23
666,ORD000382,PROD0066,2,0.0,147.02,44.12
667,ORD000382,PROD0121,4,0.2,99.46,19.78
668,ORD000383,PROD0045,1,0.0,525.79,158.96
669,ORD000383,PROD0012,3,0.1,2300.13,782.4
670,ORD000384,PROD0148,4,0.05,170.35,45.67
671,ORD000385,PROD0056,1,0.0,361.31,109.81
672,ORD000386,PROD0050,2,0.0,177.3,77.18
673,ORD000386,PROD0141,2,0.0,183.58,64.88
674,ORD000387,PROD0031,5,0.2,1417.92,170.37
675,ORD000388,PROD0013,3,0.1,2428.7,823.01
676,ORD000389,PROD0019,1,0.0,857.63,318.94
677,ORD000389,PROD0085,4,0.0,264.76,94.48
678,ORD000389,PROD0086,3,0.0,301.68,123.18
679,ORD000390,PROD0114,3,0.0,420.54,200.67
680,ORD000390,PROD0104,3,0.05,735.39,194.37
681,ORD000391,PROD0089,2,0.0,96.68,28.6
682,ORD000392,PROD0055,3,0.0,2285.04,725.4
683,ORD000393,PROD0123,1,0.0,231.18,79.98
684,ORD000394,PROD0060,3,0.0,2527.62,795.9
685,ORD000395,PROD0045,4,0.0,2103.16,635.84
686,ORD000396,PROD0085,2,0.0,132.38,47.24
687,ORD000396,PROD0024,5,0.1,1331.55,451.0
688,ORD000397,PROD0127,2,0.05,139.31,43.95
689,ORD000397,PROD0064,1,0.0,107.14,41.53
690,ORD000398,PROD0148,3,0.0,134.49,40.98
691,ORD000398,PROD0109,3,0.0,164.37,46.95
692,ORD000399,PROD0119,4,0.05,185.82,70.06
693,ORD000400,PROD0044,3,0.05,1411.95,326.82
694,ORD000401,PROD0007,1,0.0,1100.04,412.3
695,ORD000402,PROD0012,2,0.2,1363.04,351.22
696,ORD000402,PROD0043,5,0.2,3569.48,803.98
697,ORD000403,PROD0017,5,0.05,273.27,107.27
698,ORD000404,PROD0131,4,0.05,401.58,164.74
699,ORD000404,PROD0068,1,0.0,83.78,31.64
700,ORD000405,PROD0079,4,0.0,253.24,114.28
701,ORD000406,PROD0067,3,0.0,150.72,67.92
702,ORD000407,PROD0123,5,0.0,1155.9,399.9
703,ORD000407,PROD0119,1,0.05,46.45,17.51
704,ORD000407,PROD0104,4,0.15,877.3,155.94
705,ORD000407,PROD0127,1,0.15,62.32,14.64
706,ORD000408,PROD0028,3,0.15,1960.72,451.72
707,ORD000409,PROD0038,4,0.05,3273.55,1152.95
708,ORD000410,PROD0010,2,0.0,2909.86,1217.5
709,ORD000410,PROD0140,5,0.0,675.8,303.55
710,ORD000410,PROD0105,3,0.15,742.25,125.57
711,ORD000411,PROD0022,2,0.05,1235.04,331.78
712,ORD000411,PROD0057,5,0.05,1736.65,778.0
713,ORD000412,PROD0033,3,0.05,1347.45,575.28
714,ORD000412,PROD0038,5,0.15,3661.2,1010.45
715,ORD000412,PROD0123,4,0.2,739.78,134.98
716,ORD000413,PROD0145,5,0.15,183.05,37.25
717,ORD000414,PROD0070,1,0.0,48.27,13.93
718,ORD000414,PROD0084,2,0.1,172.58,49.58
719,ORD000415,PROD0072,4,0.2,239.74,39.54
720,ORD000415,PROD0036,3,0.0,1137.93,303.81
721,ORD000415,PROD0149,3,0.0,588.87,290.1
722,ORD000416,PROD0119,1,0.1,44.01,15.07
723,ORD000417,PROD0046,5,0.05,2692.92,627.57
724,ORD000418,PROD0115,1,0.0,79.76,38.33
725,ORD000419,PROD0014,5,0.1,5432.31,1338.31
726,ORD000420,PROD0022,2,0.15,1105.03,201.77
727,ORD000420,PROD0103,4,0.0,898.64,346.32
728,ORD000421,PROD0043,4,0.1,3212.53,1000.13
729,ORD000422,PROD0051,4,0.0,2150.2,705.44
730,ORD000423,PROD0038,2,0.0,1722.92,662.62
731,ORD000424,PROD0080,5,0.0,328.0,123.4
732,ORD000424,PROD0037,3,0.15,2289.29,821.51
733,ORD000424,PROD0052,2,0.0,773.56,297.22
734,ORD000424,PROD0095,1,0.05,95.96,38.7
735,ORD000425,PROD0064,4,0.05,407.13,144.69
736,ORD000425,PROD0055,5,0.05,3617.98,1018.58
737,ORD000426,PROD0032,1,0.05,182.04,70.87
738,ORD000426,PROD0097,4,0.0,1191.6,337.52
739,ORD000426,PROD0005,1,0.15,740.95,119.98
740,ORD000427,PROD0043,1,0.05,847.75,294.65
741,ORD000427,PROD0080,5,0.1,295.2,90.6
742,ORD000428,PROD0113,4,0.0,138.0,47.4
743,ORD000429,PROD0138,4,0.0,719.72,345.04
744,ORD000429,PROD0047,3,0.05,1764.81,671.1
745,ORD000429,PROD0037,1,0.05,852.87,363.61
746,ORD000430,PROD0078,4,0.0,410.48,141.68
747,ORD000431,PROD0120,5,0.15,540.43,93.23
748,ORD000432,PROD0001,4,0.0,4169.68,1792.56
749,ORD000433,PROD0033,2,0.15,803.74,288.96
750,ORD000434,PROD0022,2,0.1,1170.04,266.78
751,ORD000435,PROD0145,4,0.05,163.67,47.03
752,ORD000436,PROD0100,5,0.05,593.99,269.54
753,ORD000436,PROD0081,2,0.0,111.44,32.32
754,ORD000437,PROD0078,3,0.05,292.47,90.87
755,ORD000437,PROD0099,2,0.0,314.1,111.7
756,ORD000438,PROD0096,1,0.0,57.96,18.11
757,ORD000438,PROD0106,3,0.1,298.08,108.99
758,ORD000439,PROD0111,2,0.0,534.0,226.7
759,ORD000440,PROD0102,5,0.1,1287.32,455.12
760,ORD000441,PROD0047,4,0.05,2353.07,894.79
761,ORD000442,PROD0021,2,0.0,2374.88,674.64
762,ORD000442,PROD0092,4,0.0,265.88,123.68
763,ORD000442,PROD0095,4,0.0,404.04,175.0
764,ORD000443,PROD0036,5,0.0,1896.55,506.35
765,ORD000444,PROD0118,2,0.0,307.52,136.16
766,ORD000444,PROD0122,2,0.0,236.84,75.64
767,ORD000444,PROD0126,3,0.0,602.7,264.0
768,ORD000445,PROD0145,5,0.0,215.35,69.55
769,ORD000445,PROD0125,1,0.0,186.55,76.88
770,ORD000446,PROD0094,3,0.05,533.29,228.97
771,ORD000447,PROD0078,5,0.0,513.1,177.1
772,ORD000447,PROD0024,4,0.1,1065.24,360.8
773,ORD000448,PROD0035,3,0.0,2163.66,905.55
774,ORD000449,PROD0089,4,0.1,174.02,37.86
775,ORD000449,PROD0040,1,0.0,751.55,226.28
776,ORD000449,PROD0138,2,0.0,359.86,172.52
777,ORD000450,PROD0014,4,0.05,4587.28,1312.08
778,ORD000451,PROD0001,1,0.05,990.3,396.02
779,ORD000451,PROD0111,5,0.2,1068.0,299.75
780,ORD000452,PROD0017,3,0.0,172.59,72.99
781,ORD000452,PROD0089,3,0.0,145.02,42.9
782,ORD000453,PROD0141,2,0.05,174.4,55.7
783,ORD000453,PROD0126,4,0.05,763.42,311.82
784,ORD000454,PROD0108,2,0.15,55.86,12.72
785,ORD000455,PROD0079,2,0.0,126.62,57.14
786,ORD000456,PROD0132,1,0.1,28.52,5.63
787,ORD000456,PROD0069,2,0.1,136.21,37.41
788,ORD000457,PROD0118,3,0.0,461.28,204.24
789,ORD000458,PROD0104,2,0.05,490.26,129.58
790,ORD000459,PROD0058,3,0.05,973.3,384.13
791,ORD000460,PROD0047,3,0.0,1857.69,763.98
792,ORD000461,PROD0112,1,0.1,182.95,68.59
793,ORD000461,PROD0047,2,0.0,1238.46,509.32
794,ORD000462,PROD0037,4,0.1,3231.94,1274.9
795,ORD000462,PROD0121,2,0.0,62.16,22.32
796,ORD000463,PROD0143,5,0.15,307.91,43.06
797,ORD000463,PROD0063,4,0.1,289.62,93.94
798,ORD000463,PROD0088,4,0.15,145.35,17.11
799,ORD000464,PROD0103,5,0.1,1010.97,320.57
800,ORD000464,PROD0081,3,0.05,158.8,40.12
801,ORD000465,PROD0012,3,0.1,2300.13,782.4
802,ORD000465,PROD0117,3,0.0,746.37,188.79
803,ORD000466,PROD0102,3,0.2,686.57,187.25
804,ORD000466,PROD0046,5,0.1,2551.18,485.83
805,ORD000466,PROD0019,5,0.05,4073.74,1380.29
806,ORD000467,PROD0133,3,0.1,633.07,258.16
807,ORD000468,PROD0010,4,0.0,5819.72,2435.0
808,ORD000469,PROD0063,3,0.0,241.35,94.59
809,ORD000470,PROD0035,1,0.1,649.1,229.73
810,ORD000471,PROD0118,1,0.1,138.38,52.7
811,ORD000472,PROD0009,3,0.15,2365.1,546.86
812,ORD000473,PROD0015,3,0.0,820.86,264.39
813,ORD000473,PROD0027,1,0.1,516.27,94.05
814,ORD000474,PROD0104,2,0.0,516.06,155.38
815,ORD000474,PROD0129,1,0.0,63.28,22.04
816,ORD000475,PROD0072,1,0.0,74.92,24.87
817,ORD000475,PROD0034,1,0.05,303.04,88.12
818,ORD000476,PROD0018,4,0.15,674.02,260.22
819,ORD000477,PROD0070,3,0.0,144.81,41.79
820,ORD000477,PROD0119,3,0.05,139.36,52.54
821,ORD000478,PROD0106,3,0.0,331.2,142.11
822,ORD000479,PROD0025,1,0.0,486.64,183.33
823,ORD000480,PROD0087,5,0.05,332.97,70.97
824,ORD000481,PROD0115,5,0.0,398.8,191.65
825,ORD000481,PROD0049,2,0.15,1483.74,466.24
826,ORD000482,PROD0108,2,0.0,65.72,22.58
827,ORD000482,PROD0119,5,0.15,207.82,63.12
828,ORD000483,PROD0083,1,0.0,13.6,6.04
829,ORD000484,PROD0029,1,0.0,246.46,122.81
830,ORD000485,PROD0120,5,0.05,604.01,156.81
831,ORD000485,PROD0051,4,0.05,2042.69,597.93
832,ORD000486,PROD0029,5,0.0,1232.3,614.05
833,ORD000486,PROD0068,4,0.05,318.36,109.8
834,ORD000486,PROD0134,1,0.1,90.78,23.12
835,ORD000487,PROD0058,4,0.0,1366.04,580.48
836,ORD000488,PROD0016,4,0.0,4490.0,1889.52
837,ORD000488,PROD0040,2,0.0,1503.1,452.56
838,ORD000489,PROD0142,3,0.0,263.67,102.99
839,ORD000490,PROD0137,3,0.0,246.96,79.47
840,ORD000490,PROD0031,1,0.0,354.48,104.97
841,ORD000491,PROD0001,2,0.0,2084.84,896.28
842,ORD000492,PROD0006,5,0.0,2655.05,826.0
843,ORD000492,PROD0040,1,0.0,751.55,226.28
844,ORD000493,PROD0034,5,0.0,1594.95,520.35
845,ORD000493,PROD0091,5,0.0,1064.8,303.2
846,ORD000494,PROD0121,4,0.0,124.32,44.64
847,ORD000494,PROD0020,3,0.0,539.85,195.12
848,ORD000495,PROD0077,4,0.05,107.77,42.85
849,ORD000496,PROD0101,2,0.05,312.3,125.06
850,ORD000496,PROD0049,1,0.1,785.51,276.76
851,ORD000497,PROD0049,1,0.05,829.15,320.4
852,ORD000497,PROD0044,4,0.0,1981.68,534.84
853,ORD000497,PROD0081,1,0.1,50.15,10.59
854,ORD000498,PROD0038,1,0.05,818.39,288.24
855,ORD000498,PROD0124,5,0.1,159.16,66.31
856,ORD000498,PROD0133,4,0.0,937.88,438.0
857,ORD000498,PROD0016,1,0.0,1122.5,472.38
858,ORD000499,PROD0070,1,0.1,43.44,9.1
859,ORD000499,PROD0035,2,0.0,1442.44,603.7
860,ORD000499,PROD0083,3,0.0,40.8,18.12
861,ORD000500,PROD0074,3,0.0,198.57,78.51
862,ORD000501,PROD0072,4,0.1,269.71,69.51
863,ORD000501,PROD0064,3,0.2,257.14,60.31
864,ORD000502,PROD0109,5,0.0,273.95,78.25
865,ORD000502,PROD0036,2,0.15,644.83,88.75
866,ORD000503,PROD0096,1,0.0,57.96,18.11
867,ORD000503,PROD0016,5,0.1,5051.25,1800.65
868,ORD000503,PROD0006,3,0.0,1593.03,495.6
869,ORD000504,PROD0056,4,0.1,1300.72,294.72
870,ORD000505,PROD0148,4,0.0,179.32,54.64
871,ORD000506,PROD0107,2,0.0,113.14,32.46
872,ORD000507,PROD0135,3,0.1,51.08,21.74
873,ORD000508,PROD0013,2,0.0,1799.04,728.58
874,ORD000508,PROD0149,1,0.05,186.48,86.89
875,ORD000508,PROD0018,2,0.1,356.83,149.93
876,ORD000508,PROD0084,4,0.05,364.34,118.34
877,ORD000509,PROD0019,2,0.05,1629.5,552.12
878,ORD000510,PROD0145,5,0.15,183.05,37.25
879,ORD000511,PROD0123,4,0.05,878.48,273.68
880,ORD000512,PROD0003,2,0.0,2888.26,1020.26
881,ORD000513,PROD0127,2,0.1,131.98,36.62
882,ORD000514,PROD0035,5,0.0,3606.1,1509.25
883,ORD000514,PROD0121,1,0.05,29.53,9.61
884,ORD000514,PROD0139,3,0.0,479.31,206.4
885,ORD000515,PROD0018,2,0.1,356.83,149.93
886,ORD000515,PROD0023,5,0.2,5450.2,377.8
887,ORD000516,PROD0117,4,0.05,945.4,201.96
888,ORD000516,PROD0144,5,0.15,675.28,267.13
889,ORD000517,PROD0034,1,0.05,303.04,88.12
890,ORD000518,PROD0030,5,0.0,6351.7,2572.6
891,ORD000518,PROD0105,3,0.05,829.58,212.9
892,ORD000519,PROD0102,4,0.05,1087.07,421.31
893,ORD000520,PROD0107,3,0.0,169.71,48.69
894,ORD000521,PROD0018,3,0.1,535.25,224.9
895,ORD000521,PROD0085,5,0.0,330.95,118.1
896,ORD000521,PROD0066,4,0.05,279.34,73.54
897,ORD000522,PROD0127,3,0.1,197.96,54.92
898,ORD000522,PROD0099,5,0.0,785.25,279.25
899,ORD000523,PROD0058,1,0.15,290.28,93.89
900,ORD000524,PROD0135,3,0.0,56.76,27.42
901,ORD000525,PROD0092,5,0.0,332.35,154.6
902,ORD000525,PROD0065,5,0.1,47.21,18.16
903,ORD000526,PROD0065,2,0.0,20.98,9.36
904,ORD000527,PROD0128,5,0.15,348.33,46.98
905,ORD000528,PROD0105,2,0.05,553.05,141.93
906,ORD000529,PROD0039,4,0.1,1582.31,575.19
907,ORD000529,PROD0095,2,0.05,191.92,77.4
908,ORD000529,PROD0132,2,0.0,63.38,17.6
909,ORD000530,PROD0011,3,0.1,3202.58,1022.57
910,ORD000531,PROD0120,4,0.0,508.64,150.88
911,ORD000532,PROD0024,5,0.0,1479.5,598.95
912,ORD000532,PROD0029,4,0.0,985.84,491.24
913,ORD000532,PROD0112,2,0.05,386.23,157.51
914,ORD000533,PROD0087,4,0.0,280.4,70.8
915,ORD000534,PROD0134,1,0.0,100.87,33.21
916,ORD000534,PROD0112,5,0.05,965.58,393.78
917,ORD000535,PROD0099,3,0.0,471.15,167.55
918,ORD000536,PROD0093,5,0.0,1227.6,438.85
919,ORD000537,PROD0134,5,0.1,453.92,115.62
920,ORD000537,PROD0058,5,0.0,1707.55,725.6
921,ORD000538,PROD0095,5,0.0,505.05,218.75
922,ORD000539,PROD0137,4,0.0,329.28,105.96
923,ORD000540,PROD0029,2,0.1,443.63,196.33
924,ORD000541,PROD0113,5,0.0,172.5,59.25
925,ORD000542,PROD0092,2,0.2,106.35,35.25
926,ORD000542,PROD0106,1,0.1,99.36,36.33
927,ORD000543,PROD0001,2,0.0,2084.84,896.28
928,ORD000543,PROD0087,5,0.1,315.45,53.45
929,ORD000543,PROD0092,2,0.15,113.0,41.9
930,ORD000544,PROD0072,4,0.05,284.7,84.5
931,ORD000545,PROD0144,3,0.1,429.0,184.11
932,ORD000546,PROD0088,3,0.0,128.25,32.07
933,ORD000546,PROD0026,1,0.0,680.28,268.52
934,ORD000547,PROD0040,1,0.0,751.55,226.28
935,ORD000548,PROD0138,1,0.0,179.93,86.26
936,ORD000549,PROD0074,2,0.05,125.76,45.72
937,ORD000549,PROD0076,1,0.0,86.28,29.22
938,ORD000550,PROD0018,1,0.15,168.5,65.05
939,ORD000551,PROD0102,1,0.0,286.07,119.63
940,ORD000552,PROD0057,1,0.15,310.77,119.04
941,ORD000552,PROD0089,2,0.05,91.85,23.77
942,ORD000553,PROD0128,4,0.0,327.84,86.76
943,ORD000554,PROD0118,5,0.0,768.8,340.4
944,ORD000554,PROD0031,4,0.0,1417.92,419.88
945,ORD000554,PROD0128,4,0.1,295.06,53.98
946,ORD000555,PROD0035,5,0.0,3606.1,1509.25
947,ORD000555,PROD0131,4,0.2,338.18,101.34
948,ORD000556,PROD0135,5,0.05,89.87,40.97
949,ORD000557,PROD0085,3,0.0,198.57,70.86
950,ORD000558,PROD0104,1,0.0,258.03,77.69
951,ORD000558,PROD0090,3,0.0,285.96,126.03
952,ORD000558,PROD0006,4,0.1,1911.64,448.4
953,ORD000558,PROD0148,3,0.05,127.77,34.26
954,ORD000559,PROD0004,4,0.05,5308.11,2096.31
955,ORD000560,PROD0041,1,0.05,184.42,72.66
956,ORD000561,PROD0094,4,0.1,673.63,267.87
957,ORD000562,PROD0135,5,0.0,94.6,45.7
958,ORD000563,PROD0126,3,0.0,602.7,264.0
959,ORD000563,PROD0026,4,0.2,2176.9,529.86
960,ORD000564,PROD0140,3,0.1,364.93,141.58
961,ORD000565,PROD0085,5,0.0,330.95,118.1
962,ORD000566,PROD0059,2,0.1,177.34,61.92
963,ORD000566,PROD0008,2,0.15,325.79,111.91
964,ORD000566,PROD0026,1,0.1,612.25,200.49
965,ORD000567,PROD0066,5,0.0,367.55,110.3
966,ORD000568,PROD0119,2,0.05,92.91,35.03
967,ORD000569,PROD0086,1,0.0,100.56,41.06
968,ORD000569,PROD0056,2,0.1,650.36,147.36
969,ORD000569,PROD0108,1,0.1,29.57,8.0
970,ORD000570,PROD0094,5,0.0,935.6,428.4
971,ORD000571,PROD0011,4,0.0,4744.56,1837.88
972,ORD000572,PROD0120,2,0.0,254.32,75.44
973,ORD000572,PROD0095,2,0.1,181.82,67.3
974,ORD000573,PROD0136,1,0.0,24.36,11.81
975,ORD000574,PROD0084,3,0.05,273.26,88.76
976,ORD000575,PROD0125,1,0.0,186.55,76.88
977,ORD000575,PROD0015,5,0.0,1368.1,440.65
978,ORD000575,PROD0099,2,0.0,314.1,111.7
979,ORD000576,PROD0053,2,0.15,1098.47,403.61
980,ORD000577,PROD0074,3,0.0,198.57,78.51
981,ORD000577,PROD0060,4,0.05,3201.65,892.69
982,ORD000578,PROD0086,5,0.0,502.8,205.3
983,ORD000578,PROD0093,2,0.15,417.38,101.88
984,ORD000579,PROD0043,2,0.1,1606.27,500.07
985,ORD000580,PROD0085,3,0.0,198.57,70.86
986,ORD000581,PROD0098,1,0.2,71.93,10.98
987,ORD000582,PROD0080,5,0.05,311.6,107.0
988,ORD000582,PROD0098,4,0.1,323.68,79.88
989,ORD000583,PROD0111,2,0.0,534.0,226.7
990,ORD000584,PROD0053,4,0.0,2584.64,1194.92
991,ORD000584,PROD0009,2,0.05,1762.23,550.07
992,ORD000584,PROD0081,1,0.0,55.72,16.16
993,ORD000585,PROD0015,3,0.0,820.86,264.39
994,ORD000586,PROD0001,1,0.0,1042.42,448.14
995,ORD000586,PROD0096,1,0.15,49.27,9.42
996,ORD000587,PROD0103,4,0.05,853.71,301.39
997,ORD000587,PROD0087,1,0.15,59.58,7.18
998,ORD000588,PROD0102,3,0.0,858.21,358.89
999,ORD000588,PROD0103,3,0.0,673.98,259.74
1000,ORD000589,PROD0027,2,0.1,1032.53,188.09
1001,ORD000590,PROD0035,2,0.0,1442.44,603.7
1002,ORD000591,PROD0115,4,0.0,319.04,153.32
1003,ORD000592,PROD0123,4,0.0,924.72,319.92
1004,ORD000593,PROD0056,3,0.2,867.14,112.64
1005,ORD000594,PROD0004,5,0.0,6984.35,2969.6
1006,ORD000595,PROD0072,4,0.0,299.68,99.48
1007,ORD000595,PROD0013,3,0.0,2698.56,1092.87
1008,ORD000595,PROD0061,3,0.05,201.52,77.89
1009,ORD000596,PROD0085,5,0.15,281.31,68.46
1010,ORD000596,PROD0040,5,0.2,3006.2,379.85
1011,ORD000597,PROD0001,5,0.0,5212.1,2240.7
1012,ORD000598,PROD0018,4,0.0,792.96,379.16
1013,ORD000598,PROD0074,4,0.1,238.28,78.2
1014,ORD000599,PROD0041,5,0.0,970.65,411.85
1015,ORD000600,PROD0147,5,0.15,845.75,168.95
1016,ORD000600,PROD0090,4,0.2,305.02,91.78
1017,ORD000600,PROD0128,1,0.2,65.57,5.3
1018,ORD000601,PROD0141,4,0.05,348.8,111.4
1019,ORD000601,PROD0138,4,0.1,647.75,273.07
1020,ORD000602,PROD0091,4,0.0,851.84,242.56
1021,ORD000603,PROD0053,4,0.15,2196.94,807.22
1022,ORD000604,PROD0107,1,0.0,56.57,16.23
1023,ORD000605,PROD0138,4,0.15,611.76,237.08
1024,ORD000606,PROD0083,4,0.0,54.4,24.16
1025,ORD000607,PROD0008,2,0.1,344.95,131.07
1026,ORD000607,PROD0035,3,0.05,2055.48,797.37
1027,ORD000608,PROD0123,1,0.0,231.18,79.98
1028,ORD000609,PROD0062,3,0.0,106.5,42.48
1029,ORD000609,PROD0006,3,0.05,1513.38,415.95
1030,ORD000610,PROD0020,2,0.1,323.91,94.09
1031,ORD000610,PROD0100,1,0.05,118.8,53.91
1032,ORD000611,PROD0110,5,0.15,85.81,11.16
1033,ORD000611,PROD0048,3,0.15,296.62,36.34
1034,ORD000611,PROD0094,1,0.0,187.12,85.68
1035,ORD000612,PROD0009,3,0.0,2782.47,964.23
1036,ORD000613,PROD0048,2,0.0,232.64,59.12
1037,ORD000614,PROD0058,4,0.1,1229.44,443.88
1038,ORD000614,PROD0051,5,0.15,2284.59,478.64
1039,ORD000615,PROD0112,2,0.0,406.56,177.84
1040,ORD000615,PROD0054,3,0.05,472.33,172.03
1041,ORD000616,PROD0022,3,0.0,1950.06,595.17
1042,ORD000617,PROD0049,1,0.0,872.79,364.04
1043,ORD000617,PROD0018,5,0.05,941.64,424.39
1044,ORD000618,PROD0092,5,0.0,332.35,154.6
1045,ORD000619,PROD0136,1,0.0,24.36,11.81
1046,ORD000619,PROD0133,4,0.0,937.88,438.0
1047,ORD000620,PROD0035,1,0.0,721.22,301.85
1048,ORD000621,PROD0103,4,0.0,898.64,346.32
1049,ORD000621,PROD0012,2,0.05,1618.61,606.79
1050,ORD000622,PROD0036,5,0.15,1612.07,221.87
1051,ORD000623,PROD0119,1,0.0,48.9,19.96
1052,ORD000624,PROD0144,2,0.1,286.0,122.74
1053,ORD000624,PROD0025,5,0.05,2311.54,794.99
1054,ORD000624,PROD0006,4,0.05,2017.84,554.6
1055,ORD000625,PROD0115,4,0.05,303.09,137.37
1056,ORD000625,PROD0104,5,0.1,1161.13,259.43
1057,ORD000626,PROD0120,2,0.15,216.17,37.29
1058,ORD000627,PROD0055,2,0.0,1523.36,483.6
1059,ORD000627,PROD0081,3,0.1,150.44,31.76
1060,ORD000628,PROD0065,4,0.2,33.57,10.33
1061,ORD000629,PROD0063,5,0.0,402.25,157.65
1062,ORD000630,PROD0119,2,0.0,97.8,39.92
1063,ORD000630,PROD0023,1,0.0,1362.55,348.07
1064,ORD000630,PROD0064,3,0.05,305.35,108.52
1065,ORD000631,PROD0128,2,0.05,155.72,35.18
1066,ORD000632,PROD0124,3,0.0,106.11,50.4
1067,ORD000633,PROD0100,5,0.0,625.25,300.8
1068,ORD000633,PROD0137,1,0.0,82.32,26.49
1069,ORD000633,PROD0038,4,0.1,3101.26,980.66
1070,ORD000633,PROD0110,4,0.15,68.65,8.93
1071,ORD000634,PROD0027,5,0.2,2294.52,183.42
1072,ORD000634,PROD0059,3,0.05,280.78,107.65
1073,ORD000634,PROD0121,3,0.0,93.24,33.48
1074,ORD000634,PROD0043,3,0.2,2141.69,482.39
1075,ORD000635,PROD0088,2,0.1,76.95,12.83
1076,ORD000635,PROD0108,4,0.0,131.44,45.16
1077,ORD000635,PROD0065,1,0.1,9.44,3.63
1078,ORD000635,PROD0140,1,0.0,135.16,60.71
1079,ORD000636,PROD0015,4,0.05,1039.76,297.8
1080,ORD000637,PROD0062,3,0.0,106.5,42.48
1081,ORD000638,PROD0004,2,0.1,2514.37,908.47
1082,ORD000638,PROD0047,3,0.0,1857.69,763.98
1083,ORD000639,PROD0034,1,0.2,255.19,40.27
1084,ORD000639,PROD0085,4,0.0,264.76,94.48
1085,ORD000639,PROD0075,3,0.05,148.8,63.21
1086,ORD000640,PROD0100,3,0.0,375.15,180.48
1087,ORD000641,PROD0024,4,0.0,1183.6,479.16
1088,ORD000642,PROD0049,4,0.15,2967.49,932.49
1089,ORD000643,PROD0009,4,0.1,3338.96,914.64
1090,ORD000643,PROD0147,4,0.1,716.4,174.96
1091,ORD000644,PROD0079,4,0.1,227.92,88.96
1092,ORD000644,PROD0099,4,0.0,628.2,223.4
1093,ORD000644,PROD0130,5,0.05,401.14,184.24
1094,ORD000645,PROD0025,5,0.2,1946.56,430.01
1095,ORD000646,PROD0097,4,0.0,1191.6,337.52
1096,ORD000646,PROD0070,4,0.05,183.43,46.07
1097,ORD000646,PROD0111,3,0.0,801.0,340.05
1098,ORD000646,PROD0139,5,0.0,798.85,344.0
1099,ORD000647,PROD0053,2,0.0,1292.32,597.46
1100,ORD000647,PROD0001,4,0.0,4169.68,1792.56
1101,ORD000647,PROD0060,4,0.0,3370.16,1061.2
1102,ORD000648,PROD0105,3,0.0,873.24,256.56
1103,ORD000648,PROD0097,4,0.0,1191.6,337.52
1104,ORD000648,PROD0022,1,0.0,650.02,198.39
1105,ORD000649,PROD0144,4,0.0,635.56,309.04
1106,ORD000649,PROD0108,3,0.0,98.58,33.87
1107,ORD000650,PROD0040,2,0.0,1503.1,452.56
1108,ORD000650,PROD0007,3,0.0,3300.12,1236.9
1109,ORD000651,PROD0062,3,0.05,101.17,37.15
1110,ORD000651,PROD0003,5,0.0,7220.65,2550.65
1111,ORD000652,PROD0028,1,0.0,768.91,265.91
1112,ORD000652,PROD0004,5,0.0,6984.35,2969.6
1113,ORD000653,PROD0017,2,0.0,115.06,48.66
1114,ORD000653,PROD0096,2,0.0,115.92,36.22
1115,ORD000654,PROD0143,3,0.0,217.35,58.44
1116,ORD000655,PROD0040,1,0.05,713.97,188.7
1117,ORD000655,PROD0114,2,0.1,252.32,105.74
1118,ORD000656,PROD0057,3,0.15,932.31,357.12
1119,ORD000657,PROD0046,3,0.0,1700.79,461.58
1120,ORD000657,PROD0033,3,0.0,1418.37,646.2
1121,ORD000658,PROD0147,1,0.0,199.0,63.64
1122,ORD000658,PROD0116,3,0.0,496.32,192.93
1123,ORD000658,PROD0022,4,0.0,2600.08,793.56
1124,ORD000659,PROD0055,2,0.0,1523.36,483.6
1125,ORD000660,PROD0085,5,0.05,314.4,101.55
1126,ORD000661,PROD0119,5,0.1,220.05,75.35
1127,ORD000661,PROD0065,1,0.0,10.49,4.68
1128,ORD000662,PROD0089,2,0.15,82.18,14.1
1129,ORD000663,PROD0045,3,0.0,1577.37,476.88
1130,ORD000664,PROD0129,5,0.1,284.76,78.56
1131,ORD000664,PROD0024,3,0.0,887.7,359.37
1132,ORD000664,PROD0144,3,0.0,476.67,231.78
1133,ORD000664,PROD0097,1,0.0,297.9,84.38
1134,ORD000665,PROD0105,2,0.0,582.16,171.04
1135,ORD000666,PROD0006,4,0.05,2017.84,554.6
1136,ORD000666,PROD0024,1,0.0,295.9,119.79
1137,ORD000666,PROD0047,4,0.1,2229.23,770.95
1138,ORD000666,PROD0119,1,0.0,48.9,19.96
1139,ORD000667,PROD0018,5,0.0,991.2,473.95
1140,ORD000667,PROD0100,1,0.15,106.29,41.4
1141,ORD000668,PROD0028,1,0.1,692.02,189.02
1142,ORD000669,PROD0129,2,0.05,120.23,37.75
1143,ORD000669,PROD0147,2,0.0,398.0,127.28
1144,ORD000669,PROD0089,3,0.0,145.02,42.9
1145,ORD000670,PROD0078,3,0.15,261.68,60.08
1146,ORD000670,PROD0089,3,0.0,145.02,42.9
1147,ORD000671,PROD0108,5,0.0,164.3,56.45
1148,ORD000671,PROD0023,5,0.0,6812.75,1740.35
1149,ORD000672,PROD0032,5,0.0,958.1,402.25
1150,ORD000672,PROD0012,2,0.2,1363.04,351.22
1151,ORD000673,PROD0033,1,0.2,378.23,120.84
1152,ORD000673,PROD0094,1,0.15,159.05,57.61
1153,ORD000674,PROD0135,4,0.0,75.68,36.56
1154,ORD000674,PROD0068,5,0.0,418.9,158.2
1155,ORD000674,PROD0088,1,0.0,42.75,10.69
1156,ORD000675,PROD0038,2,0.05,1636.77,576.47
1157,ORD000676,PROD0118,3,0.0,461.28,204.24
1158,ORD000676,PROD0116,1,0.05,157.17,56.04
1159,ORD000677,PROD0055,3,0.05,2170.79,611.15
1160,ORD000678,PROD0133,1,0.0,234.47,109.5
1161,ORD000679,PROD0059,4,0.0,394.08,163.24
1162,ORD000679,PROD0061,4,0.0,282.84,118.0
1163,ORD000680,PROD0098,1,0.15,76.42,15.47
1164,ORD000681,PROD0058,3,0.0,1024.53,435.36
1165,ORD000681,PROD0122,4,0.05,450.0,127.6
1166,ORD000681,PROD0046,4,0.0,2267.72,615.44
1167,ORD000682,PROD0140,2,0.0,270.32,121.42
1168,ORD000683,PROD0064,2,0.0,214.28,83.06
1169,ORD000683,PROD0074,2,0.0,132.38,52.34
1170,ORD000683,PROD0050,5,0.1,398.93,148.63
1171,ORD000683,PROD0045,4,0.0,2103.16,635.84
1172,ORD000684,PROD0150,3,0.1,372.9,138.51
1173,ORD000684,PROD0018,5,0.05,941.64,424.39
1174,ORD000685,PROD0031,4,0.0,1417.92,419.88
1175,ORD000685,PROD0048,5,0.2,465.28,31.48
1176,ORD000685,PROD0111,4,0.05,1014.6,400.0
1177,ORD000686,PROD0135,1,0.0,18.92,9.14
1178,ORD000687,PROD0100,2,0.0,250.1,120.32
1179,ORD000687,PROD0123,1,0.1,208.06,56.86
1180,ORD000688,PROD0138,2,0.0,359.86,172.52
1181,ORD000689,PROD0065,5,0.05,49.83,20.78
1182,ORD000690,PROD0026,5,0.1,3061.26,1002.46
1183,ORD000690,PROD0109,4,0.0,219.16,62.6
1184,ORD000691,PROD0140,3,0.05,385.21,161.86
1185,ORD000692,PROD0003,1,0.2,1155.3,221.3
1186,ORD000692,PROD0139,1,0.2,127.82,36.85
1187,ORD000693,PROD0081,4,0.0,222.88,64.64
1188,ORD000694,PROD0018,1,0.0,198.24,94.79
1189,ORD000695,PROD0019,2,0.0,1715.26,637.88
1190,ORD000695,PROD0104,2,0.0,516.06,155.38
1191,ORD000696,PROD0010,5,0.05,6910.92,2680.02
1192,ORD000696,PROD0031,5,0.05,1683.78,436.23
1193,ORD000697,PROD0028,2,0.05,1460.93,454.93
1194,ORD000698,PROD0110,4,0.05,76.72,17.0
1195,ORD000699,PROD0067,3,0.0,150.72,67.92
1196,ORD000699,PROD0094,5,0.0,935.6,428.4
1197,ORD000699,PROD0034,3,0.0,956.97,312.21
1198,ORD000699,PROD0009,5,0.0,4637.45,1607.05
1199,ORD000700,PROD0123,1,0.0,231.18,79.98
1200,ORD000701,PROD0024,1,0.05,281.1,104.99
1201,ORD000702,PROD0089,5,0.0,241.7,71.5
1202,ORD000702,PROD0079,1,0.15,53.81,19.07
1203,ORD000703,PROD0010,5,0.0,7274.65,3043.75
1204,ORD000704,PROD0078,5,0.05,487.44,151.44
1205,ORD000704,PROD0083,4,0.0,54.4,24.16
1206,ORD000704,PROD0015,4,0.05,1039.76,297.8
1207,ORD000705,PROD0031,4,0.0,1417.92,419.88
1208,ORD000706,PROD0127,2,0.0,146.64,51.28
1209,ORD000707,PROD0067,3,0.0,150.72,67.92
1210,ORD000707,PROD0106,3,0.0,331.2,142.11
1211,ORD000708,PROD0113,1,0.1,31.05,8.4
1212,ORD000709,PROD0144,1,0.0,158.89,77.26
1213,ORD000710,PROD0090,5,0.1,428.94,162.39
1214,ORD000710,PROD0015,1,0.1,246.26,60.77
1215,ORD000710,PROD0007,5,0.0,5500.2,2061.5
1216,ORD000711,PROD0091,5,0.0,1064.8,303.2
1217,ORD000712,PROD0019,3,0.05,2444.25,828.18
1218,ORD000712,PROD0037,3,0.0,2693.28,1225.5
1219,ORD000713,PROD0046,4,0.0,2267.72,615.44
1220,ORD000714,PROD0127,5,0.0,366.6,128.2
1221,ORD000714,PROD0065,1,0.05,9.97,4.16
1222,ORD000715,PROD0114,4,0.0,560.72,267.56
1223,ORD000716,PROD0037,4,0.0,3591.04,1634.0
1224,ORD000716,PROD0057,5,0.1,1645.25,686.6
1225,ORD000717,PROD0124,5,0.1,159.16,66.31
1226,ORD000717,PROD0015,1,0.05,259.94,74.45
1227,ORD000717,PROD0033,3,0.0,1418.37,646.2
1228,ORD000718,PROD0018,3,0.1,535.25,224.9
1229,ORD000718,PROD0024,4,0.0,1183.6,479.16
1230,ORD000719,PROD0149,2,0.1,353.32,154.14
1231,ORD000720,PROD0098,2,0.0,179.82,57.92
1232,ORD000721,PROD0016,1,0.0,1122.5,472.38
1233,ORD000722,PROD0017,3,0.0,172.59,72.99
1234,ORD000722,PROD0126,5,0.2,803.6,239.1
1235,ORD000723,PROD0080,2,0.0,131.2,49.36
1236,ORD000723,PROD0131,2,0.0,211.36,92.94
1237,ORD000723,PROD0126,3,0.05,572.57,233.87
1238,ORD000724,PROD0086,4,0.1,362.02,124.02
1239,ORD000724,PROD0126,1,0.15,170.76,57.86
1240,ORD000724,PROD0023,1,0.0,1362.55,348.07
1241,ORD000725,PROD0045,4,0.15,1787.69,320.37
1242,ORD000726,PROD0136,4,0.15,82.82,32.62
1243,ORD000726,PROD0010,2,0.0,2909.86,1217.5
1244,ORD000726,PROD0057,5,0.1,1645.25,686.6
1245,ORD000727,PROD0134,5,0.15,428.7,90.4
1246,ORD000727,PROD0013,5,0.0,4497.6,1821.45
1247,ORD000728,PROD0090,1,0.1,85.79,32.48
1248,ORD000729,PROD0015,4,0.1,985.03,243.07
1249,ORD000729,PROD0117,2,0.15,422.94,51.22
1250,ORD000729,PROD0120,2,0.0,254.32,75.44
1251,ORD000730,PROD0061,4,0.0,282.84,118.0
1252,ORD000730,PROD0042,5,0.0,3332.45,1008.85
1253,ORD000730,PROD0146,5,0.0,267.5,70.0
1254,ORD000730,PROD0113,1,0.0,34.5,11.85
1255,ORD000731,PROD0004,3,0.15,3562.02,1153.17
1256,ORD000731,PROD0128,2,0.0,163.92,43.38
1257,ORD000732,PROD0049,1,0.05,829.15,320.4
1258,ORD000732,PROD0128,5,0.0,409.8,108.45
1259,ORD000732,PROD0109,1,0.05,52.05,12.91
1260,ORD000733,PROD0137,5,0.0,411.6,132.45
1261,ORD000734,PROD0034,1,0.05,303.04,88.12
1262,ORD000734,PROD0123,2,0.15,393.01,90.61
1263,ORD000735,PROD0082,4,0.15,64.91,26.15
1264,ORD000735,PROD0017,3,0.0,172.59,72.99
1265,ORD000735,PROD0061,2,0.0,141.42,59.0
1266,ORD000736,PROD0076,4,0.05,327.86,99.62
1267,ORD000737,PROD0147,4,0.1,716.4,174.96
1268,ORD000737,PROD0138,3,0.15,458.82,177.81
1269,ORD000738,PROD0080,4,0.1,236.16,72.48
1270,ORD000738,PROD0136,3,0.1,65.77,28.12
1271,ORD000738,PROD0114,1,0.1,126.16,52.87
1272,ORD000739,PROD0139,3,0.0,479.31,206.4
1273,ORD000739,PROD0036,5,0.1,1706.89,316.69
1274,ORD000740,PROD0066,1,0.05,69.83,18.38
1275,ORD000741,PROD0130,2,0.0,168.9,82.14
1276,ORD000742,PROD0019,5,0.0,4288.15,1594.7
1277,ORD000743,PROD0033,2,0.1,851.02,336.24
1278,ORD000743,PROD0124,4,0.1,127.33,53.05
1279,ORD000744,PROD0048,2,0.0,232.64,59.12
1280,ORD000745,PROD0124,3,0.0,106.11,50.4
1281,ORD000745,PROD0075,4,0.0,208.84,94.72
1282,ORD000745,PROD0144,4,0.15,540.23,213.71
1283,ORD000746,PROD0066,2,0.0,147.02,44.12
1284,ORD000746,PROD0136,1,0.15,20.71,8.16
1285,ORD000746,PROD0110,5,0.05,95.9,21.25
1286,ORD000747,PROD0067,2,0.0,100.48,45.28
1287,ORD000747,PROD0124,2,0.0,70.74,33.6
1288,ORD000747,PROD0040,5,0.0,3757.75,1131.4
1289,ORD000747,PROD0141,3,0.0,275.37,97.32
1290,ORD000748,PROD0041,5,0.0,970.65,411.85
1291,ORD000749,PROD0097,4,0.1,1072.44,218.36
1292,ORD000750,PROD0038,2,0.0,1722.92,662.62
1293,ORD000751,PROD0051,3,0.1,1451.38,367.81
1294,ORD000751,PROD0127,4,0.0,293.28,102.56
1295,ORD000752,PROD0008,3,0.1,517.43,196.61
1296,ORD000752,PROD0082,2,0.0,38.18,18.8
1297,ORD000753,PROD0147,3,0.2,477.6,71.52
1298,ORD000754,PROD0011,2,0.0,2372.28,918.94
1299,ORD000755,PROD0143,1,0.0,72.45,19.48
1300,ORD000756,PROD0147,4,0.05,756.2,214.76
1301,ORD000756,PROD0017,4,0.1,207.11,74.31
1302,ORD000756,PROD0130,5,0.0,422.25,205.35
1303,ORD000756,PROD0025,1,0.05,462.31,159.0
1304,ORD000757,PROD0043,4,0.15,3034.06,821.66
1305,ORD000757,PROD0023,5,0.15,5790.84,718.44
1306,ORD000757,PROD0062,5,0.1,159.75,53.05
1307,ORD000758,PROD0094,5,0.05,888.82,381.62
1308,ORD000759,PROD0113,3,0.0,103.5,35.55
1309,ORD000760,PROD0061,2,0.0,141.42,59.0
1310,ORD000761,PROD0049,4,0.0,3491.16,1456.16
1311,ORD000761,PROD0111,3,0.1,720.9,259.95
1312,ORD000761,PROD0044,4,0.0,1981.68,534.84
1313,ORD000762,PROD0136,2,0.0,48.72,23.62
1314,ORD000763,PROD0113,3,0.15,87.97,20.02
1315,ORD000764,PROD0139,5,0.1,718.97,264.12
1316,ORD000764,PROD0116,3,0.05,471.5,168.11
1317,ORD000764,PROD0002,4,0.15,3414.48,1225.84
1318,ORD000765,PROD0002,2,0.05,1908.09,813.77
1319,ORD000765,PROD0147,4,0.0,796.0,254.56
1320,ORD000765,PROD0075,2,0.0,104.42,47.36
1321,ORD000765,PROD0094,2,0.0,374.24,171.36
1322,ORD000766,PROD0020,4,0.0,719.8,260.16
1323,ORD000766,PROD0125,4,0.0,746.2,307.52
1324,ORD000767,PROD0020,4,0.0,719.8,260.16
1325,ORD000767,PROD0117,1,0.1,223.91,38.05
1326,ORD000768,PROD0138,1,0.0,179.93,86.26
1327,ORD000769,PROD0115,5,0.1,358.92,151.77
1328,ORD000769,PROD0104,5,0.15,1096.63,194.93
1329,ORD000769,PROD0081,5,0.0,278.6,80.8
1330,ORD000770,PROD0119,5,0.0,244.5,99.8
1331,ORD000771,PROD0143,4,0.05,275.31,63.43
1332,ORD000772,PROD0094,1,0.0,187.12,85.68
1333,ORD000773,PROD0033,3,0.0,1418.37,646.2
1334,ORD000773,PROD0049,1,0.0,872.79,364.04
1335,ORD000773,PROD0043,4,0.0,3569.48,1357.08
1336,ORD000773,PROD0126,3,0.05,572.57,233.87
1337,ORD000774,PROD0148,5,0.2,179.32,23.47
1338,ORD000774,PROD0137,3,0.15,209.92,42.43
1339,ORD000774,PROD0001,5,0.0,5212.1,2240.7
1340,ORD000774,PROD0130,1,0.1,76.01,32.63
1341,ORD000775,PROD0022,1,0.05,617.52,165.89
1342,ORD000775,PROD0100,5,0.0,625.25,300.8
1343,ORD000776,PROD0052,4,0.0,1547.12,594.44
1344,ORD000777,PROD0101,4,0.0,657.48,283.0
1345,ORD000778,PROD0039,1,0.0,439.53,187.75
1346,ORD000778,PROD0093,4,0.1,883.87,252.87
1347,ORD000779,PROD0060,5,0.0,4212.7,1326.5
1348,ORD000779,PROD0058,1,0.1,307.36,110.97
1349,ORD000779,PROD0029,5,0.0,1232.3,614.05
1350,ORD000780,PROD0085,3,0.05,188.64,60.93
1351,ORD000781,PROD0001,3,0.05,2970.9,1188.06
1352,ORD000781,PROD0101,4,0.05,624.61,250.13
1353,ORD000782,PROD0012,4,0.05,3237.22,1213.58
1354,ORD000782,PROD0144,2,0.15,270.11,106.85
1355,ORD000783,PROD0139,1,0.0,159.77,68.8
1356,ORD000783,PROD0067,4,0.0,200.96,90.56
1357,ORD000784,PROD0023,2,0.05,2588.84,559.88
1358,ORD000785,PROD0063,4,0.0,321.8,126.12
1359,ORD000786,PROD0131,1,0.05,100.4,41.19
1360,ORD000787,PROD0139,4,0.05,607.13,243.25
1361,ORD000788,PROD0070,3,0.05,137.57,34.55
1362,ORD000789,PROD0080,4,0.0,262.4,98.72
1363,ORD000790,PROD0013,1,0.0,899.52,364.29
1364,ORD000791,PROD0063,4,0.1,289.62,93.94
1365,ORD000792,PROD0136,3,0.2,58.46,20.81
1366,ORD000792,PROD0140,2,0.0,270.32,121.42
1367,ORD000792,PROD0131,1,0.1,95.11,35.9
1368,ORD000793,PROD0118,1,0.0,153.76,68.08
1369,ORD000793,PROD0065,1,0.0,10.49,4.68
1370,ORD000793,PROD0038,1,0.0,861.46,331.31
1371,ORD000794,PROD0035,4,0.15,2452.15,774.67
1372,ORD000795,PROD0079,4,0.0,253.24,114.28
1373,ORD000795,PROD0108,5,0.0,164.3,56.45
1374,ORD000796,PROD0070,4,0.1,173.77,36.41
1375,ORD000796,PROD0083,1,0.0,13.6,6.04
1376,ORD000797,PROD0023,1,0.05,1294.42,279.94
1377,ORD000798,PROD0043,4,0.05,3391.01,1178.61
1378,ORD000799,PROD0136,5,0.0,121.8,59.05
1379,ORD000800,PROD0031,4,0.0,1417.92,419.88
1380,ORD000801,PROD0008,4,0.2,613.25,185.49
1381,ORD000801,PROD0128,4,0.0,327.84,86.76
1382,ORD000801,PROD0057,4,0.05,1389.32,622.4
1383,ORD000802,PROD0098,4,0.0,359.64,115.84
1384,ORD000802,PROD0112,1,0.0,203.28,88.92
1385,ORD000803,PROD0013,4,0.1,3238.27,1097.35
1386,ORD000804,PROD0097,5,0.2,1191.6,124.0
1387,ORD000804,PROD0149,1,0.0,196.29,96.7
1388,ORD000805,PROD0071,5,0.15,422.92,86.32
1389,ORD000805,PROD0129,4,0.0,253.12,88.16
1390,ORD000806,PROD0104,5,0.0,1290.15,388.45
1391,ORD000807,PROD0015,4,0.15,930.31,188.35
1392,ORD000807,PROD0009,1,0.0,927.49,321.41
1393,ORD000807,PROD0144,3,0.0,476.67,231.78
1394,ORD000808,PROD0051,2,0.0,1075.1,352.72
1395,ORD000809,PROD0101,5,0.15,698.57,230.47
1396,ORD000809,PROD0019,3,0.15,2186.96,570.89
1397,ORD000810,PROD0094,4,0.0,748.48,342.72
1398,ORD000810,PROD0124,3,0.1,95.5,39.79
1399,ORD000811,PROD0023,3,0.1,3678.88,635.44
1400,ORD000812,PROD0079,5,0.0,316.55,142.85
1401,ORD000812,PROD0135,1,0.05,17.97,8.19
1402,ORD000812,PROD0032,2,0.0,383.24,160.9
1403,ORD000813,PROD0130,4,0.15,287.13,113.61
1404,ORD000814,PROD0110,5,0.0,100.95,26.3
1405,ORD000815,PROD0103,3,0.05,640.28,226.04
1406,ORD000815,PROD0036,2,0.1,682.76,126.68
1407,ORD000815,PROD0025,5,0.0,2433.2,916.65
1408,ORD000816,PROD0008,5,0.0,958.2,423.5
1409,ORD000817,PROD0122,3,0.1,319.73,77.93
1410,ORD000818,PROD0104,5,0.0,1290.15,388.45
1411,ORD000818,PROD0001,2,0.15,1772.11,583.55
1412,ORD000819,PROD0148,1,0.1,40.35,9.18
1413,ORD000819,PROD0001,4,0.1,3752.71,1375.59
1414,ORD000820,PROD0107,1,0.1,50.91,10.57
1415,ORD000820,PROD0135,5,0.1,85.14,36.24
1416,ORD000821,PROD0117,1,0.05,236.35,50.49
1417,ORD000821,PROD0033,2,0.05,898.3,383.52
1418,ORD000821,PROD0133,2,0.15,398.6,148.66
1419,ORD000822,PROD0094,4,0.1,673.63,267.87
1420,ORD000823,PROD0078,2,0.05,194.98,60.58
1421,ORD000823,PROD0024,3,0.1,798.93,270.6
1422,ORD000823,PROD0063,1,0.1,72.41,23.49
1423,ORD000824,PROD0123,1,0.0,231.18,79.98
1424,ORD000825,PROD0133,5,0.0,1172.35,547.5
1425,ORD000826,PROD0133,4,0.0,937.88,438.0
1426,ORD000826,PROD0068,2,0.0,167.56,63.28
1427,ORD000827,PROD0030,2,0.0,2540.68,1029.04
1428,ORD000828,PROD0074,4,0.2,211.81,51.73
1429,ORD000828,PROD0019,5,0.1,3859.33,1165.88
1430,ORD000828,PROD0083,3,0.15,34.68,12.0
1431,ORD000829,PROD0054,5,0.15,704.35,203.85
1432,ORD000829,PROD0058,1,0.0,341.51,145.12
1433,ORD000830,PROD0002,4,0.0,4017.04,1828.4
1434,ORD000830,PROD0022,1,0.05,617.52,165.89
1435,ORD000831,PROD0140,1,0.2,108.13,33.68
1436,ORD000831,PROD0053,5,0.2,2584.64,847.49
1437,ORD000831,PROD0055,4,0.0,3046.72,967.2
1438,ORD000832,PROD0060,3,0.1,2274.86,543.14
1439,ORD000832,PROD0079,3,0.15,161.44,57.22
1440,ORD000833,PROD0140,5,0.05,642.01,269.76
1441,ORD000834,PROD0003,2,0.15,2455.02,587.02
1442,ORD000835,PROD0035,4,0.05,2740.64,1063.16
1443,ORD000835,PROD0147,4,0.1,716.4,174.96
1444,ORD000836,PROD0046,5,0.0,2834.65,769.3
1445,ORD000837,PROD0136,2,0.05,46.28,21.18
1446,ORD000837,PROD0088,5,0.0,213.75,53.45
1447,ORD000838,PROD0067,5,0.0,251.2,113.2
1448,ORD000838,PROD0038,2,0.0,1722.92,662.62
1449,ORD000839,PROD0067,3,0.0,150.72,67.92
1450,ORD000839,PROD0091,3,0.1,574.99,118.03
1451,ORD000840,PROD0094,1,0.1,168.41,66.97
1452,ORD000841,PROD0013,1,0.0,899.52,364.29
1453,ORD000841,PROD0107,1,0.0,56.57,16.23
1454,ORD000842,PROD0086,3,0.2,241.34,62.84
1455,ORD000843,PROD0139,5,0.1,718.97,264.12
1456,ORD000843,PROD0089,5,0.1,217.53,47.33
1457,ORD000843,PROD0099,2,0.0,314.1,111.7
1458,ORD000843,PROD0007,3,0.05,3135.11,1071.89
1459,ORD000844,PROD0048,2,0.1,209.38,35.86
1460,ORD000844,PROD0144,5,0.1,715.0,306.85
1461,ORD000845,PROD0137,2,0.1,148.18,36.52
1462,ORD000845,PROD0121,3,0.0,93.24,33.48
1463,ORD000846,PROD0072,4,0.0,299.68,99.48
1464,ORD000847,PROD0131,4,0.0,422.72,185.88
1465,ORD000847,PROD0089,1,0.0,48.34,14.3
1466,ORD000847,PROD0001,5,0.0,5212.1,2240.7
1467,ORD000848,PROD0114,3,0.05,399.51,179.64
1468,ORD000848,PROD0093,4,0.2,785.66,154.66
1469,ORD000849,PROD0103,4,0.1,808.78,256.46
1470,ORD000849,PROD0107,2,0.05,107.48,26.8
1471,ORD000849,PROD0055,4,0.1,2742.05,662.53
1472,ORD000850,PROD0033,5,0.0,2363.95,1077.0
1473,ORD000850,PROD0026,2,0.0,1360.56,537.04
1474,ORD000851,PROD0009,5,0.0,4637.45,1607.05
1475,ORD000852,PROD0083,4,0.0,54.4,24.16
1476,ORD000852,PROD0059,3,0.05,280.78,107.65
1477,ORD000853,PROD0064,3,0.0,321.42,124.59
1478,ORD000854,PROD0013,1,0.1,809.57,274.34
1479,ORD000855,PROD0001,1,0.15,886.06,291.78
1480,ORD000855,PROD0094,3,0.15,477.16,172.84
1481,ORD000856,PROD0110,4,0.0,80.76,21.04
1482,ORD000856,PROD0037,5,0.0,4488.8,2042.5
1483,ORD000856,PROD0075,1,0.0,52.21,23.68
1484,ORD000857,PROD0060,3,0.1,2274.86,543.14
1485,ORD000857,PROD0014,4,0.1,4345.85,1070.65
1486,ORD000858,PROD0045,2,0.05,999.0,265.34
1487,ORD000859,PROD0116,4,0.0,661.76,257.24
1488,ORD000860,PROD0102,5,0.05,1358.83,526.63
1489,ORD000861,PROD0091,4,0.0,851.84,242.56
1490,ORD000862,PROD0020,4,0.1,647.82,188.18
1491,ORD000862,PROD0058,1,0.15,290.28,93.89
1492,ORD000863,PROD0082,3,0.05,54.41,25.34
1493,ORD000863,PROD0088,1,0.05,40.61,8.55
1494,ORD000864,PROD0057,5,0.05,1736.65,778.0
1495,ORD000864,PROD0077,1,0.2,22.69,6.46
1496,ORD000864,PROD0125,5,0.0,932.75,384.4
1497,ORD000864,PROD0071,4,0.05,378.14,108.86
1498,ORD000865,PROD0044,5,0.0,2477.1,668.55
1499,ORD000865,PROD0022,1,0.0,650.02,198.39
1500,ORD000866,PROD0093,5,0.0,1227.6,438.85
1501,ORD000866,PROD0055,5,0.05,3617.98,1018.58
1502,ORD000866,PROD0079,4,0.05,240.58,101.62
1503,ORD000867,PROD0011,3,0.0,3558.42,1378.41
1504,ORD000867,PROD0135,4,0.0,75.68,36.56
1505,ORD000867,PROD0032,5,0.0,958.1,402.25
1506,ORD000868,PROD0088,1,0.05,40.61,8.55
1507,ORD000869,PROD0039,1,0.0,439.53,187.75
1508,ORD000870,PROD0003,1,0.05,1371.92,437.92
1509,ORD000870,PROD0070,3,0.0,144.81,41.79
1510,ORD000871,PROD0009,1,0.0,927.49,321.41
1511,ORD000872,PROD0027,4,0.15,1950.34,261.46
1512,ORD000873,PROD0147,2,0.1,358.2,87.48
1513,ORD000874,PROD0029,5,0.0,1232.3,614.05
1514,ORD000875,PROD0014,4,0.05,4587.28,1312.08
1515,ORD000876,PROD0109,2,0.15,93.14,14.86
1516,ORD000877,PROD0098,5,0.05,427.07,122.32
1517,ORD000877,PROD0031,2,0.1,638.06,139.04
1518,ORD000878,PROD0098,5,0.0,449.55,144.8
1519,ORD000879,PROD0002,2,0.1,1807.67,713.35
1520,ORD000879,PROD0108,2,0.0,65.72,22.58
1521,ORD000880,PROD0051,5,0.2,2150.2,344.25
1522,ORD000880,PROD0060,5,0.0,4212.7,1326.5
1523,ORD000881,PROD0055,5,0.0,3808.4,1209.0
1524,ORD000882,PROD0024,4,0.0,1183.6,479.16
1525,ORD000883,PROD0051,3,0.1,1451.38,367.81
1526,ORD000883,PROD0094,2,0.05,355.53,152.65
1527,ORD000884,PROD0111,5,0.05,1268.25,500.0
1528,ORD000885,PROD0042,1,0.1,599.84,135.12
1529,ORD000886,PROD0140,4,0.0,540.64,242.84
1530,ORD000886,PROD0034,5,0.2,1275.96,201.36
1531,ORD000886,PROD0003,3,0.15,3682.53,880.53
1532,ORD000886,PROD0138,3,0.05,512.8,231.79
1533,ORD000887,PROD0091,3,0.0,638.88,181.92
1534,ORD000887,PROD0145,3,0.0,129.21,41.73
1535,ORD000888,PROD0011,1,0.15,1008.22,281.55
1536,ORD000888,PROD0125,2,0.05,354.44,135.1
1537,ORD000889,PROD0146,1,0.05,50.82,11.32
1538,ORD000890,PROD0006,4,0.1,1911.64,448.4
1539,ORD000890,PROD0142,5,0.0,439.45,171.65
1540,ORD000890,PROD0024,1,0.05,281.1,104.99
1541,ORD000891,PROD0042,4,0.05,2532.66,673.78
1542,ORD000891,PROD0095,3,0.2,242.42,70.64
1543,ORD000891,PROD0006,4,0.1,1911.64,448.4
1544,ORD000892,PROD0110,1,0.0,20.19,5.26
1545,ORD000893,PROD0003,1,0.0,1444.13,510.13
1546,ORD000894,PROD0096,3,0.0,173.88,54.33
1547,ORD000895,PROD0086,2,0.0,201.12,82.12
1548,ORD000895,PROD0115,4,0.2,255.23,89.51
1549,ORD000896,PROD0023,5,0.0,6812.75,1740.35
1550,ORD000897,PROD0032,4,0.0,766.48,321.8
1551,ORD000897,PROD0076,3,0.05,245.9,74.72
1552,ORD000897,PROD0066,4,0.0,294.04,88.24
1553,ORD000898,PROD0083,5,0.05,64.6,26.8
1554,ORD000898,PROD0080,1,0.05,62.32,21.4
1555,ORD000899,PROD0118,5,0.15,653.48,225.08
1556,ORD000900,PROD0130,3,0.0,253.35,123.21
1557,ORD000900,PROD0070,1,0.2,38.62,4.28
1558,ORD000901,PROD0137,3,0.05,234.61,67.12
1559,ORD000901,PROD0008,4,0.0,766.56,338.8
1560,ORD000902,PROD0036,1,0.15,322.41,44.37
1561,ORD000902,PROD0075,3,0.0,156.63,71.04
1562,ORD000903,PROD0010,5,0.0,7274.65,3043.75
1563,ORD000904,PROD0118,2,0.0,307.52,136.16
1564,ORD000904,PROD0064,4,0.05,407.13,144.69
1565,ORD000905,PROD0140,3,0.0,405.48,182.13
1566,ORD000906,PROD0095,2,0.2,161.62,47.1
1567,ORD000907,PROD0094,2,0.0,374.24,171.36
1568,ORD000908,PROD0087,1,0.0,70.1,17.7
1569,ORD000909,PROD0112,3,0.1,548.86,205.78
1570,ORD000910,PROD0011,3,0.1,3202.58,1022.57
1571,ORD000911,PROD0117,2,0.15,422.94,51.22
1572,ORD000911,PROD0011,5,0.05,5634.17,2000.82
1573,ORD000912,PROD0041,5,0.0,970.65,411.85
1574,ORD000912,PROD0104,1,0.15,219.33,38.99
1575,ORD000913,PROD0107,1,0.1,50.91,10.57
1576,ORD000913,PROD0022,1,0.15,552.52,100.89
1577,ORD000913,PROD0007,4,0.0,4400.16,1649.2
1578,ORD000914,PROD0069,1,0.05,71.89,22.49
1579,ORD000915,PROD0085,4,0.0,264.76,94.48
1580,ORD000916,PROD0001,5,0.1,4690.89,1719.49
1581,ORD000917,PROD0079,4,0.1,227.92,88.96
1582,ORD000918,PROD0149,3,0.05,559.43,260.66
1583,ORD000918,PROD0036,1,0.0,379.31,101.27
1584,ORD000919,PROD0081,1,0.0,55.72,16.16
1585,ORD000920,PROD0083,2,0.15,23.12,8.0
1586,ORD000920,PROD0141,2,0.05,174.4,55.7
1587,ORD000921,PROD0125,5,0.0,932.75,384.4
1588,ORD000922,PROD0053,1,0.0,646.16,298.73
1589,ORD000922,PROD0032,5,0.0,958.1,402.25
1590,ORD000923,PROD0142,3,0.05,250.49,89.81
1591,ORD000923,PROD0134,5,0.1,453.92,115.62
1592,ORD000924,PROD0109,3,0.0,164.37,46.95
1593,ORD000925,PROD0031,2,0.0,708.96,209.94
1594,ORD000925,PROD0045,5,0.1,2366.05,531.9
1595,ORD000926,PROD0124,3,0.0,106.11,50.4
1596,ORD000927,PROD0008,1,0.0,191.64,84.7
1597,ORD000927,PROD0042,4,0.05,2532.66,673.78
1598,ORD000927,PROD0057,4,0.05,1389.32,622.4
1599,ORD000928,PROD0118,3,0.05,438.22,181.18
1600,ORD000928,PROD0019,4,0.0,3430.52,1275.76
1601,ORD000929,PROD0075,1,0.0,52.21,23.68
1602,ORD000929,PROD0135,1,0.05,17.97,8.19
1603,ORD000929,PROD0122,2,0.0,236.84,75.64
1604,ORD000930,PROD0060,3,0.1,2274.86,543.14
1605,ORD000931,PROD0078,1,0.0,102.62,35.42
1606,ORD000932,PROD0019,1,0.0,857.63,318.94
1607,ORD000933,PROD0096,3,0.0,173.88,54.33
1608,ORD000933,PROD0119,1,0.0,48.9,19.96
1609,ORD000934,PROD0142,3,0.1,237.3,76.62
1610,ORD000935,PROD0046,2,0.0,1133.86,307.72
1611,ORD000935,PROD0047,2,0.1,1114.61,385.47
1612,ORD000936,PROD0141,2,0.0,183.58,64.88
1613,ORD000937,PROD0134,2,0.0,201.74,66.42
1614,ORD000938,PROD0150,2,0.15,234.79,78.53
1615,ORD000938,PROD0134,5,0.15,428.7,90.4
1616,ORD000938,PROD0076,1,0.0,86.28,29.22
1617,ORD000939,PROD0063,2,0.0,160.9,63.06
1618,ORD000940,PROD0074,5,0.0,330.95,130.85
1619,ORD000941,PROD0002,5,0.05,4770.23,2034.43
1620,ORD000941,PROD0064,5,0.0,535.7,207.65
1621,ORD000941,PROD0015,2,0.0,547.24,176.26
1622,ORD000942,PROD0131,2,0.15,179.66,61.24
1623,ORD000942,PROD0003,5,0.15,6137.55,1467.55
1624,ORD000943,PROD0060,4,0.1,3033.14,724.18
1625,ORD000944,PROD0028,4,0.1,2768.08,756.08
1626,ORD000945,PROD0137,4,0.05,312.82,89.5
1627,ORD000945,PROD0017,2,0.0,115.06,48.66
1628,ORD000946,PROD0069,4,0.0,302.68,105.08
1629,ORD000946,PROD0084,5,0.0,479.4,171.9
1630,ORD000947,PROD0031,1,0.0,354.48,104.97
1631,ORD000947,PROD0101,2,0.0,328.74,141.5
1632,ORD000948,PROD0145,4,0.15,146.44,29.8
1633,ORD000949,PROD0050,3,0.0,265.95,115.77
1634,ORD000949,PROD0095,1,0.0,101.01,43.75
1635,ORD000949,PROD0111,1,0.0,267.0,113.35
1636,ORD000950,PROD0086,1,0.0,100.56,41.06
1637,ORD000951,PROD0120,4,0.0,508.64,150.88
1638,ORD000952,PROD0002,3,0.0,3012.78,1371.3
1639,ORD000953,PROD0019,1,0.0,857.63,318.94
1640,ORD000954,PROD0150,5,0.05,656.02,265.37
1641,ORD000954,PROD0041,1,0.1,174.72,62.96
1642,ORD000954,PROD0065,2,0.0,20.98,9.36
1643,ORD000955,PROD0005,2,0.0,1743.42,501.48
1644,ORD000956,PROD0117,3,0.0,746.37,188.79
1645,ORD000957,PROD0010,5,0.15,6183.45,1952.55
1646,ORD000958,PROD0032,3,0.1,517.37,183.86
1647,ORD000959,PROD0135,5,0.1,85.14,36.24
1648,ORD000960,PROD0084,2,0.15,163.0,40.0
1649,ORD000960,PROD0136,2,0.0,48.72,23.62
1650,ORD000961,PROD0014,5,0.05,5734.11,1640.11
1651,ORD000962,PROD0046,4,0.0,2267.72,615.44
1652,ORD000963,PROD0016,4,0.1,4041.0,1440.52
1653,ORD000963,PROD0059,4,0.0,394.08,163.24
1654,ORD000963,PROD0052,4,0.15,1315.05,362.37
1655,ORD000964,PROD0023,2,0.0,2725.1,696.14
1656,ORD000965,PROD0076,3,0.0,258.84,87.66
1657,ORD000966,PROD0078,4,0.1,369.43,100.63
1658,ORD000966,PROD0148,5,0.0,224.15,68.3
1659,ORD000967,PROD0009,1,0.15,788.37,182.29
1660,ORD000967,PROD0144,2,0.2,254.22,90.96
1661,ORD000968,PROD0109,5,0.15,232.86,37.16
1662,ORD000968,PROD0010,5,0.15,6183.45,1952.55
1663,ORD000969,PROD0073,4,0.0,144.96,68.24
1664,ORD000970,PROD0003,3,0.05,4115.77,1313.77
1665,ORD000971,PROD0092,1,0.0,66.47,30.92
1666,ORD000971,PROD0020,5,0.0,899.75,325.2
1667,ORD000971,PROD0085,5,0.0,330.95,118.1
1668,ORD000972,PROD0099,4,0.0,628.2,223.4
1669,ORD000973,PROD0046,1,0.0,566.93,153.86
1670,ORD000973,PROD0050,3,0.05,252.65,102.47
1671,ORD000974,PROD0070,4,0.0,193.08,55.72
1672,ORD000974,PROD0033,1,0.0,472.79,215.4
1673,ORD000974,PROD0142,4,0.0,351.56,137.32
1674,ORD000975,PROD0017,2,0.0,115.06,48.66
1675,ORD000975,PROD0013,2,0.0,1799.04,728.58
1676,ORD000975,PROD0147,4,0.0,796.0,254.56
1677,ORD000975,PROD0054,5,0.15,704.35,203.85
1678,ORD000976,PROD0059,4,0.0,394.08,163.24
1679,ORD000976,PROD0134,1,0.2,80.7,13.04
1680,ORD000977,PROD0053,5,0.1,2907.72,1170.57
1681,ORD000977,PROD0037,5,0.0,4488.8,2042.5
1682,ORD000977,PROD0138,5,0.15,764.7,296.35
1683,ORD000978,PROD0028,1,0.0,768.91,265.91
1684,ORD000978,PROD0007,4,0.0,4400.16,1649.2
1685,ORD000979,PROD0025,4,0.05,1849.23,635.99
1686,ORD000979,PROD0002,2,0.0,2008.52,914.2
1687,ORD000980,PROD0088,4,0.0,171.0,42.76
1688,ORD000980,PROD0013,2,0.05,1709.09,638.63
1689,ORD000981,PROD0092,1,0.0,66.47,30.92
1690,ORD000981,PROD0143,2,0.0,144.9,38.96
1691,ORD000982,PROD0112,1,0.05,193.12,78.76
1692,ORD000983,PROD0082,4,0.0,76.36,37.6
1693,ORD000984,PROD0006,3,0.0,1593.03,495.6
1694,ORD000985,PROD0085,3,0.0,198.57,70.86
1695,ORD000985,PROD0110,2,0.0,40.38,10.52
1696,ORD000986,PROD0085,1,0.05,62.88,20.31
1697,ORD000987,PROD0080,3,0.1,177.12,54.36
1698,ORD000988,PROD0046,1,0.0,566.93,153.86
1699,ORD000989,PROD0084,4,0.0,383.52,137.52
1700,ORD000990,PROD0113,2,0.1,62.1,16.8
1701,ORD000990,PROD0114,4,0.0,560.72,267.56
1702,ORD000991,PROD0076,2,0.1,155.3,41.18
1703,ORD000991,PROD0148,5,0.0,224.15,68.3
1704,ORD000991,PROD0119,3,0.0,146.7,59.88
1705,ORD000992,PROD0035,1,0.05,685.16,265.79
1706,ORD000993,PROD0134,2,0.1,181.57,46.25
1707,ORD000994,PROD0048,4,0.05,442.02,94.98
1708,ORD000994,PROD0111,5,0.05,1268.25,500.0
1709,ORD000995,PROD0015,4,0.05,1039.76,297.8
1710,ORD000995,PROD0092,4,0.0,265.88,123.68
1711,ORD000995,PROD0107,1,0.0,56.57,16.23
1712,ORD000996,PROD0016,2,0.0,2245.0,944.76
1713,ORD000997,PROD0067,4,0.0,200.96,90.56
1714,ORD000998,PROD0012,1,0.0,851.9,345.99
1715,ORD000998,PROD0088,1,0.1,38.48,6.42
1716,ORD000998,PROD0066,2,0.1,132.32,29.42
1717,ORD000999,PROD0060,3,0.0,2527.62,795.9
1718,ORD000999,PROD0042,2,0.05,1266.33,336.89
1719,ORD001000,PROD0007,4,0.0,4400.16,1649.2
1720,ORD001001,PROD0105,2,0.0,582.16,171.04
1721,ORD001002,PROD0084,2,0.0,191.76,68.76
1722,ORD001003,PROD0116,5,0.0,827.2,321.55
1723,ORD001003,PROD0079,1,0.15,53.81,19.07
1724,ORD001003,PROD0013,4,0.0,3598.08,1457.16
1725,ORD001004,PROD0005,1,0.1,784.54,163.57
1726,ORD001004,PROD0132,5,0.0,158.45,44.0
1727,ORD001004,PROD0074,1,0.05,62.88,22.86
1728,ORD001004,PROD0018,4,0.05,753.31,339.51
1729,ORD001005,PROD0126,3,0.0,602.7,264.0
1730,ORD001005,PROD0129,3,0.2,151.87,28.15
1731,ORD001006,PROD0125,1,0.05,177.22,67.55
1732,ORD001007,PROD0086,2,0.05,191.06,72.06
1733,ORD001008,PROD0089,1,0.05,45.92,11.88
1734,ORD001009,PROD0031,4,0.1,1276.13,278.09
1735,ORD001010,PROD0107,3,0.0,169.71,48.69
1736,ORD001011,PROD0034,1,0.0,318.99,104.07
1737,ORD001012,PROD0090,4,0.1,343.15,129.91
1738,ORD001012,PROD0104,3,0.0,774.09,233.07
1739,ORD001012,PROD0108,3,0.05,93.65,28.94
1740,ORD001012,PROD0045,1,0.05,499.5,132.67
1741,ORD001013,PROD0103,3,0.1,606.58,192.34
1742,ORD001013,PROD0029,2,0.1,443.63,196.33
1743,ORD001014,PROD0129,5,0.0,316.4,110.2
1744,ORD001015,PROD0084,2,0.05,182.17,59.17
1745,ORD001015,PROD0127,4,0.05,278.62,87.9
1746,ORD001015,PROD0109,2,0.0,109.58,31.3
1747,ORD001015,PROD0099,1,0.0,157.05,55.85
1748,ORD001016,PROD0114,1,0.05,133.17,59.88
1749,ORD001016,PROD0015,2,0.15,465.15,94.17
1750,ORD001016,PROD0144,2,0.0,317.78,154.52
1751,ORD001016,PROD0042,5,0.05,3165.83,842.23
1752,ORD001017,PROD0028,5,0.0,3844.55,1329.55
1753,ORD001018,PROD0038,2,0.0,1722.92,662.62
1754,ORD001019,PROD0089,3,0.05,137.77,35.65
1755,ORD001020,PROD0140,4,0.0,540.64,242.84
1756,ORD001021,PROD0014,2,0.0,2414.36,776.76
1757,ORD001022,PROD0089,4,0.1,174.02,37.86
1758,ORD001022,PROD0131,4,0.0,422.72,185.88
1759,ORD001023,PROD0055,3,0.05,2170.79,611.15
1760,ORD001023,PROD0103,2,0.05,426.85,150.69
1761,ORD001023,PROD0021,2,0.0,2374.88,674.64
1762,ORD001024,PROD0036,4,0.05,1441.38,329.22
1763,ORD001025,PROD0128,4,0.0,327.84,86.76
1764,ORD001026,PROD0109,5,0.1,246.56,50.86
1765,ORD001027,PROD0102,4,0.15,972.64,306.88
1766,ORD001028,PROD0012,4,0.0,3407.6,1383.96
1767,ORD001029,PROD0091,1,0.2,170.37,18.05
1768,ORD001030,PROD0119,2,0.0,97.8,39.92
1769,ORD001030,PROD0008,4,0.2,613.25,185.49
1770,ORD001030,PROD0071,3,0.05,283.6,81.64
1771,ORD001031,PROD0150,1,0.05,131.2,53.07
1772,ORD001031,PROD0148,4,0.1,161.39,36.71
1773,ORD001032,PROD0048,3,0.05,331.51,71.23
1774,ORD001033,PROD0010,2,0.0,2909.86,1217.5
1775,ORD001033,PROD0139,4,0.15,543.22,179.34
1776,ORD001034,PROD0129,5,0.2,253.12,46.92
1777,ORD001035,PROD0111,1,0.05,253.65,100.0
1778,ORD001036,PROD0058,5,0.2,1366.04,384.09
1779,ORD001037,PROD0006,4,0.0,2124.04,660.8
1780,ORD001037,PROD0004,4,0.0,5587.48,2375.68
1781,ORD001037,PROD0057,3,0.05,1041.99,466.8
1782,ORD001038,PROD0069,5,0.0,378.35,131.35
1783,ORD001038,PROD0147,4,0.1,716.4,174.96
1784,ORD001038,PROD0141,1,0.0,91.79,32.44
1785,ORD001039,PROD0114,2,0.0,280.36,133.78
1786,ORD001039,PROD0099,2,0.15,266.99,64.59
1787,ORD001040,PROD0054,2,0.1,298.31,98.11
1788,ORD001041,PROD0066,4,0.05,279.34,73.54
1789,ORD001042,PROD0071,2,0.0,199.02,64.38
1790,ORD001042,PROD0043,2,0.1,1606.27,500.07
1791,ORD001043,PROD0016,1,0.0,1122.5,472.38
1792,ORD001044,PROD0075,1,0.1,46.99,18.46
1793,ORD001045,PROD0011,4,0.0,4744.56,1837.88
1794,ORD001046,PROD0083,2,0.0,27.2,12.08
1795,ORD001047,PROD0106,1,0.0,110.4,47.37
1796,ORD001048,PROD0028,1,0.0,768.91,265.91
1797,ORD001049,PROD0069,5,0.1,340.52,93.52
1798,ORD001049,PROD0061,1,0.0,70.71,29.5
1799,ORD001049,PROD0030,5,0.1,5716.53,1937.43
1800,ORD001049,PROD0098,4,0.05,341.66,97.86
1801,ORD001050,PROD0018,4,0.0,792.96,379.16
1802,ORD001050,PROD0134,3,0.05,287.48,84.5
1803,ORD001051,PROD0146,3,0.2,128.4,9.9
1804,ORD001051,PROD0034,2,0.15,542.28,112.44
1805,ORD001052,PROD0026,1,0.2,544.22,132.46
1806,ORD001053,PROD0009,1,0.0,927.49,321.41
1807,ORD001053,PROD0014,4,0.1,4345.85,1070.65
1808,ORD001053,PROD0047,2,0.0,1238.46,509.32
1809,ORD001054,PROD0037,2,0.0,1795.52,817.0
1810,ORD001054,PROD0067,5,0.05,238.64,100.64
1811,ORD001055,PROD0055,2,0.0,1523.36,483.6
1812,ORD001055,PROD0087,3,0.0,210.3,53.1
1813,ORD001056,PROD0046,3,0.05,1615.75,376.54
1814,ORD001057,PROD0145,5,0.1,193.81,48.01
1815,ORD001058,PROD0018,4,0.2,634.37,220.57
1816,ORD001058,PROD0122,1,0.1,106.58,25.98
1817,ORD001058,PROD0020,3,0.05,512.86,168.13
1818,ORD001059,PROD0131,5,0.1,475.56,179.51
1819,ORD001059,PROD0122,5,0.0,592.1,189.1
1820,ORD001059,PROD0046,4,0.1,2040.95,388.67
1821,ORD001060,PROD0046,5,0.2,2267.72,202.37
1822,ORD001060,PROD0007,4,0.0,4400.16,1649.2
1823,ORD001061,PROD0064,5,0.0,535.7,207.65
1824,ORD001062,PROD0042,1,0.0,666.49,201.77
1825,ORD001062,PROD0140,1,0.0,135.16,60.71
1826,ORD001063,PROD0044,3,0.0,1486.26,401.13
1827,ORD001063,PROD0150,3,0.05,393.61,159.22
1828,ORD001063,PROD0131,1,0.05,100.4,41.19
1829,ORD001064,PROD0010,4,0.0,5819.72,2435.0
1830,ORD001064,PROD0084,3,0.15,244.49,59.99
1831,ORD001065,PROD0090,5,0.0,476.6,210.05
1832,ORD001065,PROD0122,3,0.0,355.26,113.46
1833,ORD001066,PROD0137,4,0.05,312.82,89.5
1834,ORD001066,PROD0120,5,0.2,508.64,61.44
1835,ORD001067,PROD0058,3,0.0,1024.53,435.36
1836,ORD001068,PROD0091,5,0.15,905.08,143.48
1837,ORD001069,PROD0109,3,0.0,164.37,46.95
1838,ORD001070,PROD0099,1,0.0,157.05,55.85
1839,ORD001071,PROD0115,4,0.2,255.23,89.51
1840,ORD001072,PROD0098,2,0.05,170.83,48.93
1841,ORD001073,PROD0068,4,0.0,335.12,126.56
1842,ORD001074,PROD0022,3,0.1,1755.05,400.16
1843,ORD001075,PROD0009,5,0.0,4637.45,1607.05
1844,ORD001076,PROD0016,1,0.05,1066.38,416.26
1845,ORD001076,PROD0116,3,0.05,471.5,168.11
1846,ORD001076,PROD0067,1,0.0,50.24,22.64
1847,ORD001077,PROD0129,2,0.0,126.56,44.08
1848,ORD001077,PROD0115,4,0.0,319.04,153.32
1849,ORD001078,PROD0072,2,0.1,134.86,34.76
1850,ORD001079,PROD0141,1,0.15,78.02,18.67
1851,ORD001080,PROD0015,4,0.0,1094.48,352.52
1852,ORD001080,PROD0011,2,0.2,1897.82,444.48
1853,ORD001080,PROD0115,5,0.0,398.8,191.65
1854,ORD001081,PROD0021,3,0.1,3206.09,655.73
1855,ORD001082,PROD0022,3,0.0,1950.06,595.17
1856,ORD001082,PROD0043,2,0.1,1606.27,500.07
1857,ORD001083,PROD0074,3,0.1,178.71,58.65
1858,ORD001084,PROD0133,3,0.0,703.41,328.5
1859,ORD001084,PROD0136,2,0.05,46.28,21.18
1860,ORD001084,PROD0040,4,0.05,2855.89,754.81
1861,ORD001085,PROD0083,2,0.1,24.48,9.36
1862,ORD001086,PROD0077,3,0.1,76.57,27.88
1863,ORD001086,PROD0096,5,0.0,289.8,90.55
1864,ORD001087,PROD0095,4,0.2,323.23,94.19
1865,ORD001087,PROD0056,4,0.05,1372.98,366.98
1866,ORD001087,PROD0030,2,0.15,2159.58,647.94
1867,ORD001088,PROD0103,2,0.15,381.92,105.76
1868,ORD001088,PROD0048,1,0.2,93.06,6.3
1869,ORD001088,PROD0085,3,0.05,188.64,60.93
1870,ORD001088,PROD0068,2,0.05,159.18,54.9
1871,ORD001089,PROD0101,2,0.0,328.74,141.5
1872,ORD001090,PROD0018,2,0.05,376.66,169.76
1873,ORD001090,PROD0028,4,0.1,2768.08,756.08
1874,ORD001091,PROD0045,1,0.1,473.21,106.38
1875,ORD001091,PROD0103,4,0.0,898.64,346.32
1876,ORD001092,PROD0073,1,0.0,36.24,17.06
1877,ORD001093,PROD0133,5,0.0,1172.35,547.5
1878,ORD001093,PROD0012,5,0.05,4046.52,1516.97
1879,ORD001094,PROD0034,1,0.1,287.09,72.17
1880,ORD001095,PROD0065,4,0.0,41.96,18.72
1881,ORD001096,PROD0067,5,0.0,251.2,113.2
1882,ORD001097,PROD0040,5,0.1,3381.97,755.62
1883,ORD001098,PROD0128,1,0.05,77.86,17.59
1884,ORD001098,PROD0042,5,0.05,3165.83,842.23
1885,ORD001099,PROD0029,2,0.2,394.34,147.04
1886,ORD001099,PROD0076,1,0.0,86.28,29.22
1887,ORD001100,PROD0074,5,0.0,330.95,130.85
1888,ORD001101,PROD0104,5,0.0,1290.15,388.45
1889,ORD001102,PROD0013,1,0.0,899.52,364.29
1890,ORD001102,PROD0052,1,0.05,367.44,129.27
1891,ORD001103,PROD0138,4,0.2,575.78,201.1
1892,ORD001103,PROD0132,1,0.0,31.69,8.8
1893,ORD001104,PROD0129,3,0.05,180.35,56.63
1894,ORD001104,PROD0126,4,0.0,803.6,352.0
1895,ORD001104,PROD0048,4,0.05,442.02,94.98
1896,ORD001105,PROD0119,3,0.05,139.36,52.54
1897,ORD001105,PROD0150,5,0.0,690.55,299.9
1898,ORD001105,PROD0122,1,0.05,112.5,31.9
1899,ORD001105,PROD0047,1,0.0,619.23,254.66
1900,ORD001106,PROD0139,2,0.2,255.63,73.69
1901,ORD001107,PROD0067,3,0.0,150.72,67.92
1902,ORD001108,PROD0054,5,0.0,828.65,328.15
1903,ORD001109,PROD0133,4,0.0,937.88,438.0
1904,ORD001109,PROD0092,3,0.05,189.44,82.79
1905,ORD001109,PROD0082,2,0.05,36.27,16.89
1906,ORD001110,PROD0114,2,0.1,252.32,105.74
1907,ORD001110,PROD0142,5,0.05,417.48,149.68
1908,ORD001111,PROD0113,4,0.1,124.2,33.6
1909,ORD001111,PROD0002,3,0.2,2410.22,768.74
1910,ORD001112,PROD0123,5,0.0,1155.9,399.9
1911,ORD001113,PROD0001,5,0.0,5212.1,2240.7
1912,ORD001113,PROD0068,3,0.05,238.77,82.35
1913,ORD001114,PROD0002,3,0.0,3012.78,1371.3
1914,ORD001115,PROD0024,1,0.0,295.9,119.79
1915,ORD001116,PROD0110,1,0.1,18.17,3.24
1916,ORD001117,PROD0021,3,0.05,3384.2,833.84
1917,ORD001117,PROD0051,4,0.0,2150.2,705.44
1918,ORD001118,PROD0049,3,0.05,2487.45,961.2
1919,ORD001118,PROD0104,5,0.0,1290.15,388.45
1920,ORD001119,PROD0061,4,0.0,282.84,118.0
1921,ORD001120,PROD0102,5,0.05,1358.83,526.63
1922,ORD001120,PROD0094,4,0.0,748.48,342.72
1923,ORD001121,PROD0049,5,0.1,3927.55,1383.8
1924,ORD001122,PROD0098,5,0.1,404.59,99.84
1925,ORD001123,PROD0064,3,0.1,289.28,92.45
1926,ORD001123,PROD0134,2,0.05,191.65,56.33
1927,ORD001124,PROD0079,4,0.2,202.59,63.63
1928,ORD001125,PROD0084,3,0.2,230.11,45.61
1929,ORD001125,PROD0108,5,0.15,139.66,31.81
1930,ORD001126,PROD0042,3,0.05,1899.5,505.34
1931,ORD001126,PROD0085,1,0.15,56.26,13.69
1932,ORD001126,PROD0032,4,0.1,689.83,245.15
1933,ORD001127,PROD0062,1,0.1,31.95,10.61
1934,ORD001127,PROD0146,1,0.0,53.5,14.0
1935,ORD001128,PROD0012,5,0.15,3620.57,1091.02
1936,ORD001128,PROD0103,1,0.2,179.73,41.65
1937,ORD001129,PROD0094,2,0.0,374.24,171.36
1938,ORD001129,PROD0115,5,0.05,378.86,171.71
1939,ORD001130,PROD0117,1,0.0,248.79,62.93
1940,ORD001130,PROD0069,5,0.0,378.35,131.35
1941,ORD001131,PROD0143,4,0.1,260.82,48.94
1942,ORD001132,PROD0046,5,0.05,2692.92,627.57
1943,ORD001133,PROD0124,2,0.05,67.2,30.06
1944,ORD001134,PROD0078,2,0.0,205.24,70.84
1945,ORD001134,PROD0115,3,0.1,215.35,91.06
1946,ORD001135,PROD0034,4,0.0,1275.96,416.28
1947,ORD001135,PROD0096,2,0.0,115.92,36.22
1948,ORD001135,PROD0075,1,0.0,52.21,23.68
1949,ORD001135,PROD0086,2,0.1,181.01,62.01
1950,ORD001136,PROD0019,3,0.0,2572.89,956.82
1951,ORD001136,PROD0094,3,0.0,561.36,257.04
1952,ORD001136,PROD0139,1,0.1,143.79,52.82
1953,ORD001137,PROD0045,3,0.15,1340.76,240.27
1954,ORD001138,PROD0002,1,0.15,853.62,306.46
1955,ORD001138,PROD0087,5,0.1,315.45,53.45
1956,ORD001139,PROD0034,4,0.0,1275.96,416.28
1957,ORD001140,PROD0140,2,0.0,270.32,121.42
1958,ORD001141,PROD0086,2,0.0,201.12,82.12
1959,ORD001142,PROD0077,1,0.15,24.11,7.88
1960,ORD001143,PROD0137,3,0.0,246.96,79.47
1961,ORD001143,PROD0057,4,0.0,1462.44,695.52
1962,ORD001144,PROD0022,5,0.1,2925.09,666.94
1963,ORD001144,PROD0006,1,0.2,424.81,59.0
1964,ORD001144,PROD0047,4,0.0,2476.92,1018.64
1965,ORD001145,PROD0054,3,0.15,422.61,122.31
1966,ORD001146,PROD0025,3,0.0,1459.92,549.99
1967,ORD001147,PROD0103,1,0.0,224.66,86.58
1968,ORD001147,PROD0019,2,0.15,1457.97,380.59
1969,ORD001148,PROD0053,1,0.0,646.16,298.73
1970,ORD001148,PROD0131,5,0.0,528.4,232.35
1971,ORD001148,PROD0073,2,0.0,72.48,34.12
1972,ORD001148,PROD0118,4,0.05,584.29,241.57
1973,ORD001149,PROD0096,4,0.0,231.84,72.44
1974,ORD001149,PROD0063,1,0.1,72.41,23.49
1975,ORD001149,PROD0099,2,0.0,314.1,111.7
1976,ORD001150,PROD0126,2,0.0,401.8,176.0
1977,ORD001150,PROD0147,3,0.0,597.0,190.92
1978,ORD001151,PROD0122,4,0.0,473.68,151.28
1979,ORD001152,PROD0122,2,0.05,225.0,63.8
1980,ORD001152,PROD0129,5,0.0,316.4,110.2
1981,ORD001153,PROD0006,3,0.2,1274.42,176.99
1982,ORD001154,PROD0096,2,0.0,115.92,36.22
1983,ORD001154,PROD0065,1,0.1,9.44,3.63
1984,ORD001154,PROD0113,5,0.05,163.88,50.63
1985,ORD001155,PROD0024,2,0.0,591.8,239.58
1986,ORD001155,PROD0131,2,0.0,211.36,92.94
1987,ORD001155,PROD0063,3,0.2,193.08,46.32
1988,ORD001156,PROD0018,5,0.0,991.2,473.95
1989,ORD001157,PROD0021,5,0.0,5937.2,1686.6
1990,ORD001158,PROD0052,3,0.0,1160.34,445.83
1991,ORD001159,PROD0004,1,0.0,1396.87,593.92
1992,ORD001160,PROD0129,3,0.1,170.86,47.14
1993,ORD001161,PROD0025,2,0.0,973.28,366.66
1994,ORD001161,PROD0037,1,0.05,852.87,363.61
1995,ORD001161,PROD0141,3,0.0,275.37,97.32
1996,ORD001162,PROD0037,1,0.0,897.76,408.5
1997,ORD001162,PROD0065,3,0.15,26.75,9.32
1998,ORD001162,PROD0142,3,0.0,263.67,102.99
1999,ORD001163,PROD0084,5,0.1,431.46,123.96
2000,ORD001163,PROD0051,2,0.0,1075.1,352.72
2001,ORD001164,PROD0142,5,0.05,417.48,149.68
2002,ORD001165,PROD0119,2,0.05,92.91,35.03
2003,ORD001165,PROD0067,1,0.15,42.7,15.1
2004,ORD001166,PROD0141,1,0.0,91.79,32.44
2005,ORD001166,PROD0112,2,0.0,406.56,177.84
2006,ORD001167,PROD0089,5,0.05,229.62,59.42
2007,ORD001168,PROD0132,2,0.05,60.21,14.43
2008,ORD001169,PROD0093,4,0.05,932.98,301.98
2009,ORD001170,PROD0012,5,0.2,3407.6,878.05
2010,ORD001170,PROD0029,3,0.0,739.38,368.43
2011,ORD001170,PROD0067,1,0.15,42.7,15.1
2012,ORD001171,PROD0101,5,0.1,739.67,271.57
2013,ORD001172,PROD0013,2,0.0,1799.04,728.58
2014,ORD001173,PROD0017,2,0.1,103.55,37.15
2015,ORD001174,PROD0142,5,0.2,351.56,83.76
2016,ORD001174,PROD0025,2,0.0,973.28,366.66
2017,ORD001175,PROD0121,4,0.0,124.32,44.64
2018,ORD001175,PROD0097,3,0.0,893.7,253.14
2019,ORD001176,PROD0101,5,0.05,780.76,312.66
2020,ORD001176,PROD0016,5,0.0,5612.5,2361.9
2021,ORD001177,PROD0124,3,0.15,90.19,34.48
2022,ORD001177,PROD0003,3,0.1,3899.15,1097.15
2023,ORD001178,PROD0048,1,0.05,110.5,23.74
2024,ORD001179,PROD0005,3,0.15,2222.86,359.95
2025,ORD001179,PROD0107,3,0.15,144.25,23.23
2026,ORD001180,PROD0115,2,0.05,151.54,68.68
2027,ORD001180,PROD0040,1,0.05,713.97,188.7
2028,ORD001180,PROD0042,5,0.2,2665.96,342.36
2029,ORD001180,PROD0036,3,0.0,1137.93,303.81
2030,ORD001181,PROD0099,2,0.0,314.1,111.7
2031,ORD001181,PROD0039,5,0.0,2197.65,938.75
2032,ORD001182,PROD0081,1,0.1,50.15,10.59
2033,ORD001182,PROD0147,2,0.1,358.2,87.48
2034,ORD001183,PROD0003,1,0.05,1371.92,437.92
2035,ORD001184,PROD0114,5,0.0,700.9,334.45
2036,ORD001184,PROD0047,4,0.15,2105.38,647.1
2037,ORD001185,PROD0137,5,0.05,391.02,111.87
2038,ORD001185,PROD0023,4,0.0,5450.2,1392.28
2039,ORD001186,PROD0118,4,0.0,615.04,272.32
2040,ORD001186,PROD0047,2,0.1,1114.61,385.47
2041,ORD001187,PROD0101,4,0.0,657.48,283.0
2042,ORD001188,PROD0049,2,0.0,1745.58,728.08
2043,ORD001189,PROD0110,3,0.0,60.57,15.78
2044,ORD001189,PROD0050,2,0.15,150.71,50.59
2045,ORD001190,PROD0004,2,0.0,2793.74,1187.84
2046,ORD001190,PROD0016,1,0.0,1122.5,472.38
2047,ORD001191,PROD0031,4,0.0,1417.92,419.88
2048,ORD001191,PROD0058,5,0.0,1707.55,725.6
2049,ORD001192,PROD0112,1,0.0,203.28,88.92
2050,ORD001193,PROD0125,1,0.0,186.55,76.88
2051,ORD001193,PROD0082,1,0.0,19.09,9.4
2052,ORD001193,PROD0029,5,0.0,1232.3,614.05
2053,ORD001194,PROD0080,1,0.05,62.32,21.4
2054,ORD001194,PROD0012,3,0.15,2172.34,654.61
2055,ORD001194,PROD0085,1,0.0,66.19,23.62
2056,ORD001194,PROD0087,4,0.1,252.36,42.76
2057,ORD001195,PROD0092,3,0.0,199.41,92.76
2058,ORD001195,PROD0060,2,0.0,1685.08,530.6
2059,ORD001195,PROD0117,5,0.05,1181.75,252.45
2060,ORD001196,PROD0049,1,0.0,872.79,364.04
2061,ORD001197,PROD0124,4,0.0,141.48,67.2
2062,ORD001197,PROD0047,2,0.0,1238.46,509.32
2063,ORD001198,PROD0037,3,0.0,2693.28,1225.5
2064,ORD001199,PROD0092,1,0.0,66.47,30.92
2065,ORD001200,PROD0046,3,0.0,1700.79,461.58
2066,ORD001201,PROD0069,1,0.15,64.32,14.92
2067,ORD001202,PROD0109,5,0.0,273.95,78.25
2068,ORD001203,PROD0065,3,0.05,29.9,12.47
2069,ORD001204,PROD0091,3,0.15,543.05,86.09
2070,ORD001204,PROD0010,3,0.15,3710.07,1171.53
2071,ORD001204,PROD0060,1,0.1,758.29,181.05
2072,ORD001205,PROD0054,2,0.0,331.46,131.26
2073,ORD001205,PROD0028,4,0.0,3075.64,1063.64
2074,ORD001205,PROD0063,4,0.1,289.62,93.94
2075,ORD001205,PROD0013,1,0.05,854.54,319.31
2076,ORD001206,PROD0102,1,0.0,286.07,119.63
2077,ORD001207,PROD0003,3,0.0,4332.39,1530.39
2078,ORD001207,PROD0099,4,0.0,628.2,223.4
2079,ORD001208,PROD0134,3,0.0,302.61,99.63
2080,ORD001208,PROD0055,2,0.0,1523.36,483.6
2081,ORD001209,PROD0123,4,0.05,878.48,273.68
2082,ORD001209,PROD0138,2,0.0,359.86,172.52
2083,ORD001210,PROD0118,5,0.1,691.92,263.52
2084,ORD001211,PROD0059,1,0.0,98.52,40.81
2085,ORD001212,PROD0055,1,0.0,761.68,241.8
2086,ORD001212,PROD0037,4,0.2,2872.83,915.79
2087,ORD001212,PROD0125,1,0.0,186.55,76.88
2088,ORD001212,PROD0124,3,0.0,106.11,50.4
2089,ORD001213,PROD0121,2,0.0,62.16,22.32
2090,ORD001213,PROD0028,2,0.1,1384.04,378.04
2091,ORD001214,PROD0100,4,0.0,500.2,240.64
2092,ORD001214,PROD0061,2,0.0,141.42,59.0
2093,ORD001214,PROD0020,2,0.0,359.9,130.08
2094,ORD001215,PROD0085,1,0.05,62.88,20.31
2095,ORD001216,PROD0026,1,0.05,646.27,234.51
2096,ORD001217,PROD0099,2,0.0,314.1,111.7
2097,ORD001217,PROD0135,3,0.0,56.76,27.42
2098,ORD001217,PROD0029,2,0.0,492.92,245.62
2099,ORD001218,PROD0096,2,0.1,104.33,24.63
2100,ORD001218,PROD0125,4,0.1,671.58,232.9
2101,ORD001218,PROD0141,5,0.05,436.0,139.25
2102,ORD001219,PROD0036,3,0.0,1137.93,303.81
2103,ORD001220,PROD0119,1,0.0,48.9,19.96
2104,ORD001221,PROD0046,2,0.05,1077.17,251.03
2105,ORD001222,PROD0104,4,0.05,980.51,259.15
2106,ORD001222,PROD0048,3,0.15,296.62,36.34
2107,ORD001222,PROD0128,5,0.0,409.8,108.45
2108,ORD001223,PROD0004,3,0.2,3352.49,943.64
2109,ORD001223,PROD0105,5,0.0,1455.4,427.6
2110,ORD001223,PROD0099,2,0.1,282.69,80.29
2111,ORD001224,PROD0086,4,0.0,402.24,164.24
2112,ORD001225,PROD0099,1,0.1,141.35,40.15
2113,ORD001225,PROD0063,4,0.0,321.8,126.12
2114,ORD001226,PROD0095,4,0.0,404.04,175.0
2115,ORD001227,PROD0109,2,0.0,109.58,31.3
2116,ORD001227,PROD0024,1,0.0,295.9,119.79
2117,ORD001228,PROD0030,1,0.0,1270.34,514.52
2118,ORD001228,PROD0017,2,0.05,109.31,42.91
2119,ORD001228,PROD0083,1,0.0,13.6,6.04
2120,ORD001229,PROD0146,2,0.05,101.65,22.65
2121,ORD001229,PROD0129,1,0.0,63.28,22.04
2122,ORD001229,PROD0149,1,0.2,157.03,57.44
2123,ORD001230,PROD0057,4,0.0,1462.44,695.52
2124,ORD001230,PROD0103,3,0.0,673.98,259.74
2125,ORD001231,PROD0102,3,0.2,686.57,187.25
2126,ORD001231,PROD0107,5,0.0,282.85,81.15
2127,ORD001231,PROD0040,4,0.1,2705.58,604.5
2128,ORD001231,PROD0006,2,0.1,955.82,224.2
2129,ORD001232,PROD0118,5,0.0,768.8,340.4
2130,ORD001233,PROD0021,5,0.1,5343.48,1092.88
2131,ORD001234,PROD0082,1,0.0,19.09,9.4
2132,ORD001234,PROD0093,2,0.05,466.49,150.99
2133,ORD001234,PROD0071,1,0.15,84.58,17.26
2134,ORD001235,PROD0017,2,0.1,103.55,37.15
2135,ORD001235,PROD0038,2,0.1,1550.63,490.33
2136,ORD001236,PROD0089,5,0.2,193.36,23.16
2137,ORD001236,PROD0150,5,0.05,656.02,265.37
2138,ORD001236,PROD0064,3,0.0,321.42,124.59
2139,ORD001236,PROD0107,2,0.0,113.14,32.46
2140,ORD001237,PROD0124,4,0.0,141.48,67.2
2141,ORD001237,PROD0097,4,0.0,1191.6,337.52
2142,ORD001237,PROD0100,5,0.05,593.99,269.54
2143,ORD001238,PROD0128,4,0.0,327.84,86.76
2144,ORD001238,PROD0091,1,0.0,212.96,60.64
2145,ORD001239,PROD0106,1,0.0,110.4,47.37
2146,ORD001239,PROD0014,4,0.0,4828.72,1553.52
2147,ORD001240,PROD0089,3,0.05,137.77,35.65
2148,ORD001241,PROD0147,4,0.0,796.0,254.56
2149,ORD001242,PROD0043,4,0.05,3391.01,1178.61
2150,ORD001243,PROD0108,5,0.0,164.3,56.45
2151,ORD001244,PROD0043,4,0.15,3034.06,821.66
2152,ORD001245,PROD0094,3,0.05,533.29,228.97
2153,ORD001246,PROD0143,1,0.05,68.83,15.86
2154,ORD001247,PROD0062,1,0.05,33.73,12.39
2155,ORD001248,PROD0073,2,0.05,68.86,30.5
2156,ORD001248,PROD0031,5,0.0,1772.4,524.85
2157,ORD001249,PROD0085,2,0.05,125.76,40.62
2158,ORD001250,PROD0013,4,0.05,3418.18,1277.26
2159,ORD001251,PROD0013,5,0.15,3822.96,1146.81
2160,ORD001252,PROD0080,1,0.15,55.76,14.84
2161,ORD001253,PROD0066,2,0.0,147.02,44.12
2162,ORD001253,PROD0109,1,0.0,54.79,15.65
2163,ORD001254,PROD0122,4,0.0,473.68,151.28
2164,ORD001255,PROD0060,4,0.0,3370.16,1061.2
2165,ORD001255,PROD0055,2,0.0,1523.36,483.6
2166,ORD001256,PROD0019,4,0.0,3430.52,1275.76
2167,ORD001256,PROD0126,3,0.1,542.43,203.73
2168,ORD001257,PROD0007,2,0.15,1870.07,494.59
2169,ORD001258,PROD0024,3,0.0,887.7,359.37
2170,ORD001258,PROD0078,2,0.0,205.24,70.84
2171,ORD001259,PROD0044,3,0.15,1263.32,178.19
2172,ORD001260,PROD0021,2,0.05,2256.14,555.9
2173,ORD001261,PROD0064,1,0.15,91.07,25.46
2174,ORD001261,PROD0056,4,0.0,1445.24,439.24
2175,ORD001261,PROD0140,3,0.0,405.48,182.13
2176,ORD001262,PROD0004,4,0.05,5308.11,2096.31
2177,ORD001263,PROD0095,4,0.0,404.04,175.0
2178,ORD001263,PROD0135,5,0.0,94.6,45.7
2179,ORD001263,PROD0060,1,0.05,800.41,223.17
2180,ORD001263,PROD0081,5,0.0,278.6,80.8
2181,ORD001264,PROD0044,2,0.0,990.84,267.42
2182,ORD001264,PROD0042,3,0.0,1999.47,605.31
2183,ORD001265,PROD0062,4,0.15,120.7,35.34
2184,ORD001265,PROD0097,1,0.1,268.11,54.59
2185,ORD001265,PROD0117,4,0.0,995.16,251.72
2186,ORD001266,PROD0013,2,0.05,1709.09,638.63
2187,ORD001266,PROD0141,5,0.0,458.95,162.2
2188,ORD001266,PROD0017,2,0.1,103.55,37.15
2189,ORD001266,PROD0121,2,0.0,62.16,22.32
2190,ORD001267,PROD0138,4,0.0,719.72,345.04
2191,ORD001268,PROD0129,5,0.2,253.12,46.92
2192,ORD001269,PROD0148,3,0.15,114.32,20.81
2193,ORD001270,PROD0066,4,0.05,279.34,73.54
2194,ORD001270,PROD0001,4,0.0,4169.68,1792.56
2195,ORD001270,PROD0018,3,0.0,594.72,284.37
2196,ORD001271,PROD0012,3,0.0,2555.7,1037.97
2197,ORD001271,PROD0142,2,0.0,175.78,68.66
2198,ORD001272,PROD0007,2,0.05,2090.08,714.6
2199,ORD001272,PROD0125,4,0.0,746.2,307.52
2200,ORD001273,PROD0040,3,0.1,2029.18,453.37
2201,ORD001273,PROD0032,1,0.2,153.3,42.13
2202,ORD001274,PROD0023,1,0.05,1294.42,279.94
2203,ORD001275,PROD0141,5,0.15,390.11,93.36
2204,ORD001276,PROD0114,5,0.1,630.81,264.36
2205,ORD001277,PROD0020,2,0.0,359.9,130.08
2206,ORD001277,PROD0012,4,0.05,3237.22,1213.58
2207,ORD001277,PROD0057,1,0.0,365.61,173.88
2208,ORD001278,PROD0129,4,0.0,253.12,88.16
2209,ORD001279,PROD0147,4,0.0,796.0,254.56
2210,ORD001279,PROD0102,3,0.1,772.39,273.07
2211,ORD001280,PROD0116,3,0.0,496.32,192.93
2212,ORD001281,PROD0032,2,0.0,383.24,160.9
2213,ORD001281,PROD0058,4,0.0,1366.04,580.48
2214,ORD001281,PROD0017,1,0.0,57.53,24.33
2215,ORD001282,PROD0120,5,0.0,635.8,188.6
2216,ORD001282,PROD0135,2,0.2,30.27,10.71
2217,ORD001282,PROD0050,4,0.0,354.6,154.36
2218,ORD001283,PROD0018,4,0.1,713.66,299.86
2219,ORD001284,PROD0008,2,0.15,325.79,111.91
2220,ORD001284,PROD0059,4,0.2,315.26,84.42
2221,ORD001285,PROD0004,5,0.0,6984.35,2969.6
2222,ORD001285,PROD0128,2,0.0,163.92,43.38
2223,ORD001285,PROD0020,2,0.05,341.9,112.08
2224,ORD001286,PROD0034,3,0.1,861.27,216.51
2225,ORD001286,PROD0031,2,0.15,602.62,103.6
2226,ORD001287,PROD0119,4,0.0,195.6,79.84
2227,ORD001288,PROD0015,5,0.1,1231.29,303.84
2228,ORD001289,PROD0024,4,0.0,1183.6,479.16
2229,ORD001290,PROD0121,3,0.0,93.24,33.48
2230,ORD001290,PROD0043,2,0.0,1784.74,678.54
2231,ORD001290,PROD0011,5,0.1,5337.63,1704.28
2232,ORD001290,PROD0108,4,0.1,118.3,32.02
2233,ORD001291,PROD0029,2,0.05,468.27,220.97
2234,ORD001292,PROD0033,1,0.0,472.79,215.4
2235,ORD001292,PROD0119,5,0.0,244.5,99.8
2236,ORD001293,PROD0094,2,0.0,374.24,171.36
2237,ORD001294,PROD0065,2,0.0,20.98,9.36
2238,ORD001295,PROD0029,1,0.0,246.46,122.81
2239,ORD001296,PROD0018,4,0.0,792.96,379.16
2240,ORD001297,PROD0119,2,0.0,97.8,39.92
2241,ORD001297,PROD0031,1,0.15,301.31,51.8
2242,ORD001297,PROD0057,5,0.05,1736.65,778.0
2243,ORD001298,PROD0132,3,0.2,76.06,7.39
2244,ORD001299,PROD0027,5,0.0,2868.15,757.05
2245,ORD001299,PROD0086,5,0.1,452.52,155.02
2246,ORD001300,PROD0098,1,0.05,85.41,24.46
2247,ORD001301,PROD0066,2,0.15,124.97,22.07
2248,ORD001301,PROD0019,1,0.15,728.99,190.3
2249,ORD001302,PROD0101,1,0.1,147.93,54.31
2250,ORD001303,PROD0132,4,0.0,126.76,35.2
2251,ORD001304,PROD0066,3,0.0,220.53,66.18
2252,ORD001304,PROD0085,4,0.0,264.76,94.48
2253,ORD001305,PROD0149,3,0.0,588.87,290.1
2254,ORD001305,PROD0061,3,0.2,169.7,46.07
2255,ORD001305,PROD0117,1,0.05,236.35,50.49
2256,ORD001306,PROD0038,2,0.2,1378.34,318.04
2257,ORD001307,PROD0034,4,0.05,1212.16,352.48
2258,ORD001307,PROD0135,3,0.1,51.08,21.74
2259,ORD001307,PROD0070,5,0.0,241.35,69.65
2260,ORD001308,PROD0003,3,0.0,4332.39,1530.39
2261,ORD001309,PROD0117,2,0.15,422.94,51.22
2262,ORD001310,PROD0044,4,0.0,1981.68,534.84
2263,ORD001311,PROD0089,5,0.0,241.7,71.5
2264,ORD001311,PROD0082,1,0.0,19.09,9.4
2265,ORD001312,PROD0106,2,0.0,220.8,94.74
2266,ORD001313,PROD0136,3,0.0,73.08,35.43
2267,ORD001313,PROD0037,3,0.0,2693.28,1225.5
2268,ORD001314,PROD0026,3,0.0,2040.84,805.56
2269,ORD001315,PROD0144,2,0.05,301.89,138.63
2270,ORD001316,PROD0149,5,0.0,981.45,483.5
2271,ORD001316,PROD0022,5,0.0,3250.1,991.95
2272,ORD001317,PROD0057,1,0.05,347.33,155.6
2273,ORD001317,PROD0115,4,0.05,303.09,137.37
2274,ORD001317,PROD0144,4,0.0,635.56,309.04
2275,ORD001318,PROD0130,4,0.0,337.8,164.28
2276,ORD001319,PROD0131,1,0.0,105.68,46.47
2277,ORD001320,PROD0080,2,0.05,124.64,42.8
2278,ORD001320,PROD0013,3,0.0,2698.56,1092.87
2279,ORD001321,PROD0084,1,0.15,81.5,20.0
2280,ORD001321,PROD0138,3,0.0,539.79,258.78
2281,ORD001322,PROD0105,5,0.15,1237.09,209.29
2282,ORD001323,PROD0002,1,0.0,1004.26,457.1
2283,ORD001323,PROD0075,4,0.1,187.96,73.84
2284,ORD001324,PROD0031,4,0.0,1417.92,419.88
2285,ORD001324,PROD0005,3,0.0,2615.13,752.22
2286,ORD001325,PROD0113,4,0.0,138.0,47.4
2287,ORD001326,PROD0133,3,0.15,597.9,222.99
2288,ORD001326,PROD0144,1,0.0,158.89,77.26
2289,ORD001326,PROD0016,1,0.1,1010.25,360.13
2290,ORD001327,PROD0143,4,0.0,289.8,77.92
2291,ORD001327,PROD0103,1,0.0,224.66,86.58
2292,ORD001327,PROD0081,3,0.1,150.44,31.76
2293,ORD001327,PROD0053,5,0.2,2584.64,847.49
2294,ORD001328,PROD0146,3,0.15,136.42,17.92
2295,ORD001328,PROD0033,1,0.0,472.79,215.4
2296,ORD001328,PROD0081,3,0.0,167.16,48.48
2297,ORD001329,PROD0094,4,0.0,748.48,342.72
2298,ORD001329,PROD0057,2,0.15,621.54,238.08
2299,ORD001330,PROD0123,3,0.15,589.51,135.91
2300,ORD001331,PROD0057,4,0.05,1389.32,622.4
2301,ORD001331,PROD0108,1,0.05,31.22,9.65
2302,ORD001331,PROD0069,2,0.05,143.77,44.97
2303,ORD001332,PROD0112,3,0.1,548.86,205.78
2304,ORD001332,PROD0049,4,0.0,3491.16,1456.16
2305,ORD001332,PROD0036,3,0.1,1024.14,190.02
2306,ORD001332,PROD0126,1,0.0,200.9,88.0
2307,ORD001333,PROD0057,2,0.05,694.66,311.2
2308,ORD001334,PROD0035,2,0.0,1442.44,603.7
2309,ORD001335,PROD0097,2,0.0,595.8,168.76
2310,ORD001335,PROD0027,3,0.0,1720.89,454.23
2311,ORD001335,PROD0056,5,0.1,1625.89,368.39
2312,ORD001336,PROD0138,3,0.1,485.81,204.8
2313,ORD001337,PROD0052,1,0.15,328.76,90.59
2314,ORD001337,PROD0071,2,0.15,169.17,34.53
2315,ORD001337,PROD0057,4,0.2,1169.95,403.03
2316,ORD001338,PROD0117,4,0.0,995.16,251.72
2317,ORD001338,PROD0057,3,0.0,1096.83,521.64
2318,ORD001339,PROD0072,5,0.05,355.87,105.62
2319,ORD001339,PROD0020,2,0.0,359.9,130.08
2320,ORD001339,PROD0052,1,0.1,348.1,109.93
2321,ORD001339,PROD0008,2,0.0,383.28,169.4
2322,ORD001340,PROD0019,4,0.05,3258.99,1104.23
2323,ORD001341,PROD0107,5,0.0,282.85,81.15
2324,ORD001342,PROD0040,5,0.0,3757.75,1131.4
2325,ORD001343,PROD0142,3,0.0,263.67,102.99
2326,ORD001344,PROD0097,4,0.0,1191.6,337.52
2327,ORD001344,PROD0116,2,0.0,330.88,128.62
2328,ORD001345,PROD0079,4,0.05,240.58,101.62
2329,ORD001345,PROD0015,1,0.05,259.94,74.45
2330,ORD001346,PROD0019,2,0.0,1715.26,637.88
2331,ORD001346,PROD0073,1,0.05,34.43,15.25
2332,ORD001346,PROD0077,2,0.0,56.72,24.26
2333,ORD001346,PROD0003,1,0.0,1444.13,510.13
2334,ORD001347,PROD0002,4,0.0,4017.04,1828.4
2335,ORD001347,PROD0115,1,0.0,79.76,38.33
2336,ORD001348,PROD0016,4,0.0,4490.0,1889.52
2337,ORD001348,PROD0121,2,0.0,62.16,22.32
2338,ORD001349,PROD0003,1,0.0,1444.13,510.13
2339,ORD001349,PROD0147,5,0.15,845.75,168.95
2340,ORD001350,PROD0035,2,0.0,1442.44,603.7
2341,ORD001350,PROD0130,1,0.0,84.45,41.07
2342,ORD001351,PROD0148,1,0.05,42.59,11.42
2343,ORD001352,PROD0105,3,0.15,742.25,125.57
2344,ORD001353,PROD0107,1,0.05,53.74,13.4
2345,ORD001353,PROD0118,4,0.05,584.29,241.57
2346,ORD001354,PROD0028,1,0.0,768.91,265.91
2347,ORD001355,PROD0066,3,0.1,198.48,44.13
2348,ORD001355,PROD0137,5,0.05,391.02,111.87
2349,ORD001356,PROD0147,1,0.0,199.0,63.64
2350,ORD001356,PROD0117,3,0.0,746.37,188.79
2351,ORD001357,PROD0131,3,0.05,301.19,123.56
2352,ORD001357,PROD0077,3,0.0,85.08,36.39
2353,ORD001357,PROD0075,1,0.1,46.99,18.46
2354,ORD001357,PROD0043,3,0.1,2409.4,750.1
2355,ORD001358,PROD0106,5,0.0,552.0,236.85
2356,ORD001358,PROD0105,3,0.05,829.58,212.9
2357,ORD001359,PROD0113,4,0.15,117.3,26.7
2358,ORD001360,PROD0001,4,0.0,4169.68,1792.56
2359,ORD001361,PROD0003,4,0.0,5776.52,2040.52
2360,ORD001361,PROD0022,1,0.0,650.02,198.39
2361,ORD001362,PROD0075,3,0.15,133.14,47.55
2362,ORD001362,PROD0026,5,0.15,2891.19,832.39
2363,ORD001363,PROD0109,5,0.0,273.95,78.25
2364,ORD001363,PROD0056,3,0.15,921.34,166.84
2365,ORD001363,PROD0068,4,0.05,318.36,109.8
2366,ORD001363,PROD0069,3,0.0,227.01,78.81
2367,ORD001364,PROD0147,3,0.1,537.3,131.22
2368,ORD001364,PROD0050,1,0.0,88.65,38.59
2369,ORD001365,PROD0113,3,0.0,103.5,35.55
2370,ORD001365,PROD0149,1,0.0,196.29,96.7
2371,ORD001365,PROD0030,2,0.0,2540.68,1029.04
2372,ORD001365,PROD0016,2,0.05,2132.75,832.51
2373,ORD001366,PROD0074,2,0.0,132.38,52.34
2374,ORD001366,PROD0007,3,0.0,3300.12,1236.9
2375,ORD001367,PROD0047,2,0.0,1238.46,509.32
2376,ORD001368,PROD0043,3,0.0,2677.11,1017.81
2377,ORD001369,PROD0019,1,0.0,857.63,318.94
2378,ORD001369,PROD0050,3,0.15,226.06,75.88
2379,ORD001369,PROD0100,5,0.05,593.99,269.54
2380,ORD001370,PROD0049,1,0.1,785.51,276.76
2381,ORD001371,PROD0139,4,0.05,607.13,243.25
2382,ORD001371,PROD0087,1,0.0,70.1,17.7
2383,ORD001372,PROD0067,2,0.1,90.43,35.23
2384,ORD001372,PROD0009,4,0.0,3709.96,1285.64
2385,ORD001372,PROD0150,1,0.15,117.39,39.26
2386,ORD001373,PROD0085,2,0.05,125.76,40.62
2387,ORD001373,PROD0144,3,0.1,429.0,184.11
2388,ORD001374,PROD0076,3,0.0,258.84,87.66
2389,ORD001374,PROD0042,5,0.0,3332.45,1008.85
2390,ORD001375,PROD0030,4,0.05,4827.29,1804.01
2391,ORD001376,PROD0052,4,0.0,1547.12,594.44
2392,ORD001376,PROD0072,5,0.0,374.6,124.35
2393,ORD001376,PROD0148,3,0.05,127.77,34.26
2394,ORD001377,PROD0085,3,0.0,198.57,70.86
2395,ORD001378,PROD0128,1,0.15,69.67,9.4
2396,ORD001379,PROD0112,1,0.1,182.95,68.59
2397,ORD001379,PROD0010,5,0.15,6183.45,1952.55
2398,ORD001380,PROD0041,3,0.0,582.39,247.11
2399,ORD001380,PROD0019,5,0.15,3644.93,951.48
2400,ORD001381,PROD0150,4,0.0,552.44,239.92
2401,ORD001382,PROD0095,5,0.0,505.05,218.75
2402,ORD001383,PROD0029,1,0.0,246.46,122.81
2403,ORD001384,PROD0029,4,0.05,936.55,441.95
2404,ORD001385,PROD0023,5,0.05,6472.11,1399.71
2405,ORD001386,PROD0040,2,0.05,1427.94,377.4
2406,ORD001387,PROD0050,2,0.0,177.3,77.18
2407,ORD001387,PROD0059,2,0.0,197.04,81.62
2408,ORD001387,PROD0149,3,0.1,529.98,231.21
2409,ORD001387,PROD0013,1,0.1,809.57,274.34
2410,ORD001388,PROD0147,1,0.0,199.0,63.64
2411,ORD001389,PROD0052,1,0.0,386.78,148.61
2412,ORD001390,PROD0115,5,0.0,398.8,191.65
2413,ORD001391,PROD0083,4,0.0,54.4,24.16
2414,ORD001392,PROD0133,5,0.0,1172.35,547.5
2415,ORD001393,PROD0129,5,0.0,316.4,110.2
2416,ORD001394,PROD0114,2,0.1,252.32,105.74
2417,ORD001395,PROD0144,5,0.0,794.45,386.3
2418,ORD001396,PROD0048,1,0.2,93.06,6.3
2419,ORD001397,PROD0099,4,0.0,628.2,223.4
2420,ORD001397,PROD0135,1,0.0,18.92,9.14
2421,ORD001398,PROD0074,3,0.0,198.57,78.51
2422,ORD001399,PROD0150,3,0.0,414.33,179.94
2423,ORD001400,PROD0134,4,0.0,403.48,132.84
2424,ORD001400,PROD0109,3,0.2,131.5,14.08
2425,ORD001401,PROD0075,3,0.0,156.63,71.04
2426,ORD001401,PROD0117,2,0.0,497.58,125.86
2427,ORD001402,PROD0019,3,0.15,2186.96,570.89
2428,ORD001402,PROD0111,5,0.0,1335.0,566.75
2429,ORD001403,PROD0098,3,0.05,256.24,73.39
2430,ORD001403,PROD0020,5,0.0,899.75,325.2
2431,ORD001404,PROD0006,3,0.1,1433.73,336.3
2432,ORD001404,PROD0063,3,0.15,205.15,58.39
2433,ORD001405,PROD0145,4,0.0,172.28,55.64
2434,ORD001405,PROD0068,4,0.05,318.36,109.8
2435,ORD001405,PROD0117,2,0.05,472.7,100.98
2436,ORD001406,PROD0095,5,0.0,505.05,218.75
2437,ORD001406,PROD0033,3,0.05,1347.45,575.28
2438,ORD001407,PROD0048,4,0.0,465.28,118.24
2439,ORD001407,PROD0019,1,0.15,728.99,190.3
2440,ORD001408,PROD0030,1,0.0,1270.34,514.52
2441,ORD001409,PROD0070,2,0.2,77.23,8.55
2442,ORD001410,PROD0028,2,0.0,1537.82,531.82
2443,ORD001410,PROD0104,2,0.1,464.45,103.77
2444,ORD001411,PROD0071,1,0.0,99.51,32.19
2445,ORD001411,PROD0122,3,0.0,355.26,113.46
2446,ORD001411,PROD0106,1,0.0,110.4,47.37
2447,ORD001411,PROD0031,3,0.05,1010.27,261.74
2448,ORD001412,PROD0017,3,0.0,172.59,72.99
2449,ORD001412,PROD0123,4,0.0,924.72,319.92
2450,ORD001412,PROD0021,5,0.05,5640.34,1389.74
2451,ORD001413,PROD0102,3,0.0,858.21,358.89
2452,ORD001414,PROD0115,5,0.1,358.92,151.77
2453,ORD001415,PROD0012,1,0.0,851.9,345.99
2454,ORD001415,PROD0100,2,0.15,212.58,82.8
2455,ORD001416,PROD0050,5,0.15,376.76,126.46
2456,ORD001417,PROD0131,5,0.0,528.4,232.35
2457,ORD001417,PROD0029,2,0.05,468.27,220.97
2458,ORD001418,PROD0107,5,0.15,240.42,38.72
2459,ORD001419,PROD0146,4,0.0,214.0,56.0
2460,ORD001419,PROD0072,4,0.15,254.73,54.53
2461,ORD001419,PROD0127,5,0.0,366.6,128.2
2462,ORD001420,PROD0029,1,0.0,246.46,122.81
2463,ORD001421,PROD0133,1,0.0,234.47,109.5
2464,ORD001421,PROD0124,3,0.15,90.19,34.48
2465,ORD001422,PROD0048,1,0.15,98.87,12.11
2466,ORD001422,PROD0147,2,0.2,318.4,47.68
2467,ORD001423,PROD0125,5,0.15,792.84,244.49
2468,ORD001423,PROD0135,5,0.0,94.6,45.7
2469,ORD001424,PROD0037,1,0.05,852.87,363.61
2470,ORD001424,PROD0074,3,0.05,188.64,68.58
2471,ORD001425,PROD0128,2,0.0,163.92,43.38
2472,ORD001426,PROD0150,5,0.1,621.5,230.85
2473,ORD001427,PROD0141,1,0.0,91.79,32.44
2474,ORD001427,PROD0066,1,0.1,66.16,14.71
2475,ORD001428,PROD0015,1,0.0,273.62,88.13
2476,ORD001428,PROD0005,1,0.15,740.95,119.98
2477,ORD001429,PROD0095,1,0.15,85.86,28.6
2478,ORD001429,PROD0076,4,0.15,293.35,65.11
2479,ORD001430,PROD0030,1,0.0,1270.34,514.52
2480,ORD001431,PROD0123,4,0.0,924.72,319.92
2481,ORD001432,PROD0133,1,0.15,199.3,74.33
2482,ORD001432,PROD0008,1,0.1,172.48,65.54
2483,ORD001432,PROD0138,2,0.05,341.87,154.53
2484,ORD001432,PROD0052,4,0.05,1469.76,517.08
2485,ORD001433,PROD0062,1,0.0,35.5,14.16
2486,ORD001433,PROD0064,4,0.05,407.13,144.69
2487,ORD001434,PROD0030,2,0.0,2540.68,1029.04
2488,ORD001435,PROD0071,3,0.0,298.53,96.57
2489,ORD001435,PROD0088,3,0.0,128.25,32.07
2490,ORD001436,PROD0142,5,0.0,439.45,171.65
2491,ORD001437,PROD0046,5,0.05,2692.92,627.57
2492,ORD001437,PROD0050,1,0.15,75.35,25.29
2493,ORD001438,PROD0081,1,0.0,55.72,16.16
2494,ORD001439,PROD0145,3,0.05,122.75,35.27
2495,ORD001440,PROD0006,2,0.05,1008.92,277.3
2496,ORD001440,PROD0058,4,0.05,1297.74,512.18
2497,ORD001440,PROD0008,1,0.0,191.64,84.7
2498,ORD001440,PROD0034,5,0.0,1594.95,520.35
2499,ORD001441,PROD0009,2,0.0,1854.98,642.82
2500,ORD001441,PROD0130,3,0.15,215.35,85.21
2501,ORD001441,PROD0131,5,0.0,528.4,232.35
2502,ORD001442,PROD0028,3,0.0,2306.73,797.73
2503,ORD001442,PROD0007,5,0.05,5225.19,1786.49
2504,ORD001443,PROD0060,5,0.0,4212.7,1326.5
2505,ORD001443,PROD0062,1,0.0,35.5,14.16
2506,ORD001443,PROD0120,2,0.1,228.89,50.01
2507,ORD001444,PROD0095,5,0.0,505.05,218.75
2508,ORD001445,PROD0039,2,0.0,879.06,375.5
2509,ORD001445,PROD0018,2,0.05,376.66,169.76
2510,ORD001445,PROD0088,4,0.2,136.8,8.56
2511,ORD001446,PROD0039,3,0.0,1318.59,563.25
2512,ORD001446,PROD0079,4,0.0,253.24,114.28
2513,ORD001446,PROD0054,1,0.0,165.73,65.63
2514,ORD001447,PROD0063,1,0.15,68.38,19.46
2515,ORD001448,PROD0127,2,0.0,146.64,51.28
2516,ORD001449,PROD0005,3,0.0,2615.13,752.22
2517,ORD001449,PROD0145,3,0.15,109.83,22.35
2518,ORD001450,PROD0137,3,0.15,209.92,42.43
2519,ORD001450,PROD0078,3,0.1,277.07,75.47
2520,ORD001451,PROD0148,3,0.1,121.04,27.53
2521,ORD001451,PROD0060,5,0.0,4212.7,1326.5
2522,ORD001452,PROD0027,1,0.1,516.27,94.05
2523,ORD001452,PROD0035,5,0.0,3606.1,1509.25
2524,ORD001453,PROD0103,5,0.0,1123.3,432.9
2525,ORD001453,PROD0119,5,0.1,220.05,75.35
2526,ORD001454,PROD0080,4,0.0,262.4,98.72
2527,ORD001455,PROD0056,1,0.0,361.31,109.81
2528,ORD001456,PROD0116,2,0.1,297.79,95.53
2529,ORD001457,PROD0142,1,0.05,83.5,29.94
2530,ORD001457,PROD0145,3,0.0,129.21,41.73
2531,ORD001458,PROD0043,5,0.0,4461.85,1696.35
2532,ORD001458,PROD0140,3,0.05,385.21,161.86
2533,ORD001459,PROD0105,2,0.0,582.16,171.04
2534,ORD001460,PROD0063,1,0.2,64.36,15.44
2535,ORD001461,PROD0143,2,0.0,144.9,38.96
2536,ORD001461,PROD0062,5,0.15,150.88,44.18
2537,ORD001461,PROD0090,3,0.15,243.07,83.14
2538,ORD001462,PROD0069,4,0.0,302.68,105.08
2539,ORD001462,PROD0092,3,0.0,199.41,92.76
2540,ORD001462,PROD0025,4,0.0,1946.56,733.32
2541,ORD001462,PROD0018,2,0.0,396.48,189.58
2542,ORD001463,PROD0023,1,0.05,1294.42,279.94
2543,ORD001464,PROD0009,4,0.05,3524.46,1100.14
2544,ORD001464,PROD0094,1,0.05,177.76,76.32
2545,ORD001465,PROD0025,3,0.2,1167.94,258.01
2546,ORD001465,PROD0120,1,0.05,120.8,31.36
2547,ORD001465,PROD0108,3,0.05,93.65,28.94
2548,ORD001465,PROD0029,1,0.05,234.14,110.49
2549,ORD001466,PROD0122,4,0.0,473.68,151.28
2550,ORD001467,PROD0113,5,0.0,172.5,59.25
2551,ORD001468,PROD0035,4,0.15,2452.15,774.67
2552,ORD001469,PROD0110,3,0.0,60.57,15.78
2553,ORD001470,PROD0138,4,0.15,611.76,237.08
2554,ORD001470,PROD0073,3,0.05,103.28,45.74
2555,ORD001471,PROD0120,2,0.15,216.17,37.29
2556,ORD001472,PROD0095,3,0.05,287.88,116.1
2557,ORD001472,PROD0017,5,0.1,258.88,92.88
2558,ORD001473,PROD0030,4,0.1,4573.22,1549.94
2559,ORD001473,PROD0070,1,0.05,45.86,11.52
2560,ORD001473,PROD0067,2,0.0,100.48,45.28
2561,ORD001474,PROD0086,1,0.2,80.45,20.95
2562,ORD001475,PROD0072,5,0.05,355.87,105.62
2563,ORD001475,PROD0032,4,0.05,728.16,283.48
2564,ORD001476,PROD0131,1,0.05,100.4,41.19
2565,ORD001476,PROD0012,5,0.05,4046.52,1516.97
2566,ORD001476,PROD0014,3,0.0,3621.54,1165.14
2567,ORD001477,PROD0079,2,0.0,126.62,57.14
2568,ORD001478,PROD0050,2,0.0,177.3,77.18
2569,ORD001478,PROD0032,1,0.05,182.04,70.87
2570,ORD001478,PROD0103,4,0.1,808.78,256.46
2571,ORD001478,PROD0049,4,0.0,3491.16,1456.16
2572,ORD001479,PROD0083,3,0.05,38.76,16.08
2573,ORD001479,PROD0078,5,0.0,513.1,177.1
2574,ORD001480,PROD0132,2,0.15,53.87,8.09
2575,ORD001481,PROD0105,5,0.05,1382.63,354.83
2576,ORD001481,PROD0088,5,0.0,213.75,53.45
2577,ORD001481,PROD0014,3,0.0,3621.54,1165.14
2578,ORD001482,PROD0019,5,0.2,3430.52,737.07
2579,ORD001483,PROD0070,2,0.15,82.06,13.38
2580,ORD001483,PROD0052,4,0.0,1547.12,594.44
2581,ORD001484,PROD0072,5,0.1,337.14,86.89
2582,ORD001485,PROD0093,1,0.1,220.97,63.22
2583,ORD001486,PROD0094,1,0.0,187.12,85.68
2584,ORD001487,PROD0039,4,0.0,1758.12,751.0
2585,ORD001487,PROD0082,4,0.05,72.54,33.78
2586,ORD001487,PROD0007,2,0.1,1980.07,604.59
2587,ORD001488,PROD0137,3,0.05,234.61,67.12
2588,ORD001488,PROD0069,5,0.0,378.35,131.35
2589,ORD001488,PROD0091,1,0.0,212.96,60.64
2590,ORD001489,PROD0062,4,0.05,134.9,49.54
2591,ORD001489,PROD0029,4,0.0,985.84,491.24
2592,ORD001489,PROD0046,4,0.1,2040.95,388.67
2593,ORD001490,PROD0128,5,0.15,348.33,46.98
2594,ORD001490,PROD0037,5,0.0,4488.8,2042.5
2595,ORD001491,PROD0074,3,0.05,188.64,68.58
2596,ORD001491,PROD0037,4,0.0,3591.04,1634.0
2597,ORD001492,PROD0056,5,0.0,1806.55,549.05
2598,ORD001492,PROD0116,1,0.0,165.44,64.31
2599,ORD001493,PROD0081,5,0.15,236.81,39.01
2600,ORD001494,PROD0008,4,0.0,766.56,338.8
2601,ORD001494,PROD0096,4,0.0,231.84,72.44
2602,ORD001494,PROD0028,2,0.2,1230.26,224.26
2603,ORD001495,PROD0045,2,0.0,1051.58,317.92
2604,ORD001495,PROD0084,3,0.05,273.26,88.76
2605,ORD001495,PROD0038,5,0.0,4307.3,1656.55
2606,ORD001496,PROD0112,3,0.0,609.84,266.76
2607,ORD001497,PROD0030,3,0.15,3239.37,971.91
2608,ORD001497,PROD0065,3,0.2,25.18,7.75
2609,ORD001497,PROD0104,1,0.15,219.33,38.99
2610,ORD001498,PROD0010,2,0.05,2764.37,1072.01
2611,ORD001499,PROD0060,5,0.15,3580.79,694.59
2612,ORD001500,PROD0109,2,0.0,109.58,31.3
2613,ORD001500,PROD0127,1,0.0,73.32,25.64
2614,ORD001501,PROD0113,4,0.1,124.2,33.6
2615,ORD001501,PROD0145,5,0.0,215.35,69.55
2616,ORD001501,PROD0013,4,0.0,3598.08,1457.16
2617,ORD001502,PROD0097,1,0.0,297.9,84.38
2618,ORD001502,PROD0108,4,0.0,131.44,45.16
2619,ORD001503,PROD0061,3,0.1,190.92,67.29
2620,ORD001504,PROD0119,1,0.1,44.01,15.07
2621,ORD001505,PROD0023,2,0.05,2588.84,559.88
2622,ORD001506,PROD0136,5,0.05,115.71,52.96
2623,ORD001506,PROD0098,1,0.1,80.92,19.97
2624,ORD001507,PROD0052,4,0.0,1547.12,594.44
2625,ORD001507,PROD0047,5,0.0,3096.15,1273.3
2626,ORD001507,PROD0041,5,0.05,922.12,363.32
2627,ORD001508,PROD0119,1,0.0,48.9,19.96
2628,ORD001509,PROD0026,2,0.05,1292.53,469.01
2629,ORD001509,PROD0040,3,0.0,2254.65,678.84
2630,ORD001509,PROD0086,4,0.1,362.02,124.02
2631,ORD001510,PROD0102,2,0.05,543.53,210.65
2632,ORD001511,PROD0101,2,0.0,328.74,141.5
2633,ORD001511,PROD0054,1,0.0,165.73,65.63
2634,ORD001512,PROD0018,1,0.0,198.24,94.79
2635,ORD001512,PROD0099,3,0.05,447.59,143.99
2636,ORD001513,PROD0070,3,0.0,144.81,41.79
2637,ORD001514,PROD0082,3,0.1,51.54,22.47
2638,ORD001515,PROD0124,4,0.1,127.33,53.05
2639,ORD001515,PROD0054,4,0.05,629.77,229.37
2640,ORD001516,PROD0001,2,0.0,2084.84,896.28
2641,ORD001517,PROD0078,3,0.0,307.86,106.26
2642,ORD001517,PROD0101,4,0.0,657.48,283.0
2643,ORD001518,PROD0116,4,0.2,529.41,124.89
2644,ORD001519,PROD0127,4,0.1,263.95,73.23
2645,ORD001520,PROD0054,4,0.05,629.77,229.37
2646,ORD001521,PROD0095,3,0.05,287.88,116.1
2647,ORD001522,PROD0095,1,0.05,95.96,38.7
2648,ORD001522,PROD0142,3,0.0,263.67,102.99
2649,ORD001523,PROD0086,4,0.0,402.24,164.24
2650,ORD001524,PROD0143,4,0.1,260.82,48.94
2651,ORD001525,PROD0119,3,0.0,146.7,59.88
2652,ORD001525,PROD0027,2,0.05,1089.9,245.46
2653,ORD001525,PROD0061,2,0.05,134.35,51.93
2654,ORD001526,PROD0055,5,0.05,3617.98,1018.58
2655,ORD001527,PROD0146,1,0.1,48.15,8.65
2656,ORD001527,PROD0023,1,0.1,1226.3,211.82
2657,ORD001528,PROD0097,5,0.0,1489.5,421.9
2658,ORD001529,PROD0069,5,0.0,378.35,131.35
2659,ORD001530,PROD0123,2,0.0,462.36,159.96
2660,ORD001530,PROD0126,2,0.15,341.53,115.73
2661,ORD001531,PROD0088,2,0.15,72.67,8.55
2662,ORD001532,PROD0055,5,0.0,3808.4,1209.0
2663,ORD001533,PROD0135,2,0.0,37.84,18.28
2664,ORD001534,PROD0002,2,0.0,2008.52,914.2
2665,ORD001534,PROD0009,1,0.1,834.74,228.66
2666,ORD001535,PROD0101,3,0.15,419.14,138.28
2667,ORD001536,PROD0127,4,0.0,293.28,102.56
2668,ORD001536,PROD0025,5,0.05,2311.54,794.99
2669,ORD001537,PROD0044,4,0.0,1981.68,534.84
2670,ORD001537,PROD0042,5,0.15,2832.58,508.98
2671,ORD001538,PROD0098,1,0.0,89.91,28.96
2672,ORD001539,PROD0079,5,0.0,316.55,142.85
2673,ORD001540,PROD0016,4,0.05,4265.5,1665.02
2674,ORD001541,PROD0045,5,0.05,2497.5,663.35
2675,ORD001541,PROD0051,4,0.0,2150.2,705.44
2676,ORD001541,PROD0034,4,0.1,1148.36,288.68
2677,ORD001542,PROD0118,1,0.0,153.76,68.08
2678,ORD001542,PROD0042,5,0.2,2665.96,342.36
2679,ORD001543,PROD0146,3,0.0,160.5,42.0
2680,ORD001544,PROD0135,2,0.1,34.06,14.5
2681,ORD001545,PROD0101,2,0.0,328.74,141.5
2682,ORD001546,PROD0039,1,0.0,439.53,187.75
2683,ORD001546,PROD0088,5,0.1,192.38,32.08
2684,ORD001547,PROD0144,2,0.0,317.78,154.52
2685,ORD001547,PROD0136,4,0.0,97.44,47.24
2686,ORD001547,PROD0028,3,0.1,2076.06,567.06
2687,ORD001548,PROD0139,5,0.05,758.91,304.06
2688,ORD001549,PROD0100,2,0.1,225.09,95.31
2689,ORD001550,PROD0119,3,0.2,117.36,30.54
2690,ORD001550,PROD0129,2,0.0,126.56,44.08
2691,ORD001551,PROD0122,1,0.15,100.66,20.06
2692,ORD001551,PROD0003,4,0.05,5487.69,1751.69
2693,ORD001552,PROD0025,2,0.05,924.62,318.0
2694,ORD001552,PROD0020,1,0.0,179.95,65.04
2695,ORD001553,PROD0026,1,0.15,578.24,166.48
2696,ORD001553,PROD0059,4,0.0,394.08,163.24
2697,ORD001553,PROD0118,5,0.0,768.8,340.4
2698,ORD001553,PROD0008,5,0.0,958.2,423.5
2699,ORD001554,PROD0034,3,0.1,861.27,216.51
2700,ORD001555,PROD0054,3,0.05,472.33,172.03
2701,ORD001556,PROD0063,2,0.0,160.9,63.06
2702,ORD001556,PROD0028,2,0.1,1384.04,378.04
2703,ORD001557,PROD0031,5,0.0,1772.4,524.85
2704,ORD001558,PROD0018,2,0.0,396.48,189.58
2705,ORD001558,PROD0078,4,0.0,410.48,141.68
2706,ORD001558,PROD0031,4,0.0,1417.92,419.88
2707,ORD001559,PROD0037,1,0.0,897.76,408.5
2708,ORD001559,PROD0150,2,0.0,276.22,119.96
2709,ORD001559,PROD0093,1,0.05,233.24,75.49
2710,ORD001559,PROD0062,3,0.0,106.5,42.48
2711,ORD001560,PROD0019,1,0.0,857.63,318.94
2712,ORD001560,PROD0068,5,0.15,356.06,95.36
2713,ORD001561,PROD0004,2,0.0,2793.74,1187.84
2714,ORD001562,PROD0054,5,0.1,745.78,245.28
2715,ORD001562,PROD0101,3,0.05,468.45,187.59
2716,ORD001562,PROD0099,4,0.15,533.97,129.17
2717,ORD001563,PROD0126,2,0.0,401.8,176.0
2718,ORD001563,PROD0049,2,0.0,1745.58,728.08
2719,ORD001564,PROD0063,5,0.0,402.25,157.65
2720,ORD001565,PROD0016,4,0.0,4490.0,1889.52
2721,ORD001565,PROD0084,5,0.05,455.43,147.93
2722,ORD001566,PROD0144,5,0.05,754.73,346.58
2723,ORD001566,PROD0148,4,0.0,179.32,54.64
2724,ORD001567,PROD0031,2,0.0,708.96,209.94
2725,ORD001568,PROD0090,2,0.0,190.64,84.02
2726,ORD001569,PROD0043,1,0.0,892.37,339.27
2727,ORD001570,PROD0060,4,0.0,3370.16,1061.2
2728,ORD001571,PROD0039,5,0.0,2197.65,938.75
2729,ORD001572,PROD0130,3,0.0,253.35,123.21
2730,ORD001572,PROD0129,5,0.0,316.4,110.2
2731,ORD001573,PROD0105,2,0.2,465.73,54.61
2732,ORD001573,PROD0042,3,0.1,1799.52,405.36
2733,ORD001574,PROD0009,4,0.05,3524.46,1100.14
2734,ORD001574,PROD0021,3,0.05,3384.2,833.84
2735,ORD001575,PROD0066,3,0.0,220.53,66.18
2736,ORD001576,PROD0126,3,0.1,542.43,203.73
2737,ORD001576,PROD0109,2,0.05,104.1,25.82
2738,ORD001576,PROD0086,2,0.0,201.12,82.12
2739,ORD001577,PROD0107,1,0.0,56.57,16.23
2740,ORD001577,PROD0112,3,0.05,579.35,236.27
2741,ORD001578,PROD0121,1,0.15,26.42,6.5
2742,ORD001579,PROD0081,1,0.05,52.93,13.37
2743,ORD001579,PROD0094,1,0.05,177.76,76.32
2744,ORD001580,PROD0037,3,0.0,2693.28,1225.5
2745,ORD001581,PROD0029,1,0.15,209.49,85.84
2746,ORD001581,PROD0110,4,0.2,64.61,4.89
2747,ORD001582,PROD0027,4,0.1,2065.07,376.19
2748,ORD001583,PROD0027,1,0.0,573.63,151.41
2749,ORD001583,PROD0093,1,0.05,233.24,75.49
2750,ORD001584,PROD0017,2,0.15,97.8,31.4
2751,ORD001584,PROD0105,2,0.0,582.16,171.04
2752,ORD001585,PROD0145,4,0.05,163.67,47.03
2753,ORD001586,PROD0110,5,0.0,100.95,26.3
2754,ORD001587,PROD0022,1,0.0,650.02,198.39
2755,ORD001587,PROD0089,3,0.15,123.27,21.15
2756,ORD001588,PROD0051,3,0.05,1532.02,448.45
2757,ORD001588,PROD0067,4,0.0,200.96,90.56
2758,ORD001588,PROD0128,1,0.0,81.96,21.69
2759,ORD001588,PROD0057,5,0.0,1828.05,869.4
2760,ORD001589,PROD0084,1,0.0,95.88,34.38
2761,ORD001590,PROD0123,2,0.05,439.24,136.84
2762,ORD001590,PROD0109,1,0.0,54.79,15.65
2763,ORD001591,PROD0053,4,0.05,2455.41,1065.69
2764,ORD001592,PROD0104,4,0.0,1032.12,310.76
2765,ORD001592,PROD0085,1,0.0,66.19,23.62
2766,ORD001593,PROD0130,1,0.1,76.01,32.63
2767,ORD001594,PROD0061,3,0.0,212.13,88.5
2768,ORD001595,PROD0013,3,0.1,2428.7,823.01
2769,ORD001595,PROD0119,2,0.1,88.02,30.14
2770,ORD001595,PROD0102,2,0.0,572.14,239.26
2771,ORD001596,PROD0064,3,0.0,321.42,124.59
2772,ORD001597,PROD0093,2,0.0,491.04,175.54
2773,ORD001598,PROD0055,3,0.05,2170.79,611.15
2774,ORD001598,PROD0084,3,0.0,287.64,103.14
2775,ORD001598,PROD0012,3,0.05,2427.91,910.18
2776,ORD001598,PROD0127,3,0.1,197.96,54.92
2777,ORD001599,PROD0115,2,0.0,159.52,76.66
2778,ORD001599,PROD0136,5,0.0,121.8,59.05
2779,ORD001599,PROD0135,5,0.05,89.87,40.97
2780,ORD001600,PROD0036,3,0.0,1137.93,303.81
2781,ORD001601,PROD0083,3,0.0,40.8,18.12
2782,ORD001601,PROD0041,2,0.0,388.26,164.74
2783,ORD001602,PROD0023,1,0.05,1294.42,279.94
2784,ORD001603,PROD0028,4,0.05,2921.86,909.86
2785,ORD001604,PROD0057,5,0.15,1553.84,595.19
2786,ORD001605,PROD0134,3,0.15,257.22,54.24
2787,ORD001606,PROD0145,3,0.0,129.21,41.73
2788,ORD001607,PROD0113,3,0.0,103.5,35.55
2789,ORD001608,PROD0149,1,0.0,196.29,96.7
2790,ORD001609,PROD0008,4,0.1,689.9,262.14
2791,ORD001609,PROD0105,4,0.1,1047.89,225.65
2792,ORD001610,PROD0003,3,0.0,4332.39,1530.39
2793,ORD001611,PROD0132,2,0.1,57.04,11.26
2794,ORD001612,PROD0094,4,0.0,748.48,342.72
2795,ORD001612,PROD0039,3,0.2,1054.87,299.53
2796,ORD001613,PROD0024,5,0.0,1479.5,598.95
2797,ORD001614,PROD0099,5,0.0,785.25,279.25
2798,ORD001614,PROD0115,5,0.1,358.92,151.77
2799,ORD001615,PROD0067,1,0.2,40.19,12.59
2800,ORD001616,PROD0073,3,0.0,108.72,51.18
2801,ORD001616,PROD0061,2,0.0,141.42,59.0
2802,ORD001617,PROD0057,2,0.0,731.22,347.76
2803,ORD001618,PROD0124,2,0.0,70.74,33.6
2804,ORD001619,PROD0112,5,0.1,914.76,342.96
2805,ORD001620,PROD0006,3,0.0,1593.03,495.6
2806,ORD001621,PROD0082,2,0.15,32.45,13.07
2807,ORD001622,PROD0015,2,0.1,492.52,121.54
2808,ORD001622,PROD0141,1,0.0,91.79,32.44
2809,ORD001622,PROD0018,3,0.1,535.25,224.9
2810,ORD001623,PROD0145,3,0.1,116.29,28.81
2811,ORD001623,PROD0121,4,0.05,118.1,38.42
2812,ORD001624,PROD0127,5,0.0,366.6,128.2
2813,ORD001625,PROD0124,2,0.0,70.74,33.6
2814,ORD001626,PROD0038,5,0.05,4091.93,1441.18
2815,ORD001626,PROD0046,4,0.15,1927.56,275.28
2816,ORD001626,PROD0146,2,0.0,107.0,28.0
2817,ORD001627,PROD0021,4,0.0,4749.76,1349.28
2818,ORD001628,PROD0093,2,0.0,491.04,175.54
2819,ORD001629,PROD0040,1,0.0,751.55,226.28
2820,ORD001629,PROD0134,4,0.0,403.48,132.84
2821,ORD001629,PROD0021,4,0.05,4512.27,1111.79
2822,ORD001630,PROD0010,1,0.0,1454.93,608.75
2823,ORD001631,PROD0053,4,0.1,2326.18,936.46
2824,ORD001631,PROD0149,1,0.0,196.29,96.7
2825,ORD001632,PROD0022,4,0.0,2600.08,793.56
2826,ORD001632,PROD0150,4,0.0,552.44,239.92
2827,ORD001633,PROD0021,1,0.05,1128.07,277.95
2828,ORD001634,PROD0148,3,0.1,121.04,27.53
2829,ORD001635,PROD0056,3,0.0,1083.93,329.43
2830,ORD001635,PROD0026,2,0.2,1088.45,264.93
2831,ORD001635,PROD0034,5,0.1,1435.46,360.86
2832,ORD001636,PROD0099,1,0.0,157.05,55.85
2833,ORD001637,PROD0062,2,0.05,67.45,24.77
2834,ORD001637,PROD0028,5,0.1,3460.09,945.09
2835,ORD001638,PROD0057,3,0.0,1096.83,521.64
2836,ORD001639,PROD0130,1,0.15,71.78,28.4
2837,ORD001640,PROD0070,3,0.05,137.57,34.55
2838,ORD001641,PROD0066,3,0.0,220.53,66.18
2839,ORD001642,PROD0063,3,0.0,241.35,94.59
2840,ORD001643,PROD0140,1,0.05,128.4,53.95
2841,ORD001644,PROD0117,5,0.0,1243.95,314.65
2842,ORD001645,PROD0140,4,0.15,459.54,161.74
2843,ORD001645,PROD0126,3,0.2,482.16,143.46
2844,ORD001646,PROD0140,5,0.05,642.01,269.76
2845,ORD001647,PROD0032,1,0.0,191.62,80.45
2846,ORD001648,PROD0112,1,0.0,203.28,88.92
2847,ORD001648,PROD0115,1,0.0,79.76,38.33
2848,ORD001649,PROD0121,4,0.0,124.32,44.64
2849,ORD001650,PROD0003,1,0.1,1299.72,365.72
2850,ORD001651,PROD0101,2,0.05,312.3,125.06
2851,ORD001652,PROD0047,5,0.15,2631.73,808.88
2852,ORD001652,PROD0138,2,0.05,341.87,154.53
2853,ORD001653,PROD0074,2,0.1,119.14,39.1
2854,ORD001653,PROD0105,4,0.0,1164.32,342.08
2855,ORD001654,PROD0084,5,0.05,455.43,147.93
2856,ORD001655,PROD0150,3,0.0,414.33,179.94
2857,ORD001655,PROD0056,4,0.0,1445.24,439.24
2858,ORD001655,PROD0134,4,0.05,383.31,112.67
2859,ORD001656,PROD0006,3,0.0,1593.03,495.6
2860,ORD001657,PROD0047,2,0.0,1238.46,509.32
2861,ORD001657,PROD0045,3,0.1,1419.63,319.14
2862,ORD001658,PROD0111,4,0.05,1014.6,400.0
2863,ORD001659,PROD0145,5,0.0,215.35,69.55
2864,ORD001660,PROD0036,4,0.0,1517.24,405.08
2865,ORD001661,PROD0032,5,0.05,910.19,354.34
2866,ORD001662,PROD0006,1,0.05,504.46,138.65
2867,ORD001663,PROD0017,4,0.05,218.61,85.81
2868,ORD001664,PROD0055,5,0.0,3808.4,1209.0
2869,ORD001665,PROD0031,4,0.0,1417.92,419.88
2870,ORD001666,PROD0148,3,0.05,127.77,34.26
2871,ORD001667,PROD0101,3,0.05,468.45,187.59
2872,ORD001667,PROD0052,4,0.2,1237.7,285.02
2873,ORD001668,PROD0094,4,0.05,711.06,305.3
2874,ORD001668,PROD0048,1,0.0,116.32,29.56
2875,ORD001669,PROD0128,5,0.0,409.8,108.45
2876,ORD001669,PROD0116,2,0.1,297.79,95.53
2877,ORD001669,PROD0103,4,0.05,853.71,301.39
2878,ORD001669,PROD0024,3,0.1,798.93,270.6
2879,ORD001670,PROD0039,3,0.1,1186.73,431.39
2880,ORD001670,PROD0102,1,0.05,271.77,105.33
2881,ORD001671,PROD0060,3,0.05,2401.24,669.52
2882,ORD001671,PROD0096,5,0.0,289.8,90.55
2883,ORD001672,PROD0125,4,0.0,746.2,307.52
2884,ORD001673,PROD0029,2,0.0,492.92,245.62
2885,ORD001674,PROD0050,4,0.05,336.87,136.63
2886,ORD001674,PROD0019,1,0.0,857.63,318.94
2887,ORD001674,PROD0114,4,0.2,448.58,155.42
2888,ORD001675,PROD0097,5,0.0,1489.5,421.9
2889,ORD001675,PROD0072,5,0.05,355.87,105.62
2890,ORD001676,PROD0035,4,0.15,2452.15,774.67
2891,ORD001676,PROD0065,3,0.05,29.9,12.47
2892,ORD001677,PROD0061,1,0.2,56.57,15.36
2893,ORD001677,PROD0049,1,0.1,785.51,276.76
2894,ORD001678,PROD0058,5,0.05,1622.17,640.22
2895,ORD001678,PROD0090,2,0.15,162.04,55.42
2896,ORD001679,PROD0121,2,0.0,62.16,22.32
2897,ORD001680,PROD0043,3,0.0,2677.11,1017.81
2898,ORD001680,PROD0088,1,0.15,36.34,4.28
2899,ORD001680,PROD0134,2,0.05,191.65,56.33
2900,ORD001681,PROD0047,4,0.2,1981.54,523.26
2901,ORD001681,PROD0042,2,0.2,1066.38,136.94
2902,ORD001682,PROD0058,5,0.1,1536.8,554.85
2903,ORD001683,PROD0088,2,0.0,85.5,21.38
2904,ORD001683,PROD0082,1,0.0,19.09,9.4
2905,ORD001683,PROD0111,1,0.05,253.65,100.0
2906,ORD001684,PROD0116,4,0.15,562.5,157.98
2907,ORD001684,PROD0134,1,0.1,90.78,23.12
2908,ORD001685,PROD0010,5,0.0,7274.65,3043.75
2909,ORD001685,PROD0031,5,0.05,1683.78,436.23
2910,ORD001685,PROD0083,5,0.1,61.2,23.4
2911,ORD001686,PROD0116,1,0.0,165.44,64.31
2912,ORD001686,PROD0047,4,0.1,2229.23,770.95
2913,ORD001686,PROD0049,1,0.0,872.79,364.04
2914,ORD001687,PROD0049,4,0.0,3491.16,1456.16
2915,ORD001687,PROD0150,1,0.0,138.11,59.98
2916,ORD001688,PROD0085,5,0.1,297.86,85.01
2917,ORD001688,PROD0096,1,0.1,52.16,12.31
2918,ORD001689,PROD0135,2,0.15,32.16,12.6
2919,ORD001689,PROD0020,4,0.0,719.8,260.16
2920,ORD001690,PROD0129,1,0.0,63.28,22.04
2921,ORD001690,PROD0145,4,0.1,155.05,38.41
2922,ORD001691,PROD0010,4,0.0,5819.72,2435.0
2923,ORD001692,PROD0150,3,0.05,393.61,159.22
2924,ORD001693,PROD0099,3,0.0,471.15,167.55
2925,ORD001694,PROD0104,3,0.0,774.09,233.07
2926,ORD001694,PROD0086,2,0.05,191.06,72.06
2927,ORD001695,PROD0089,3,0.0,145.02,42.9
2928,ORD001695,PROD0100,2,0.0,250.1,120.32
2929,ORD001696,PROD0083,2,0.0,27.2,12.08
2930,ORD001697,PROD0015,5,0.0,1368.1,440.65
2931,ORD001698,PROD0008,5,0.0,958.2,423.5
2932,ORD001698,PROD0016,5,0.15,4770.62,1520.02
2933,ORD001699,PROD0008,5,0.15,814.47,279.77
2934,ORD001699,PROD0037,3,0.05,2558.62,1090.84
2935,ORD001700,PROD0111,2,0.15,453.9,146.6
2936,ORD001700,PROD0030,4,0.0,5081.36,2058.08
2937,ORD001700,PROD0041,4,0.0,776.52,329.48
2938,ORD001701,PROD0133,3,0.0,703.41,328.5
2939,ORD001702,PROD0046,1,0.05,538.58,125.51
2940,ORD001702,PROD0125,3,0.0,559.65,230.64
2941,ORD001703,PROD0148,1,0.1,40.35,9.18
2942,ORD001703,PROD0115,5,0.15,338.98,131.83
2943,ORD001704,PROD0134,1,0.0,100.87,33.21
2944,ORD001705,PROD0149,1,0.0,196.29,96.7
2945,ORD001706,PROD0139,5,0.15,679.02,224.17
2946,ORD001706,PROD0064,1,0.0,107.14,41.53
2947,ORD001706,PROD0114,5,0.0,700.9,334.45
2948,ORD001707,PROD0097,2,0.0,595.8,168.76
2949,ORD001707,PROD0040,4,0.0,3006.2,905.12
2950,ORD001708,PROD0021,3,0.0,3562.32,1011.96
2951,ORD001709,PROD0137,1,0.15,69.97,14.14
2952,ORD001709,PROD0049,2,0.05,1658.3,640.8
2953,ORD001709,PROD0111,1,0.0,267.0,113.35
2954,ORD001710,PROD0141,4,0.0,367.16,129.76
2955,ORD001710,PROD0126,5,0.15,853.82,289.32
2956,ORD001711,PROD0020,1,0.0,179.95,65.04
2957,ORD001711,PROD0121,1,0.0,31.08,11.16
2958,ORD001712,PROD0010,5,0.0,7274.65,3043.75
2959,ORD001713,PROD0086,5,0.0,502.8,205.3
2960,ORD001713,PROD0109,1,0.1,49.31,10.17
2961,ORD001714,PROD0102,5,0.1,1287.32,455.12
2962,ORD001714,PROD0030,5,0.1,5716.53,1937.43
2963,ORD001715,PROD0131,4,0.05,401.58,164.74
2964,ORD001716,PROD0025,5,0.0,2433.2,916.65
2965,ORD001717,PROD0150,3,0.15,352.18,117.79
2966,ORD001717,PROD0149,2,0.0,392.58,193.4
2967,ORD001718,PROD0137,4,0.0,329.28,105.96
2968,ORD001718,PROD0134,2,0.0,201.74,66.42
2969,ORD001719,PROD0120,4,0.0,508.64,150.88
2970,ORD001719,PROD0031,2,0.0,708.96,209.94
2971,ORD001719,PROD0043,4,0.05,3391.01,1178.61
2972,ORD001719,PROD0094,1,0.15,159.05,57.61
2973,ORD001720,PROD0027,5,0.1,2581.34,470.24
2974,ORD001720,PROD0066,2,0.1,132.32,29.42
2975,ORD001721,PROD0065,5,0.0,52.45,23.4
2976,ORD001722,PROD0105,3,0.15,742.25,125.57
2977,ORD001723,PROD0094,3,0.0,561.36,257.04
2978,ORD001723,PROD0145,4,0.1,155.05,38.41
2979,ORD001724,PROD0128,2,0.0,163.92,43.38
2980,ORD001724,PROD0147,5,0.2,796.0,119.2
2981,ORD001725,PROD0045,3,0.0,1577.37,476.88
2982,ORD001725,PROD0055,3,0.0,2285.04,725.4
2983,ORD001726,PROD0028,2,0.0,1537.82,531.82
2984,ORD001727,PROD0049,3,0.0,2618.37,1092.12
2985,ORD001727,PROD0046,4,0.05,2154.33,502.05
2986,ORD001727,PROD0094,4,0.0,748.48,342.72
2987,ORD001728,PROD0065,4,0.0,41.96,18.72
2988,ORD001729,PROD0005,3,0.0,2615.13,752.22
2989,ORD001729,PROD0030,2,0.0,2540.68,1029.04
2990,ORD001729,PROD0142,3,0.0,263.67,102.99
2991,ORD001729,PROD0012,3,0.0,2555.7,1037.97
2992,ORD001730,PROD0078,5,0.05,487.44,151.44
2993,ORD001731,PROD0091,5,0.0,1064.8,303.2
2994,ORD001732,PROD0124,2,0.0,70.74,33.6
2995,ORD001733,PROD0123,4,0.2,739.78,134.98
2996,ORD001733,PROD0133,1,0.1,211.02,86.05
2997,ORD001734,PROD0104,4,0.0,1032.12,310.76
2998,ORD001734,PROD0059,5,0.05,467.97,179.42
2999,ORD001734,PROD0042,1,0.0,666.49,201.77
3000,ORD001734,PROD0102,3,0.0,858.21,358.89
3001,ORD001735,PROD0116,1,0.0,165.44,64.31
3002,ORD001735,PROD0104,1,0.0,258.03,77.69
3003,ORD001735,PROD0089,4,0.1,174.02,37.86
3004,ORD001736,PROD0014,5,0.0,6035.9,1941.9
3005,ORD001736,PROD0001,1,0.0,1042.42,448.14
3006,ORD001737,PROD0103,3,0.05,640.28,226.04
3007,ORD001737,PROD0047,3,0.05,1764.81,671.1
3008,ORD001738,PROD0101,3,0.2,394.49,113.63
3009,ORD001738,PROD0068,3,0.15,213.64,57.22
3010,ORD001739,PROD0147,2,0.0,398.0,127.28
3011,ORD001739,PROD0126,2,0.0,401.8,176.0
3012,ORD001739,PROD0069,3,0.0,227.01,78.81
3013,ORD001740,PROD0039,5,0.1,1977.88,718.98
3014,ORD001741,PROD0063,4,0.0,321.8,126.12
3015,ORD001742,PROD0022,5,0.0,3250.1,991.95
3016,ORD001742,PROD0087,5,0.0,350.5,88.5
3017,ORD001743,PROD0040,5,0.15,3194.09,567.74
3018,ORD001743,PROD0121,3,0.1,83.92,24.16
3019,ORD001743,PROD0105,4,0.0,1164.32,342.08
3020,ORD001743,PROD0136,3,0.05,69.43,31.78
3021,ORD001744,PROD0069,5,0.1,340.52,93.52
3022,ORD001744,PROD0038,5,0.0,4307.3,1656.55
3023,ORD001745,PROD0091,5,0.15,905.08,143.48
3024,ORD001745,PROD0018,5,0.05,941.64,424.39
3025,ORD001745,PROD0069,2,0.1,136.21,37.41
3026,ORD001746,PROD0075,3,0.0,156.63,71.04
3027,ORD001747,PROD0090,2,0.05,181.11,74.49
3028,ORD001747,PROD0069,1,0.0,75.67,26.27
3029,ORD001747,PROD0110,5,0.0,100.95,26.3
3030,ORD001747,PROD0101,5,0.1,739.67,271.57
3031,ORD001748,PROD0132,1,0.0,31.69,8.8
3032,ORD001748,PROD0025,3,0.0,1459.92,549.99
3033,ORD001748,PROD0110,4,0.0,80.76,21.04
3034,ORD001749,PROD0140,3,0.15,344.66,121.31
3035,ORD001750,PROD0045,5,0.0,2628.95,794.8
3036,ORD001750,PROD0111,2,0.1,480.6,173.3
3037,ORD001751,PROD0141,5,0.0,458.95,162.2
3038,ORD001752,PROD0091,2,0.0,425.92,121.28
3039,ORD001753,PROD0080,1,0.1,59.04,18.12
3040,ORD001753,PROD0078,5,0.0,513.1,177.1
3041,ORD001753,PROD0125,1,0.0,186.55,76.88
3042,ORD001754,PROD0057,2,0.0,731.22,347.76
3043,ORD001755,PROD0082,2,0.15,32.45,13.07
3044,ORD001755,PROD0004,2,0.1,2514.37,908.47
3045,ORD001755,PROD0044,1,0.0,495.42,133.71
3046,ORD001755,PROD0001,4,0.0,4169.68,1792.56
3047,ORD001756,PROD0134,2,0.0,201.74,66.42
3048,ORD001757,PROD0008,2,0.1,344.95,131.07
3049,ORD001758,PROD0135,2,0.05,35.95,16.39
3050,ORD001759,PROD0115,2,0.1,143.57,60.71
3051,ORD001759,PROD0016,1,0.15,954.12,304.0
3052,ORD001760,PROD0118,3,0.0,461.28,204.24
3053,ORD001761,PROD0087,5,0.0,350.5,88.5
3054,ORD001762,PROD0056,4,0.0,1445.24,439.24
3055,ORD001763,PROD0117,1,0.0,248.79,62.93
3056,ORD001764,PROD0100,4,0.15,425.17,165.61
3057,ORD001764,PROD0136,3,0.0,73.08,35.43
3058,ORD001764,PROD0002,1,0.05,954.05,406.89
3059,ORD001765,PROD0025,1,0.2,389.31,86.0
3060,ORD001765,PROD0095,3,0.1,272.73,100.95
3061,ORD001765,PROD0144,3,0.0,476.67,231.78
3062,ORD001766,PROD0128,1,0.0,81.96,21.69
3063,ORD001767,PROD0054,1,0.0,165.73,65.63
3064,ORD001767,PROD0150,2,0.15,234.79,78.53
3065,ORD001768,PROD0009,4,0.1,3338.96,914.64
3066,ORD001769,PROD0078,5,0.2,410.48,74.48
3067,ORD001770,PROD0150,2,0.0,276.22,119.96
3068,ORD001770,PROD0045,1,0.1,473.21,106.38
3069,ORD001770,PROD0072,1,0.0,74.92,24.87
3070,ORD001771,PROD0041,3,0.05,553.27,217.99
3071,ORD001771,PROD0101,1,0.1,147.93,54.31
3072,ORD001772,PROD0071,1,0.1,89.56,22.24
3073,ORD001772,PROD0127,2,0.15,124.64,29.28
3074,ORD001772,PROD0147,1,0.05,189.05,53.69
3075,ORD001773,PROD0100,2,0.0,250.1,120.32
3076,ORD001773,PROD0001,1,0.0,1042.42,448.14
3077,ORD001774,PROD0040,1,0.0,751.55,226.28
3078,ORD001775,PROD0006,5,0.0,2655.05,826.0
3079,ORD001775,PROD0052,5,0.1,1740.51,549.66
3080,ORD001775,PROD0058,1,0.0,341.51,145.12
3081,ORD001775,PROD0089,4,0.15,164.36,28.2
3082,ORD001776,PROD0040,5,0.0,3757.75,1131.4
3083,ORD001777,PROD0128,4,0.0,327.84,86.76
3084,ORD001777,PROD0104,5,0.0,1290.15,388.45
3085,ORD001778,PROD0048,2,0.0,232.64,59.12
3086,ORD001779,PROD0117,4,0.0,995.16,251.72
3087,ORD001780,PROD0073,3,0.0,108.72,51.18
3088,ORD001781,PROD0015,4,0.05,1039.76,297.8
3089,ORD001782,PROD0037,3,0.1,2423.95,956.17
3090,ORD001782,PROD0128,2,0.0,163.92,43.38
3091,ORD001783,PROD0053,1,0.1,581.54,234.11
3092,ORD001784,PROD0027,2,0.2,917.81,73.37
3093,ORD001784,PROD0048,1,0.0,116.32,29.56
3094,ORD001785,PROD0103,2,0.0,449.32,173.16
3095,ORD001785,PROD0126,1,0.05,190.85,77.95
3096,ORD001786,PROD0069,5,0.0,378.35,131.35
3097,ORD001787,PROD0021,3,0.05,3384.2,833.84
3098,ORD001788,PROD0036,5,0.15,1612.07,221.87
3099,ORD001789,PROD0063,3,0.0,241.35,94.59
3100,ORD001789,PROD0009,4,0.1,3338.96,914.64
3101,ORD001789,PROD0119,4,0.05,185.82,70.06
3102,ORD001790,PROD0136,5,0.0,121.8,59.05
3103,ORD001791,PROD0084,1,0.2,76.7,15.2
3104,ORD001792,PROD0095,4,0.1,363.64,134.6
3105,ORD001793,PROD0080,2,0.15,111.52,29.68
3106,ORD001793,PROD0059,3,0.0,295.56,122.43
3107,ORD001794,PROD0022,5,0.0,3250.1,991.95
3108,ORD001794,PROD0001,5,0.0,5212.1,2240.7
3109,ORD001794,PROD0134,2,0.1,181.57,46.25
3110,ORD001795,PROD0037,5,0.05,4264.36,1818.06
3111,ORD001795,PROD0131,2,0.05,200.79,82.37
3112,ORD001796,PROD0068,5,0.0,418.9,158.2
3113,ORD001797,PROD0144,5,0.0,794.45,386.3
3114,ORD001797,PROD0145,2,0.0,86.14,27.82
3115,ORD001797,PROD0051,2,0.05,1021.34,298.96
3116,ORD001798,PROD0021,2,0.05,2256.14,555.9
3117,ORD001799,PROD0140,2,0.0,270.32,121.42
3118,ORD001800,PROD0009,3,0.0,2782.47,964.23
3119,ORD001800,PROD0135,5,0.2,75.68,26.78
3120,ORD001800,PROD0144,4,0.0,635.56,309.04
3121,ORD001801,PROD0053,1,0.0,646.16,298.73
3122,ORD001801,PROD0109,5,0.05,260.25,64.55
3123,ORD001801,PROD0005,2,0.15,1481.91,239.97
3124,ORD001802,PROD0010,1,0.1,1309.44,463.26
3125,ORD001802,PROD0116,2,0.0,330.88,128.62
3126,ORD001802,PROD0117,2,0.1,447.82,76.1
3127,ORD001802,PROD0140,2,0.0,270.32,121.42
3128,ORD001803,PROD0087,5,0.0,350.5,88.5
3129,ORD001804,PROD0049,3,0.0,2618.37,1092.12
3130,ORD001805,PROD0082,5,0.15,81.13,32.68
3131,ORD001805,PROD0017,2,0.0,115.06,48.66
3132,ORD001806,PROD0074,3,0.0,198.57,78.51
3133,ORD001807,PROD0124,1,0.1,31.83,13.26
3134,ORD001808,PROD0142,4,0.0,351.56,137.32
3135,ORD001809,PROD0145,4,0.0,172.28,55.64
3136,ORD001809,PROD0116,3,0.15,421.87,118.48
3137,ORD001810,PROD0103,3,0.0,673.98,259.74
3138,ORD001811,PROD0067,4,0.1,180.86,70.46
3139,ORD001811,PROD0070,2,0.05,91.71,23.03
3140,ORD001812,PROD0021,5,0.15,5046.62,796.02
3141,ORD001812,PROD0057,2,0.15,621.54,238.08
3142,ORD001813,PROD0150,4,0.0,552.44,239.92
3143,ORD001813,PROD0141,1,0.15,78.02,18.67
3144,ORD001813,PROD0116,3,0.1,446.69,143.3
3145,ORD001814,PROD0107,5,0.0,282.85,81.15
3146,ORD001814,PROD0109,3,0.2,131.5,14.08
3147,ORD001814,PROD0102,1,0.0,286.07,119.63
3148,ORD001815,PROD0075,5,0.0,261.05,118.4
3149,ORD001816,PROD0026,1,0.2,544.22,132.46
3150,ORD001816,PROD0110,4,0.05,76.72,17.0
3151,ORD001817,PROD0123,5,0.15,982.52,226.52
3152,ORD001818,PROD0075,1,0.05,49.6,21.07
3153,ORD001819,PROD0061,5,0.0,353.55,147.5
3154,ORD001819,PROD0126,2,0.0,401.8,176.0
3155,ORD001819,PROD0040,5,0.0,3757.75,1131.4
3156,ORD001819,PROD0048,4,0.1,418.75,71.71
3157,ORD001820,PROD0014,4,0.15,4104.41,829.21
3158,ORD001820,PROD0026,5,0.15,2891.19,832.39
3159,ORD001821,PROD0033,4,0.05,1796.6,767.04
3160,ORD001822,PROD0126,1,0.05,190.85,77.95
3161,ORD001822,PROD0120,3,0.0,381.48,113.16
3162,ORD001823,PROD0148,4,0.1,161.39,36.71
3163,ORD001823,PROD0134,3,0.0,302.61,99.63
3164,ORD001823,PROD0115,3,0.0,239.28,114.99
3165,ORD001824,PROD0116,1,0.0,165.44,64.31
3166,ORD001825,PROD0143,2,0.0,144.9,38.96
3167,ORD001825,PROD0047,5,0.05,2941.34,1118.49
3168,ORD001826,PROD0076,2,0.1,155.3,41.18
3169,ORD001826,PROD0068,1,0.0,83.78,31.64
3170,ORD001827,PROD0140,2,0.0,270.32,121.42
3171,ORD001827,PROD0060,3,0.0,2527.62,795.9
3172,ORD001828,PROD0148,3,0.05,127.77,34.26
3173,ORD001828,PROD0115,2,0.1,143.57,60.71
3174,ORD001829,PROD0022,4,0.0,2600.08,793.56
3175,ORD001829,PROD0135,4,0.15,64.33,25.21
3176,ORD001829,PROD0124,2,0.2,56.59,19.45
3177,ORD001830,PROD0099,5,0.0,785.25,279.25
3178,ORD001831,PROD0121,3,0.1,83.92,24.16
3179,ORD001831,PROD0044,5,0.0,2477.1,668.55
3180,ORD001832,PROD0026,1,0.0,680.28,268.52
3181,ORD001833,PROD0145,4,0.15,146.44,29.8
3182,ORD001833,PROD0001,2,0.1,1876.36,687.8
3183,ORD001833,PROD0076,5,0.0,431.4,146.1
3184,ORD001834,PROD0043,3,0.05,2543.25,883.95
3185,ORD001835,PROD0130,2,0.0,168.9,82.14
3186,ORD001836,PROD0077,3,0.0,85.08,36.39
3187,ORD001836,PROD0018,2,0.1,356.83,149.93
3188,ORD001837,PROD0017,2,0.0,115.06,48.66
3189,ORD001838,PROD0093,3,0.0,736.56,263.31
3190,ORD001839,PROD0102,4,0.0,1144.28,478.52
3191,ORD001839,PROD0134,5,0.2,403.48,65.18
3192,ORD001840,PROD0080,5,0.05,311.6,107.0
3193,ORD001841,PROD0018,4,0.1,713.66,299.86
3194,ORD001841,PROD0104,3,0.1,696.68,155.66
3195,ORD001841,PROD0016,3,0.0,3367.5,1417.14
3196,ORD001842,PROD0075,2,0.0,104.42,47.36
3197,ORD001842,PROD0078,3,0.0,307.86,106.26
3198,ORD001842,PROD0039,2,0.0,879.06,375.5
3199,ORD001843,PROD0142,5,0.05,417.48,149.68
3200,ORD001843,PROD0090,1,0.2,76.26,22.95
3201,ORD001844,PROD0129,4,0.05,240.46,75.5
3202,ORD001844,PROD0053,1,0.1,581.54,234.11
3203,ORD001845,PROD0143,5,0.1,326.03,61.18
3204,ORD001845,PROD0144,2,0.0,317.78,154.52
3205,ORD001846,PROD0059,5,0.0,492.6,204.05
3206,ORD001847,PROD0143,2,0.0,144.9,38.96
3207,ORD001848,PROD0090,3,0.0,285.96,126.03
3208,ORD001848,PROD0148,2,0.0,89.66,27.32
3209,ORD001849,PROD0002,3,0.05,2862.14,1220.66
3210,ORD001849,PROD0111,1,0.1,240.3,86.65
3211,ORD001849,PROD0085,4,0.0,264.76,94.48
3212,ORD001849,PROD0134,2,0.2,161.39,26.07
3213,ORD001850,PROD0069,5,0.05,359.43,112.43
3214,ORD001851,PROD0137,5,0.15,349.86,70.71
3215,ORD001852,PROD0114,5,0.0,700.9,334.45
3216,ORD001852,PROD0055,1,0.2,609.34,89.46
3217,ORD001853,PROD0047,5,0.0,3096.15,1273.3
3218,ORD001853,PROD0144,1,0.05,150.95,69.32
3219,ORD001854,PROD0108,2,0.0,65.72,22.58
3220,ORD001854,PROD0088,5,0.1,192.38,32.08
3221,ORD001855,PROD0090,1,0.05,90.55,37.24
3222,ORD001855,PROD0068,4,0.1,301.61,93.05
3223,ORD001855,PROD0088,3,0.0,128.25,32.07
3224,ORD001856,PROD0057,4,0.1,1316.2,549.28
3225,ORD001856,PROD0107,4,0.05,214.97,53.61
3226,ORD001857,PROD0135,1,0.0,18.92,9.14
3227,ORD001858,PROD0034,3,0.0,956.97,312.21
3228,ORD001859,PROD0084,2,0.0,191.76,68.76
3229,ORD001860,PROD0037,4,0.1,3231.94,1274.9
3230,ORD001861,PROD0022,5,0.0,3250.1,991.95
3231,ORD001862,PROD0003,1,0.0,1444.13,510.13
3232,ORD001862,PROD0146,5,0.0,267.5,70.0
3233,ORD001863,PROD0034,5,0.05,1515.2,440.6
3234,ORD001864,PROD0039,2,0.05,835.11,331.55
3235,ORD001864,PROD0089,4,0.0,193.36,57.2
3236,ORD001864,PROD0138,2,0.2,287.89,100.55
3237,ORD001864,PROD0135,1,0.15,16.08,6.3
3238,ORD001865,PROD0050,5,0.0,443.25,192.95
3239,ORD001865,PROD0104,4,0.1,928.91,207.55
3240,ORD001866,PROD0100,2,0.1,225.09,95.31
3241,ORD001867,PROD0109,5,0.15,232.86,37.16
3242,ORD001867,PROD0024,1,0.1,266.31,90.2
3243,ORD001868,PROD0010,3,0.05,4146.55,1608.01
3244,ORD001869,PROD0040,1,0.0,751.55,226.28
3245,ORD001870,PROD0084,3,0.15,244.49,59.99
3246,ORD001870,PROD0007,5,0.1,4950.18,1511.48
3247,ORD001870,PROD0009,4,0.15,3153.47,729.15
3248,ORD001870,PROD0038,5,0.0,4307.3,1656.55
3249,ORD001871,PROD0111,4,0.0,1068.0,453.4
3250,ORD001872,PROD0078,4,0.1,369.43,100.63
3251,ORD001873,PROD0070,5,0.0,241.35,69.65
3252,ORD001873,PROD0026,5,0.0,3401.4,1342.6
3253,ORD001874,PROD0104,5,0.05,1225.64,323.94
3254,ORD001874,PROD0112,5,0.05,965.58,393.78
3255,ORD001874,PROD0094,5,0.05,888.82,381.62
3256,ORD001875,PROD0131,2,0.0,211.36,92.94
3257,ORD001876,PROD0099,4,0.0,628.2,223.4
3258,ORD001877,PROD0072,5,0.0,374.6,124.35
3259,ORD001878,PROD0117,3,0.1,671.73,114.15
3260,ORD001879,PROD0087,1,0.0,70.1,17.7
3261,ORD001879,PROD0072,1,0.0,74.92,24.87
3262,ORD001880,PROD0032,5,0.0,958.1,402.25
3263,ORD001880,PROD0043,3,0.1,2409.4,750.1
3264,ORD001880,PROD0084,5,0.0,479.4,171.9
3265,ORD001881,PROD0142,3,0.2,210.94,50.26
3266,ORD001882,PROD0080,4,0.1,236.16,72.48
3267,ORD001882,PROD0065,5,0.1,47.21,18.16
3268,ORD001882,PROD0135,5,0.0,94.6,45.7
3269,ORD001883,PROD0138,1,0.0,179.93,86.26
3270,ORD001883,PROD0040,2,0.15,1277.63,227.09
3271,ORD001883,PROD0083,3,0.0,40.8,18.12
3272,ORD001884,PROD0051,5,0.0,2687.75,881.8
3273,ORD001885,PROD0091,1,0.15,181.02,28.7
3274,ORD001886,PROD0025,3,0.2,1167.94,258.01
3275,ORD001887,PROD0065,3,0.15,26.75,9.32
3276,ORD001887,PROD0068,4,0.0,335.12,126.56
3277,ORD001887,PROD0141,2,0.05,174.4,55.7
3278,ORD001888,PROD0034,4,0.05,1212.16,352.48
3279,ORD001889,PROD0091,3,0.0,638.88,181.92
3280,ORD001889,PROD0109,3,0.0,164.37,46.95
3281,ORD001889,PROD0045,1,0.0,525.79,158.96
3282,ORD001890,PROD0017,2,0.1,103.55,37.15
3283,ORD001891,PROD0046,4,0.0,2267.72,615.44
3284,ORD001891,PROD0068,4,0.0,335.12,126.56
3285,ORD001892,PROD0107,1,0.0,56.57,16.23
3286,ORD001893,PROD0121,2,0.05,59.05,19.21
3287,ORD001894,PROD0022,4,0.0,2600.08,793.56
3288,ORD001894,PROD0011,3,0.0,3558.42,1378.41
3289,ORD001895,PROD0086,1,0.0,100.56,41.06
3290,ORD001896,PROD0028,1,0.05,730.46,227.46
3291,ORD001897,PROD0095,1,0.0,101.01,43.75
3292,ORD001898,PROD0093,4,0.0,982.08,351.08
3293,ORD001899,PROD0107,2,0.0,113.14,32.46
3294,ORD001899,PROD0123,3,0.0,693.54,239.94
3295,ORD001899,PROD0031,2,0.0,708.96,209.94
3296,ORD001900,PROD0059,5,0.1,443.34,154.79
3297,ORD001900,PROD0148,2,0.1,80.69,18.35
3298,ORD001901,PROD0073,1,0.15,30.8,11.62
3299,ORD001902,PROD0072,2,0.0,149.84,49.74
3300,ORD001902,PROD0024,2,0.15,503.03,150.81
3301,ORD001902,PROD0080,1,0.0,65.6,24.68
3302,ORD001902,PROD0120,2,0.15,216.17,37.29
3303,ORD001903,PROD0119,2,0.0,97.8,39.92
3304,ORD001904,PROD0121,4,0.0,124.32,44.64
3305,ORD001905,PROD0105,5,0.0,1455.4,427.6
3306,ORD001905,PROD0061,5,0.2,282.84,76.79
3307,ORD001906,PROD0150,4,0.05,524.82,212.3
3308,ORD001906,PROD0026,1,0.05,646.27,234.51
3309,ORD001907,PROD0002,3,0.0,3012.78,1371.3
3310,ORD001907,PROD0129,1,0.05,60.12,18.88
3311,ORD001907,PROD0112,1,0.0,203.28,88.92
3312,ORD001908,PROD0140,5,0.0,675.8,303.55
3313,ORD001908,PROD0119,2,0.1,88.02,30.14
3314,ORD001908,PROD0043,1,0.05,847.75,294.65
3315,ORD001909,PROD0014,4,0.15,4104.41,829.21
3316,ORD001909,PROD0052,4,0.0,1547.12,594.44
3317,ORD001910,PROD0006,2,0.05,1008.92,277.3
3318,ORD001911,PROD0131,4,0.0,422.72,185.88
3319,ORD001912,PROD0013,3,0.0,2698.56,1092.87
3320,ORD001913,PROD0002,4,0.2,3213.63,1024.99
3321,ORD001913,PROD0102,2,0.0,572.14,239.26
3322,ORD001914,PROD0059,2,0.0,197.04,81.62
3323,ORD001914,PROD0073,4,0.1,130.46,53.74
3324,ORD001914,PROD0048,5,0.15,494.36,60.56
3325,ORD001915,PROD0011,3,0.0,3558.42,1378.41
3326,ORD001916,PROD0044,4,0.1,1783.51,336.67
3327,ORD001916,PROD0029,4,0.2,788.67,294.07
3328,ORD001916,PROD0113,4,0.0,138.0,47.4
3329,ORD001917,PROD0011,5,0.0,5930.7,2297.35
3330,ORD001918,PROD0132,2,0.15,53.87,8.09
3331,ORD001919,PROD0001,3,0.15,2658.17,875.33
3332,ORD001919,PROD0092,5,0.15,282.5,104.75
3333,ORD001920,PROD0146,3,0.0,160.5,42.0
3334,ORD001921,PROD0025,4,0.0,1946.56,733.32
3335,ORD001922,PROD0012,5,0.0,4259.5,1729.95
3336,ORD001922,PROD0141,2,0.0,183.58,64.88
3337,ORD001923,PROD0102,4,0.15,972.64,306.88
3338,ORD001924,PROD0114,1,0.05,133.17,59.88
3339,ORD001924,PROD0081,4,0.05,211.74,53.5
3340,ORD001924,PROD0120,2,0.0,254.32,75.44
3341,ORD001925,PROD0060,2,0.05,1600.83,446.35
3342,ORD001925,PROD0043,5,0.1,4015.67,1250.17
3343,ORD001926,PROD0040,4,0.0,3006.2,905.12
3344,ORD001927,PROD0040,4,0.0,3006.2,905.12
3345,ORD001927,PROD0042,5,0.05,3165.83,842.23
3346,ORD001928,PROD0149,1,0.1,176.66,77.07
3347,ORD001929,PROD0046,1,0.0,566.93,153.86
3348,ORD001930,PROD0123,3,0.0,693.54,239.94
3349,ORD001930,PROD0090,2,0.2,152.51,45.89
3350,ORD001930,PROD0148,3,0.1,121.04,27.53
3351,ORD001931,PROD0001,5,0.15,4430.28,1458.88
3352,ORD001931,PROD0080,4,0.0,262.4,98.72
3353,ORD001931,PROD0018,2,0.0,396.48,189.58
3354,ORD001932,PROD0092,2,0.0,132.94,61.84
3355,ORD001932,PROD0055,1,0.05,723.6,203.72
3356,ORD001933,PROD0073,5,0.05,172.14,76.24
3357,ORD001934,PROD0112,2,0.2,325.25,96.53
3358,ORD001935,PROD0087,4,0.0,280.4,70.8
3359,ORD001936,PROD0012,4,0.0,3407.6,1383.96
3360,ORD001936,PROD0133,2,0.1,422.05,172.11
3361,ORD001936,PROD0058,5,0.05,1622.17,640.22
3362,ORD001937,PROD0126,5,0.05,954.27,389.77
3363,ORD001937,PROD0015,4,0.15,930.31,188.35
3364,ORD001937,PROD0133,4,0.15,797.2,297.32
3365,ORD001938,PROD0129,1,0.15,53.79,12.55
3366,ORD001938,PROD0059,1,0.0,98.52,40.81
3367,ORD001938,PROD0091,5,0.0,1064.8,303.2
3368,ORD001939,PROD0093,2,0.2,392.83,77.33
3369,ORD001940,PROD0025,1,0.0,486.64,183.33
3370,ORD001940,PROD0124,4,0.0,141.48,67.2
3371,ORD001941,PROD0066,2,0.0,147.02,44.12
3372,ORD001942,PROD0110,5,0.15,85.81,11.16
3373,ORD001942,PROD0148,1,0.0,44.83,13.66
3374,ORD001943,PROD0066,2,0.1,132.32,29.42
3375,ORD001944,PROD0098,3,0.0,269.73,86.88
3376,ORD001944,PROD0012,4,0.05,3237.22,1213.58
3377,ORD001944,PROD0058,3,0.05,973.3,384.13
3378,ORD001944,PROD0073,2,0.15,61.61,23.25
3379,ORD001945,PROD0146,5,0.0,267.5,70.0
3380,ORD001946,PROD0123,4,0.0,924.72,319.92
3381,ORD001946,PROD0045,3,0.05,1498.5,398.01
3382,ORD001946,PROD0130,3,0.0,253.35,123.21
3383,ORD001947,PROD0112,4,0.0,813.12,355.68
3384,ORD001947,PROD0009,3,0.0,2782.47,964.23
3385,ORD001947,PROD0038,3,0.1,2325.94,735.49
3386,ORD001947,PROD0149,5,0.0,981.45,483.5
3387,ORD001948,PROD0020,4,0.15,611.83,152.19
3388,ORD001949,PROD0107,3,0.15,144.25,23.23
3389,ORD001949,PROD0018,1,0.0,198.24,94.79
3390,ORD001950,PROD0074,2,0.0,132.38,52.34
3391,ORD001950,PROD0073,3,0.0,108.72,51.18
3392,ORD001951,PROD0039,1,0.15,373.6,121.82
3393,ORD001952,PROD0023,3,0.15,3474.5,431.06
3394,ORD001953,PROD0131,4,0.05,401.58,164.74
3395,ORD001954,PROD0001,5,0.0,5212.1,2240.7
3396,ORD001954,PROD0015,2,0.0,547.24,176.26
3397,ORD001955,PROD0021,1,0.1,1068.7,218.58
3398,ORD001956,PROD0040,2,0.0,1503.1,452.56
3399,ORD001957,PROD0071,5,0.0,497.55,160.95
3400,ORD001958,PROD0135,4,0.05,71.9,32.78
3401,ORD001958,PROD0041,2,0.0,388.26,164.74
3402,ORD001959,PROD0076,1,0.0,86.28,29.22
3403,ORD001959,PROD0012,5,0.0,4259.5,1729.95
3404,ORD001960,PROD0068,2,0.15,142.43,38.15
3405,ORD001961,PROD0083,1,0.1,12.24,4.68
3406,ORD001962,PROD0071,3,0.1,268.68,66.72
3407,ORD001963,PROD0067,5,0.0,251.2,113.2
3408,ORD001964,PROD0031,2,0.0,708.96,209.94
3409,ORD001964,PROD0087,3,0.1,189.27,32.07
3410,ORD001965,PROD0095,3,0.0,303.03,131.25
3411,ORD001965,PROD0139,2,0.0,319.54,137.6
3412,ORD001966,PROD0021,1,0.05,1128.07,277.95
3413,ORD001967,PROD0017,4,0.0,230.12,97.32
3414,ORD001968,PROD0149,5,0.1,883.3,385.35
3415,ORD001969,PROD0070,5,0.05,229.28,57.58
3416,ORD001969,PROD0146,1,0.05,50.82,11.32
3417,ORD001970,PROD0025,3,0.1,1313.93,404.0
3418,ORD001971,PROD0025,4,0.0,1946.56,733.32
3419,ORD001972,PROD0029,5,0.0,1232.3,614.05
3420,ORD001973,PROD0142,4,0.0,351.56,137.32
3421,ORD001974,PROD0073,4,0.0,144.96,68.24
3422,ORD001974,PROD0090,4,0.0,381.28,168.04
3423,ORD001974,PROD0118,2,0.1,276.77,105.41
3424,ORD001975,PROD0051,2,0.1,967.59,245.21
3425,ORD001975,PROD0097,4,0.2,953.28,99.2
3426,ORD001975,PROD0026,2,0.0,1360.56,537.04
3427,ORD001976,PROD0015,2,0.0,547.24,176.26
3428,ORD001976,PROD0057,2,0.0,731.22,347.76
3429,ORD001977,PROD0098,3,0.0,269.73,86.88
3430,ORD001978,PROD0086,3,0.1,271.51,93.01
3431,ORD001979,PROD0010,2,0.0,2909.86,1217.5
3432,ORD001980,PROD0094,2,0.0,374.24,171.36
3433,ORD001981,PROD0144,1,0.0,158.89,77.26
3434,ORD001982,PROD0015,3,0.0,820.86,264.39
3435,ORD001983,PROD0023,2,0.0,2725.1,696.14
3436,ORD001984,PROD0127,2,0.0,146.64,51.28
3437,ORD001985,PROD0007,5,0.0,5500.2,2061.5
3438,ORD001985,PROD0089,2,0.05,91.85,23.77
3439,ORD001986,PROD0069,2,0.0,151.34,52.54
3440,ORD001987,PROD0068,4,0.0,335.12,126.56
3441,ORD001988,PROD0088,2,0.15,72.67,8.55
3442,ORD001988,PROD0021,3,0.05,3384.2,833.84
3443,ORD001988,PROD0064,4,0.1,385.7,123.26
3444,ORD001989,PROD0030,3,0.05,3620.47,1353.01
3445,ORD001989,PROD0071,2,0.2,159.22,24.58
3446,ORD001990,PROD0080,2,0.1,118.08,36.24
3447,ORD001990,PROD0112,5,0.0,1016.4,444.6
3448,ORD001991,PROD0092,4,0.15,226.0,83.8
3449,ORD001992,PROD0124,4,0.1,127.33,53.05
3450,ORD001992,PROD0031,5,0.0,1772.4,524.85
3451,ORD001992,PROD0089,5,0.0,241.7,71.5
3452,ORD001993,PROD0042,3,0.0,1999.47,605.31
3453,ORD001993,PROD0066,4,0.1,264.64,58.84
3454,ORD001993,PROD0021,3,0.1,3206.09,655.73
3455,ORD001994,PROD0142,4,0.0,351.56,137.32
3456,ORD001994,PROD0005,1,0.0,871.71,250.74
3457,ORD001995,PROD0136,2,0.1,43.85,18.75
3458,ORD001996,PROD0082,3,0.05,54.41,25.34
3459,ORD001997,PROD0110,2,0.2,32.3,2.44
3460,ORD001997,PROD0019,5,0.05,4073.74,1380.29
3461,ORD001997,PROD0148,3,0.1,121.04,27.53
3462,ORD001998,PROD0044,5,0.0,2477.1,668.55
3463,ORD001999,PROD0128,1,0.0,81.96,21.69
3464,ORD002000,PROD0146,1,0.05,50.82,11.32
3465,ORD002001,PROD0054,4,0.1,596.63,196.23
3466,ORD002002,PROD0083,4,0.05,51.68,21.44
3467,ORD002003,PROD0038,1,0.15,732.24,202.09
3468,ORD002003,PROD0093,4,0.0,982.08,351.08
3469,ORD002004,PROD0045,2,0.05,999.0,265.34
3470,ORD002005,PROD0135,1,0.15,16.08,6.3
3471,ORD002006,PROD0008,3,0.1,517.43,196.61
3472,ORD002007,PROD0079,4,0.05,240.58,101.62
3473,ORD002008,PROD0002,1,0.05,954.05,406.89
3474,ORD002009,PROD0009,1,0.15,788.37,182.29
3475,ORD002009,PROD0114,1,0.1,126.16,52.87
3476,ORD002010,PROD0062,1,0.0,35.5,14.16
3477,ORD002011,PROD0026,2,0.0,1360.56,537.04
3478,ORD002012,PROD0042,1,0.0,666.49,201.77
3479,ORD002013,PROD0038,5,0.0,4307.3,1656.55
3480,ORD002014,PROD0109,2,0.05,104.1,25.82
3481,ORD002014,PROD0033,1,0.1,425.51,168.12
3482,ORD002015,PROD0100,3,0.0,375.15,180.48
3483,ORD002016,PROD0102,1,0.0,286.07,119.63
3484,ORD002016,PROD0041,2,0.0,388.26,164.74
3485,ORD002017,PROD0148,2,0.2,71.73,9.39
3486,ORD002017,PROD0109,2,0.05,104.1,25.82
3487,ORD002018,PROD0074,4,0.0,264.76,104.68
3488,ORD002018,PROD0057,3,0.0,1096.83,521.64
3489,ORD002019,PROD0081,5,0.0,278.6,80.8
3490,ORD002019,PROD0141,2,0.05,174.4,55.7
3491,ORD002020,PROD0066,1,0.0,73.51,22.06
3492,ORD002020,PROD0107,1,0.05,53.74,13.4
3493,ORD002021,PROD0121,2,0.0,62.16,22.32
3494,ORD002021,PROD0096,2,0.05,110.12,30.42
3495,ORD002021,PROD0045,5,0.0,2628.95,794.8
3496,ORD002022,PROD0053,2,0.1,1163.09,468.23
3497,ORD002022,PROD0099,5,0.0,785.25,279.25
3498,ORD002023,PROD0074,4,0.0,264.76,104.68
3499,ORD002023,PROD0043,3,0.0,2677.11,1017.81
3500,ORD002023,PROD0081,4,0.05,211.74,53.5
3501,ORD002024,PROD0063,4,0.0,321.8,126.12
3502,ORD002024,PROD0140,1,0.0,135.16,60.71
3503,ORD002025,PROD0057,2,0.0,731.22,347.76
3504,ORD002025,PROD0087,5,0.1,315.45,53.45
3505,ORD002026,PROD0092,2,0.15,113.0,41.9
3506,ORD002026,PROD0136,3,0.0,73.08,35.43
3507,ORD002027,PROD0134,5,0.15,428.7,90.4
3508,ORD002027,PROD0119,3,0.0,146.7,59.88
3509,ORD002028,PROD0122,2,0.15,201.31,40.11
3510,ORD002029,PROD0054,4,0.1,596.63,196.23
3511,ORD002029,PROD0043,4,0.2,2855.58,643.18
3512,ORD002029,PROD0022,5,0.1,2925.09,666.94
3513,ORD002030,PROD0063,5,0.0,402.25,157.65
3514,ORD002031,PROD0138,2,0.0,359.86,172.52
3515,ORD002031,PROD0045,1,0.15,446.92,80.09
3516,ORD002031,PROD0009,1,0.05,881.12,275.04
3517,ORD002032,PROD0056,1,0.0,361.31,109.81
3518,ORD002032,PROD0084,4,0.1,345.17,99.17
3519,ORD002032,PROD0058,2,0.0,683.02,290.24
3520,ORD002033,PROD0066,4,0.1,264.64,58.84
3521,ORD002033,PROD0004,3,0.0,4190.61,1781.76
3522,ORD002034,PROD0123,1,0.15,196.5,45.3
3523,ORD002035,PROD0121,2,0.0,62.16,22.32
3524,ORD002036,PROD0086,1,0.15,85.48,25.98
3525,ORD002036,PROD0144,4,0.0,635.56,309.04
3526,ORD002036,PROD0136,1,0.0,24.36,11.81
3527,ORD002036,PROD0058,2,0.0,683.02,290.24
3528,ORD002037,PROD0060,3,0.0,2527.62,795.9
3529,ORD002037,PROD0009,5,0.0,4637.45,1607.05
3530,ORD002038,PROD0047,1,0.0,619.23,254.66
3531,ORD002039,PROD0141,4,0.1,330.44,93.04
3532,ORD002040,PROD0032,5,0.15,814.38,258.53
3533,ORD002040,PROD0107,1,0.2,45.26,4.92
3534,ORD002040,PROD0039,3,0.1,1186.73,431.39
3535,ORD002040,PROD0027,4,0.0,2294.52,605.64
3536,ORD002041,PROD0068,2,0.0,167.56,63.28
3537,ORD002041,PROD0088,4,0.1,153.9,25.66
3538,ORD002042,PROD0068,5,0.1,377.01,116.31
3539,ORD002043,PROD0038,4,0.1,3101.26,980.66
3540,ORD002043,PROD0146,1,0.0,53.5,14.0
3541,ORD002043,PROD0008,1,0.05,182.06,75.12
3542,ORD002043,PROD0097,4,0.1,1072.44,218.36
3543,ORD002044,PROD0034,3,0.1,861.27,216.51
3544,ORD002045,PROD0036,3,0.0,1137.93,303.81
3545,ORD002046,PROD0119,3,0.1,132.03,45.21
3546,ORD002047,PROD0016,4,0.05,4265.5,1665.02
3547,ORD002047,PROD0124,4,0.0,141.48,67.2
3548,ORD002048,PROD0057,2,0.0,731.22,347.76
3549,ORD002048,PROD0072,3,0.05,213.52,63.37
3550,ORD002049,PROD0046,2,0.15,963.78,137.64
3551,ORD002049,PROD0049,3,0.05,2487.45,961.2
3552,ORD002050,PROD0027,5,0.0,2868.15,757.05
3553,ORD002050,PROD0125,2,0.15,317.13,97.79
3554,ORD002051,PROD0015,2,0.1,492.52,121.54
3555,ORD002051,PROD0009,4,0.0,3709.96,1285.64
3556,ORD002051,PROD0022,4,0.15,2210.07,403.55
3557,ORD002051,PROD0017,5,0.05,273.27,107.27
3558,ORD002052,PROD0097,3,0.15,759.64,119.08
3559,ORD002052,PROD0056,2,0.1,650.36,147.36
3560,ORD002053,PROD0111,4,0.0,1068.0,453.4
3561,ORD002053,PROD0106,3,0.05,314.64,125.55
3562,ORD002054,PROD0036,4,0.0,1517.24,405.08
3563,ORD002054,PROD0045,3,0.1,1419.63,319.14
3564,ORD002055,PROD0087,2,0.05,133.19,28.39
3565,ORD002055,PROD0111,4,0.0,1068.0,453.4
3566,ORD002055,PROD0131,2,0.1,190.22,71.8
3567,ORD002055,PROD0132,5,0.1,142.61,28.16
3568,ORD002056,PROD0054,3,0.0,497.19,196.89
3569,ORD002056,PROD0114,4,0.0,560.72,267.56
3570,ORD002056,PROD0013,2,0.05,1709.09,638.63
3571,ORD002057,PROD0139,1,0.0,159.77,68.8
3572,ORD002057,PROD0117,3,0.0,746.37,188.79
3573,ORD002057,PROD0112,2,0.1,365.9,137.18
3574,ORD002058,PROD0046,4,0.2,1814.18,161.9
3575,ORD002059,PROD0117,4,0.0,995.16,251.72
3576,ORD002060,PROD0111,3,0.0,801.0,340.05
3577,ORD002061,PROD0030,4,0.05,4827.29,1804.01
3578,ORD002061,PROD0058,5,0.0,1707.55,725.6
3579,ORD002062,PROD0040,3,0.0,2254.65,678.84
3580,ORD002063,PROD0038,4,0.1,3101.26,980.66
3581,ORD002064,PROD0083,5,0.05,64.6,26.8
3582,ORD002065,PROD0097,4,0.2,953.28,99.2
3583,ORD002065,PROD0043,4,0.0,3569.48,1357.08
3584,ORD002065,PROD0116,4,0.1,595.58,191.06
3585,ORD002065,PROD0144,1,0.0,158.89,77.26
3586,ORD002066,PROD0079,1,0.0,63.31,28.57
3587,ORD002067,PROD0068,4,0.0,335.12,126.56
3588,ORD002068,PROD0009,4,0.0,3709.96,1285.64
3589,ORD002068,PROD0140,4,0.0,540.64,242.84
3590,ORD002069,PROD0112,1,0.15,172.79,58.43
3591,ORD002069,PROD0062,4,0.0,142.0,56.64
3592,ORD002070,PROD0085,5,0.0,330.95,118.1
3593,ORD002071,PROD0136,1,0.0,24.36,11.81
3594,ORD002071,PROD0006,1,0.05,504.46,138.65
3595,ORD002072,PROD0075,3,0.15,133.14,47.55
3596,ORD002072,PROD0119,1,0.0,48.9,19.96
3597,ORD002072,PROD0010,3,0.0,4364.79,1826.25
3598,ORD002073,PROD0090,1,0.0,95.32,42.01
3599,ORD002073,PROD0126,4,0.0,803.6,352.0
3600,ORD002073,PROD0028,4,0.1,2768.08,756.08
3601,ORD002073,PROD0134,2,0.1,181.57,46.25
3602,ORD002074,PROD0148,3,0.15,114.32,20.81
3603,ORD002075,PROD0096,4,0.1,208.66,49.26
3604,ORD002076,PROD0078,2,0.0,205.24,70.84
3605,ORD002077,PROD0105,5,0.0,1455.4,427.6
3606,ORD002077,PROD0095,4,0.0,404.04,175.0
3607,ORD002077,PROD0132,4,0.0,126.76,35.2
3608,ORD002078,PROD0136,5,0.0,121.8,59.05
3609,ORD002078,PROD0033,4,0.0,1891.16,861.6
3610,ORD002079,PROD0133,1,0.0,234.47,109.5
3611,ORD002079,PROD0067,3,0.15,128.11,45.31
3612,ORD002080,PROD0149,5,0.15,834.23,336.28
3613,ORD002081,PROD0117,1,0.0,248.79,62.93
3614,ORD002081,PROD0106,1,0.05,104.88,41.85
3615,ORD002081,PROD0136,2,0.0,48.72,23.62
3616,ORD002082,PROD0037,3,0.0,2693.28,1225.5
3617,ORD002083,PROD0028,5,0.0,3844.55,1329.55
3618,ORD002083,PROD0093,5,0.0,1227.6,438.85
3619,ORD002084,PROD0044,4,0.0,1981.68,534.84
3620,ORD002085,PROD0069,1,0.05,71.89,22.49
3621,ORD002085,PROD0146,3,0.05,152.47,33.97
3622,ORD002086,PROD0028,2,0.0,1537.82,531.82
3623,ORD002086,PROD0076,2,0.15,146.68,32.56
3624,ORD002086,PROD0080,2,0.0,131.2,49.36
3625,ORD002087,PROD0069,1,0.0,75.67,26.27
3626,ORD002088,PROD0143,1,0.0,72.45,19.48
3627,ORD002088,PROD0127,2,0.15,124.64,29.28
3628,ORD002089,PROD0021,4,0.05,4512.27,1111.79
3629,ORD002089,PROD0084,1,0.05,91.09,29.59
3630,ORD002090,PROD0110,3,0.15,51.48,6.69
3631,ORD002090,PROD0111,3,0.0,801.0,340.05
3632,ORD002091,PROD0053,3,0.1,1744.63,702.34
3633,ORD002092,PROD0030,3,0.0,3811.02,1543.56
3634,ORD002092,PROD0140,5,0.1,608.22,235.97
3635,ORD002093,PROD0139,4,0.05,607.13,243.25
3636,ORD002093,PROD0032,5,0.15,814.38,258.53
3637,ORD002093,PROD0084,2,0.0,191.76,68.76
3638,ORD002094,PROD0060,1,0.0,842.54,265.3
3639,ORD002095,PROD0044,1,0.1,445.88,84.17
3640,ORD002096,PROD0022,1,0.0,650.02,198.39
3641,ORD002096,PROD0147,4,0.0,796.0,254.56
3642,ORD002097,PROD0059,3,0.0,295.56,122.43
3643,ORD002097,PROD0129,5,0.05,300.58,94.38
3644,ORD002097,PROD0112,3,0.15,518.36,175.28
3645,ORD002097,PROD0044,4,0.05,1882.6,435.76
3646,ORD002098,PROD0028,5,0.05,3652.32,1137.32
3647,ORD002098,PROD0119,5,0.05,232.27,87.57
3648,ORD002098,PROD0118,5,0.0,768.8,340.4
3649,ORD002099,PROD0137,3,0.05,234.61,67.12
3650,ORD002099,PROD0072,5,0.05,355.87,105.62
3651,ORD002100,PROD0106,3,0.15,281.52,92.43
3652,ORD002101,PROD0033,3,0.15,1205.61,433.44
3653,ORD002102,PROD0058,3,0.0,1024.53,435.36
3654,ORD002103,PROD0046,3,0.0,1700.79,461.58
3655,ORD002103,PROD0108,4,0.05,124.87,38.59
3656,ORD002104,PROD0048,2,0.1,209.38,35.86
3657,ORD002104,PROD0096,3,0.0,173.88,54.33
3658,ORD002105,PROD0104,5,0.0,1290.15,388.45
3659,ORD002105,PROD0038,4,0.05,3273.55,1152.95
3660,ORD002106,PROD0021,3,0.05,3384.2,833.84
3661,ORD002106,PROD0034,2,0.05,606.08,176.24
3662,ORD002107,PROD0072,4,0.0,299.68,99.48
3663,ORD002108,PROD0055,5,0.0,3808.4,1209.0
3664,ORD002108,PROD0099,3,0.0,471.15,167.55
3665,ORD002109,PROD0055,4,0.1,2742.05,662.53
3666,ORD002110,PROD0041,2,0.1,349.43,125.91
3667,ORD002111,PROD0124,5,0.05,168.01,75.16
3668,ORD002112,PROD0122,2,0.0,236.84,75.64
3669,ORD002112,PROD0123,4,0.05,878.48,273.68
3670,ORD002113,PROD0049,4,0.0,3491.16,1456.16
3671,ORD002114,PROD0147,3,0.1,537.3,131.22
3672,ORD002115,PROD0041,1,0.0,194.13,82.37
3673,ORD002116,PROD0093,1,0.15,208.69,50.94
3674,ORD002117,PROD0034,5,0.0,1594.95,520.35
3675,ORD002118,PROD0110,3,0.0,60.57,15.78
3676,ORD002118,PROD0041,2,0.0,388.26,164.74
3677,ORD002118,PROD0081,5,0.05,264.67,66.87
3678,ORD002118,PROD0075,3,0.15,133.14,47.55
3679,ORD002119,PROD0060,1,0.05,800.41,223.17
3680,ORD002120,PROD0016,4,0.0,4490.0,1889.52
3681,ORD002121,PROD0040,1,0.05,713.97,188.7
3682,ORD002121,PROD0140,5,0.2,540.64,168.39
3683,ORD002121,PROD0044,3,0.1,1337.63,252.5
3684,ORD002121,PROD0132,1,0.0,31.69,8.8
3685,ORD002122,PROD0011,4,0.05,4507.33,1600.65
3686,ORD002123,PROD0024,3,0.0,887.7,359.37
3687,ORD002123,PROD0083,2,0.05,25.84,10.72
3688,ORD002123,PROD0027,4,0.05,2179.79,490.91
3689,ORD002124,PROD0033,2,0.0,945.58,430.8
3690,ORD002125,PROD0036,4,0.0,1517.24,405.08
3691,ORD002126,PROD0016,5,0.1,5051.25,1800.65
3692,ORD002127,PROD0147,2,0.15,338.3,67.58
3693,ORD002127,PROD0035,4,0.0,2884.88,1207.4
3694,ORD002128,PROD0053,1,0.0,646.16,298.73
3695,ORD002129,PROD0102,5,0.0,1430.35,598.15
3696,ORD002129,PROD0110,2,0.1,36.34,6.48
3697,ORD002129,PROD0115,5,0.1,358.92,151.77
3698,ORD002130,PROD0100,4,0.0,500.2,240.64
3699,ORD002131,PROD0143,2,0.1,130.41,24.47
3700,ORD002132,PROD0064,4,0.2,342.85,80.41
3701,ORD002133,PROD0034,1,0.0,318.99,104.07
3702,ORD002133,PROD0037,1,0.0,897.76,408.5
3703,ORD002134,PROD0042,4,0.0,2665.96,807.08
3704,ORD002135,PROD0079,4,0.0,253.24,114.28
3705,ORD002136,PROD0068,3,0.0,251.34,94.92
3706,ORD002137,PROD0089,5,0.05,229.62,59.42
3707,ORD002137,PROD0001,2,0.1,1876.36,687.8
3708,ORD002137,PROD0046,4,0.0,2267.72,615.44
3709,ORD002138,PROD0011,2,0.0,2372.28,918.94
3710,ORD002139,PROD0133,1,0.05,222.75,97.78
3711,ORD002140,PROD0115,2,0.15,135.59,52.73
3712,ORD002141,PROD0027,2,0.0,1147.26,302.82
3713,ORD002141,PROD0137,2,0.05,156.41,44.75
3714,ORD002141,PROD0130,2,0.15,143.56,56.8
3715,ORD002142,PROD0006,2,0.0,1062.02,330.4
3716,ORD002142,PROD0086,4,0.15,341.9,103.9
3717,ORD002143,PROD0024,2,0.05,562.21,209.99
3718,ORD002144,PROD0098,3,0.1,242.76,59.91
3719,ORD002144,PROD0027,2,0.05,1089.9,245.46
3720,ORD002145,PROD0117,3,0.1,671.73,114.15
3721,ORD002145,PROD0001,2,0.05,1980.6,792.04
3722,ORD002146,PROD0035,3,0.15,1839.11,581.0
3723,ORD002146,PROD0001,3,0.05,2970.9,1188.06
3724,ORD002147,PROD0112,1,0.0,203.28,88.92
3725,ORD002147,PROD0117,2,0.0,497.58,125.86
3726,ORD002148,PROD0012,5,0.1,3833.55,1304.0
3727,ORD002149,PROD0112,2,0.0,406.56,177.84
3728,ORD002150,PROD0059,2,0.05,187.19,71.77
3729,ORD002150,PROD0094,1,0.0,187.12,85.68
3730,ORD002151,PROD0149,4,0.05,745.9,347.54
3731,ORD002152,PROD0092,5,0.05,315.73,137.98
3732,ORD002152,PROD0002,4,0.15,3414.48,1225.84
3733,ORD002153,PROD0131,5,0.0,528.4,232.35
3734,ORD002153,PROD0041,5,0.05,922.12,363.32
3735,ORD002154,PROD0016,3,0.05,3199.12,1248.76
3736,ORD002155,PROD0064,4,0.0,428.56,166.12
3737,ORD002155,PROD0063,1,0.0,80.45,31.53
3738,ORD002156,PROD0127,3,0.0,219.96,76.92
3739,ORD002157,PROD0064,3,0.0,321.42,124.59
3740,ORD002158,PROD0078,1,0.0,102.62,35.42
3741,ORD002159,PROD0123,4,0.15,786.01,181.21
3742,ORD002159,PROD0121,2,0.05,59.05,19.21
3743,ORD002160,PROD0027,1,0.15,487.59,65.37
3744,ORD002161,PROD0044,4,0.0,1981.68,534.84
3745,ORD002162,PROD0142,4,0.0,351.56,137.32
3746,ORD002162,PROD0079,1,0.0,63.31,28.57
3747,ORD002162,PROD0078,2,0.15,174.45,40.05
3748,ORD002163,PROD0033,1,0.0,472.79,215.4
3749,ORD002164,PROD0035,4,0.0,2884.88,1207.4
3750,ORD002164,PROD0077,3,0.0,85.08,36.39
3751,ORD002164,PROD0138,5,0.05,854.67,386.32
3752,ORD002165,PROD0147,4,0.0,796.0,254.56
3753,ORD002165,PROD0043,3,0.0,2677.11,1017.81
3754,ORD002165,PROD0069,5,0.0,378.35,131.35
3755,ORD002165,PROD0059,1,0.0,98.52,40.81
3756,ORD002166,PROD0136,1,0.05,23.14,10.59
3757,ORD002167,PROD0131,4,0.0,422.72,185.88
3758,ORD002168,PROD0102,5,0.0,1430.35,598.15
3759,ORD002169,PROD0019,5,0.0,4288.15,1594.7
3760,ORD002169,PROD0044,4,0.1,1783.51,336.67
3761,ORD002169,PROD0001,4,0.1,3752.71,1375.59
3762,ORD002170,PROD0038,5,0.05,4091.93,1441.18
3763,ORD002170,PROD0034,2,0.15,542.28,112.44
3764,ORD002171,PROD0044,4,0.1,1783.51,336.67
3765,ORD002171,PROD0114,3,0.0,420.54,200.67
3766,ORD002172,PROD0071,5,0.0,497.55,160.95
3767,ORD002173,PROD0102,3,0.0,858.21,358.89
3768,ORD002174,PROD0127,2,0.0,146.64,51.28
3769,ORD002175,PROD0003,5,0.05,6859.62,2189.62
3770,ORD002176,PROD0134,1,0.0,100.87,33.21
3771,ORD002177,PROD0027,1,0.0,573.63,151.41
3772,ORD002177,PROD0104,2,0.15,438.65,77.97
3773,ORD002178,PROD0150,4,0.1,497.2,184.68
3774,ORD002179,PROD0146,3,0.15,136.42,17.92
3775,ORD002179,PROD0030,3,0.05,3620.47,1353.01
3776,ORD002180,PROD0060,3,0.05,2401.24,669.52
3777,ORD002180,PROD0055,3,0.05,2170.79,611.15
3778,ORD002180,PROD0028,5,0.05,3652.32,1137.32
3779,ORD002181,PROD0085,2,0.0,132.38,47.24
3780,ORD002181,PROD0018,1,0.0,198.24,94.79
3781,ORD002182,PROD0059,3,0.0,295.56,122.43
3782,ORD002182,PROD0094,4,0.0,748.48,342.72
3783,ORD002182,PROD0113,5,0.0,172.5,59.25
3784,ORD002183,PROD0132,2,0.05,60.21,14.43
3785,ORD002184,PROD0021,2,0.0,2374.88,674.64
3786,ORD002185,PROD0102,5,0.05,1358.83,526.63
3787,ORD002186,PROD0104,5,0.0,1290.15,388.45
3788,ORD002187,PROD0003,4,0.15,4910.04,1174.04
3789,ORD002188,PROD0149,1,0.0,196.29,96.7
3790,ORD002188,PROD0014,4,0.0,4828.72,1553.52
3791,ORD002189,PROD0109,3,0.0,164.37,46.95
3792,ORD002190,PROD0051,4,0.15,1827.67,382.91
3793,ORD002190,PROD0065,4,0.05,39.86,16.62
3794,ORD002190,PROD0102,4,0.0,1144.28,478.52
3795,ORD002191,PROD0004,2,0.0,2793.74,1187.84
3796,ORD002192,PROD0085,1,0.0,66.19,23.62
3797,ORD002192,PROD0038,1,0.1,775.31,245.16
3798,ORD002193,PROD0003,4,0.15,4910.04,1174.04
3799,ORD002193,PROD0047,2,0.2,990.77,261.63
3800,ORD002194,PROD0085,2,0.0,132.38,47.24
3801,ORD002195,PROD0125,3,0.05,531.67,202.66
3802,ORD002195,PROD0145,1,0.0,43.07,13.91
3803,ORD002196,PROD0133,1,0.2,187.58,62.61
3804,ORD002197,PROD0032,1,0.1,172.46,61.29
3805,ORD002198,PROD0082,4,0.1,68.72,29.96
3806,ORD002199,PROD0043,3,0.05,2543.25,883.95
3807,ORD002200,PROD0053,3,0.0,1938.48,896.19
3808,ORD002200,PROD0069,4,0.05,287.55,89.95
3809,ORD002200,PROD0011,3,0.0,3558.42,1378.41
3810,ORD002201,PROD0077,4,0.05,107.77,42.85
3811,ORD002201,PROD0079,3,0.0,189.93,85.71
3812,ORD002202,PROD0060,4,0.1,3033.14,724.18
3813,ORD002202,PROD0144,3,0.2,381.34,136.45
3814,ORD002203,PROD0085,4,0.0,264.76,94.48
3815,ORD002203,PROD0010,2,0.1,2618.87,926.51
3816,ORD002204,PROD0009,2,0.0,1854.98,642.82
3817,ORD002204,PROD0097,2,0.1,536.22,109.18
3818,ORD002205,PROD0086,1,0.0,100.56,41.06
3819,ORD002206,PROD0093,1,0.0,245.52,87.77
3820,ORD002207,PROD0061,2,0.1,127.28,44.86
3821,ORD002208,PROD0067,5,0.1,226.08,88.08
3822,ORD002209,PROD0090,4,0.05,362.22,148.98
3823,ORD002209,PROD0080,3,0.0,196.8,74.04
3824,ORD002210,PROD0055,1,0.1,685.51,165.63
3825,ORD002211,PROD0127,4,0.0,293.28,102.56
3826,ORD002212,PROD0048,3,0.0,348.96,88.68
3827,ORD002212,PROD0050,3,0.1,239.36,89.18
3828,ORD002213,PROD0048,5,0.15,494.36,60.56
3829,ORD002213,PROD0114,2,0.0,280.36,133.78
3830,ORD002214,PROD0074,4,0.0,264.76,104.68
3831,ORD002214,PROD0100,3,0.0,375.15,180.48
3832,ORD002214,PROD0069,2,0.0,151.34,52.54
3833,ORD002214,PROD0098,5,0.0,449.55,144.8
3834,ORD002215,PROD0003,2,0.0,2888.26,1020.26
3835,ORD002216,PROD0134,3,0.1,272.35,69.37
3836,ORD002216,PROD0091,3,0.0,638.88,181.92
3837,ORD002217,PROD0027,5,0.0,2868.15,757.05
3838,ORD002217,PROD0094,2,0.0,374.24,171.36
3839,ORD002218,PROD0121,5,0.0,155.4,55.8
3840,ORD002218,PROD0050,4,0.15,301.41,101.17
3841,ORD002219,PROD0092,5,0.0,332.35,154.6
3842,ORD002219,PROD0134,1,0.0,100.87,33.21
3843,ORD002220,PROD0115,5,0.2,319.04,111.89
3844,ORD002220,PROD0029,4,0.0,985.84,491.24
3845,ORD002221,PROD0148,1,0.0,44.83,13.66
3846,ORD002222,PROD0115,5,0.05,378.86,171.71
3847,ORD002222,PROD0010,3,0.1,3928.31,1389.77
3848,ORD002222,PROD0033,2,0.0,945.58,430.8
3849,ORD002223,PROD0081,1,0.1,50.15,10.59
3850,ORD002223,PROD0140,5,0.0,675.8,303.55
3851,ORD002224,PROD0041,1,0.0,194.13,82.37
3852,ORD002224,PROD0116,4,0.0,661.76,257.24
3853,ORD002225,PROD0019,1,0.1,771.87,233.18
3854,ORD002226,PROD0003,5,0.15,6137.55,1467.55
3855,ORD002226,PROD0129,1,0.05,60.12,18.88
3856,ORD002226,PROD0056,3,0.1,975.54,221.04
3857,ORD002227,PROD0135,5,0.0,94.6,45.7
3858,ORD002228,PROD0081,1,0.15,47.36,7.8
3859,ORD002229,PROD0048,3,0.0,348.96,88.68
3860,ORD002230,PROD0024,4,0.0,1183.6,479.16
3861,ORD002231,PROD0044,1,0.0,495.42,133.71
3862,ORD002231,PROD0009,3,0.0,2782.47,964.23
3863,ORD002231,PROD0076,3,0.05,245.9,74.72
3864,ORD002232,PROD0127,2,0.1,131.98,36.62
3865,ORD002232,PROD0131,3,0.0,317.04,139.41
3866,ORD002232,PROD0003,3,0.0,4332.39,1530.39
3867,ORD002233,PROD0022,1,0.0,650.02,198.39
3868,ORD002233,PROD0085,2,0.15,112.52,27.38
3869,ORD002234,PROD0134,2,0.0,201.74,66.42
3870,ORD002235,PROD0070,3,0.2,115.85,12.83
3871,ORD002235,PROD0009,1,0.1,834.74,228.66
3872,ORD002236,PROD0144,5,0.0,794.45,386.3
3873,ORD002236,PROD0092,1,0.0,66.47,30.92
3874,ORD002237,PROD0009,3,0.1,2504.22,685.98
3875,ORD002237,PROD0085,3,0.0,198.57,70.86
3876,ORD002238,PROD0112,3,0.1,548.86,205.78
3877,ORD002238,PROD0062,5,0.1,159.75,53.05
3878,ORD002239,PROD0056,1,0.0,361.31,109.81
3879,ORD002240,PROD0036,5,0.0,1896.55,506.35
3880,ORD002240,PROD0079,3,0.0,189.93,85.71
3881,ORD002241,PROD0135,4,0.0,75.68,36.56
3882,ORD002241,PROD0104,5,0.1,1161.13,259.43
3883,ORD002242,PROD0017,5,0.05,273.27,107.27
3884,ORD002243,PROD0072,1,0.2,59.94,9.89
3885,ORD002243,PROD0131,2,0.1,190.22,71.8
3886,ORD002244,PROD0076,5,0.1,388.26,102.96
3887,ORD002244,PROD0021,4,0.0,4749.76,1349.28
3888,ORD002245,PROD0037,1,0.0,897.76,408.5
3889,ORD002245,PROD0073,1,0.05,34.43,15.25
3890,ORD002245,PROD0049,1,0.2,698.23,189.48
3891,ORD002246,PROD0142,4,0.1,316.4,102.16
3892,ORD002246,PROD0120,1,0.2,101.73,12.29
3893,ORD002247,PROD0059,1,0.05,93.59,35.88
3894,ORD002248,PROD0002,2,0.0,2008.52,914.2
3895,ORD002249,PROD0037,3,0.0,2693.28,1225.5
3896,ORD002249,PROD0056,1,0.1,325.18,73.68
3897,ORD002250,PROD0033,5,0.1,2127.56,840.61
3898,ORD002251,PROD0039,1,0.15,373.6,121.82
3899,ORD002251,PROD0077,2,0.05,53.88,21.42
3900,ORD002251,PROD0060,4,0.2,2696.13,387.17
3901,ORD002252,PROD0038,1,0.2,689.17,159.02
3902,ORD002252,PROD0109,3,0.0,164.37,46.95
3903,ORD002252,PROD0027,3,0.1,1548.8,282.14
3904,ORD002253,PROD0112,3,0.0,609.84,266.76
3905,ORD002254,PROD0095,5,0.05,479.8,193.5
3906,ORD002254,PROD0136,1,0.0,24.36,11.81
3907,ORD002254,PROD0012,1,0.2,681.52,175.61
3908,ORD002255,PROD0069,1,0.0,75.67,26.27
3909,ORD002256,PROD0091,2,0.0,425.92,121.28
3910,ORD002256,PROD0102,3,0.1,772.39,273.07
3911,ORD002256,PROD0141,5,0.1,413.06,116.31
3912,ORD002257,PROD0022,5,0.15,2762.59,504.44
3913,ORD002258,PROD0103,5,0.05,1067.13,376.73
3914,ORD002258,PROD0147,1,0.15,169.15,33.79
3915,ORD002259,PROD0108,4,0.0,131.44,45.16
3916,ORD002260,PROD0139,2,0.0,319.54,137.6
3917,ORD002260,PROD0126,5,0.0,1004.5,440.0
3918,ORD002261,PROD0082,3,0.0,57.27,28.2
3919,ORD002262,PROD0073,5,0.15,154.02,58.12
3920,ORD002263,PROD0001,2,0.05,1980.6,792.04
3921,ORD002264,PROD0143,1,0.0,72.45,19.48
3922,ORD002264,PROD0111,2,0.0,534.0,226.7
3923,ORD002264,PROD0033,5,0.0,2363.95,1077.0
3924,ORD002265,PROD0071,3,0.05,283.6,81.64
3925,ORD002265,PROD0023,2,0.0,2725.1,696.14
3926,ORD002266,PROD0019,5,0.05,4073.74,1380.29
3927,ORD002267,PROD0136,3,0.0,73.08,35.43
3928,ORD002267,PROD0003,5,0.0,7220.65,2550.65
3929,ORD002268,PROD0031,5,0.15,1506.54,258.99
3930,ORD002269,PROD0089,5,0.0,241.7,71.5
3931,ORD002270,PROD0050,2,0.1,159.57,59.45
3932,ORD002271,PROD0134,5,0.0,504.35,166.05
3933,ORD002271,PROD0052,2,0.0,773.56,297.22
3934,ORD002272,PROD0041,1,0.1,174.72,62.96
3935,ORD002272,PROD0071,4,0.0,398.04,128.76
3936,ORD002272,PROD0149,2,0.0,392.58,193.4
3937,ORD002272,PROD0085,1,0.05,62.88,20.31
3938,ORD002273,PROD0008,1,0.0,191.64,84.7
3939,ORD002273,PROD0140,3,0.0,405.48,182.13
3940,ORD002274,PROD0130,1,0.15,71.78,28.4
3941,ORD002274,PROD0139,3,0.2,383.45,110.54
3942,ORD002275,PROD0055,3,0.0,2285.04,725.4
3943,ORD002275,PROD0147,2,0.15,338.3,67.58
3944,ORD002276,PROD0029,2,0.15,418.98,171.68
3945,ORD002277,PROD0067,4,0.0,200.96,90.56
3946,ORD002277,PROD0123,3,0.0,693.54,239.94
3947,ORD002278,PROD0026,2,0.0,1360.56,537.04
3948,ORD002279,PROD0067,4,0.05,190.91,80.51
3949,ORD002280,PROD0047,3,0.0,1857.69,763.98
3950,ORD002281,PROD0120,1,0.0,127.16,37.72
3951,ORD002282,PROD0078,4,0.0,410.48,141.68
3952,ORD002283,PROD0058,3,0.1,922.08,332.91
3953,ORD002284,PROD0130,4,0.0,337.8,164.28
3954,ORD002285,PROD0082,2,0.05,36.27,16.89
3955,ORD002286,PROD0122,5,0.05,562.5,159.5
3956,ORD002286,PROD0113,2,0.0,69.0,23.7
3957,ORD002286,PROD0042,3,0.05,1899.5,505.34
3958,ORD002286,PROD0082,1,0.0,19.09,9.4
3959,ORD002287,PROD0089,4,0.0,193.36,57.2
3960,ORD002287,PROD0076,5,0.2,345.12,59.82
3961,ORD002288,PROD0073,3,0.1,97.85,40.31
3962,ORD002288,PROD0018,5,0.15,842.52,325.27
3963,ORD002288,PROD0088,5,0.1,192.38,32.08
3964,ORD002289,PROD0029,4,0.2,788.67,294.07
3965,ORD002290,PROD0135,3,0.1,51.08,21.74
3966,ORD002290,PROD0131,5,0.0,528.4,232.35
3967,ORD002290,PROD0044,3,0.0,1486.26,401.13
3968,ORD002290,PROD0065,2,0.0,20.98,9.36
3969,ORD002291,PROD0029,4,0.0,985.84,491.24
3970,ORD002291,PROD0053,3,0.05,1841.56,799.27
3971,ORD002292,PROD0021,5,0.05,5640.34,1389.74
3972,ORD002292,PROD0070,3,0.0,144.81,41.79
3973,ORD002293,PROD0023,2,0.0,2725.1,696.14
3974,ORD002294,PROD0072,2,0.05,142.35,42.25
3975,ORD002295,PROD0050,5,0.0,443.25,192.95
3976,ORD002296,PROD0071,2,0.0,199.02,64.38
3977,ORD002296,PROD0022,1,0.0,650.02,198.39
3978,ORD002297,PROD0090,1,0.0,95.32,42.01
3979,ORD002297,PROD0089,5,0.0,241.7,71.5
3980,ORD002297,PROD0040,2,0.0,1503.1,452.56
3981,ORD002297,PROD0131,2,0.0,211.36,92.94
3982,ORD002298,PROD0061,5,0.0,353.55,147.5
3983,ORD002299,PROD0010,4,0.15,4946.76,1562.04
3984,ORD002299,PROD0123,1,0.0,231.18,79.98
3985,ORD002300,PROD0003,3,0.1,3899.15,1097.15
3986,ORD002301,PROD0076,2,0.0,172.56,58.44
3987,ORD002301,PROD0083,3,0.05,38.76,16.08
3988,ORD002302,PROD0125,1,0.15,158.57,48.9
3989,ORD002302,PROD0031,4,0.1,1276.13,278.09
3990,ORD002303,PROD0142,3,0.0,263.67,102.99
3991,ORD002304,PROD0043,5,0.0,4461.85,1696.35
3992,ORD002305,PROD0025,3,0.1,1313.93,404.0
3993,ORD002306,PROD0020,1,0.2,143.96,29.05
3994,ORD002307,PROD0005,2,0.0,1743.42,501.48
3995,ORD002307,PROD0022,2,0.0,1300.04,396.78
3996,ORD002308,PROD0043,2,0.0,1784.74,678.54
3997,ORD002309,PROD0091,4,0.0,851.84,242.56
3998,ORD002310,PROD0139,2,0.0,319.54,137.6
3999,ORD002311,PROD0147,4,0.0,796.0,254.56
4000,ORD002311,PROD0063,1,0.1,72.41,23.49
4001,ORD002312,PROD0007,2,0.0,2200.08,824.6
4002,ORD002313,PROD0075,4,0.0,208.84,94.72
4003,ORD002313,PROD0043,2,0.0,1784.74,678.54
4004,ORD002314,PROD0036,2,0.05,720.69,164.61
4005,ORD002315,PROD0117,5,0.15,1057.36,128.06
4006,ORD002315,PROD0046,5,0.15,2409.45,344.1
4007,ORD002316,PROD0101,5,0.2,657.48,189.38
4008,ORD002316,PROD0070,4,0.0,193.08,55.72
4009,ORD002316,PROD0075,5,0.05,248.0,105.35
4010,ORD002317,PROD0137,4,0.0,329.28,105.96
4011,ORD002317,PROD0097,4,0.0,1191.6,337.52
4012,ORD002317,PROD0068,3,0.05,238.77,82.35
4013,ORD002317,PROD0004,1,0.0,1396.87,593.92
4014,ORD002318,PROD0064,4,0.15,364.28,101.84
4015,ORD002318,PROD0017,5,0.0,287.65,121.65
4016,ORD002319,PROD0039,2,0.1,791.15,287.59
4017,ORD002319,PROD0143,5,0.15,307.91,43.06
4018,ORD002319,PROD0141,1,0.05,87.2,27.85
4019,ORD002320,PROD0128,2,0.0,163.92,43.38
4020,ORD002320,PROD0074,2,0.05,125.76,45.72
4021,ORD002321,PROD0106,1,0.05,104.88,41.85
4022,ORD002322,PROD0113,2,0.05,65.55,20.25
4023,ORD002322,PROD0126,1,0.0,200.9,88.0
4024,ORD002322,PROD0036,5,0.0,1896.55,506.35
4025,ORD002323,PROD0102,2,0.0,572.14,239.26
4026,ORD002323,PROD0017,4,0.15,195.6,62.8
4027,ORD002324,PROD0117,2,0.05,472.7,100.98
4028,ORD002324,PROD0066,1,0.05,69.83,18.38
4029,ORD002324,PROD0065,5,0.0,52.45,23.4
4030,ORD002325,PROD0002,1,0.1,903.83,356.67
4031,ORD002325,PROD0113,3,0.0,103.5,35.55
4032,ORD002326,PROD0077,3,0.0,85.08,36.39
4033,ORD002326,PROD0080,1,0.1,59.04,18.12
4034,ORD002326,PROD0116,1,0.15,140.62,39.49
4035,ORD002326,PROD0054,1,0.0,165.73,65.63
4036,ORD002327,PROD0033,5,0.0,2363.95,1077.0
4037,ORD002327,PROD0005,2,0.0,1743.42,501.48
4038,ORD002328,PROD0056,5,0.05,1716.22,458.72
4039,ORD002329,PROD0013,5,0.0,4497.6,1821.45
4040,ORD002329,PROD0087,2,0.2,112.16,7.36
4041,ORD002330,PROD0144,5,0.05,754.73,346.58
4042,ORD002330,PROD0027,3,0.0,1720.89,454.23
4043,ORD002331,PROD0064,5,0.05,508.92,180.87
4044,ORD002331,PROD0121,5,0.0,155.4,55.8
4045,ORD002331,PROD0024,4,0.05,1124.42,419.98
4046,ORD002332,PROD0018,3,0.05,564.98,254.63
4047,ORD002333,PROD0004,4,0.0,5587.48,2375.68
4048,ORD002334,PROD0108,5,0.0,164.3,56.45
4049,ORD002335,PROD0100,4,0.0,500.2,240.64
4050,ORD002335,PROD0079,3,0.0,189.93,85.71
4051,ORD002335,PROD0004,5,0.0,6984.35,2969.6
4052,ORD002336,PROD0024,1,0.0,295.9,119.79
4053,ORD002337,PROD0141,2,0.2,146.86,28.16
4054,ORD002338,PROD0003,3,0.1,3899.15,1097.15
4055,ORD002339,PROD0034,1,0.05,303.04,88.12
4056,ORD002340,PROD0150,4,0.0,552.44,239.92
4057,ORD002341,PROD0146,5,0.0,267.5,70.0
4058,ORD002341,PROD0053,3,0.1,1744.63,702.34
4059,ORD002341,PROD0101,1,0.1,147.93,54.31
4060,ORD002342,PROD0019,5,0.0,4288.15,1594.7
4061,ORD002342,PROD0051,1,0.0,537.55,176.36
4062,ORD002342,PROD0100,1,0.15,106.29,41.4
4063,ORD002342,PROD0008,4,0.0,766.56,338.8
4064,ORD002343,PROD0118,5,0.1,691.92,263.52
4065,ORD002343,PROD0082,3,0.05,54.41,25.34
4066,ORD002343,PROD0044,3,0.2,1189.01,103.88
4067,ORD002344,PROD0095,4,0.0,404.04,175.0
4068,ORD002344,PROD0074,2,0.05,125.76,45.72
4069,ORD002345,PROD0044,5,0.05,2353.24,544.69
4070,ORD002345,PROD0102,4,0.0,1144.28,478.52
4071,ORD002346,PROD0039,4,0.05,1670.21,663.09
4072,ORD002347,PROD0136,5,0.05,115.71,52.96
4073,ORD002348,PROD0016,3,0.0,3367.5,1417.14
4074,ORD002349,PROD0084,2,0.0,191.76,68.76
4075,ORD002350,PROD0096,2,0.0,115.92,36.22
4076,ORD002350,PROD0114,3,0.0,420.54,200.67
4077,ORD002351,PROD0140,3,0.15,344.66,121.31
4078,ORD002351,PROD0025,4,0.0,1946.56,733.32
4079,ORD002351,PROD0116,3,0.1,446.69,143.3
4080,ORD002352,PROD0011,4,0.1,4270.1,1363.42
4081,ORD002353,PROD0016,5,0.05,5331.88,2081.28
4082,ORD002354,PROD0096,1,0.05,55.06,15.21
4083,ORD002354,PROD0091,4,0.0,851.84,242.56
4084,ORD002354,PROD0009,4,0.1,3338.96,914.64
4085,ORD002354,PROD0013,3,0.05,2563.63,957.94
4086,ORD002355,PROD0068,1,0.1,75.4,23.26
4087,ORD002355,PROD0109,1,0.0,54.79,15.65
4088,ORD002356,PROD0030,2,0.1,2286.61,774.97
4089,ORD002356,PROD0069,3,0.0,227.01,78.81
4090,ORD002357,PROD0099,1,0.05,149.2,48.0
4091,ORD002358,PROD0057,1,0.2,292.49,100.76
4092,ORD002359,PROD0026,2,0.0,1360.56,537.04
4093,ORD002360,PROD0102,5,0.0,1430.35,598.15
4094,ORD002361,PROD0008,4,0.1,689.9,262.14
4095,ORD002361,PROD0127,2,0.1,131.98,36.62
4096,ORD002362,PROD0096,4,0.05,220.25,60.85
4097,ORD002362,PROD0047,1,0.05,588.27,223.7
4098,ORD002363,PROD0143,5,0.0,362.25,97.4
4099,ORD002364,PROD0093,2,0.0,491.04,175.54
4100,ORD002365,PROD0037,4,0.15,3052.38,1095.34
4101,ORD002366,PROD0101,5,0.1,739.67,271.57
4102,ORD002366,PROD0099,4,0.1,565.38,160.58
4103,ORD002366,PROD0070,3,0.2,115.85,12.83
4104,ORD002366,PROD0117,1,0.0,248.79,62.93
4105,ORD002367,PROD0128,5,0.1,368.82,67.47
4106,ORD002368,PROD0100,2,0.0,250.1,120.32
4107,ORD002369,PROD0044,5,0.0,2477.1,668.55
4108,ORD002369,PROD0086,4,0.0,402.24,164.24
4109,ORD002369,PROD0145,2,0.1,77.53,19.21
4110,ORD002370,PROD0075,4,0.0,208.84,94.72
4111,ORD002371,PROD0106,3,0.1,298.08,108.99
4112,ORD002372,PROD0021,4,0.15,4037.3,636.82
4113,ORD002372,PROD0080,5,0.05,311.6,107.0
4114,ORD002372,PROD0136,4,0.0,97.44,47.24
4115,ORD002372,PROD0016,3,0.0,3367.5,1417.14
4116,ORD002373,PROD0105,1,0.1,261.97,56.41
4117,ORD002374,PROD0096,5,0.0,289.8,90.55
4118,ORD002374,PROD0131,5,0.0,528.4,232.35
4119,ORD002375,PROD0023,3,0.1,3678.88,635.44
4120,ORD002375,PROD0055,5,0.0,3808.4,1209.0
4121,ORD002376,PROD0079,2,0.15,107.63,38.15
4122,ORD002377,PROD0069,1,0.0,75.67,26.27
4123,ORD002377,PROD0138,3,0.0,539.79,258.78
4124,ORD002378,PROD0089,1,0.05,45.92,11.88
4125,ORD002379,PROD0012,5,0.05,4046.52,1516.97
4126,ORD002380,PROD0011,3,0.05,3380.5,1200.49
4127,ORD002381,PROD0005,4,0.15,2963.81,479.93
4128,ORD002382,PROD0114,1,0.05,133.17,59.88
4129,ORD002382,PROD0113,1,0.0,34.5,11.85
4130,ORD002382,PROD0080,2,0.0,131.2,49.36
4131,ORD002382,PROD0033,1,0.15,401.87,144.48
4132,ORD002383,PROD0063,1,0.05,76.43,27.51
4133,ORD002383,PROD0024,2,0.0,591.8,239.58
4134,ORD002383,PROD0117,4,0.15,845.89,102.45
4135,ORD002384,PROD0046,1,0.0,566.93,153.86
4136,ORD002384,PROD0023,4,0.0,5450.2,1392.28
4137,ORD002384,PROD0008,2,0.0,383.28,169.4
4138,ORD002385,PROD0033,3,0.0,1418.37,646.2
4139,ORD002386,PROD0037,2,0.0,1795.52,817.0
4140,ORD002386,PROD0089,1,0.0,48.34,14.3
4141,ORD002387,PROD0087,5,0.05,332.97,70.97
4142,ORD002388,PROD0122,5,0.1,532.89,129.89
4143,ORD002389,PROD0134,1,0.0,100.87,33.21
4144,ORD002389,PROD0064,5,0.0,535.7,207.65
4145,ORD002389,PROD0092,5,0.2,265.88,88.13
4146,ORD002389,PROD0101,2,0.0,328.74,141.5
4147,ORD002390,PROD0058,5,0.1,1536.8,554.85
4148,ORD002390,PROD0097,5,0.0,1489.5,421.9
4149,ORD002390,PROD0014,1,0.0,1207.18,388.38
4150,ORD002391,PROD0111,1,0.0,267.0,113.35
4151,ORD002391,PROD0060,3,0.0,2527.62,795.9
4152,ORD002392,PROD0009,1,0.05,881.12,275.04
4153,ORD002392,PROD0127,5,0.05,348.27,109.87
4154,ORD002393,PROD0130,5,0.0,422.25,205.35
4155,ORD002394,PROD0123,3,0.05,658.86,205.26
4156,ORD002394,PROD0116,2,0.0,330.88,128.62
4157,ORD002394,PROD0134,5,0.1,453.92,115.62
4158,ORD002394,PROD0006,5,0.15,2256.79,427.74
4159,ORD002395,PROD0034,4,0.15,1084.57,224.89
4160,ORD002395,PROD0069,3,0.1,204.31,56.11
4161,ORD002396,PROD0097,4,0.0,1191.6,337.52
4162,ORD002396,PROD0100,5,0.0,625.25,300.8
4163,ORD002397,PROD0028,4,0.05,2921.86,909.86
4164,ORD002398,PROD0131,5,0.0,528.4,232.35
4165,ORD002399,PROD0040,3,0.05,2141.92,566.11
4166,ORD002399,PROD0014,2,0.2,1931.49,293.89
4167,ORD002400,PROD0110,2,0.0,40.38,10.52
4168,ORD002401,PROD0146,4,0.05,203.3,45.3
4169,ORD002401,PROD0111,1,0.0,267.0,113.35
4170,ORD002401,PROD0042,1,0.2,533.19,68.47
4171,ORD002401,PROD0008,4,0.0,766.56,338.8
4172,ORD002402,PROD0094,4,0.2,598.78,193.02
4173,ORD002403,PROD0061,2,0.0,141.42,59.0
4174,ORD002404,PROD0103,5,0.05,1067.13,376.73
4175,ORD002404,PROD0100,3,0.05,356.39,161.72
4176,ORD002405,PROD0030,2,0.15,2159.58,647.94
4177,ORD002406,PROD0107,5,0.1,254.57,52.87
4178,ORD002406,PROD0146,3,0.1,144.45,25.95
4179,ORD002407,PROD0077,1,0.2,22.69,6.46
4180,ORD002407,PROD0022,5,0.05,3087.59,829.44
4181,ORD002407,PROD0014,3,0.0,3621.54,1165.14
4182,ORD002407,PROD0060,2,0.0,1685.08,530.6
4183,ORD002408,PROD0050,2,0.0,177.3,77.18
4184,ORD002408,PROD0075,3,0.0,156.63,71.04
4185,ORD002409,PROD0031,3,0.0,1063.44,314.91
4186,ORD002409,PROD0132,1,0.15,26.94,4.05
4187,ORD002410,PROD0111,4,0.0,1068.0,453.4
4188,ORD002410,PROD0040,2,0.1,1352.79,302.25
4189,ORD002411,PROD0108,3,0.2,78.86,14.15
4190,ORD002412,PROD0136,2,0.1,43.85,18.75
4191,ORD002413,PROD0061,5,0.1,318.19,112.14
4192,ORD002414,PROD0085,1,0.15,56.26,13.69
4193,ORD002414,PROD0088,2,0.0,85.5,21.38
4194,ORD002415,PROD0129,5,0.0,316.4,110.2
4195,ORD002416,PROD0042,1,0.2,533.19,68.47
4196,ORD002416,PROD0012,1,0.1,766.71,260.8
4197,ORD002416,PROD0112,4,0.05,772.46,315.02
4198,ORD002417,PROD0111,5,0.0,1335.0,566.75
4199,ORD002417,PROD0062,1,0.0,35.5,14.16
4200,ORD002418,PROD0074,5,0.05,314.4,114.3
4201,ORD002418,PROD0112,1,0.0,203.28,88.92
4202,ORD002419,PROD0128,3,0.0,245.88,65.07
4203,ORD002419,PROD0107,4,0.1,203.65,42.29
4204,ORD002419,PROD0053,5,0.0,3230.8,1493.65
4205,ORD002420,PROD0112,4,0.05,772.46,315.02
4206,ORD002421,PROD0008,3,0.0,574.92,254.1
4207,ORD002422,PROD0142,5,0.0,439.45,171.65
4208,ORD002423,PROD0014,4,0.15,4104.41,829.21
4209,ORD002423,PROD0064,4,0.1,385.7,123.26
4210,ORD002424,PROD0039,2,0.0,879.06,375.5
4211,ORD002425,PROD0126,4,0.1,723.24,271.64
4212,ORD002426,PROD0010,1,0.2,1163.94,317.76
4213,ORD002426,PROD0075,5,0.05,248.0,105.35
4214,ORD002426,PROD0097,5,0.0,1489.5,421.9
4215,ORD002427,PROD0010,5,0.05,6910.92,2680.02
4216,ORD002428,PROD0092,2,0.0,132.94,61.84
4217,ORD002428,PROD0090,2,0.0,190.64,84.02
4218,ORD002428,PROD0073,2,0.2,57.98,19.62
4219,ORD002428,PROD0113,3,0.0,103.5,35.55
4220,ORD002429,PROD0015,4,0.0,1094.48,352.52
4221,ORD002430,PROD0126,1,0.0,200.9,88.0
4222,ORD002431,PROD0099,1,0.0,157.05,55.85
4223,ORD002431,PROD0020,2,0.0,359.9,130.08
4224,ORD002431,PROD0067,1,0.0,50.24,22.64
4225,ORD002432,PROD0023,3,0.0,4087.65,1044.21
4226,ORD002432,PROD0083,4,0.05,51.68,21.44
4227,ORD002432,PROD0063,3,0.0,241.35,94.59
4228,ORD002433,PROD0051,5,0.0,2687.75,881.8
4229,ORD002434,PROD0027,2,0.15,975.17,130.73
4230,ORD002435,PROD0090,4,0.0,381.28,168.04
4231,ORD002436,PROD0033,4,0.0,1891.16,861.6
4232,ORD002436,PROD0056,1,0.0,361.31,109.81
4233,ORD002436,PROD0044,2,0.05,941.3,217.88
4234,ORD002437,PROD0030,5,0.0,6351.7,2572.6
4235,ORD002438,PROD0079,4,0.05,240.58,101.62
4236,ORD002439,PROD0044,1,0.1,445.88,84.17
4237,ORD002440,PROD0049,5,0.05,4145.75,1602.0
4238,ORD002440,PROD0130,2,0.0,168.9,82.14
4239,ORD002440,PROD0141,2,0.0,183.58,64.88
4240,ORD002441,PROD0082,5,0.05,90.68,42.23
4241,ORD002442,PROD0041,5,0.0,970.65,411.85
4242,ORD002443,PROD0077,2,0.15,48.21,15.75
4243,ORD002443,PROD0028,5,0.0,3844.55,1329.55
4244,ORD002443,PROD0097,1,0.1,268.11,54.59
4245,ORD002444,PROD0107,3,0.0,169.71,48.69
4246,ORD002444,PROD0048,3,0.0,348.96,88.68
4247,ORD002445,PROD0072,1,0.0,74.92,24.87
4248,ORD002445,PROD0019,5,0.05,4073.74,1380.29
4249,ORD002445,PROD0096,4,0.0,231.84,72.44
4250,ORD002445,PROD0092,1,0.0,66.47,30.92
4251,ORD002446,PROD0130,4,0.0,337.8,164.28
4252,ORD002447,PROD0099,2,0.15,266.99,64.59
4253,ORD002447,PROD0008,1,0.0,191.64,84.7
4254,ORD002448,PROD0037,1,0.05,852.87,363.61
4255,ORD002448,PROD0006,2,0.0,1062.02,330.4
4256,ORD002449,PROD0054,2,0.0,331.46,131.26
4257,ORD002450,PROD0115,3,0.0,239.28,114.99
4258,ORD002450,PROD0019,3,0.05,2444.25,828.18
4259,ORD002450,PROD0134,4,0.15,342.96,72.32
4260,ORD002451,PROD0007,2,0.1,1980.07,604.59
4261,ORD002452,PROD0132,2,0.0,63.38,17.6
4262,ORD002452,PROD0138,5,0.0,899.65,431.3
4263,ORD002453,PROD0077,5,0.2,113.44,32.29
4264,ORD002453,PROD0065,5,0.05,49.83,20.78
4265,ORD002453,PROD0138,3,0.0,539.79,258.78
4266,ORD002453,PROD0130,5,0.05,401.14,184.24
4267,ORD002454,PROD0029,1,0.2,197.17,73.52
4268,ORD002454,PROD0019,2,0.15,1457.97,380.59
4269,ORD002455,PROD0141,1,0.2,73.43,14.08
4270,ORD002456,PROD0110,5,0.0,100.95,26.3
4271,ORD002457,PROD0090,3,0.05,271.66,111.73
4272,ORD002457,PROD0018,3,0.05,564.98,254.63
4273,ORD002458,PROD0131,5,0.05,501.98,205.93
4274,ORD002458,PROD0086,1,0.05,95.53,36.03
4275,ORD002459,PROD0025,5,0.05,2311.54,794.99
4276,ORD002460,PROD0031,1,0.05,336.76,87.25
4277,ORD002460,PROD0052,4,0.0,1547.12,594.44
4278,ORD002461,PROD0069,5,0.0,378.35,131.35
4279,ORD002462,PROD0139,2,0.0,319.54,137.6
4280,ORD002463,PROD0129,1,0.2,50.62,9.38
4281,ORD002464,PROD0092,4,0.0,265.88,123.68
4282,ORD002464,PROD0031,5,0.0,1772.4,524.85
4283,ORD002465,PROD0109,5,0.15,232.86,37.16
4284,ORD002465,PROD0101,5,0.0,821.85,353.75
4285,ORD002465,PROD0112,2,0.1,365.9,137.18
4286,ORD002466,PROD0026,2,0.0,1360.56,537.04
4287,ORD002466,PROD0022,1,0.1,585.02,133.39
4288,ORD002467,PROD0115,1,0.0,79.76,38.33
4289,ORD002467,PROD0050,2,0.05,168.44,68.32
4290,ORD002468,PROD0014,3,0.15,3078.31,621.91
4291,ORD002469,PROD0078,4,0.0,410.48,141.68
4292,ORD002469,PROD0095,5,0.0,505.05,218.75
4293,ORD002469,PROD0040,4,0.05,2855.89,754.81
4294,ORD002470,PROD0023,3,0.15,3474.5,431.06
4295,ORD002471,PROD0010,3,0.0,4364.79,1826.25
4296,ORD002471,PROD0086,2,0.15,170.95,51.95
4297,ORD002472,PROD0039,2,0.0,879.06,375.5
4298,ORD002472,PROD0075,5,0.0,261.05,118.4
4299,ORD002473,PROD0106,2,0.05,209.76,83.7
4300,ORD002473,PROD0014,5,0.1,5432.31,1338.31
4301,ORD002474,PROD0078,2,0.15,174.45,40.05
4302,ORD002474,PROD0021,2,0.05,2256.14,555.9
4303,ORD002474,PROD0032,5,0.15,814.38,258.53
4304,ORD002475,PROD0096,1,0.05,55.06,15.21
4305,ORD002476,PROD0101,3,0.1,443.8,162.94
4306,ORD002477,PROD0060,3,0.0,2527.62,795.9
4307,ORD002478,PROD0092,5,0.0,332.35,154.6
4308,ORD002479,PROD0129,5,0.1,284.76,78.56
4309,ORD002480,PROD0057,5,0.0,1828.05,869.4
4310,ORD002481,PROD0076,1,0.2,69.02,11.96
4311,ORD002482,PROD0126,4,0.15,683.06,231.46
4312,ORD002483,PROD0071,3,0.1,268.68,66.72
4313,ORD002484,PROD0129,3,0.0,189.84,66.12
4314,ORD002485,PROD0056,1,0.15,307.11,55.61
4315,ORD002485,PROD0113,5,0.1,155.25,42.0
4316,ORD002486,PROD0149,4,0.05,745.9,347.54
4317,ORD002486,PROD0131,2,0.0,211.36,92.94
4318,ORD002486,PROD0099,5,0.1,706.73,200.73
4319,ORD002487,PROD0104,1,0.0,258.03,77.69
4320,ORD002488,PROD0095,1,0.0,101.01,43.75
4321,ORD002489,PROD0015,3,0.0,820.86,264.39
4322,ORD002490,PROD0008,5,0.15,814.47,279.77
4323,ORD002491,PROD0095,5,0.0,505.05,218.75
4324,ORD002492,PROD0129,3,0.0,189.84,66.12
4325,ORD002493,PROD0093,2,0.05,466.49,150.99
4326,ORD002494,PROD0101,1,0.0,164.37,70.75
4327,ORD002495,PROD0145,5,0.05,204.58,58.78
4328,ORD002496,PROD0140,5,0.0,675.8,303.55
4329,ORD002496,PROD0061,1,0.05,67.17,25.96
4330,ORD002497,PROD0098,1,0.0,89.91,28.96
4331,ORD002497,PROD0078,2,0.0,205.24,70.84
4332,ORD002498,PROD0106,3,0.0,331.2,142.11
4333,ORD002498,PROD0053,2,0.15,1098.47,403.61
4334,ORD002499,PROD0059,4,0.0,394.08,163.24
4335,ORD002499,PROD0066,3,0.15,187.45,33.1
4336,ORD002499,PROD0125,5,0.05,886.11,337.76
4337,ORD002500,PROD0073,4,0.0,144.96,68.24
4338,ORD002501,PROD0093,3,0.05,699.73,226.48
4339,ORD002502,PROD0140,3,0.05,385.21,161.86
4340,ORD002502,PROD0115,3,0.1,215.35,91.06
4341,ORD002502,PROD0078,4,0.2,328.38,59.58
4342,ORD002503,PROD0132,5,0.0,158.45,44.0
4343,ORD002504,PROD0024,5,0.15,1257.58,377.03
4344,ORD002505,PROD0101,4,0.2,525.98,151.5
4345,ORD002505,PROD0082,1,0.0,19.09,9.4
4346,ORD002505,PROD0136,1,0.15,20.71,8.16
4347,ORD002506,PROD0066,3,0.05,209.5,55.15
4348,ORD002506,PROD0096,5,0.05,275.31,76.06
4349,ORD002506,PROD0121,2,0.0,62.16,22.32
4350,ORD002507,PROD0057,1,0.1,329.05,137.32
4351,ORD002507,PROD0079,3,0.0,189.93,85.71
4352,ORD002508,PROD0124,1,0.05,33.6,15.03
4353,ORD002509,PROD0012,2,0.05,1618.61,606.79
4354,ORD002510,PROD0104,5,0.05,1225.64,323.94
4355,ORD002511,PROD0004,4,0.0,5587.48,2375.68
4356,ORD002511,PROD0119,2,0.0,97.8,39.92
4357,ORD002512,PROD0112,3,0.05,579.35,236.27
4358,ORD002512,PROD0121,2,0.1,55.94,16.1
4359,ORD002513,PROD0114,2,0.15,238.31,91.73
4360,ORD002513,PROD0057,3,0.0,1096.83,521.64
4361,ORD002513,PROD0135,1,0.05,17.97,8.19
4362,ORD002514,PROD0037,5,0.1,4039.92,1593.62
4363,ORD002515,PROD0116,1,0.0,165.44,64.31
4364,ORD002516,PROD0044,1,0.05,470.65,108.94
4365,ORD002516,PROD0143,5,0.0,362.25,97.4
4366,ORD002516,PROD0097,4,0.1,1072.44,218.36
4367,ORD002517,PROD0018,4,0.0,792.96,379.16
4368,ORD002517,PROD0075,2,0.0,104.42,47.36
4369,ORD002518,PROD0110,5,0.0,100.95,26.3
4370,ORD002519,PROD0002,1,0.05,954.05,406.89
4371,ORD002519,PROD0130,2,0.1,152.01,65.25
4372,ORD002520,PROD0144,3,0.0,476.67,231.78
4373,ORD002521,PROD0032,3,0.0,574.86,241.35
4374,ORD002521,PROD0085,4,0.0,264.76,94.48
4375,ORD002522,PROD0121,2,0.05,59.05,19.21
4376,ORD002523,PROD0047,4,0.0,2476.92,1018.64
4377,ORD002523,PROD0022,5,0.0,3250.1,991.95
4378,ORD002524,PROD0134,2,0.1,181.57,46.25
4379,ORD002525,PROD0009,2,0.0,1854.98,642.82
4380,ORD002525,PROD0062,2,0.0,71.0,28.32
4381,ORD002526,PROD0031,5,0.05,1683.78,436.23
4382,ORD002526,PROD0106,2,0.2,176.64,50.58
4383,ORD002527,PROD0026,2,0.0,1360.56,537.04
4384,ORD002528,PROD0011,2,0.1,2135.05,681.71
4385,ORD002528,PROD0098,2,0.2,143.86,21.96
4386,ORD002528,PROD0060,4,0.1,3033.14,724.18
4387,ORD002529,PROD0107,3,0.0,169.71,48.69
4388,ORD002529,PROD0024,5,0.0,1479.5,598.95
4389,ORD002530,PROD0067,3,0.1,135.65,52.85
4390,ORD002531,PROD0104,5,0.0,1290.15,388.45
4391,ORD002531,PROD0044,5,0.15,2105.53,296.98
4392,ORD002532,PROD0063,4,0.1,289.62,93.94
4393,ORD002533,PROD0002,4,0.0,4017.04,1828.4
4394,ORD002534,PROD0057,3,0.15,932.31,357.12
4395,ORD002534,PROD0087,5,0.1,315.45,53.45
4396,ORD002535,PROD0131,1,0.0,105.68,46.47
4397,ORD002535,PROD0105,4,0.05,1106.1,283.86
4398,ORD002536,PROD0067,1,0.0,50.24,22.64
4399,ORD002536,PROD0131,2,0.0,211.36,92.94
4400,ORD002537,PROD0054,5,0.0,828.65,328.15
4401,ORD002538,PROD0087,1,0.0,70.1,17.7
4402,ORD002539,PROD0006,2,0.05,1008.92,277.3
4403,ORD002539,PROD0114,5,0.15,595.77,229.32
4404,ORD002539,PROD0029,5,0.0,1232.3,614.05
4405,ORD002540,PROD0133,1,0.0,234.47,109.5
4406,ORD002540,PROD0095,3,0.0,303.03,131.25
4407,ORD002540,PROD0140,1,0.05,128.4,53.95
4408,ORD002541,PROD0146,3,0.1,144.45,25.95
4409,ORD002541,PROD0056,4,0.05,1372.98,366.98
4410,ORD002541,PROD0104,4,0.05,980.51,259.15
4411,ORD002542,PROD0064,3,0.05,305.35,108.52
4412,ORD002542,PROD0112,3,0.05,579.35,236.27
4413,ORD002543,PROD0059,5,0.0,492.6,204.05
4414,ORD002544,PROD0083,1,0.0,13.6,6.04
4415,ORD002544,PROD0023,3,0.2,3270.12,226.68
4416,ORD002544,PROD0027,2,0.15,975.17,130.73
4417,ORD002545,PROD0111,5,0.0,1335.0,566.75
4418,ORD002545,PROD0144,4,0.0,635.56,309.04
4419,ORD002545,PROD0055,2,0.2,1218.69,178.93
4420,ORD002546,PROD0037,1,0.0,897.76,408.5
4421,ORD002546,PROD0023,2,0.05,2588.84,559.88
4422,ORD002547,PROD0127,5,0.1,329.94,91.54
4423,ORD002547,PROD0067,1,0.0,50.24,22.64
4424,ORD002547,PROD0091,2,0.0,425.92,121.28
4425,ORD002548,PROD0018,2,0.0,396.48,189.58
4426,ORD002548,PROD0031,2,0.15,602.62,103.6
4427,ORD002549,PROD0109,1,0.0,54.79,15.65
4428,ORD002549,PROD0021,5,0.0,5937.2,1686.6
4429,ORD002549,PROD0053,5,0.2,2584.64,847.49
4430,ORD002549,PROD0055,2,0.0,1523.36,483.6
4431,ORD002550,PROD0001,1,0.0,1042.42,448.14
4432,ORD002550,PROD0062,1,0.15,30.18,8.84
4433,ORD002551,PROD0083,4,0.0,54.4,24.16
4434,ORD002551,PROD0106,2,0.0,220.8,94.74
4435,ORD002551,PROD0017,5,0.1,258.88,92.88
4436,ORD002551,PROD0039,1,0.0,439.53,187.75
4437,ORD002552,PROD0086,2,0.0,201.12,82.12
4438,ORD002553,PROD0080,2,0.1,118.08,36.24
4439,ORD002554,PROD0076,4,0.15,293.35,65.11
4440,ORD002554,PROD0004,2,0.15,2374.68,768.78
4441,ORD002554,PROD0069,2,0.0,151.34,52.54
4442,ORD002555,PROD0072,3,0.0,224.76,74.61
4443,ORD002556,PROD0119,3,0.1,132.03,45.21
4444,ORD002557,PROD0110,3,0.0,60.57,15.78
4445,ORD002557,PROD0061,1,0.0,70.71,29.5
4446,ORD002558,PROD0078,5,0.0,513.1,177.1
4447,ORD002558,PROD0021,3,0.15,3027.97,477.61
4448,ORD002559,PROD0038,2,0.0,1722.92,662.62
4449,ORD002560,PROD0005,5,0.0,4358.55,1253.7
4450,ORD002561,PROD0149,3,0.1,529.98,231.21
4451,ORD002561,PROD0110,1,0.1,18.17,3.24
4452,ORD002561,PROD0132,1,0.1,28.52,5.63
4453,ORD002561,PROD0103,2,0.1,404.39,128.23
4454,ORD002562,PROD0150,5,0.0,690.55,299.9
4455,ORD002563,PROD0032,4,0.0,766.48,321.8
4456,ORD002564,PROD0097,3,0.05,849.01,208.45
4457,ORD002565,PROD0096,2,0.0,115.92,36.22
4458,ORD002566,PROD0046,2,0.0,1133.86,307.72
4459,ORD002566,PROD0136,4,0.15,82.82,32.62
4460,ORD002566,PROD0147,4,0.0,796.0,254.56
4461,ORD002567,PROD0115,5,0.0,398.8,191.65
4462,ORD002568,PROD0027,1,0.0,573.63,151.41
4463,ORD002568,PROD0020,1,0.0,179.95,65.04
4464,ORD002569,PROD0100,2,0.0,250.1,120.32
4465,ORD002570,PROD0114,1,0.0,140.18,66.89
4466,ORD002570,PROD0143,3,0.2,173.88,14.97
4467,ORD002571,PROD0122,1,0.0,118.42,37.82
4468,ORD002571,PROD0079,3,0.0,189.93,85.71
4469,ORD002571,PROD0051,1,0.0,537.55,176.36
4470,ORD002572,PROD0042,4,0.2,2132.77,273.89
4471,ORD002572,PROD0025,5,0.15,2068.22,551.67
4472,ORD002572,PROD0024,4,0.0,1183.6,479.16
4473,ORD002573,PROD0041,1,0.0,194.13,82.37
4474,ORD002574,PROD0019,3,0.0,2572.89,956.82
4475,ORD002574,PROD0122,4,0.1,426.31,103.91
4476,ORD002575,PROD0053,1,0.0,646.16,298.73
4477,ORD002576,PROD0024,1,0.0,295.9,119.79
4478,ORD002577,PROD0092,5,0.0,332.35,154.6
4479,ORD002577,PROD0036,2,0.0,758.62,202.54
4480,ORD002578,PROD0026,5,0.0,3401.4,1342.6
4481,ORD002578,PROD0047,4,0.0,2476.92,1018.64
4482,ORD002579,PROD0096,2,0.0,115.92,36.22
4483,ORD002580,PROD0032,1,0.1,172.46,61.29
4484,ORD002581,PROD0012,2,0.05,1618.61,606.79
4485,ORD002582,PROD0134,3,0.1,272.35,69.37
4486,ORD002583,PROD0116,1,0.0,165.44,64.31
4487,ORD002584,PROD0134,2,0.0,201.74,66.42
4488,ORD002585,PROD0142,3,0.0,263.67,102.99
4489,ORD002585,PROD0145,5,0.2,172.28,26.48
4490,ORD002585,PROD0008,4,0.0,766.56,338.8
4491,ORD002586,PROD0057,2,0.0,731.22,347.76
4492,ORD002587,PROD0045,5,0.15,2234.61,400.46
4493,ORD002588,PROD0069,4,0.05,287.55,89.95
4494,ORD002589,PROD0015,5,0.0,1368.1,440.65
4495,ORD002590,PROD0001,2,0.05,1980.6,792.04
4496,ORD002590,PROD0018,2,0.1,356.83,149.93
4497,ORD002591,PROD0093,3,0.1,662.9,189.65
4498,ORD002592,PROD0038,2,0.0,1722.92,662.62
4499,ORD002593,PROD0144,2,0.05,301.89,138.63
4500,ORD002593,PROD0070,4,0.0,193.08,55.72
4501,ORD002594,PROD0124,4,0.0,141.48,67.2
4502,ORD002595,PROD0067,5,0.0,251.2,113.2
4503,ORD002596,PROD0112,4,0.05,772.46,315.02
4504,ORD002597,PROD0088,3,0.0,128.25,32.07
4505,ORD002598,PROD0078,2,0.05,194.98,60.58
4506,ORD002599,PROD0041,5,0.1,873.59,314.79
4507,ORD002600,PROD0011,3,0.05,3380.5,1200.49
4508,ORD002600,PROD0137,3,0.0,246.96,79.47
4509,ORD002601,PROD0077,2,0.0,56.72,24.26
4510,ORD002602,PROD0107,5,0.0,282.85,81.15
4511,ORD002602,PROD0005,5,0.1,3922.7,817.85
4512,ORD002603,PROD0001,5,0.05,4951.49,1980.09
4513,ORD002604,PROD0022,1,0.0,650.02,198.39
4514,ORD002605,PROD0028,4,0.0,3075.64,1063.64
4515,ORD002605,PROD0150,5,0.1,621.5,230.85
4516,ORD002606,PROD0058,1,0.0,341.51,145.12
4517,ORD002606,PROD0050,4,0.0,354.6,154.36
4518,ORD002606,PROD0140,1,0.0,135.16,60.71
4519,ORD002607,PROD0001,2,0.1,1876.36,687.8
4520,ORD002608,PROD0097,5,0.05,1415.02,347.42
4521,ORD002609,PROD0034,1,0.2,255.19,40.27
4522,ORD002609,PROD0107,4,0.1,203.65,42.29
4523,ORD002610,PROD0037,3,0.0,2693.28,1225.5
4524,ORD002610,PROD0067,4,0.1,180.86,70.46
4525,ORD002610,PROD0089,2,0.0,96.68,28.6
4526,ORD002611,PROD0036,5,0.1,1706.89,316.69
4527,ORD002611,PROD0050,1,0.0,88.65,38.59
4528,ORD002612,PROD0136,1,0.05,23.14,10.59
4529,ORD002613,PROD0009,5,0.15,3941.83,911.43
4530,ORD002614,PROD0055,5,0.05,3617.98,1018.58
4531,ORD002615,PROD0073,5,0.0,181.2,85.3
4532,ORD002615,PROD0149,2,0.15,333.69,134.51
4533,ORD002615,PROD0036,1,0.2,303.45,25.41
4534,ORD002616,PROD0133,5,0.05,1113.73,488.88
4535,ORD002616,PROD0049,5,0.2,3491.16,947.41
4536,ORD002617,PROD0104,1,0.2,206.42,26.08
4537,ORD002617,PROD0013,4,0.15,3058.37,917.45
4538,ORD002618,PROD0054,1,0.0,165.73,65.63
4539,ORD002619,PROD0031,5,0.1,1595.16,347.61
4540,ORD002620,PROD0008,5,0.0,958.2,423.5
4541,ORD002620,PROD0085,1,0.05,62.88,20.31
4542,ORD002620,PROD0005,1,0.1,784.54,163.57
4543,ORD002620,PROD0124,3,0.05,100.8,45.09
4544,ORD002621,PROD0073,1,0.1,32.62,13.44
4545,ORD002622,PROD0012,5,0.0,4259.5,1729.95
4546,ORD002623,PROD0014,1,0.15,1026.1,207.3
4547,ORD002624,PROD0076,5,0.0,431.4,146.1
4548,ORD002625,PROD0067,5,0.15,213.52,75.52
4549,ORD002625,PROD0095,2,0.0,202.02,87.5
4550,ORD002626,PROD0103,4,0.05,853.71,301.39
4551,ORD002626,PROD0064,1,0.0,107.14,41.53
4552,ORD002627,PROD0041,1,0.0,194.13,82.37
4553,ORD002628,PROD0072,4,0.0,299.68,99.48
4554,ORD002628,PROD0138,4,0.0,719.72,345.04
4555,ORD002629,PROD0142,2,0.0,175.78,68.66
4556,ORD002629,PROD0012,5,0.05,4046.52,1516.97
4557,ORD002630,PROD0071,1,0.1,89.56,22.24
4558,ORD002631,PROD0037,4,0.0,3591.04,1634.0
4559,ORD002631,PROD0023,1,0.15,1158.17,143.69
4560,ORD002632,PROD0009,3,0.1,2504.22,685.98
4561,ORD002632,PROD0097,4,0.0,1191.6,337.52
4562,ORD002633,PROD0135,5,0.0,94.6,45.7
4563,ORD002634,PROD0020,2,0.0,359.9,130.08
4564,ORD002634,PROD0022,1,0.0,650.02,198.39
4565,ORD002635,PROD0133,2,0.2,375.15,125.21
4566,ORD002636,PROD0147,4,0.0,796.0,254.56
4567,ORD002636,PROD0093,5,0.0,1227.6,438.85
4568,ORD002637,PROD0010,2,0.0,2909.86,1217.5
4569,ORD002637,PROD0051,4,0.05,2042.69,597.93
4570,ORD002638,PROD0143,4,0.0,289.8,77.92
4571,ORD002638,PROD0112,3,0.0,609.84,266.76
4572,ORD002639,PROD0065,5,0.0,52.45,23.4
4573,ORD002639,PROD0115,5,0.0,398.8,191.65
4574,ORD002639,PROD0021,1,0.05,1128.07,277.95
4575,ORD002639,PROD0053,1,0.0,646.16,298.73
4576,ORD002640,PROD0064,1,0.05,101.78,36.17
4577,ORD002640,PROD0114,2,0.0,280.36,133.78
4578,ORD002640,PROD0097,5,0.05,1415.02,347.42
4579,ORD002640,PROD0050,2,0.2,141.84,41.72
4580,ORD002641,PROD0015,1,0.0,273.62,88.13
4581,ORD002641,PROD0058,4,0.1,1229.44,443.88
4582,ORD002642,PROD0144,2,0.0,317.78,154.52
4583,ORD002643,PROD0120,1,0.0,127.16,37.72
4584,ORD002643,PROD0039,1,0.15,373.6,121.82
4585,ORD002644,PROD0058,3,0.0,1024.53,435.36
4586,ORD002644,PROD0045,3,0.0,1577.37,476.88
4587,ORD002644,PROD0086,1,0.0,100.56,41.06
4588,ORD002644,PROD0099,1,0.15,133.49,32.29
4589,ORD002645,PROD0067,5,0.0,251.2,113.2
4590,ORD002646,PROD0054,4,0.15,563.48,163.08
4591,ORD002647,PROD0122,5,0.0,592.1,189.1
4592,ORD002648,PROD0024,5,0.05,1405.52,524.97
4593,ORD002648,PROD0138,5,0.05,854.67,386.32
4594,ORD002649,PROD0004,4,0.0,5587.48,2375.68
4595,ORD002650,PROD0134,1,0.0,100.87,33.21
4596,ORD002651,PROD0131,1,0.1,95.11,35.9
4597,ORD002651,PROD0006,3,0.05,1513.38,415.95
4598,ORD002651,PROD0134,4,0.05,383.31,112.67
4599,ORD002652,PROD0046,5,0.05,2692.92,627.57
4600,ORD002652,PROD0058,5,0.1,1536.8,554.85
4601,ORD002653,PROD0121,4,0.05,118.1,38.42
4602,ORD002653,PROD0011,5,0.0,5930.7,2297.35
4603,ORD002653,PROD0057,5,0.0,1828.05,869.4
4604,ORD002653,PROD0074,3,0.05,188.64,68.58
4605,ORD002654,PROD0070,5,0.0,241.35,69.65
4606,ORD002655,PROD0124,1,0.0,35.37,16.8
4607,ORD002655,PROD0123,2,0.1,416.12,113.72
4608,ORD002656,PROD0036,4,0.2,1213.79,101.63
4609,ORD002657,PROD0069,1,0.0,75.67,26.27
4610,ORD002657,PROD0146,1,0.0,53.5,14.0
4611,ORD002657,PROD0085,4,0.05,251.52,81.24
4612,ORD002658,PROD0102,5,0.1,1287.32,455.12
4613,ORD002658,PROD0030,5,0.1,5716.53,1937.43
4614,ORD002658,PROD0008,2,0.0,383.28,169.4
4615,ORD002659,PROD0076,2,0.0,172.56,58.44
4616,ORD002659,PROD0065,5,0.0,52.45,23.4
4617,ORD002659,PROD0131,3,0.05,301.19,123.56
4618,ORD002659,PROD0081,4,0.0,222.88,64.64
4619,ORD002660,PROD0139,5,0.0,798.85,344.0
4620,ORD002660,PROD0098,2,0.0,179.82,57.92
4621,ORD002661,PROD0022,1,0.0,650.02,198.39
4622,ORD002662,PROD0079,3,0.1,170.94,66.72
4623,ORD002663,PROD0012,4,0.0,3407.6,1383.96
4624,ORD002663,PROD0083,4,0.0,54.4,24.16
4625,ORD002664,PROD0021,1,0.1,1068.7,218.58
4626,ORD002665,PROD0127,3,0.0,219.96,76.92
4627,ORD002666,PROD0014,1,0.05,1146.82,328.02
4628,ORD002666,PROD0093,3,0.1,662.9,189.65
4629,ORD002667,PROD0084,5,0.1,431.46,123.96
4630,ORD002668,PROD0150,3,0.0,414.33,179.94
4631,ORD002669,PROD0097,2,0.15,506.43,79.39
4632,ORD002670,PROD0128,3,0.0,245.88,65.07
4633,ORD002671,PROD0124,5,0.0,176.85,84.0
4634,ORD002672,PROD0108,4,0.0,131.44,45.16
4635,ORD002673,PROD0031,3,0.0,1063.44,314.91
4636,ORD002674,PROD0032,4,0.05,728.16,283.48
4637,ORD002675,PROD0041,3,0.05,553.27,217.99
4638,ORD002676,PROD0116,2,0.0,330.88,128.62
4639,ORD002677,PROD0033,5,0.1,2127.56,840.61
4640,ORD002678,PROD0022,4,0.2,2080.06,273.54
4641,ORD002678,PROD0129,1,0.1,56.95,15.71
4642,ORD002679,PROD0148,4,0.05,170.35,45.67
4643,ORD002680,PROD0150,4,0.2,441.95,129.43
4644,ORD002681,PROD0063,2,0.05,152.85,55.01
4645,ORD002681,PROD0062,3,0.0,106.5,42.48
4646,ORD002681,PROD0133,1,0.15,199.3,74.33
4647,ORD002682,PROD0017,4,0.1,207.11,74.31
4648,ORD002683,PROD0122,4,0.0,473.68,151.28
4649,ORD002683,PROD0053,1,0.15,549.24,201.81
4650,ORD002684,PROD0100,2,0.1,225.09,95.31
4651,ORD002684,PROD0137,4,0.0,329.28,105.96
4652,ORD002685,PROD0102,4,0.15,972.64,306.88
4653,ORD002685,PROD0078,5,0.0,513.1,177.1
4654,ORD002686,PROD0098,2,0.0,179.82,57.92
4655,ORD002686,PROD0112,3,0.15,518.36,175.28
4656,ORD002686,PROD0126,2,0.0,401.8,176.0
4657,ORD002686,PROD0040,1,0.05,713.97,188.7
4658,ORD002687,PROD0118,3,0.15,392.09,135.05
4659,ORD002688,PROD0038,3,0.0,2584.38,993.93
4660,ORD002688,PROD0069,4,0.0,302.68,105.08
4661,ORD002689,PROD0025,4,0.0,1946.56,733.32
4662,ORD002690,PROD0041,1,0.0,194.13,82.37
4663,ORD002691,PROD0004,4,0.0,5587.48,2375.68
4664,ORD002692,PROD0107,4,0.05,214.97,53.61
4665,ORD002692,PROD0033,5,0.1,2127.56,840.61
4666,ORD002693,PROD0115,4,0.1,287.14,121.42
4667,ORD002694,PROD0040,2,0.0,1503.1,452.56
4668,ORD002695,PROD0136,5,0.05,115.71,52.96
4669,ORD002695,PROD0009,2,0.1,1669.48,457.32
4670,ORD002695,PROD0150,4,0.0,552.44,239.92
4671,ORD002696,PROD0142,1,0.05,83.5,29.94
4672,ORD002696,PROD0076,4,0.2,276.1,47.86
4673,ORD002697,PROD0147,2,0.0,398.0,127.28
4674,ORD002698,PROD0117,2,0.0,497.58,125.86
4675,ORD002698,PROD0079,5,0.05,300.72,127.02
4676,ORD002699,PROD0077,2,0.0,56.72,24.26
4677,ORD002699,PROD0120,2,0.15,216.17,37.29
4678,ORD002700,PROD0053,1,0.05,613.85,266.42
4679,ORD002700,PROD0128,4,0.0,327.84,86.76
4680,ORD002700,PROD0104,5,0.0,1290.15,388.45
4681,ORD002701,PROD0036,3,0.2,910.34,76.22
4682,ORD002701,PROD0075,3,0.0,156.63,71.04
4683,ORD002701,PROD0077,3,0.0,85.08,36.39
4684,ORD002702,PROD0099,2,0.1,282.69,80.29
4685,ORD002702,PROD0009,3,0.05,2643.35,825.11
4686,ORD002702,PROD0090,4,0.05,362.22,148.98
4687,ORD002703,PROD0140,5,0.0,675.8,303.55
4688,ORD002703,PROD0045,3,0.0,1577.37,476.88
4689,ORD002704,PROD0034,4,0.2,1020.77,161.09
4690,ORD002705,PROD0138,5,0.1,809.69,341.34
4691,ORD002706,PROD0027,4,0.2,1835.62,146.74
4692,ORD002706,PROD0100,5,0.05,593.99,269.54
4693,ORD002707,PROD0126,5,0.0,1004.5,440.0
4694,ORD002707,PROD0039,3,0.0,1318.59,563.25
4695,ORD002707,PROD0024,2,0.1,532.62,180.4
4696,ORD002708,PROD0014,2,0.0,2414.36,776.76
4697,ORD002708,PROD0040,2,0.0,1503.1,452.56
4698,ORD002708,PROD0124,1,0.15,30.06,11.49
4699,ORD002709,PROD0134,4,0.1,363.13,92.49
4700,ORD002709,PROD0069,2,0.0,151.34,52.54
4701,ORD002710,PROD0084,2,0.05,182.17,59.17
4702,ORD002710,PROD0003,2,0.05,2743.85,875.85
4703,ORD002710,PROD0061,2,0.05,134.35,51.93
4704,ORD002711,PROD0038,5,0.0,4307.3,1656.55
4705,ORD002711,PROD0110,4,0.15,68.65,8.93
4706,ORD002711,PROD0020,2,0.15,305.91,76.09
4707,ORD002711,PROD0143,5,0.0,362.25,97.4
4708,ORD002712,PROD0021,1,0.1,1068.7,218.58
4709,ORD002712,PROD0142,5,0.15,373.53,105.73
4710,ORD002712,PROD0137,2,0.0,164.64,52.98
4711,ORD002713,PROD0058,2,0.0,683.02,290.24
4712,ORD002714,PROD0114,5,0.0,700.9,334.45
4713,ORD002715,PROD0132,1,0.05,30.11,7.22
4714,ORD002716,PROD0010,5,0.15,6183.45,1952.55
4715,ORD002716,PROD0062,4,0.1,127.8,42.44
4716,ORD002717,PROD0090,3,0.0,285.96,126.03
4717,ORD002717,PROD0144,4,0.1,572.0,245.48
4718,ORD002718,PROD0008,2,0.15,325.79,111.91
4719,ORD002718,PROD0116,3,0.15,421.87,118.48
4720,ORD002718,PROD0145,2,0.05,81.83,23.51
4721,ORD002719,PROD0121,1,0.1,27.97,8.05
4722,ORD002719,PROD0102,3,0.0,858.21,358.89
4723,ORD002720,PROD0143,2,0.0,144.9,38.96
4724,ORD002720,PROD0031,3,0.0,1063.44,314.91
4725,ORD002720,PROD0060,5,0.0,4212.7,1326.5
4726,ORD002721,PROD0135,1,0.0,18.92,9.14
4727,ORD002722,PROD0065,4,0.15,35.67,12.43
4728,ORD002723,PROD0115,3,0.15,203.39,79.1
4729,ORD002723,PROD0048,5,0.0,581.6,147.8
4730,ORD002723,PROD0022,1,0.0,650.02,198.39
4731,ORD002724,PROD0095,4,0.2,323.23,94.19
4732,ORD002725,PROD0069,1,0.0,75.67,26.27
4733,ORD002726,PROD0025,3,0.0,1459.92,549.99
4734,ORD002727,PROD0116,2,0.2,264.7,62.44
4735,ORD002728,PROD0087,3,0.0,210.3,53.1
4736,ORD002729,PROD0006,5,0.0,2655.05,826.0
4737,ORD002729,PROD0031,5,0.0,1772.4,524.85
4738,ORD002729,PROD0037,5,0.05,4264.36,1818.06
4739,ORD002730,PROD0140,2,0.0,270.32,121.42
4740,ORD002730,PROD0023,5,0.0,6812.75,1740.35
4741,ORD002731,PROD0052,5,0.05,1837.2,646.35
4742,ORD002732,PROD0062,4,0.1,127.8,42.44
4743,ORD002733,PROD0003,5,0.05,6859.62,2189.62
4744,ORD002733,PROD0045,5,0.0,2628.95,794.8
4745,ORD002734,PROD0127,4,0.1,263.95,73.23
4746,ORD002734,PROD0033,1,0.0,472.79,215.4
4747,ORD002735,PROD0019,2,0.0,1715.26,637.88
4748,ORD002735,PROD0147,1,0.05,189.05,53.69
4749,ORD002736,PROD0014,5,0.0,6035.9,1941.9
4750,ORD002737,PROD0042,4,0.15,2266.07,407.19
4751,ORD002738,PROD0113,5,0.05,163.88,50.63
4752,ORD002739,PROD0068,1,0.0,83.78,31.64
4753,ORD002740,PROD0103,5,0.0,1123.3,432.9
4754,ORD002740,PROD0028,2,0.15,1307.15,301.15
4755,ORD002740,PROD0048,4,0.0,465.28,118.24
4756,ORD002741,PROD0122,1,0.0,118.42,37.82
4757,ORD002741,PROD0032,4,0.0,766.48,321.8
4758,ORD002741,PROD0023,1,0.05,1294.42,279.94
4759,ORD002741,PROD0082,2,0.0,38.18,18.8
4760,ORD002742,PROD0081,1,0.0,55.72,16.16
4761,ORD002743,PROD0014,5,0.0,6035.9,1941.9
4762,ORD002743,PROD0038,1,0.05,818.39,288.24
4763,ORD002743,PROD0060,5,0.0,4212.7,1326.5
4764,ORD002744,PROD0138,2,0.0,359.86,172.52
4765,ORD002745,PROD0050,5,0.0,443.25,192.95
4766,ORD002746,PROD0144,3,0.1,429.0,184.11
4767,ORD002746,PROD0138,3,0.0,539.79,258.78
4768,ORD002747,PROD0037,3,0.05,2558.62,1090.84
4769,ORD002747,PROD0070,3,0.0,144.81,41.79
4770,ORD002747,PROD0004,1,0.0,1396.87,593.92
4771,ORD002748,PROD0104,5,0.0,1290.15,388.45
4772,ORD002749,PROD0109,1,0.1,49.31,10.17
4773,ORD002750,PROD0007,1,0.05,1045.04,357.3
4774,ORD002750,PROD0106,2,0.15,187.68,61.62
4775,ORD002751,PROD0062,1,0.0,35.5,14.16
4776,ORD002752,PROD0042,4,0.2,2132.77,273.89
4777,ORD002753,PROD0041,5,0.0,970.65,411.85
4778,ORD002753,PROD0148,3,0.0,134.49,40.98
4779,ORD002753,PROD0045,1,0.0,525.79,158.96
4780,ORD002754,PROD0145,5,0.0,215.35,69.55
4781,ORD002754,PROD0023,3,0.1,3678.88,635.44
4782,ORD002754,PROD0001,2,0.0,2084.84,896.28
4783,ORD002755,PROD0010,5,0.15,6183.45,1952.55
4784,ORD002756,PROD0053,4,0.0,2584.64,1194.92
4785,ORD002757,PROD0095,1,0.0,101.01,43.75
4786,ORD002757,PROD0050,5,0.0,443.25,192.95
4787,ORD002757,PROD0114,1,0.05,133.17,59.88
4788,ORD002758,PROD0062,1,0.2,28.4,7.06
4789,ORD002758,PROD0043,1,0.0,892.37,339.27
4790,ORD002758,PROD0070,4,0.0,193.08,55.72
4791,ORD002759,PROD0052,2,0.15,657.53,181.19
4792,ORD002759,PROD0081,4,0.0,222.88,64.64
4793,ORD002760,PROD0095,1,0.0,101.01,43.75
4794,ORD002761,PROD0075,1,0.0,52.21,23.68
4795,ORD002761,PROD0120,4,0.0,508.64,150.88
4796,ORD002762,PROD0026,1,0.15,578.24,166.48
4797,ORD002762,PROD0071,5,0.1,447.8,111.2
4798,ORD002762,PROD0080,5,0.1,295.2,90.6
4799,ORD002762,PROD0117,3,0.0,746.37,188.79
4800,ORD002763,PROD0084,5,0.0,479.4,171.9
4801,ORD002763,PROD0097,5,0.05,1415.02,347.42
4802,ORD002764,PROD0029,3,0.0,739.38,368.43
4803,ORD002764,PROD0068,3,0.0,251.34,94.92
4804,ORD002764,PROD0061,4,0.1,254.56,89.72
4805,ORD002765,PROD0132,5,0.1,142.61,28.16
4806,ORD002765,PROD0128,5,0.15,348.33,46.98
4807,ORD002766,PROD0043,3,0.1,2409.4,750.1
4808,ORD002767,PROD0051,1,0.0,537.55,176.36
4809,ORD002767,PROD0116,3,0.0,496.32,192.93
4810,ORD002767,PROD0020,3,0.1,485.86,141.13
4811,ORD002768,PROD0120,2,0.0,254.32,75.44
4812,ORD002769,PROD0008,3,0.0,574.92,254.1
4813,ORD002770,PROD0030,2,0.0,2540.68,1029.04
4814,ORD002770,PROD0085,2,0.0,132.38,47.24
4815,ORD002770,PROD0009,1,0.0,927.49,321.41
4816,ORD002771,PROD0004,1,0.1,1257.18,454.23
4817,ORD002771,PROD0133,4,0.0,937.88,438.0
4818,ORD002772,PROD0125,3,0.15,475.7,146.69
4819,ORD002772,PROD0044,5,0.05,2353.24,544.69
4820,ORD002772,PROD0115,5,0.0,398.8,191.65
4821,ORD002772,PROD0026,2,0.0,1360.56,537.04
4822,ORD002773,PROD0067,3,0.0,150.72,67.92
4823,ORD002773,PROD0124,2,0.05,67.2,30.06
4824,ORD002773,PROD0038,3,0.0,2584.38,993.93
4825,ORD002774,PROD0136,3,0.1,65.77,28.12
4826,ORD002775,PROD0082,3,0.0,57.27,28.2
4827,ORD002776,PROD0043,2,0.05,1695.5,589.3
4828,ORD002777,PROD0117,1,0.05,236.35,50.49
4829,ORD002778,PROD0018,1,0.0,198.24,94.79
4830,ORD002778,PROD0128,3,0.1,221.29,40.48
4831,ORD002779,PROD0093,2,0.0,491.04,175.54
4832,ORD002779,PROD0003,1,0.2,1155.3,221.3
4833,ORD002780,PROD0093,4,0.0,982.08,351.08
4834,ORD002780,PROD0137,1,0.0,82.32,26.49
4835,ORD002781,PROD0046,4,0.05,2154.33,502.05
4836,ORD002781,PROD0011,1,0.05,1126.83,400.16
4837,ORD002782,PROD0081,4,0.1,200.59,42.35
4838,ORD002782,PROD0083,3,0.15,34.68,12.0
4839,ORD002783,PROD0148,3,0.05,127.77,34.26
4840,ORD002783,PROD0017,1,0.05,54.65,21.45
4841,ORD002783,PROD0042,1,0.15,566.52,101.8
4842,ORD002784,PROD0118,3,0.1,415.15,158.11
4843,ORD002785,PROD0105,1,0.0,291.08,85.52
4844,ORD002786,PROD0098,1,0.0,89.91,28.96
4845,ORD002786,PROD0094,1,0.0,187.12,85.68
4846,ORD002787,PROD0072,3,0.2,179.81,29.66
4847,ORD002787,PROD0055,5,0.0,3808.4,1209.0
4848,ORD002787,PROD0113,5,0.0,172.5,59.25
4849,ORD002788,PROD0051,4,0.0,2150.2,705.44
4850,ORD002789,PROD0002,2,0.0,2008.52,914.2
4851,ORD002790,PROD0098,5,0.05,427.07,122.32
4852,ORD002790,PROD0076,1,0.15,73.34,16.28
4853,ORD002790,PROD0068,1,0.0,83.78,31.64
4854,ORD002791,PROD0081,5,0.0,278.6,80.8
4855,ORD002792,PROD0085,2,0.05,125.76,40.62
4856,ORD002792,PROD0045,5,0.0,2628.95,794.8
4857,ORD002793,PROD0035,1,0.15,613.04,193.67
4858,ORD002794,PROD0144,3,0.0,476.67,231.78
4859,ORD002794,PROD0097,5,0.0,1489.5,421.9
4860,ORD002795,PROD0046,2,0.2,907.09,80.95
4861,ORD002796,PROD0136,2,0.2,38.98,13.88
4862,ORD002796,PROD0052,3,0.0,1160.34,445.83
4863,ORD002797,PROD0037,5,0.0,4488.8,2042.5
4864,ORD002797,PROD0011,1,0.0,1186.14,459.47
4865,ORD002797,PROD0101,1,0.0,164.37,70.75
4866,ORD002798,PROD0052,5,0.0,1933.9,743.05
4867,ORD002799,PROD0123,5,0.0,1155.9,399.9
4868,ORD002799,PROD0046,5,0.0,2834.65,769.3
4869,ORD002800,PROD0149,2,0.2,314.06,114.88
4870,ORD002801,PROD0048,2,0.1,209.38,35.86
4871,ORD002801,PROD0146,2,0.05,101.65,22.65
4872,ORD002802,PROD0018,5,0.05,941.64,424.39
4873,ORD002803,PROD0041,1,0.0,194.13,82.37
4874,ORD002803,PROD0057,4,0.0,1462.44,695.52
4875,ORD002803,PROD0077,2,0.0,56.72,24.26
4876,ORD002804,PROD0002,3,0.1,2711.5,1070.02
4877,ORD002805,PROD0018,4,0.0,792.96,379.16
4878,ORD002806,PROD0036,3,0.0,1137.93,303.81
4879,ORD002807,PROD0015,1,0.05,259.94,74.45
4880,ORD002808,PROD0093,2,0.0,491.04,175.54
4881,ORD002808,PROD0047,2,0.0,1238.46,509.32
4882,ORD002809,PROD0141,1,0.05,87.2,27.85
4883,ORD002810,PROD0087,1,0.0,70.1,17.7
4884,ORD002810,PROD0102,1,0.05,271.77,105.33
4885,ORD002810,PROD0146,5,0.05,254.12,56.62
4886,ORD002811,PROD0008,1,0.0,191.64,84.7
4887,ORD002812,PROD0087,4,0.0,280.4,70.8
4888,ORD002813,PROD0050,1,0.0,88.65,38.59
4889,ORD002813,PROD0093,3,0.2,589.25,116.0
4890,ORD002814,PROD0027,5,0.05,2724.74,613.64
4891,ORD002815,PROD0035,5,0.15,3065.19,968.34
4892,ORD002816,PROD0025,5,0.1,2189.88,673.33
4893,ORD002816,PROD0119,3,0.0,146.7,59.88
4894,ORD002817,PROD0005,2,0.0,1743.42,501.48
4895,ORD002817,PROD0027,2,0.1,1032.53,188.09
4896,ORD002817,PROD0127,2,0.0,146.64,51.28
4897,ORD002817,PROD0117,3,0.05,709.05,151.47
4898,ORD002818,PROD0049,4,0.15,2967.49,932.49
4899,ORD002819,PROD0109,4,0.0,219.16,62.6
4900,ORD002820,PROD0048,2,0.1,209.38,35.86
4901,ORD002820,PROD0062,5,0.0,177.5,70.8
4902,ORD002820,PROD0138,2,0.0,359.86,172.52
4903,ORD002821,PROD0021,5,0.1,5343.48,1092.88
4904,ORD002822,PROD0029,5,0.1,1109.07,490.82
4905,ORD002823,PROD0066,1,0.05,69.83,18.38
4906,ORD002823,PROD0006,5,0.0,2655.05,826.0
4907,ORD002823,PROD0127,1,0.1,65.99,18.31
4908,ORD002824,PROD0024,3,0.0,887.7,359.37
4909,ORD002825,PROD0035,3,0.05,2055.48,797.37
4910,ORD002825,PROD0150,4,0.05,524.82,212.3
4911,ORD002826,PROD0129,1,0.0,63.28,22.04
4912,ORD002826,PROD0048,5,0.0,581.6,147.8
4913,ORD002827,PROD0035,3,0.15,1839.11,581.0
4914,ORD002827,PROD0087,4,0.05,266.38,56.78
4915,ORD002827,PROD0062,5,0.15,150.88,44.18
4916,ORD002827,PROD0133,1,0.05,222.75,97.78
4917,ORD002828,PROD0138,5,0.15,764.7,296.35
4918,ORD002828,PROD0029,4,0.15,837.96,343.36
4919,ORD002828,PROD0009,5,0.0,4637.45,1607.05
4920,ORD002829,PROD0003,1,0.05,1371.92,437.92
4921,ORD002830,PROD0095,4,0.0,404.04,175.0
4922,ORD002831,PROD0064,5,0.0,535.7,207.65
4923,ORD002831,PROD0097,2,0.05,566.01,138.97
4924,ORD002832,PROD0017,2,0.0,115.06,48.66
4925,ORD002833,PROD0109,3,0.05,156.15,38.73
4926,ORD002834,PROD0069,5,0.1,340.52,93.52
4927,ORD002834,PROD0062,1,0.0,35.5,14.16
4928,ORD002834,PROD0075,3,0.05,148.8,63.21
4929,ORD002835,PROD0108,2,0.1,59.15,16.01
4930,ORD002835,PROD0039,1,0.0,439.53,187.75
4931,ORD002836,PROD0096,3,0.15,147.8,28.25
4932,ORD002836,PROD0121,2,0.0,62.16,22.32
4933,ORD002836,PROD0126,2,0.0,401.8,176.0
4934,ORD002836,PROD0008,4,0.0,766.56,338.8
4935,ORD002837,PROD0113,1,0.0,34.5,11.85
4936,ORD002838,PROD0051,2,0.05,1021.34,298.96
4937,ORD002839,PROD0029,4,0.0,985.84,491.24
4938,ORD002839,PROD0131,2,0.0,211.36,92.94
4939,ORD002839,PROD0116,1,0.0,165.44,64.31
4940,ORD002840,PROD0081,4,0.0,222.88,64.64
4941,ORD002841,PROD0013,1,0.05,854.54,319.31
4942,ORD002841,PROD0133,2,0.0,468.94,219.0
4943,ORD002841,PROD0054,1,0.05,157.44,57.34
4944,ORD002842,PROD0092,1,0.0,66.47,30.92
4945,ORD002842,PROD0042,1,0.0,666.49,201.77
4946,ORD002842,PROD0108,4,0.15,111.72,25.44
4947,ORD002842,PROD0003,1,0.15,1227.51,293.51
4948,ORD002843,PROD0129,5,0.0,316.4,110.2
4949,ORD002843,PROD0069,1,0.0,75.67,26.27
4950,ORD002844,PROD0035,3,0.0,2163.66,905.55
4951,ORD002844,PROD0024,4,0.0,1183.6,479.16
4952,ORD002845,PROD0024,2,0.15,503.03,150.81
4953,ORD002846,PROD0083,1,0.0,13.6,6.04
4954,ORD002847,PROD0057,4,0.1,1316.2,549.28
4955,ORD002848,PROD0120,1,0.0,127.16,37.72
4956,ORD002849,PROD0003,1,0.05,1371.92,437.92
4957,ORD002849,PROD0108,4,0.0,131.44,45.16
4958,ORD002849,PROD0083,1,0.0,13.6,6.04
4959,ORD002850,PROD0067,3,0.0,150.72,67.92
4960,ORD002850,PROD0057,1,0.0,365.61,173.88
4961,ORD002851,PROD0104,3,0.05,735.39,194.37
4962,ORD002851,PROD0062,2,0.1,63.9,21.22
4963,ORD002851,PROD0003,5,0.0,7220.65,2550.65
4964,ORD002851,PROD0035,1,0.0,721.22,301.85
4965,ORD002852,PROD0147,2,0.0,398.0,127.28
4966,ORD002853,PROD0142,1,0.0,87.89,34.33
4967,ORD002854,PROD0082,4,0.05,72.54,33.78
4968,ORD002855,PROD0018,5,0.05,941.64,424.39
4969,ORD002855,PROD0091,3,0.05,606.94,149.98
4970,ORD002856,PROD0123,5,0.05,1098.11,342.11
4971,ORD002856,PROD0052,1,0.05,367.44,129.27
4972,ORD002857,PROD0006,5,0.0,2655.05,826.0
4973,ORD002857,PROD0062,5,0.15,150.88,44.18
4974,ORD002857,PROD0038,2,0.05,1636.77,576.47
4975,ORD002857,PROD0106,3,0.15,281.52,92.43
4976,ORD002858,PROD0129,5,0.05,300.58,94.38
4977,ORD002858,PROD0122,3,0.0,355.26,113.46
4978,ORD002859,PROD0009,2,0.1,1669.48,457.32
4979,ORD002859,PROD0132,3,0.15,80.81,12.14
4980,ORD002859,PROD0030,2,0.15,2159.58,647.94
4981,ORD002860,PROD0061,2,0.0,141.42,59.0
4982,ORD002861,PROD0113,1,0.1,31.05,8.4
4983,ORD002862,PROD0118,3,0.1,415.15,158.11
4984,ORD002863,PROD0136,3,0.2,58.46,20.81
4985,ORD002864,PROD0146,4,0.15,181.9,23.9
4986,ORD002864,PROD0095,5,0.05,479.8,193.5
4987,ORD002864,PROD0015,4,0.0,1094.48,352.52
4988,ORD002865,PROD0131,3,0.1,285.34,107.71
4989,ORD002865,PROD0089,3,0.15,123.27,21.15
4990,ORD002866,PROD0108,3,0.05,93.65,28.94
4991,ORD002867,PROD0004,4,0.15,4749.36,1537.56
4992,ORD002868,PROD0041,1,0.0,194.13,82.37
4993,ORD002868,PROD0132,3,0.0,95.07,26.4
4994,ORD002869,PROD0091,1,0.05,202.31,49.99
4995,ORD002870,PROD0065,5,0.15,44.58,15.53
4996,ORD002870,PROD0073,3,0.05,103.28,45.74
4997,ORD002871,PROD0113,4,0.05,131.1,40.5
4998,ORD002872,PROD0147,5,0.0,995.0,318.2
4999,ORD002872,PROD0005,3,0.1,2353.62,490.71
5000,ORD002872,PROD0018,2,0.0,396.48,189.58
5001,ORD002873,PROD0149,3,0.0,588.87,290.1
5002,ORD002874,PROD0017,1,0.0,57.53,24.33
5003,ORD002874,PROD0074,4,0.0,264.76,104.68
5004,ORD002875,PROD0072,3,0.05,213.52,63.37
5005,ORD002876,PROD0100,2,0.15,212.58,82.8
5006,ORD002877,PROD0035,3,0.15,1839.11,581.0
5007,ORD002878,PROD0108,4,0.05,124.87,38.59
5008,ORD002878,PROD0063,2,0.05,152.85,55.01
5009,ORD002878,PROD0094,4,0.0,748.48,342.72
5010,ORD002879,PROD0081,1,0.0,55.72,16.16
5011,ORD002879,PROD0053,1,0.0,646.16,298.73
5012,ORD002880,PROD0018,2,0.0,396.48,189.58
5013,ORD002881,PROD0033,5,0.0,2363.95,1077.0
5014,ORD002882,PROD0081,3,0.0,167.16,48.48
5015,ORD002882,PROD0023,3,0.1,3678.88,635.44
5016,ORD002883,PROD0085,2,0.0,132.38,47.24
5017,ORD002883,PROD0035,5,0.1,3245.49,1148.64
5018,ORD002884,PROD0072,4,0.0,299.68,99.48
5019,ORD002884,PROD0043,4,0.0,3569.48,1357.08
5020,ORD002884,PROD0056,2,0.15,614.23,111.23
5021,ORD002885,PROD0008,5,0.0,958.2,423.5
5022,ORD002885,PROD0052,3,0.15,986.29,271.78
5023,ORD002886,PROD0128,4,0.0,327.84,86.76
5024,ORD002887,PROD0085,3,0.0,198.57,70.86
5025,ORD002888,PROD0040,3,0.15,1916.45,340.64
5026,ORD002889,PROD0026,3,0.1,1836.76,601.48
5027,ORD002890,PROD0022,1,0.0,650.02,198.39
5028,ORD002890,PROD0012,3,0.0,2555.7,1037.97
5029,ORD002890,PROD0056,5,0.05,1716.22,458.72
5030,ORD002891,PROD0060,2,0.0,1685.08,530.6
5031,ORD002892,PROD0045,1,0.0,525.79,158.96
5032,ORD002892,PROD0073,3,0.0,108.72,51.18
5033,ORD002893,PROD0133,4,0.0,937.88,438.0
5034,ORD002894,PROD0059,1,0.1,88.67,30.96
5035,ORD002894,PROD0071,2,0.1,179.12,44.48
5036,ORD002894,PROD0093,5,0.1,1104.84,316.09
5037,ORD002894,PROD0110,1,0.0,20.19,5.26
5038,ORD002895,PROD0048,1,0.0,116.32,29.56
5039,ORD002896,PROD0133,2,0.05,445.49,195.55
5040,ORD002897,PROD0083,1,0.05,12.92,5.36
5041,ORD002897,PROD0128,2,0.05,155.72,35.18
5042,ORD002897,PROD0101,4,0.1,591.73,217.25
5043,ORD002898,PROD0008,5,0.0,958.2,423.5
5044,ORD002898,PROD0023,2,0.15,2316.34,287.38
5045,ORD002899,PROD0121,4,0.0,124.32,44.64
5046,ORD002900,PROD0083,5,0.05,64.6,26.8
5047,ORD002900,PROD0139,1,0.0,159.77,68.8
5048,ORD002900,PROD0020,4,0.05,683.81,224.17
5049,ORD002901,PROD0017,2,0.1,103.55,37.15
5050,ORD002901,PROD0081,2,0.0,111.44,32.32
5051,ORD002902,PROD0029,3,0.2,591.5,220.55
5052,ORD002903,PROD0023,1,0.05,1294.42,279.94
5053,ORD002904,PROD0099,4,0.05,596.79,191.99
5054,ORD002904,PROD0138,1,0.1,161.94,68.27
5055,ORD002905,PROD0078,2,0.0,205.24,70.84
5056,ORD002905,PROD0089,1,0.0,48.34,14.3
5057,ORD002905,PROD0069,1,0.0,75.67,26.27
5058,ORD002906,PROD0107,5,0.0,282.85,81.15
5059,ORD002906,PROD0026,5,0.05,3231.33,1172.53
5060,ORD002907,PROD0062,1,0.2,28.4,7.06
5061,ORD002908,PROD0023,4,0.15,4632.67,574.75
5062,ORD002908,PROD0075,3,0.05,148.8,63.21
5063,ORD002909,PROD0092,2,0.0,132.94,61.84
5064,ORD002910,PROD0075,2,0.2,83.54,26.48
5065,ORD002911,PROD0021,2,0.0,2374.88,674.64
5066,ORD002911,PROD0072,2,0.15,127.36,27.26
5067,ORD002911,PROD0078,5,0.0,513.1,177.1
5068,ORD002911,PROD0006,1,0.1,477.91,112.1
5069,ORD002912,PROD0016,3,0.05,3199.12,1248.76
5070,ORD002912,PROD0014,5,0.0,6035.9,1941.9
5071,ORD002912,PROD0027,2,0.0,1147.26,302.82
5072,ORD002912,PROD0120,3,0.0,381.48,113.16
5073,ORD002913,PROD0141,5,0.2,367.16,70.41
5074,ORD002913,PROD0103,3,0.0,673.98,259.74
5075,ORD002913,PROD0050,1,0.15,75.35,25.29
5076,ORD002914,PROD0069,4,0.15,257.28,59.68
5077,ORD002914,PROD0092,2,0.0,132.94,61.84
5078,ORD002914,PROD0111,1,0.05,253.65,100.0
5079,ORD002915,PROD0127,4,0.0,293.28,102.56
5080,ORD002915,PROD0026,2,0.0,1360.56,537.04
5081,ORD002916,PROD0027,5,0.15,2437.93,326.83
5082,ORD002917,PROD0061,3,0.0,212.13,88.5
5083,ORD002917,PROD0037,1,0.0,897.76,408.5
5084,ORD002918,PROD0037,1,0.05,852.87,363.61
5085,ORD002919,PROD0008,5,0.1,862.38,327.68
5086,ORD002920,PROD0014,1,0.0,1207.18,388.38
5087,ORD002921,PROD0098,3,0.0,269.73,86.88
5088,ORD002922,PROD0057,1,0.0,365.61,173.88
5089,ORD002922,PROD0051,4,0.2,1720.16,275.4
5090,ORD002923,PROD0050,3,0.0,265.95,115.77
5091,ORD002924,PROD0073,1,0.05,34.43,15.25
5092,ORD002924,PROD0021,4,0.05,4512.27,1111.79
5093,ORD002925,PROD0105,5,0.0,1455.4,427.6
5094,ORD002926,PROD0035,1,0.1,649.1,229.73
5095,ORD002927,PROD0125,2,0.05,354.44,135.1
5096,ORD002928,PROD0074,4,0.0,264.76,104.68
5097,ORD002928,PROD0131,1,0.0,105.68,46.47
5098,ORD002928,PROD0132,1,0.15,26.94,4.05
5099,ORD002929,PROD0118,4,0.15,522.78,180.06
5100,ORD002929,PROD0008,5,0.0,958.2,423.5
5101,ORD002930,PROD0023,4,0.0,5450.2,1392.28
5102,ORD002930,PROD0068,5,0.0,418.9,158.2
5103,ORD002931,PROD0033,4,0.0,1891.16,861.6
5104,ORD002932,PROD0025,2,0.0,973.28,366.66
5105,ORD002932,PROD0069,4,0.05,287.55,89.95
5106,ORD002932,PROD0029,1,0.0,246.46,122.81
5107,ORD002932,PROD0071,3,0.05,283.6,81.64
5108,ORD002933,PROD0132,4,0.05,120.42,28.86
5109,ORD002933,PROD0063,4,0.0,321.8,126.12
5110,ORD002934,PROD0077,5,0.15,120.53,39.38
5111,ORD002934,PROD0016,3,0.0,3367.5,1417.14
5112,ORD002934,PROD0147,5,0.0,995.0,318.2
5113,ORD002935,PROD0012,2,0.0,1703.8,691.98
5114,ORD002936,PROD0125,5,0.05,886.11,337.76
5115,ORD002936,PROD0059,2,0.0,197.04,81.62
5116,ORD002937,PROD0119,5,0.0,244.5,99.8
5117,ORD002938,PROD0102,4,0.1,1029.85,364.09
5118,ORD002938,PROD0068,3,0.2,201.07,44.65
5119,ORD002939,PROD0067,3,0.0,150.72,67.92
5120,ORD002940,PROD0123,4,0.2,739.78,134.98
5121,ORD002941,PROD0143,5,0.05,344.14,79.29
5122,ORD002942,PROD0007,5,0.0,5500.2,2061.5
5123,ORD002943,PROD0029,1,0.0,246.46,122.81
5124,ORD002944,PROD0123,4,0.05,878.48,273.68
5125,ORD002944,PROD0139,1,0.0,159.77,68.8
5126,ORD002944,PROD0047,3,0.0,1857.69,763.98
5127,ORD002945,PROD0013,2,0.0,1799.04,728.58
5128,ORD002946,PROD0007,3,0.05,3135.11,1071.89
5129,ORD002946,PROD0062,5,0.0,177.5,70.8
5130,ORD002947,PROD0084,5,0.05,455.43,147.93
5131,ORD002948,PROD0083,2,0.0,27.2,12.08
5132,ORD002948,PROD0037,1,0.05,852.87,363.61
5133,ORD002949,PROD0101,2,0.0,328.74,141.5
5134,ORD002949,PROD0043,1,0.0,892.37,339.27
5135,ORD002950,PROD0134,2,0.0,201.74,66.42
5136,ORD002951,PROD0088,3,0.05,121.84,25.66
5137,ORD002952,PROD0033,5,0.1,2127.56,840.61
5138,ORD002952,PROD0008,3,0.05,546.17,225.35
5139,ORD002953,PROD0114,4,0.0,560.72,267.56
5140,ORD002954,PROD0122,3,0.1,319.73,77.93
5141,ORD002954,PROD0028,3,0.1,2076.06,567.06
5142,ORD002955,PROD0137,3,0.05,234.61,67.12
5143,ORD002955,PROD0128,4,0.05,311.45,70.37
5144,ORD002956,PROD0104,5,0.0,1290.15,388.45
5145,ORD002957,PROD0055,3,0.05,2170.79,611.15
5146,ORD002957,PROD0133,3,0.0,703.41,328.5
5147,ORD002957,PROD0065,3,0.15,26.75,9.32
5148,ORD002958,PROD0078,5,0.0,513.1,177.1
5149,ORD002958,PROD0014,2,0.0,2414.36,776.76
5150,ORD002959,PROD0107,5,0.1,254.57,52.87
5151,ORD002960,PROD0091,5,0.05,1011.56,249.96
5152,ORD002961,PROD0064,5,0.05,508.92,180.87
5153,ORD002961,PROD0054,3,0.0,497.19,196.89
5154,ORD002962,PROD0074,5,0.0,330.95,130.85
5155,ORD002962,PROD0046,1,0.05,538.58,125.51
5156,ORD002962,PROD0138,1,0.15,152.94,59.27
5157,ORD002962,PROD0101,1,0.0,164.37,70.75
5158,ORD002963,PROD0116,3,0.0,496.32,192.93
5159,ORD002963,PROD0050,4,0.0,354.6,154.36
5160,ORD002963,PROD0002,4,0.1,3615.34,1426.7
5161,ORD002964,PROD0101,1,0.0,164.37,70.75
5162,ORD002964,PROD0030,1,0.0,1270.34,514.52
5163,ORD002965,PROD0051,4,0.15,1827.67,382.91
5164,ORD002965,PROD0009,2,0.1,1669.48,457.32
5165,ORD002965,PROD0079,2,0.05,120.29,50.81
5166,ORD002966,PROD0014,3,0.0,3621.54,1165.14
5167,ORD002967,PROD0066,4,0.0,294.04,88.24
5168,ORD002968,PROD0068,5,0.0,418.9,158.2
5169,ORD002969,PROD0129,4,0.2,202.5,37.54
5170,ORD002970,PROD0023,1,0.15,1158.17,143.69
5171,ORD002971,PROD0065,3,0.1,28.32,10.89
5172,ORD002971,PROD0082,5,0.0,95.45,47.0
5173,ORD002971,PROD0078,3,0.05,292.47,90.87
5174,ORD002972,PROD0086,1,0.0,100.56,41.06
5175,ORD002973,PROD0014,2,0.0,2414.36,776.76
5176,ORD002974,PROD0114,2,0.15,238.31,91.73
5177,ORD002974,PROD0113,2,0.0,69.0,23.7
5178,ORD002974,PROD0045,2,0.0,1051.58,317.92
5179,ORD002975,PROD0101,4,0.0,657.48,283.0
5180,ORD002976,PROD0107,4,0.1,203.65,42.29
5181,ORD002977,PROD0108,4,0.1,118.3,32.02
5182,ORD002977,PROD0107,5,0.1,254.57,52.87
5183,ORD002978,PROD0050,3,0.1,239.36,89.18
5184,ORD002978,PROD0002,2,0.05,1908.09,813.77
5185,ORD002979,PROD0001,1,0.0,1042.42,448.14
5186,ORD002979,PROD0018,1,0.05,188.33,84.88
5187,ORD002980,PROD0080,3,0.0,196.8,74.04
5188,ORD002981,PROD0055,3,0.0,2285.04,725.4
5189,ORD002981,PROD0120,3,0.0,381.48,113.16
5190,ORD002981,PROD0070,2,0.05,91.71,23.03
5191,ORD002981,PROD0072,3,0.15,191.05,40.9
5192,ORD002982,PROD0068,5,0.15,356.06,95.36
5193,ORD002982,PROD0091,4,0.0,851.84,242.56
5194,ORD002982,PROD0005,2,0.0,1743.42,501.48
5195,ORD002983,PROD0076,2,0.0,172.56,58.44
5196,ORD002983,PROD0037,2,0.05,1705.74,727.22
5197,ORD002983,PROD0008,2,0.05,364.12,150.24
5198,ORD002984,PROD0076,2,0.0,172.56,58.44
5199,ORD002985,PROD0021,2,0.15,2018.65,318.41
5200,ORD002986,PROD0068,3,0.0,251.34,94.92
5201,ORD002987,PROD0075,1,0.05,49.6,21.07
5202,ORD002987,PROD0062,4,0.1,127.8,42.44
5203,ORD002988,PROD0063,4,0.15,273.53,77.85
5204,ORD002988,PROD0120,2,0.1,228.89,50.01
5205,ORD002988,PROD0070,5,0.05,229.28,57.58
5206,ORD002989,PROD0116,1,0.0,165.44,64.31
5207,ORD002990,PROD0031,1,0.15,301.31,51.8
5208,ORD002991,PROD0020,5,0.05,854.76,280.21
5209,ORD002992,PROD0111,2,0.0,534.0,226.7
5210,ORD002993,PROD0039,2,0.0,879.06,375.5
5211,ORD002993,PROD0108,5,0.0,164.3,56.45
5212,ORD002993,PROD0083,1,0.15,11.56,4.0
5213,ORD002994,PROD0038,1,0.0,861.46,331.31
5214,ORD002994,PROD0016,2,0.2,1796.0,495.76
5215,ORD002994,PROD0024,2,0.0,591.8,239.58
5216,ORD002995,PROD0025,4,0.15,1654.58,441.34
5217,ORD002996,PROD0080,4,0.1,236.16,72.48
5218,ORD002996,PROD0112,1,0.1,182.95,68.59
5219,ORD002996,PROD0109,4,0.05,208.2,51.64
5220,ORD002997,PROD0124,3,0.0,106.11,50.4
5221,ORD002998,PROD0083,2,0.15,23.12,8.0
5222,ORD002998,PROD0056,1,0.0,361.31,109.81
5223,ORD002998,PROD0124,5,0.0,176.85,84.0
5224,ORD002999,PROD0015,4,0.05,1039.76,297.8
5225,ORD003000,PROD0093,1,0.0,245.52,87.77
5226,ORD003000,PROD0017,3,0.05,163.96,64.36
5227,ORD003000,PROD0133,5,0.1,1055.12,430.27
5228,ORD003001,PROD0036,5,0.0,1896.55,506.35
5229,ORD003002,PROD0082,2,0.15,32.45,13.07
5230,ORD003002,PROD0027,4,0.0,2294.52,605.64
5231,ORD003003,PROD0029,1,0.1,221.81,98.16
5232,ORD003003,PROD0104,1,0.0,258.03,77.69
5233,ORD003004,PROD0118,5,0.0,768.8,340.4
5234,ORD003005,PROD0012,3,0.2,2044.56,526.83
5235,ORD003006,PROD0136,5,0.0,121.8,59.05
5236,ORD003006,PROD0033,1,0.0,472.79,215.4
5237,ORD003006,PROD0126,1,0.15,170.76,57.86
5238,ORD003007,PROD0132,2,0.05,60.21,14.43
5239,ORD003007,PROD0145,3,0.0,129.21,41.73
5240,ORD003008,PROD0085,3,0.0,198.57,70.86
5241,ORD003008,PROD0079,3,0.1,170.94,66.72
5242,ORD003009,PROD0074,1,0.0,66.19,26.17
5243,ORD003010,PROD0027,4,0.1,2065.07,376.19
5244,ORD003011,PROD0115,2,0.0,159.52,76.66
5245,ORD003011,PROD0041,3,0.15,495.03,159.75
5246,ORD003012,PROD0073,2,0.0,72.48,34.12
5247,ORD003013,PROD0063,5,0.15,341.91,97.31
5248,ORD003013,PROD0038,4,0.1,3101.26,980.66
5249,ORD003013,PROD0086,2,0.15,170.95,51.95
5250,ORD003014,PROD0013,5,0.1,4047.84,1371.69
5251,ORD003015,PROD0076,3,0.0,258.84,87.66
5252,ORD003016,PROD0081,5,0.1,250.74,52.94
5253,ORD003017,PROD0063,3,0.0,241.35,94.59
5254,ORD003017,PROD0121,4,0.0,124.32,44.64
5255,ORD003018,PROD0063,5,0.05,382.14,137.54
5256,ORD003018,PROD0074,5,0.05,314.4,114.3
5257,ORD003018,PROD0135,1,0.05,17.97,8.19
5258,ORD003019,PROD0125,4,0.0,746.2,307.52
5259,ORD003020,PROD0114,4,0.0,560.72,267.56
5260,ORD003020,PROD0088,2,0.0,85.5,21.38
5261,ORD003020,PROD0078,5,0.1,461.79,125.79
5262,ORD003021,PROD0050,4,0.15,301.41,101.17
5263,ORD003022,PROD0024,2,0.15,503.03,150.81
5264,ORD003022,PROD0071,5,0.0,497.55,160.95
5265,ORD003023,PROD0073,3,0.05,103.28,45.74
5266,ORD003023,PROD0094,2,0.1,336.82,133.94
5267,ORD003023,PROD0142,2,0.0,175.78,68.66
5268,ORD003024,PROD0077,2,0.0,56.72,24.26
5269,ORD003024,PROD0024,3,0.0,887.7,359.37
5270,ORD003025,PROD0019,4,0.0,3430.52,1275.76
5271,ORD003025,PROD0137,2,0.05,156.41,44.75
5272,ORD003025,PROD0112,3,0.1,548.86,205.78
5273,ORD003026,PROD0008,4,0.0,766.56,338.8
5274,ORD003027,PROD0038,4,0.0,3445.84,1325.24
5275,ORD003027,PROD0071,5,0.1,447.8,111.2
5276,ORD003027,PROD0121,2,0.0,62.16,22.32
5277,ORD003028,PROD0079,3,0.05,180.43,76.21
5278,ORD003029,PROD0101,3,0.0,493.11,212.25
5279,ORD003029,PROD0018,2,0.1,356.83,149.93
5280,ORD003030,PROD0076,1,0.0,86.28,29.22
5281,ORD003030,PROD0036,5,0.05,1801.72,411.52
5282,ORD003031,PROD0114,2,0.0,280.36,133.78
5283,ORD003031,PROD0054,1,0.0,165.73,65.63
5284,ORD003032,PROD0085,2,0.1,119.14,34.0
5285,ORD003032,PROD0065,3,0.1,28.32,10.89
5286,ORD003032,PROD0009,5,0.05,4405.58,1375.18
5287,ORD003033,PROD0045,5,0.0,2628.95,794.8
5288,ORD003033,PROD0014,4,0.05,4587.28,1312.08
5289,ORD003034,PROD0083,3,0.15,34.68,12.0
5290,ORD003034,PROD0124,1,0.1,31.83,13.26
5291,ORD003034,PROD0135,1,0.05,17.97,8.19
5292,ORD003034,PROD0132,3,0.05,90.32,21.65
5293,ORD003035,PROD0117,3,0.1,671.73,114.15
5294,ORD003036,PROD0145,1,0.1,38.76,9.6
5295,ORD003036,PROD0024,2,0.05,562.21,209.99
5296,ORD003037,PROD0142,4,0.05,333.98,119.74
5297,ORD003037,PROD0048,4,0.0,465.28,118.24
5298,ORD003037,PROD0066,3,0.05,209.5,55.15
5299,ORD003038,PROD0110,4,0.0,80.76,21.04
5300,ORD003038,PROD0064,4,0.1,385.7,123.26
5301,ORD003038,PROD0048,1,0.05,110.5,23.74
5302,ORD003038,PROD0146,2,0.0,107.0,28.0
5303,ORD003039,PROD0056,2,0.1,650.36,147.36
5304,ORD003040,PROD0056,1,0.0,361.31,109.81
5305,ORD003041,PROD0008,1,0.0,191.64,84.7
5306,ORD003041,PROD0044,5,0.0,2477.1,668.55
5307,ORD003042,PROD0066,3,0.1,198.48,44.13
5308,ORD003042,PROD0100,5,0.15,531.46,207.01
5309,ORD003042,PROD0018,5,0.1,892.08,374.83
5310,ORD003042,PROD0144,1,0.0,158.89,77.26
5311,ORD003043,PROD0121,4,0.05,118.1,38.42
5312,ORD003044,PROD0001,5,0.05,4951.49,1980.09
5313,ORD003044,PROD0096,1,0.05,55.06,15.21
5314,ORD003045,PROD0047,5,0.0,3096.15,1273.3
5315,ORD003046,PROD0086,4,0.0,402.24,164.24
5316,ORD003047,PROD0108,1,0.0,32.86,11.29
5317,ORD003048,PROD0063,2,0.05,152.85,55.01
5318,ORD003049,PROD0030,1,0.0,1270.34,514.52
5319,ORD003050,PROD0045,2,0.0,1051.58,317.92
5320,ORD003051,PROD0119,5,0.1,220.05,75.35
5321,ORD003051,PROD0039,3,0.05,1252.66,497.32
5322,ORD003051,PROD0098,2,0.15,152.85,30.95
5323,ORD003052,PROD0133,5,0.1,1055.12,430.27
5324,ORD003052,PROD0094,1,0.0,187.12,85.68
5325,ORD003053,PROD0014,2,0.1,2172.92,535.32
5326,ORD003053,PROD0129,4,0.15,215.15,50.19
5327,ORD003054,PROD0079,5,0.2,253.24,79.54
5328,ORD003055,PROD0130,5,0.15,358.91,142.01
5329,ORD003055,PROD0140,2,0.0,270.32,121.42
5330,ORD003055,PROD0056,4,0.0,1445.24,439.24
5331,ORD003056,PROD0122,1,0.15,100.66,20.06
5332,ORD003056,PROD0017,5,0.15,244.5,78.5
5333,ORD003057,PROD0078,2,0.0,205.24,70.84
5334,ORD003057,PROD0149,1,0.0,196.29,96.7
5335,ORD003058,PROD0033,1,0.0,472.79,215.4
5336,ORD003058,PROD0071,1,0.0,99.51,32.19
5337,ORD003058,PROD0081,5,0.1,250.74,52.94
5338,ORD003058,PROD0094,2,0.15,318.1,115.22
5339,ORD003059,PROD0127,5,0.1,329.94,91.54
5340,ORD003060,PROD0146,2,0.0,107.0,28.0
5341,ORD003061,PROD0115,5,0.0,398.8,191.65
5342,ORD003061,PROD0110,1,0.0,20.19,5.26
5343,ORD003061,PROD0028,4,0.0,3075.64,1063.64
5344,ORD003062,PROD0059,3,0.1,266.0,92.87
5345,ORD003063,PROD0036,5,0.05,1801.72,411.52
5346,ORD003063,PROD0075,3,0.0,156.63,71.04
5347,ORD003064,PROD0063,5,0.0,402.25,157.65
5348,ORD003065,PROD0017,5,0.05,273.27,107.27
5349,ORD003066,PROD0063,5,0.15,341.91,97.31
5350,ORD003066,PROD0056,2,0.05,686.49,183.49
5351,ORD003067,PROD0148,2,0.1,80.69,18.35
5352,ORD003067,PROD0022,1,0.2,520.02,68.39
5353,ORD003068,PROD0113,4,0.0,138.0,47.4
5354,ORD003069,PROD0090,5,0.0,476.6,210.05
5355,ORD003069,PROD0015,2,0.05,519.88,148.9
5356,ORD003069,PROD0121,3,0.05,88.58,28.82
5357,ORD003070,PROD0028,2,0.0,1537.82,531.82
5358,ORD003071,PROD0081,2,0.0,111.44,32.32
5359,ORD003071,PROD0087,2,0.05,133.19,28.39
5360,ORD003072,PROD0077,1,0.1,25.52,9.29
5361,ORD003072,PROD0035,3,0.15,1839.11,581.0
5362,ORD003073,PROD0080,4,0.0,262.4,98.72
5363,ORD003073,PROD0139,4,0.0,639.08,275.2
5364,ORD003074,PROD0049,3,0.0,2618.37,1092.12
5365,ORD003075,PROD0097,4,0.0,1191.6,337.52
5366,ORD003075,PROD0024,1,0.05,281.1,104.99
5367,ORD003076,PROD0089,4,0.0,193.36,57.2
5368,ORD003077,PROD0126,5,0.0,1004.5,440.0
5369,ORD003077,PROD0014,3,0.0,3621.54,1165.14
5370,ORD003078,PROD0072,5,0.1,337.14,86.89
5371,ORD003078,PROD0130,1,0.0,84.45,41.07
5372,ORD003078,PROD0109,2,0.0,109.58,31.3
5373,ORD003079,PROD0098,3,0.0,269.73,86.88
5374,ORD003079,PROD0097,5,0.05,1415.02,347.42
5375,ORD003079,PROD0095,5,0.0,505.05,218.75
5376,ORD003080,PROD0128,5,0.0,409.8,108.45
5377,ORD003080,PROD0078,3,0.0,307.86,106.26
5378,ORD003081,PROD0069,5,0.1,340.52,93.52
5379,ORD003082,PROD0119,2,0.0,97.8,39.92
5380,ORD003083,PROD0011,4,0.0,4744.56,1837.88
5381,ORD003084,PROD0143,3,0.05,206.48,47.57
5382,ORD003085,PROD0133,5,0.0,1172.35,547.5
5383,ORD003086,PROD0002,5,0.0,5021.3,2285.5
5384,ORD003087,PROD0003,5,0.05,6859.62,2189.62
5385,ORD003087,PROD0136,2,0.15,41.41,16.31
5386,ORD003088,PROD0092,3,0.05,189.44,82.79
5387,ORD003089,PROD0058,5,0.1,1536.8,554.85
5388,ORD003090,PROD0035,1,0.05,685.16,265.79
5389,ORD003090,PROD0043,4,0.2,2855.58,643.18
5390,ORD003090,PROD0077,2,0.0,56.72,24.26
5391,ORD003091,PROD0032,3,0.15,488.63,155.12
5392,ORD003092,PROD0107,3,0.1,152.74,31.72
5393,ORD003093,PROD0102,5,0.15,1215.8,383.6
5394,ORD003094,PROD0114,2,0.0,280.36,133.78
5395,ORD003095,PROD0133,3,0.0,703.41,328.5
5396,ORD003096,PROD0078,4,0.2,328.38,59.58
5397,ORD003096,PROD0012,3,0.0,2555.7,1037.97
5398,ORD003097,PROD0068,4,0.15,284.85,76.29
5399,ORD003097,PROD0081,1,0.05,52.93,13.37
5400,ORD003098,PROD0019,1,0.0,857.63,318.94
5401,ORD003099,PROD0007,3,0.15,2805.1,741.88
5402,ORD003100,PROD0044,3,0.0,1486.26,401.13
5403,ORD003101,PROD0019,5,0.15,3644.93,951.48
5404,ORD003102,PROD0091,3,0.2,511.1,54.14
5405,ORD003103,PROD0070,3,0.0,144.81,41.79
5406,ORD003103,PROD0048,1,0.0,116.32,29.56
5407,ORD003103,PROD0143,2,0.0,144.9,38.96
5408,ORD003104,PROD0099,4,0.15,533.97,129.17
5409,ORD003104,PROD0147,2,0.0,398.0,127.28
5410,ORD003105,PROD0097,2,0.0,595.8,168.76
5411,ORD003106,PROD0143,3,0.0,217.35,58.44
5412,ORD003107,PROD0032,4,0.15,651.51,206.83
5413,ORD003108,PROD0067,3,0.0,150.72,67.92
5414,ORD003109,PROD0003,2,0.0,2888.26,1020.26
5415,ORD003110,PROD0081,2,0.0,111.44,32.32
5416,ORD003111,PROD0013,2,0.0,1799.04,728.58
5417,ORD003112,PROD0103,2,0.1,404.39,128.23
5418,ORD003113,PROD0076,1,0.1,77.65,20.59
5419,ORD003113,PROD0108,4,0.0,131.44,45.16
5420,ORD003114,PROD0097,1,0.15,253.21,39.69
5421,ORD003115,PROD0028,2,0.05,1460.93,454.93
5422,ORD003116,PROD0065,3,0.05,29.9,12.47
5423,ORD003117,PROD0052,3,0.05,1102.32,387.81
5424,ORD003118,PROD0111,3,0.0,801.0,340.05
5425,ORD003119,PROD0142,3,0.0,263.67,102.99
5426,ORD003120,PROD0049,1,0.2,698.23,189.48
5427,ORD003121,PROD0004,1,0.0,1396.87,593.92
5428,ORD003122,PROD0091,5,0.15,905.08,143.48
5429,ORD003122,PROD0024,1,0.0,295.9,119.79
5430,ORD003122,PROD0055,5,0.0,3808.4,1209.0
5431,ORD003123,PROD0126,4,0.0,803.6,352.0
5432,ORD003124,PROD0030,2,0.0,2540.68,1029.04
5433,ORD003125,PROD0018,3,0.0,594.72,284.37
5434,ORD003125,PROD0042,4,0.0,2665.96,807.08
5435,ORD003126,PROD0024,5,0.0,1479.5,598.95
5436,ORD003126,PROD0107,3,0.0,169.71,48.69
5437,ORD003127,PROD0149,3,0.0,588.87,290.1
5438,ORD003128,PROD0144,2,0.0,317.78,154.52
5439,ORD003129,PROD0146,1,0.05,50.82,11.32
5440,ORD003130,PROD0120,5,0.2,508.64,61.44
5441,ORD003130,PROD0038,4,0.15,2928.96,808.36
5442,ORD003131,PROD0138,2,0.1,323.87,136.53
5443,ORD003131,PROD0042,5,0.0,3332.45,1008.85
5444,ORD003132,PROD0108,4,0.0,131.44,45.16
5445,ORD003133,PROD0001,2,0.0,2084.84,896.28
5446,ORD003133,PROD0097,1,0.0,297.9,84.38
5447,ORD003134,PROD0002,4,0.0,4017.04,1828.4
5448,ORD003134,PROD0062,2,0.15,60.35,17.67
5449,ORD003135,PROD0086,5,0.0,502.8,205.3
5450,ORD003136,PROD0014,3,0.0,3621.54,1165.14
5451,ORD003136,PROD0006,4,0.0,2124.04,660.8
5452,ORD003136,PROD0018,3,0.15,505.51,195.16
5453,ORD003137,PROD0003,4,0.1,5198.87,1462.87
5454,ORD003137,PROD0065,2,0.05,19.93,8.31
5455,ORD003138,PROD0064,3,0.0,321.42,124.59
5456,ORD003138,PROD0137,4,0.0,329.28,105.96
5457,ORD003138,PROD0056,5,0.05,1716.22,458.72
5458,ORD003139,PROD0058,4,0.0,1366.04,580.48
5459,ORD003139,PROD0037,3,0.0,2693.28,1225.5
5460,ORD003140,PROD0033,1,0.05,449.15,191.76
5461,ORD003140,PROD0132,1,0.0,31.69,8.8
5462,ORD003141,PROD0116,2,0.05,314.34,112.08
5463,ORD003142,PROD0058,3,0.0,1024.53,435.36
5464,ORD003143,PROD0042,4,0.05,2532.66,673.78
5465,ORD003143,PROD0111,3,0.15,680.85,219.9
5466,ORD003144,PROD0116,3,0.1,446.69,143.3
5467,ORD003145,PROD0139,5,0.1,718.97,264.12
5468,ORD003145,PROD0074,5,0.1,297.86,97.76
5469,ORD003146,PROD0005,5,0.15,3704.77,599.92
5470,ORD003147,PROD0062,4,0.0,142.0,56.64
5471,ORD003147,PROD0014,5,0.0,6035.9,1941.9
5472,ORD003148,PROD0025,1,0.1,437.98,134.67
5473,ORD003148,PROD0052,1,0.0,386.78,148.61
5474,ORD003148,PROD0114,1,0.0,140.18,66.89
5475,ORD003149,PROD0032,5,0.05,910.19,354.34
5476,ORD003149,PROD0066,1,0.1,66.16,14.71
5477,ORD003150,PROD0110,5,0.15,85.81,11.16
5478,ORD003150,PROD0070,4,0.15,164.12,26.76
5479,ORD003151,PROD0088,5,0.05,203.06,42.76
5480,ORD003151,PROD0148,3,0.15,114.32,20.81
5481,ORD003151,PROD0093,1,0.1,220.97,63.22
5482,ORD003152,PROD0111,4,0.1,961.2,346.6
5483,ORD003153,PROD0063,5,0.0,402.25,157.65
5484,ORD003153,PROD0013,2,0.1,1619.14,548.68
5485,ORD003153,PROD0085,1,0.0,66.19,23.62
5486,ORD003153,PROD0093,5,0.0,1227.6,438.85
5487,ORD003154,PROD0031,1,0.05,336.76,87.25
5488,ORD003154,PROD0117,5,0.2,995.16,65.86
5489,ORD003155,PROD0041,3,0.15,495.03,159.75
5490,ORD003155,PROD0092,3,0.05,189.44,82.79
5491,ORD003156,PROD0136,5,0.05,115.71,52.96
5492,ORD003157,PROD0053,5,0.05,3069.26,1332.11
5493,ORD003157,PROD0084,2,0.1,172.58,49.58
5494,ORD003157,PROD0016,4,0.0,4490.0,1889.52
5495,ORD003158,PROD0111,5,0.15,1134.75,366.5
5496,ORD003159,PROD0036,2,0.1,682.76,126.68
5497,ORD003159,PROD0055,3,0.0,2285.04,725.4
5498,ORD003160,PROD0098,5,0.05,427.07,122.32
5499,ORD003161,PROD0028,1,0.1,692.02,189.02
5500,ORD003161,PROD0038,3,0.0,2584.38,993.93
5501,ORD003162,PROD0064,1,0.0,107.14,41.53
5502,ORD003163,PROD0072,1,0.0,74.92,24.87
5503,ORD003163,PROD0015,5,0.0,1368.1,440.65
5504,ORD003164,PROD0104,2,0.05,490.26,129.58
5505,ORD003165,PROD0040,4,0.0,3006.2,905.12
5506,ORD003166,PROD0049,5,0.1,3927.55,1383.8
5507,ORD003166,PROD0101,5,0.1,739.67,271.57
5508,ORD003167,PROD0090,2,0.0,190.64,84.02
5509,ORD003168,PROD0006,1,0.15,451.36,85.55
5510,ORD003169,PROD0105,5,0.0,1455.4,427.6
5511,ORD003169,PROD0104,4,0.1,928.91,207.55
5512,ORD003170,PROD0040,2,0.05,1427.94,377.4
5513,ORD003171,PROD0002,5,0.0,5021.3,2285.5
5514,ORD003171,PROD0020,3,0.0,539.85,195.12
5515,ORD003172,PROD0141,3,0.05,261.6,83.55
5516,ORD003172,PROD0082,4,0.0,76.36,37.6
5517,ORD003173,PROD0129,2,0.0,126.56,44.08
5518,ORD003174,PROD0048,4,0.0,465.28,118.24
5519,ORD003175,PROD0007,3,0.1,2970.11,906.89
5520,ORD003176,PROD0149,2,0.0,392.58,193.4
5521,ORD003177,PROD0033,2,0.1,851.02,336.24
5522,ORD003178,PROD0096,2,0.0,115.92,36.22
5523,ORD003179,PROD0046,4,0.2,1814.18,161.9
5524,ORD003179,PROD0091,4,0.0,851.84,242.56
5525,ORD003180,PROD0149,2,0.05,372.95,173.77
5526,ORD003181,PROD0049,1,0.1,785.51,276.76
5527,ORD003182,PROD0106,1,0.05,104.88,41.85
5528,ORD003183,PROD0150,3,0.05,393.61,159.22
5529,ORD003183,PROD0097,2,0.0,595.8,168.76
5530,ORD003183,PROD0034,3,0.0,956.97,312.21
5531,ORD003183,PROD0096,3,0.0,173.88,54.33
5532,ORD003184,PROD0090,2,0.05,181.11,74.49
5533,ORD003185,PROD0048,2,0.0,232.64,59.12
5534,ORD003186,PROD0021,4,0.0,4749.76,1349.28
5535,ORD003187,PROD0040,3,0.05,2141.92,566.11
5536,ORD003187,PROD0082,3,0.0,57.27,28.2
5537,ORD003187,PROD0045,5,0.1,2366.05,531.9
5538,ORD003188,PROD0104,2,0.15,438.65,77.97
5539,ORD003189,PROD0062,1,0.0,35.5,14.16
5540,ORD003189,PROD0021,4,0.0,4749.76,1349.28
5541,ORD003190,PROD0018,5,0.05,941.64,424.39
5542,ORD003190,PROD0119,1,0.05,46.45,17.51
5543,ORD003190,PROD0057,2,0.05,694.66,311.2
5544,ORD003191,PROD0105,5,0.05,1382.63,354.83
5545,ORD003192,PROD0030,3,0.0,3811.02,1543.56
5546,ORD003192,PROD0147,2,0.1,358.2,87.48
5547,ORD003192,PROD0096,3,0.05,165.19,45.64
5548,ORD003193,PROD0055,4,0.0,3046.72,967.2
5549,ORD003194,PROD0146,4,0.1,192.6,34.6
5550,ORD003195,PROD0014,1,0.1,1086.46,267.66
5551,ORD003195,PROD0023,3,0.1,3678.88,635.44
5552,ORD003195,PROD0043,1,0.0,892.37,339.27
5553,ORD003195,PROD0132,2,0.05,60.21,14.43
5554,ORD003196,PROD0092,5,0.0,332.35,154.6
5555,ORD003196,PROD0136,5,0.0,121.8,59.05
5556,ORD003196,PROD0108,3,0.2,78.86,14.15
5557,ORD003197,PROD0082,4,0.0,76.36,37.6
5558,ORD003198,PROD0029,3,0.0,739.38,368.43
5559,ORD003199,PROD0062,5,0.15,150.88,44.18
5560,ORD003199,PROD0134,3,0.0,302.61,99.63
5561,ORD003200,PROD0098,1,0.0,89.91,28.96
5562,ORD003200,PROD0113,2,0.0,69.0,23.7
5563,ORD003200,PROD0106,3,0.0,331.2,142.11
5564,ORD003201,PROD0018,3,0.0,594.72,284.37
5565,ORD003202,PROD0052,2,0.15,657.53,181.19
5566,ORD003202,PROD0139,5,0.0,798.85,344.0
5567,ORD003202,PROD0102,3,0.0,858.21,358.89
5568,ORD003203,PROD0081,3,0.0,167.16,48.48
5569,ORD003204,PROD0078,5,0.1,461.79,125.79
5570,ORD003204,PROD0145,3,0.0,129.21,41.73
5571,ORD003205,PROD0099,2,0.1,282.69,80.29
5572,ORD003206,PROD0089,4,0.1,174.02,37.86
5573,ORD003207,PROD0004,2,0.0,2793.74,1187.84
5574,ORD003207,PROD0009,3,0.05,2643.35,825.11
5575,ORD003207,PROD0041,4,0.0,776.52,329.48
5576,ORD003207,PROD0042,5,0.0,3332.45,1008.85
5577,ORD003208,PROD0086,5,0.0,502.8,205.3
5578,ORD003208,PROD0033,2,0.0,945.58,430.8
5579,ORD003208,PROD0082,1,0.2,15.27,5.58
5580,ORD003208,PROD0051,3,0.1,1451.38,367.81
5581,ORD003209,PROD0090,2,0.0,190.64,84.02
5582,ORD003210,PROD0112,5,0.0,1016.4,444.6
5583,ORD003210,PROD0103,2,0.0,449.32,173.16
5584,ORD003211,PROD0014,4,0.0,4828.72,1553.52
5585,ORD003212,PROD0047,4,0.0,2476.92,1018.64
5586,ORD003213,PROD0128,2,0.1,147.53,26.99
5587,ORD003214,PROD0011,2,0.0,2372.28,918.94
5588,ORD003215,PROD0105,1,0.05,276.53,70.97
5589,ORD003215,PROD0142,2,0.0,175.78,68.66
5590,ORD003216,PROD0111,3,0.0,801.0,340.05
5591,ORD003217,PROD0051,1,0.0,537.55,176.36
5592,ORD003218,PROD0094,5,0.2,748.48,241.28
5593,ORD003218,PROD0124,1,0.1,31.83,13.26
5594,ORD003218,PROD0083,2,0.05,25.84,10.72
5595,ORD003218,PROD0061,1,0.0,70.71,29.5
5596,ORD003219,PROD0042,2,0.0,1332.98,403.54
5597,ORD003219,PROD0126,1,0.0,200.9,88.0
5598,ORD003220,PROD0060,5,0.0,4212.7,1326.5
5599,ORD003220,PROD0147,1,0.05,189.05,53.69
5600,ORD003221,PROD0058,1,0.1,307.36,110.97
5601,ORD003222,PROD0126,3,0.1,542.43,203.73
5602,ORD003222,PROD0131,1,0.2,84.54,25.33
5603,ORD003222,PROD0041,1,0.05,184.42,72.66
5604,ORD003223,PROD0008,1,0.0,191.64,84.7
5605,ORD003223,PROD0130,1,0.0,84.45,41.07
5606,ORD003223,PROD0078,3,0.0,307.86,106.26
5607,ORD003223,PROD0041,1,0.2,155.3,43.54
5608,ORD003224,PROD0100,3,0.0,375.15,180.48
5609,ORD003225,PROD0059,2,0.0,197.04,81.62
5610,ORD003225,PROD0057,1,0.05,347.33,155.6
5611,ORD003225,PROD0043,1,0.0,892.37,339.27
5612,ORD003226,PROD0128,3,0.1,221.29,40.48
5613,ORD003226,PROD0094,2,0.2,299.39,96.51
5614,ORD003226,PROD0148,1,0.05,42.59,11.42
5615,ORD003227,PROD0037,4,0.15,3052.38,1095.34
5616,ORD003227,PROD0115,4,0.05,303.09,137.37
5617,ORD003227,PROD0076,2,0.05,163.93,49.81
5618,ORD003228,PROD0095,3,0.0,303.03,131.25
5619,ORD003228,PROD0131,2,0.0,211.36,92.94
5620,ORD003229,PROD0043,3,0.1,2409.4,750.1
5621,ORD003230,PROD0094,2,0.0,374.24,171.36
5622,ORD003230,PROD0132,3,0.1,85.56,16.89
5623,ORD003230,PROD0078,3,0.05,292.47,90.87
5624,ORD003230,PROD0050,3,0.0,265.95,115.77
5625,ORD003231,PROD0100,5,0.05,593.99,269.54
5626,ORD003232,PROD0025,5,0.15,2068.22,551.67
5627,ORD003232,PROD0001,1,0.0,1042.42,448.14
5628,ORD003232,PROD0062,4,0.05,134.9,49.54
5629,ORD003233,PROD0029,3,0.1,665.44,294.49
5630,ORD003233,PROD0055,5,0.15,3237.14,637.74
5631,ORD003234,PROD0077,5,0.05,134.71,53.56
5632,ORD003234,PROD0015,2,0.0,547.24,176.26
5633,ORD003235,PROD0053,1,0.05,613.85,266.42
5634,ORD003236,PROD0061,1,0.05,67.17,25.96
5635,ORD003237,PROD0040,5,0.2,3006.2,379.85
5636,ORD003237,PROD0136,5,0.0,121.8,59.05
5637,ORD003237,PROD0065,1,0.0,10.49,4.68
5638,ORD003238,PROD0137,1,0.0,82.32,26.49
5639,ORD003238,PROD0003,1,0.0,1444.13,510.13
5640,ORD003239,PROD0102,5,0.15,1215.8,383.6
5641,ORD003239,PROD0044,2,0.0,990.84,267.42
5642,ORD003240,PROD0132,2,0.1,57.04,11.26
5643,ORD003240,PROD0007,2,0.0,2200.08,824.6
5644,ORD003241,PROD0017,4,0.15,195.6,62.8
5645,ORD003242,PROD0149,2,0.05,372.95,173.77
5646,ORD003243,PROD0131,4,0.0,422.72,185.88
5647,ORD003244,PROD0112,1,0.2,162.62,48.26
5648,ORD003245,PROD0015,2,0.15,465.15,94.17
5649,ORD003245,PROD0050,3,0.15,226.06,75.88
5650,ORD003246,PROD0136,2,0.0,48.72,23.62
5651,ORD003247,PROD0096,4,0.0,231.84,72.44
5652,ORD003247,PROD0029,3,0.1,665.44,294.49
5653,ORD003248,PROD0024,5,0.0,1479.5,598.95
5654,ORD003249,PROD0042,5,0.1,2999.2,675.6
5655,ORD003249,PROD0066,5,0.2,294.04,36.79
5656,ORD003250,PROD0003,1,0.0,1444.13,510.13
5657,ORD003251,PROD0087,4,0.05,266.38,56.78
5658,ORD003251,PROD0011,2,0.1,2135.05,681.71
5659,ORD003251,PROD0129,2,0.05,120.23,37.75
5660,ORD003252,PROD0064,5,0.05,508.92,180.87
5661,ORD003253,PROD0130,4,0.1,304.02,130.5
5662,ORD003253,PROD0146,5,0.0,267.5,70.0
5663,ORD003254,PROD0116,3,0.0,496.32,192.93
5664,ORD003254,PROD0090,1,0.15,81.02,27.71
5665,ORD003255,PROD0140,4,0.2,432.51,134.71
5666,ORD003255,PROD0016,4,0.0,4490.0,1889.52
5667,ORD003256,PROD0070,5,0.05,229.28,57.58
5668,ORD003256,PROD0095,2,0.0,202.02,87.5
5669,ORD003256,PROD0103,1,0.15,190.96,52.88
5670,ORD003257,PROD0009,4,0.0,3709.96,1285.64
5671,ORD003258,PROD0027,3,0.0,1720.89,454.23
5672,ORD003258,PROD0020,5,0.05,854.76,280.21
5673,ORD003258,PROD0017,3,0.05,163.96,64.36
5674,ORD003259,PROD0022,5,0.2,2600.08,341.93
5675,ORD003260,PROD0096,2,0.05,110.12,30.42
5676,ORD003260,PROD0013,1,0.0,899.52,364.29
5677,ORD003260,PROD0114,2,0.0,280.36,133.78
5678,ORD003260,PROD0117,2,0.0,497.58,125.86
5679,ORD003261,PROD0108,4,0.15,111.72,25.44
5680,ORD003262,PROD0042,5,0.15,2832.58,508.98
5681,ORD003263,PROD0148,4,0.0,179.32,54.64
5682,ORD003264,PROD0003,2,0.0,2888.26,1020.26
5683,ORD003265,PROD0098,2,0.1,161.84,39.94
5684,ORD003266,PROD0083,5,0.0,68.0,30.2
5685,ORD003267,PROD0060,4,0.05,3201.65,892.69
5686,ORD003268,PROD0007,2,0.2,1760.06,384.58
5687,ORD003268,PROD0050,4,0.0,354.6,154.36
5688,ORD003268,PROD0065,5,0.0,52.45,23.4
5689,ORD003268,PROD0132,1,0.0,31.69,8.8
5690,ORD003269,PROD0129,4,0.0,253.12,88.16
5691,ORD003269,PROD0132,3,0.05,90.32,21.65
5692,ORD003269,PROD0113,2,0.0,69.0,23.7
5693,ORD003270,PROD0086,3,0.2,241.34,62.84
5694,ORD003270,PROD0138,1,0.0,179.93,86.26
5695,ORD003270,PROD0083,1,0.0,13.6,6.04
5696,ORD003271,PROD0120,2,0.05,241.6,62.72
5697,ORD003271,PROD0013,3,0.0,2698.56,1092.87
5698,ORD003272,PROD0076,1,0.05,81.97,24.91
5699,ORD003273,PROD0003,3,0.05,4115.77,1313.77
5700,ORD003273,PROD0044,3,0.05,1411.95,326.82
5701,ORD003273,PROD0137,4,0.0,329.28,105.96
5702,ORD003273,PROD0078,1,0.0,102.62,35.42
5703,ORD003274,PROD0007,3,0.0,3300.12,1236.9
5704,ORD003275,PROD0038,5,0.0,4307.3,1656.55
5705,ORD003276,PROD0026,1,0.1,612.25,200.49
5706,ORD003277,PROD0021,2,0.05,2256.14,555.9
5707,ORD003278,PROD0013,1,0.0,899.52,364.29
5708,ORD003278,PROD0043,2,0.0,1784.74,678.54
5709,ORD003279,PROD0063,3,0.0,241.35,94.59
5710,ORD003279,PROD0080,4,0.0,262.4,98.72
5711,ORD003279,PROD0054,3,0.0,497.19,196.89
5712,ORD003280,PROD0024,3,0.0,887.7,359.37
5713,ORD003280,PROD0010,1,0.2,1163.94,317.76
5714,ORD003280,PROD0053,3,0.05,1841.56,799.27
5715,ORD003281,PROD0025,4,0.2,1557.25,344.01
5716,ORD003281,PROD0081,3,0.0,167.16,48.48
5717,ORD003281,PROD0140,1,0.0,135.16,60.71
5718,ORD003281,PROD0137,1,0.0,82.32,26.49
5719,ORD003282,PROD0030,2,0.2,2032.54,520.9
5720,ORD003283,PROD0113,3,0.0,103.5,35.55
5721,ORD003283,PROD0012,5,0.2,3407.6,878.05
5722,ORD003283,PROD0045,1,0.0,525.79,158.96
5723,ORD003284,PROD0050,3,0.1,239.36,89.18
5724,ORD003285,PROD0132,4,0.05,120.42,28.86
5725,ORD003286,PROD0092,1,0.05,63.15,27.6
5726,ORD003287,PROD0060,4,0.15,2864.64,555.68
5727,ORD003287,PROD0058,4,0.2,1092.83,307.27
5728,ORD003288,PROD0144,1,0.2,127.11,45.48
5729,ORD003289,PROD0049,4,0.15,2967.49,932.49
5730,ORD003290,PROD0051,3,0.1,1451.38,367.81
5731,ORD003290,PROD0101,3,0.0,493.11,212.25
5732,ORD003290,PROD0096,1,0.05,55.06,15.21
5733,ORD003291,PROD0050,3,0.0,265.95,115.77
5734,ORD003291,PROD0124,4,0.2,113.18,38.9
5735,ORD003292,PROD0150,5,0.05,656.02,265.37
5736,ORD003292,PROD0126,3,0.2,482.16,143.46
5737,ORD003293,PROD0048,3,0.1,314.06,53.78
5738,ORD003294,PROD0017,4,0.15,195.6,62.8
5739,ORD003295,PROD0057,1,0.0,365.61,173.88
5740,ORD003295,PROD0065,3,0.1,28.32,10.89
5741,ORD003296,PROD0092,3,0.0,199.41,92.76
5742,ORD003297,PROD0059,1,0.2,78.82,21.11
5743,ORD003297,PROD0108,3,0.1,88.72,24.01
5744,ORD003298,PROD0015,1,0.0,273.62,88.13
5745,ORD003299,PROD0020,2,0.05,341.9,112.08
5746,ORD003300,PROD0128,2,0.0,163.92,43.38
5747,ORD003301,PROD0026,2,0.0,1360.56,537.04
5748,ORD003302,PROD0141,5,0.1,413.06,116.31
5749,ORD003303,PROD0068,3,0.05,238.77,82.35
5750,ORD003303,PROD0005,4,0.05,3312.5,828.62
5751,ORD003304,PROD0096,1,0.0,57.96,18.11
5752,ORD003305,PROD0033,1,0.0,472.79,215.4
5753,ORD003306,PROD0081,3,0.0,167.16,48.48
5754,ORD003306,PROD0024,3,0.0,887.7,359.37
5755,ORD003306,PROD0123,2,0.0,462.36,159.96
5756,ORD003307,PROD0025,1,0.0,486.64,183.33
5757,ORD003307,PROD0035,5,0.0,3606.1,1509.25
5758,ORD003308,PROD0019,2,0.0,1715.26,637.88
5759,ORD003309,PROD0112,4,0.0,813.12,355.68
5760,ORD003309,PROD0109,1,0.0,54.79,15.65
5761,ORD003309,PROD0003,1,0.2,1155.3,221.3
5762,ORD003310,PROD0106,5,0.1,496.8,181.65
5763,ORD003310,PROD0061,5,0.05,335.87,129.82
5764,ORD003311,PROD0101,3,0.0,493.11,212.25
5765,ORD003312,PROD0064,4,0.1,385.7,123.26
5766,ORD003313,PROD0055,4,0.1,2742.05,662.53
5767,ORD003313,PROD0145,5,0.1,193.81,48.01
5768,ORD003314,PROD0025,1,0.1,437.98,134.67
5769,ORD003314,PROD0107,1,0.15,48.08,7.74
5770,ORD003315,PROD0108,2,0.1,59.15,16.01
5771,ORD003315,PROD0064,3,0.05,305.35,108.52
5772,ORD003315,PROD0136,5,0.2,97.44,34.69
5773,ORD003316,PROD0044,3,0.0,1486.26,401.13
5774,ORD003316,PROD0080,3,0.1,177.12,54.36
5775,ORD003317,PROD0135,3,0.15,48.25,18.91
5776,ORD003317,PROD0011,1,0.05,1126.83,400.16
5777,ORD003317,PROD0007,1,0.0,1100.04,412.3
5778,ORD003318,PROD0129,5,0.0,316.4,110.2
5779,ORD003319,PROD0058,2,0.05,648.87,256.09
5780,ORD003320,PROD0108,5,0.1,147.87,40.02
5781,ORD003320,PROD0025,4,0.0,1946.56,733.32
5782,ORD003320,PROD0003,4,0.05,5487.69,1751.69
5783,ORD003321,PROD0130,1,0.15,71.78,28.4
5784,ORD003322,PROD0119,5,0.0,244.5,99.8
5785,ORD003323,PROD0122,2,0.0,236.84,75.64
5786,ORD003323,PROD0110,2,0.05,38.36,8.5
5787,ORD003323,PROD0097,5,0.05,1415.02,347.42
5788,ORD003323,PROD0014,4,0.0,4828.72,1553.52
5789,ORD003324,PROD0071,2,0.0,199.02,64.38
5790,ORD003325,PROD0116,4,0.05,628.67,224.15
5791,ORD003326,PROD0145,2,0.1,77.53,19.21
5792,ORD003326,PROD0051,5,0.0,2687.75,881.8
5793,ORD003326,PROD0110,5,0.0,100.95,26.3
5794,ORD003327,PROD0092,5,0.0,332.35,154.6
5795,ORD003327,PROD0103,2,0.05,426.85,150.69
5796,ORD003327,PROD0013,3,0.0,2698.56,1092.87
5797,ORD003328,PROD0145,4,0.2,137.82,21.18
5798,ORD003329,PROD0081,4,0.05,211.74,53.5
5799,ORD003329,PROD0074,4,0.05,251.52,91.44
5800,ORD003329,PROD0126,4,0.05,763.42,311.82
5801,ORD003330,PROD0085,4,0.0,264.76,94.48
5802,ORD003331,PROD0101,3,0.0,493.11,212.25
5803,ORD003331,PROD0093,5,0.05,1166.22,377.47
5804,ORD003332,PROD0132,3,0.05,90.32,21.65
5805,ORD003332,PROD0024,2,0.0,591.8,239.58
5806,ORD003332,PROD0041,1,0.1,174.72,62.96
5807,ORD003333,PROD0047,2,0.0,1238.46,509.32
5808,ORD003333,PROD0081,1,0.0,55.72,16.16
5809,ORD003333,PROD0011,1,0.0,1186.14,459.47
5810,ORD003334,PROD0094,5,0.1,842.04,334.84
5811,ORD003334,PROD0125,2,0.0,373.1,153.76
5812,ORD003334,PROD0050,2,0.1,159.57,59.45
5813,ORD003334,PROD0128,1,0.05,77.86,17.59
5814,ORD003335,PROD0055,3,0.05,2170.79,611.15
5815,ORD003335,PROD0025,3,0.05,1386.92,476.99
5816,ORD003336,PROD0026,1,0.1,612.25,200.49
5817,ORD003337,PROD0089,1,0.0,48.34,14.3
5818,ORD003337,PROD0115,2,0.0,159.52,76.66
5819,ORD003337,PROD0086,1,0.0,100.56,41.06
5820,ORD003338,PROD0018,3,0.1,535.25,224.9
5821,ORD003339,PROD0046,3,0.0,1700.79,461.58
5822,ORD003339,PROD0108,2,0.0,65.72,22.58
5823,ORD003339,PROD0148,5,0.15,190.53,34.68
5824,ORD003339,PROD0115,2,0.0,159.52,76.66
5825,ORD003340,PROD0150,1,0.1,124.3,46.17
5826,ORD003341,PROD0077,4,0.0,113.44,48.52
5827,ORD003342,PROD0078,5,0.1,461.79,125.79
5828,ORD003343,PROD0120,1,0.0,127.16,37.72
5829,ORD003344,PROD0045,1,0.0,525.79,158.96
5830,ORD003345,PROD0052,4,0.0,1547.12,594.44
5831,ORD003345,PROD0044,1,0.0,495.42,133.71
5832,ORD003345,PROD0034,5,0.0,1594.95,520.35
5833,ORD003346,PROD0123,3,0.0,693.54,239.94
5834,ORD003346,PROD0111,2,0.0,534.0,226.7
5835,ORD003347,PROD0026,5,0.0,3401.4,1342.6
5836,ORD003348,PROD0147,2,0.0,398.0,127.28
5837,ORD003349,PROD0112,3,0.1,548.86,205.78
5838,ORD003349,PROD0020,4,0.1,647.82,188.18
5839,ORD003350,PROD0117,1,0.0,248.79,62.93
5840,ORD003351,PROD0105,5,0.0,1455.4,427.6
5841,ORD003352,PROD0072,4,0.05,284.7,84.5
5842,ORD003352,PROD0006,2,0.0,1062.02,330.4
5843,ORD003352,PROD0150,1,0.0,138.11,59.98
5844,ORD003353,PROD0139,2,0.05,303.56,121.62
5845,ORD003354,PROD0022,3,0.1,1755.05,400.16
5846,ORD003354,PROD0114,3,0.05,399.51,179.64
5847,ORD003354,PROD0145,3,0.1,116.29,28.81
5848,ORD003355,PROD0044,2,0.05,941.3,217.88
5849,ORD003356,PROD0001,4,0.05,3961.2,1584.08
5850,ORD003356,PROD0116,4,0.2,529.41,124.89
5851,ORD003357,PROD0045,5,0.1,2366.05,531.9
5852,ORD003358,PROD0079,4,0.0,253.24,114.28
5853,ORD003359,PROD0057,4,0.05,1389.32,622.4
5854,ORD003359,PROD0016,2,0.0,2245.0,944.76
5855,ORD003360,PROD0037,2,0.15,1526.19,547.67
5856,ORD003360,PROD0109,2,0.1,98.62,20.34
5857,ORD003360,PROD0083,4,0.0,54.4,24.16
5858,ORD003361,PROD0036,2,0.0,758.62,202.54
5859,ORD003362,PROD0083,4,0.05,51.68,21.44
5860,ORD003362,PROD0005,4,0.15,2963.81,479.93
5861,ORD003363,PROD0040,5,0.15,3194.09,567.74
5862,ORD003363,PROD0022,5,0.2,2600.08,341.93
5863,ORD003364,PROD0014,1,0.05,1146.82,328.02
5864,ORD003365,PROD0135,3,0.0,56.76,27.42
5865,ORD003365,PROD0100,1,0.05,118.8,53.91
5866,ORD003366,PROD0085,2,0.0,132.38,47.24
5867,ORD003366,PROD0115,5,0.0,398.8,191.65
5868,ORD003367,PROD0010,5,0.15,6183.45,1952.55
5869,ORD003367,PROD0144,4,0.2,508.45,181.93
5870,ORD003367,PROD0086,1,0.0,100.56,41.06
5871,ORD003368,PROD0070,4,0.0,193.08,55.72
5872,ORD003368,PROD0119,4,0.05,185.82,70.06
5873,ORD003369,PROD0041,3,0.0,582.39,247.11
5874,ORD003370,PROD0061,5,0.1,318.19,112.14
5875,ORD003370,PROD0051,1,0.0,537.55,176.36
5876,ORD003370,PROD0150,5,0.0,690.55,299.9
5877,ORD003371,PROD0013,4,0.1,3238.27,1097.35
5878,ORD003372,PROD0035,2,0.0,1442.44,603.7
5879,ORD003372,PROD0101,2,0.0,328.74,141.5
5880,ORD003373,PROD0103,1,0.1,202.19,64.11
5881,ORD003374,PROD0141,4,0.0,367.16,129.76
5882,ORD003374,PROD0108,1,0.2,26.29,4.72
5883,ORD003374,PROD0070,1,0.0,48.27,13.93
5884,ORD003375,PROD0111,5,0.15,1134.75,366.5
5885,ORD003376,PROD0009,5,0.0,4637.45,1607.05
5886,ORD003377,PROD0144,2,0.15,270.11,106.85
5887,ORD003378,PROD0080,1,0.0,65.6,24.68
5888,ORD003378,PROD0107,2,0.0,113.14,32.46
5889,ORD003378,PROD0098,2,0.1,161.84,39.94
5890,ORD003378,PROD0119,5,0.1,220.05,75.35
5891,ORD003379,PROD0067,3,0.0,150.72,67.92
5892,ORD003379,PROD0025,4,0.0,1946.56,733.32
5893,ORD003379,PROD0018,1,0.0,198.24,94.79
5894,ORD003379,PROD0007,5,0.0,5500.2,2061.5
5895,ORD003380,PROD0040,1,0.15,638.82,113.55
5896,ORD003381,PROD0139,2,0.0,319.54,137.6
5897,ORD003382,PROD0038,1,0.15,732.24,202.09
5898,ORD003382,PROD0003,3,0.05,4115.77,1313.77
5899,ORD003382,PROD0137,2,0.0,164.64,52.98
5900,ORD003383,PROD0005,3,0.0,2615.13,752.22
5901,ORD003384,PROD0074,4,0.0,264.76,104.68
5902,ORD003385,PROD0079,2,0.15,107.63,38.15
5903,ORD003386,PROD0036,5,0.0,1896.55,506.35
5904,ORD003387,PROD0038,3,0.0,2584.38,993.93
5905,ORD003387,PROD0141,3,0.05,261.6,83.55
5906,ORD003387,PROD0139,5,0.1,718.97,264.12
5907,ORD003388,PROD0129,5,0.0,316.4,110.2
5908,ORD003389,PROD0025,2,0.2,778.62,172.0
5909,ORD003390,PROD0035,1,0.0,721.22,301.85
5910,ORD003390,PROD0074,5,0.0,330.95,130.85
5911,ORD003391,PROD0098,1,0.0,89.91,28.96
5912,ORD003392,PROD0029,1,0.0,246.46,122.81
5913,ORD003392,PROD0080,4,0.1,236.16,72.48
5914,ORD003392,PROD0032,4,0.0,766.48,321.8
5915,ORD003393,PROD0057,2,0.05,694.66,311.2
5916,ORD003394,PROD0101,5,0.0,821.85,353.75
5917,ORD003394,PROD0011,5,0.1,5337.63,1704.28
5918,ORD003394,PROD0042,5,0.0,3332.45,1008.85
5919,ORD003394,PROD0106,4,0.1,397.44,145.32
5920,ORD003395,PROD0098,3,0.1,242.76,59.91
5921,ORD003395,PROD0069,4,0.1,272.41,74.81
5922,ORD003396,PROD0061,1,0.0,70.71,29.5
5923,ORD003396,PROD0023,5,0.0,6812.75,1740.35
5924,ORD003397,PROD0048,2,0.05,221.01,47.49
5925,ORD003398,PROD0089,3,0.1,130.52,28.4
5926,ORD003398,PROD0064,3,0.15,273.21,76.38
5927,ORD003399,PROD0058,3,0.05,973.3,384.13
5928,ORD003400,PROD0064,2,0.15,182.14,50.92
5929,ORD003400,PROD0076,3,0.2,207.07,35.89
5930,ORD003401,PROD0078,2,0.0,205.24,70.84
5931,ORD003402,PROD0122,3,0.15,301.97,60.17
5932,ORD003403,PROD0144,1,0.0,158.89,77.26
5933,ORD003404,PROD0149,3,0.0,588.87,290.1
5934,ORD003405,PROD0011,1,0.0,1186.14,459.47
5935,ORD003405,PROD0104,4,0.05,980.51,259.15
5936,ORD003406,PROD0117,3,0.05,709.05,151.47
5937,ORD003406,PROD0038,2,0.05,1636.77,576.47
5938,ORD003406,PROD0039,2,0.0,879.06,375.5
5939,ORD003407,PROD0045,4,0.15,1787.69,320.37
5940,ORD003407,PROD0028,5,0.0,3844.55,1329.55
5941,ORD003407,PROD0122,1,0.1,106.58,25.98
5942,ORD003408,PROD0112,5,0.2,813.12,241.32
5943,ORD003408,PROD0124,2,0.0,70.74,33.6
5944,ORD003409,PROD0010,3,0.0,4364.79,1826.25
5945,ORD003409,PROD0070,5,0.0,241.35,69.65
5946,ORD003410,PROD0061,4,0.0,282.84,118.0
5947,ORD003410,PROD0081,5,0.05,264.67,66.87
5948,ORD003411,PROD0034,2,0.0,637.98,208.14
5949,ORD003412,PROD0019,4,0.0,3430.52,1275.76
5950,ORD003413,PROD0032,1,0.15,162.88,51.71
5951,ORD003414,PROD0061,3,0.05,201.52,77.89
5952,ORD003414,PROD0055,5,0.0,3808.4,1209.0
5953,ORD003415,PROD0063,1,0.05,76.43,27.51
5954,ORD003415,PROD0081,2,0.0,111.44,32.32
5955,ORD003416,PROD0147,4,0.0,796.0,254.56
5956,ORD003417,PROD0034,4,0.15,1084.57,224.89
5957,ORD003418,PROD0134,5,0.05,479.13,140.83
5958,ORD003419,PROD0020,2,0.1,323.91,94.09
5959,ORD003420,PROD0013,4,0.1,3238.27,1097.35
5960,ORD003421,PROD0074,5,0.0,330.95,130.85
5961,ORD003422,PROD0068,3,0.0,251.34,94.92
5962,ORD003422,PROD0097,2,0.0,595.8,168.76
5963,ORD003423,PROD0089,1,0.0,48.34,14.3
5964,ORD003423,PROD0029,2,0.15,418.98,171.68
5965,ORD003424,PROD0106,3,0.0,331.2,142.11
5966,ORD003425,PROD0073,1,0.0,36.24,17.06
5967,ORD003426,PROD0088,4,0.0,171.0,42.76
5968,ORD003427,PROD0031,3,0.0,1063.44,314.91
5969,ORD003427,PROD0058,2,0.0,683.02,290.24
5970,ORD003428,PROD0004,2,0.2,2234.99,629.09
5971,ORD003428,PROD0034,5,0.05,1515.2,440.6
5972,ORD003428,PROD0122,3,0.05,337.5,95.7
5973,ORD003429,PROD0074,5,0.1,297.86,97.76
5974,ORD003429,PROD0082,5,0.0,95.45,47.0
5975,ORD003430,PROD0022,5,0.0,3250.1,991.95
5976,ORD003431,PROD0075,4,0.1,187.96,73.84
5977,ORD003432,PROD0061,2,0.1,127.28,44.86
5978,ORD003433,PROD0047,4,0.0,2476.92,1018.64
5979,ORD003433,PROD0029,3,0.15,628.47,257.52
5980,ORD003433,PROD0148,1,0.0,44.83,13.66
5981,ORD003433,PROD0149,4,0.1,706.64,308.28
5982,ORD003434,PROD0100,3,0.0,375.15,180.48
5983,ORD003434,PROD0022,5,0.0,3250.1,991.95
5984,ORD003434,PROD0023,5,0.1,6131.48,1059.08
5985,ORD003434,PROD0128,3,0.1,221.29,40.48
5986,ORD003435,PROD0089,5,0.0,241.7,71.5
5987,ORD003435,PROD0138,3,0.05,512.8,231.79
5988,ORD003435,PROD0107,4,0.0,226.28,64.92
5989,ORD003436,PROD0003,5,0.0,7220.65,2550.65
5990,ORD003437,PROD0076,2,0.0,172.56,58.44
5991,ORD003437,PROD0130,2,0.15,143.56,56.8
5992,ORD003438,PROD0139,3,0.0,479.31,206.4
5993,ORD003439,PROD0026,2,0.0,1360.56,537.04
5994,ORD003440,PROD0066,1,0.05,69.83,18.38
5995,ORD003441,PROD0142,4,0.0,351.56,137.32
5996,ORD003441,PROD0059,3,0.0,295.56,122.43
5997,ORD003442,PROD0051,3,0.15,1370.75,287.18
5998,ORD003443,PROD0129,2,0.1,113.9,31.42
5999,ORD003444,PROD0079,3,0.05,180.43,76.21
6000,ORD003445,PROD0021,1,0.05,1128.07,277.95
6001,ORD003446,PROD0069,4,0.0,302.68,105.08
6002,ORD003447,PROD0112,3,0.1,548.86,205.78
6003,ORD003448,PROD0045,4,0.0,2103.16,635.84
6004,ORD003448,PROD0023,1,0.0,1362.55,348.07
6005,ORD003449,PROD0108,2,0.05,62.43,19.29
6006,ORD003450,PROD0145,5,0.0,215.35,69.55
6007,ORD003450,PROD0116,3,0.1,446.69,143.3
6008,ORD003451,PROD0021,2,0.0,2374.88,674.64
6009,ORD003452,PROD0058,5,0.0,1707.55,725.6
6010,ORD003453,PROD0089,4,0.2,154.69,18.53
6011,ORD003453,PROD0101,5,0.0,821.85,353.75
6012,ORD003454,PROD0037,4,0.0,3591.04,1634.0
6013,ORD003455,PROD0050,4,0.1,319.14,118.9
6014,ORD003455,PROD0064,1,0.0,107.14,41.53
6015,ORD003456,PROD0067,3,0.0,150.72,67.92
6016,ORD003457,PROD0061,1,0.0,70.71,29.5
6017,ORD003457,PROD0026,3,0.0,2040.84,805.56
6018,ORD003457,PROD0043,2,0.0,1784.74,678.54
6019,ORD003458,PROD0028,4,0.05,2921.86,909.86
6020,ORD003459,PROD0069,2,0.2,121.07,22.27
6021,ORD003459,PROD0071,2,0.1,179.12,44.48
6022,ORD003460,PROD0010,5,0.0,7274.65,3043.75
6023,ORD003460,PROD0088,1,0.2,34.2,2.14
6024,ORD003461,PROD0029,1,0.0,246.46,122.81
6025,ORD003461,PROD0092,3,0.15,169.5,62.85
6026,ORD003461,PROD0149,3,0.0,588.87,290.1
6027,ORD003462,PROD0055,4,0.0,3046.72,967.2
6028,ORD003463,PROD0126,4,0.2,642.88,191.28
6029,ORD003463,PROD0050,1,0.0,88.65,38.59
6030,ORD003464,PROD0094,5,0.0,935.6,428.4
6031,ORD003464,PROD0059,5,0.2,394.08,105.53
6032,ORD003465,PROD0077,1,0.0,28.36,12.13
6033,ORD003465,PROD0149,3,0.0,588.87,290.1
6034,ORD003465,PROD0015,5,0.0,1368.1,440.65
6035,ORD003466,PROD0100,4,0.05,475.19,215.63
6036,ORD003466,PROD0139,5,0.0,798.85,344.0
6037,ORD003466,PROD0007,3,0.05,3135.11,1071.89
6038,ORD003467,PROD0030,5,0.0,6351.7,2572.6
6039,ORD003468,PROD0010,1,0.1,1309.44,463.26
6040,ORD003468,PROD0026,2,0.0,1360.56,537.04
6041,ORD003469,PROD0106,2,0.05,209.76,83.7
6042,ORD003469,PROD0060,4,0.05,3201.65,892.69
6043,ORD003470,PROD0106,1,0.0,110.4,47.37
6044,ORD003470,PROD0055,3,0.1,2056.54,496.9
6045,ORD003471,PROD0093,2,0.0,491.04,175.54
6046,ORD003472,PROD0121,4,0.0,124.32,44.64
6047,ORD003473,PROD0138,3,0.0,539.79,258.78
6048,ORD003473,PROD0019,1,0.2,686.1,147.41
6049,ORD003474,PROD0051,5,0.15,2284.59,478.64
6050,ORD003475,PROD0060,3,0.0,2527.62,795.9
6051,ORD003476,PROD0135,3,0.1,51.08,21.74
6052,ORD003477,PROD0081,1,0.05,52.93,13.37
6053,ORD003477,PROD0025,2,0.0,973.28,366.66
6054,ORD003477,PROD0059,1,0.0,98.52,40.81
6055,ORD003478,PROD0136,4,0.1,87.7,37.5
6056,ORD003479,PROD0146,5,0.0,267.5,70.0
6057,ORD003480,PROD0044,4,0.0,1981.68,534.84
6058,ORD003481,PROD0096,3,0.15,147.8,28.25
6059,ORD003481,PROD0006,3,0.15,1354.08,256.65
6060,ORD003481,PROD0143,4,0.0,289.8,77.92
6061,ORD003482,PROD0020,4,0.05,683.81,224.17
6062,ORD003482,PROD0034,1,0.0,318.99,104.07
6063,ORD003483,PROD0043,5,0.0,4461.85,1696.35
6064,ORD003483,PROD0101,5,0.1,739.67,271.57
6065,ORD003484,PROD0052,2,0.0,773.56,297.22
6066,ORD003484,PROD0094,2,0.05,355.53,152.65
6067,ORD003484,PROD0136,1,0.0,24.36,11.81
6068,ORD003485,PROD0128,4,0.05,311.45,70.37
6069,ORD003486,PROD0077,3,0.2,68.06,19.37
6070,ORD003487,PROD0014,4,0.0,4828.72,1553.52
6071,ORD003487,PROD0066,1,0.0,73.51,22.06
6072,ORD003488,PROD0082,4,0.05,72.54,33.78
6073,ORD003489,PROD0032,4,0.05,728.16,283.48
6074,ORD003490,PROD0011,4,0.0,4744.56,1837.88
6075,ORD003491,PROD0071,5,0.15,422.92,86.32
6076,ORD003491,PROD0127,2,0.1,131.98,36.62
6077,ORD003491,PROD0018,4,0.0,792.96,379.16
6078,ORD003492,PROD0016,3,0.1,3030.75,1080.39
6079,ORD003492,PROD0089,5,0.0,241.7,71.5
6080,ORD003492,PROD0146,5,0.0,267.5,70.0
6081,ORD003493,PROD0135,2,0.05,35.95,16.39
6082,ORD003494,PROD0066,1,0.0,73.51,22.06
6083,ORD003494,PROD0117,2,0.05,472.7,100.98
6084,ORD003495,PROD0130,2,0.05,160.45,73.69
6085,ORD003495,PROD0107,5,0.15,240.42,38.72
6086,ORD003496,PROD0025,4,0.0,1946.56,733.32
6087,ORD003497,PROD0124,3,0.1,95.5,39.79
6088,ORD003497,PROD0046,3,0.05,1615.75,376.54
6089,ORD003498,PROD0132,4,0.0,126.76,35.2
6090,ORD003499,PROD0016,1,0.05,1066.38,416.26
6091,ORD003499,PROD0068,4,0.05,318.36,109.8
6092,ORD003500,PROD0060,2,0.0,1685.08,530.6
6093,ORD003501,PROD0148,2,0.05,85.18,22.84
6094,ORD003502,PROD0040,1,0.0,751.55,226.28
6095,ORD003502,PROD0021,5,0.05,5640.34,1389.74
6096,ORD003502,PROD0071,5,0.1,447.8,111.2
6097,ORD003503,PROD0118,5,0.15,653.48,225.08
6098,ORD003503,PROD0041,4,0.0,776.52,329.48
6099,ORD003503,PROD0127,2,0.0,146.64,51.28
6100,ORD003503,PROD0005,3,0.2,2092.1,229.19
6101,ORD003504,PROD0011,2,0.0,2372.28,918.94
6102,ORD003504,PROD0002,4,0.1,3615.34,1426.7
6103,ORD003505,PROD0142,3,0.05,250.49,89.81
6104,ORD003505,PROD0014,2,0.0,2414.36,776.76
6105,ORD003506,PROD0063,5,0.05,382.14,137.54
6106,ORD003507,PROD0090,1,0.05,90.55,37.24
6107,ORD003508,PROD0133,5,0.05,1113.73,488.88
6108,ORD003509,PROD0029,5,0.05,1170.68,552.43
6109,ORD003510,PROD0121,4,0.05,118.1,38.42
6110,ORD003511,PROD0043,5,0.0,4461.85,1696.35
6111,ORD003512,PROD0004,5,0.05,6635.13,2620.38
6112,ORD003513,PROD0020,5,0.15,764.79,190.24
6113,ORD003514,PROD0118,2,0.1,276.77,105.41
6114,ORD003515,PROD0133,1,0.0,234.47,109.5
6115,ORD003515,PROD0081,5,0.0,278.6,80.8
6116,ORD003516,PROD0049,1,0.0,872.79,364.04
6117,ORD003516,PROD0031,4,0.2,1134.34,136.3
6118,ORD003516,PROD0021,3,0.05,3384.2,833.84
6119,ORD003517,PROD0022,5,0.05,3087.59,829.44
6120,ORD003518,PROD0035,1,0.0,721.22,301.85
6121,ORD003518,PROD0128,3,0.15,209.0,28.19
6122,ORD003518,PROD0079,5,0.15,269.07,95.37
6123,ORD003519,PROD0099,5,0.0,785.25,279.25
6124,ORD003519,PROD0004,1,0.0,1396.87,593.92
6125,ORD003519,PROD0116,4,0.1,595.58,191.06
6126,ORD003520,PROD0070,5,0.2,193.08,21.38
6127,ORD003521,PROD0069,4,0.15,257.28,59.68
6128,ORD003522,PROD0146,5,0.0,267.5,70.0
6129,ORD003522,PROD0072,1,0.0,74.92,24.87
6130,ORD003523,PROD0084,5,0.15,407.49,99.99
6131,ORD003523,PROD0037,5,0.0,4488.8,2042.5
6132,ORD003524,PROD0049,3,0.1,2356.53,830.28
6133,ORD003525,PROD0128,1,0.0,81.96,21.69
6134,ORD003525,PROD0139,5,0.05,758.91,304.06
6135,ORD003525,PROD0012,5,0.2,3407.6,878.05
6136,ORD003526,PROD0039,4,0.05,1670.21,663.09
6137,ORD003527,PROD0051,1,0.0,537.55,176.36
6138,ORD003528,PROD0119,5,0.15,207.82,63.12
6139,ORD003529,PROD0092,4,0.0,265.88,123.68
6140,ORD003530,PROD0008,5,0.0,958.2,423.5
6141,ORD003530,PROD0036,1,0.0,379.31,101.27
6142,ORD003531,PROD0150,2,0.2,220.98,64.72
6143,ORD003532,PROD0031,3,0.0,1063.44,314.91
6144,ORD003532,PROD0035,2,0.0,1442.44,603.7
6145,ORD003533,PROD0003,2,0.05,2743.85,875.85
6146,ORD003533,PROD0063,3,0.2,193.08,46.32
6147,ORD003534,PROD0057,1,0.0,365.61,173.88
6148,ORD003534,PROD0077,1,0.1,25.52,9.29
6149,ORD003534,PROD0088,3,0.1,115.42,19.24
6150,ORD003535,PROD0103,2,0.05,426.85,150.69
6151,ORD003536,PROD0005,1,0.05,828.12,207.15
6152,ORD003537,PROD0025,2,0.0,973.28,366.66
6153,ORD003538,PROD0033,3,0.05,1347.45,575.28
6154,ORD003539,PROD0084,1,0.0,95.88,34.38
6155,ORD003539,PROD0130,4,0.05,320.91,147.39
6156,ORD003539,PROD0023,4,0.0,5450.2,1392.28
6157,ORD003540,PROD0025,4,0.0,1946.56,733.32
6158,ORD003541,PROD0074,3,0.0,198.57,78.51
6159,ORD003541,PROD0091,3,0.0,638.88,181.92
6160,ORD003541,PROD0089,4,0.0,193.36,57.2
6161,ORD003542,PROD0138,4,0.1,647.75,273.07
6162,ORD003542,PROD0035,3,0.05,2055.48,797.37
6163,ORD003543,PROD0126,3,0.1,542.43,203.73
6164,ORD003543,PROD0117,5,0.05,1181.75,252.45
6165,ORD003543,PROD0093,1,0.0,245.52,87.77
6166,ORD003544,PROD0107,4,0.0,226.28,64.92
6167,ORD003545,PROD0012,4,0.0,3407.6,1383.96
6168,ORD003545,PROD0136,2,0.2,38.98,13.88
6169,ORD003545,PROD0064,2,0.0,214.28,83.06
6170,ORD003546,PROD0054,5,0.1,745.78,245.28
6171,ORD003546,PROD0090,5,0.0,476.6,210.05
6172,ORD003546,PROD0038,5,0.0,4307.3,1656.55
6173,ORD003547,PROD0003,4,0.2,4621.22,885.22
6174,ORD003548,PROD0110,2,0.0,40.38,10.52
6175,ORD003548,PROD0071,1,0.2,79.61,12.29
6176,ORD003549,PROD0126,2,0.0,401.8,176.0
6177,ORD003549,PROD0139,4,0.05,607.13,243.25
6178,ORD003550,PROD0150,4,0.0,552.44,239.92
6179,ORD003551,PROD0133,5,0.0,1172.35,547.5
6180,ORD003551,PROD0085,2,0.15,112.52,27.38
6181,ORD003551,PROD0032,4,0.05,728.16,283.48
6182,ORD003552,PROD0051,5,0.05,2553.36,747.41
6183,ORD003552,PROD0137,2,0.05,156.41,44.75
6184,ORD003552,PROD0049,5,0.1,3927.55,1383.8
6185,ORD003553,PROD0125,3,0.1,503.69,174.68
6186,ORD003554,PROD0072,4,0.05,284.7,84.5
6187,ORD003554,PROD0145,4,0.1,155.05,38.41
6188,ORD003554,PROD0143,4,0.05,275.31,63.43
6189,ORD003555,PROD0007,1,0.0,1100.04,412.3
6190,ORD003555,PROD0068,2,0.0,167.56,63.28
6191,ORD003556,PROD0104,3,0.15,657.98,116.96
6192,ORD003556,PROD0059,2,0.0,197.04,81.62
6193,ORD003557,PROD0118,2,0.2,246.02,74.66
6194,ORD003557,PROD0072,5,0.0,374.6,124.35
6195,ORD003558,PROD0015,1,0.0,273.62,88.13
6196,ORD003559,PROD0081,4,0.15,189.45,31.21
6197,ORD003560,PROD0022,1,0.2,520.02,68.39
6198,ORD003560,PROD0017,3,0.1,155.33,55.73
6199,ORD003561,PROD0114,3,0.1,378.49,158.62
6200,ORD003561,PROD0006,5,0.0,2655.05,826.0
6201,ORD003561,PROD0002,3,0.0,3012.78,1371.3
6202,ORD003562,PROD0139,4,0.0,639.08,275.2
6203,ORD003562,PROD0009,5,0.0,4637.45,1607.05
6204,ORD003562,PROD0090,1,0.05,90.55,37.24
6205,ORD003563,PROD0122,4,0.0,473.68,151.28
6206,ORD003563,PROD0147,2,0.0,398.0,127.28
6207,ORD003564,PROD0140,2,0.0,270.32,121.42
6208,ORD003564,PROD0097,2,0.0,595.8,168.76
6209,ORD003565,PROD0008,4,0.2,613.25,185.49
6210,ORD003566,PROD0001,1,0.05,990.3,396.02
6211,ORD003566,PROD0018,3,0.05,564.98,254.63
6212,ORD003566,PROD0094,5,0.0,935.6,428.4
6213,ORD003567,PROD0126,5,0.15,853.82,289.32
6214,ORD003567,PROD0139,1,0.05,151.78,60.81
6215,ORD003568,PROD0122,2,0.15,201.31,40.11
6216,ORD003569,PROD0058,2,0.05,648.87,256.09
6217,ORD003569,PROD0078,1,0.0,102.62,35.42
6218,ORD003570,PROD0072,5,0.0,374.6,124.35
6219,ORD003571,PROD0009,3,0.1,2504.22,685.98
6220,ORD003572,PROD0057,3,0.0,1096.83,521.64
6221,ORD003573,PROD0023,2,0.2,2180.08,151.12
6222,ORD003574,PROD0129,5,0.0,316.4,110.2
6223,ORD003575,PROD0020,4,0.0,719.8,260.16
6224,ORD003576,PROD0052,4,0.2,1237.7,285.02
6225,ORD003577,PROD0046,1,0.1,510.24,97.17
6226,ORD003578,PROD0046,1,0.0,566.93,153.86
6227,ORD003579,PROD0045,5,0.05,2497.5,663.35
6228,ORD003579,PROD0021,1,0.05,1128.07,277.95
6229,ORD003580,PROD0089,4,0.0,193.36,57.2
6230,ORD003581,PROD0066,3,0.15,187.45,33.1
6231,ORD003582,PROD0090,3,0.05,271.66,111.73
6232,ORD003582,PROD0080,1,0.1,59.04,18.12
6233,ORD003582,PROD0065,4,0.0,41.96,18.72
6234,ORD003583,PROD0106,4,0.15,375.36,123.24
6235,ORD003583,PROD0110,2,0.0,40.38,10.52
6236,ORD003583,PROD0083,1,0.15,11.56,4.0
6237,ORD003583,PROD0133,1,0.05,222.75,97.78
6238,ORD003584,PROD0111,5,0.0,1335.0,566.75
6239,ORD003585,PROD0144,5,0.15,675.28,267.13
6240,ORD003586,PROD0109,2,0.2,87.66,9.38
6241,ORD003587,PROD0018,3,0.0,594.72,284.37
6242,ORD003587,PROD0149,3,0.0,588.87,290.1
6243,ORD003588,PROD0096,1,0.05,55.06,15.21
6244,ORD003589,PROD0007,3,0.05,3135.11,1071.89
6245,ORD003590,PROD0149,1,0.0,196.29,96.7
6246,ORD003590,PROD0084,4,0.0,383.52,137.52
6247,ORD003591,PROD0057,3,0.0,1096.83,521.64
6248,ORD003591,PROD0056,1,0.15,307.11,55.61
6249,ORD003592,PROD0133,4,0.0,937.88,438.0
6250,ORD003593,PROD0119,1,0.1,44.01,15.07
6251,ORD003593,PROD0130,3,0.15,215.35,85.21
6252,ORD003594,PROD0120,1,0.2,101.73,12.29
6253,ORD003595,PROD0147,5,0.0,995.0,318.2
6254,ORD003595,PROD0123,1,0.1,208.06,56.86
6255,ORD003595,PROD0001,1,0.05,990.3,396.02
6256,ORD003596,PROD0017,2,0.1,103.55,37.15
6257,ORD003597,PROD0142,5,0.0,439.45,171.65
6258,ORD003598,PROD0057,3,0.05,1041.99,466.8
6259,ORD003598,PROD0021,1,0.05,1128.07,277.95
6260,ORD003599,PROD0118,4,0.0,615.04,272.32
6261,ORD003600,PROD0066,4,0.0,294.04,88.24
6262,ORD003601,PROD0141,2,0.1,165.22,46.52
6263,ORD003601,PROD0055,3,0.1,2056.54,496.9
6264,ORD003602,PROD0024,2,0.05,562.21,209.99
6265,ORD003603,PROD0023,1,0.05,1294.42,279.94
6266,ORD003604,PROD0040,4,0.0,3006.2,905.12
6267,ORD003605,PROD0005,5,0.0,4358.55,1253.7
6268,ORD003605,PROD0008,1,0.05,182.06,75.12
6269,ORD003605,PROD0084,1,0.2,76.7,15.2
6270,ORD003605,PROD0037,1,0.05,852.87,363.61
6271,ORD003606,PROD0087,3,0.15,178.75,21.55
6272,ORD003606,PROD0028,1,0.0,768.91,265.91
6273,ORD003607,PROD0022,4,0.0,2600.08,793.56
6274,ORD003607,PROD0111,1,0.0,267.0,113.35
6275,ORD003607,PROD0012,3,0.05,2427.91,910.18
6276,ORD003608,PROD0016,4,0.0,4490.0,1889.52
6277,ORD003609,PROD0099,4,0.0,628.2,223.4
6278,ORD003610,PROD0010,2,0.0,2909.86,1217.5
6279,ORD003610,PROD0132,3,0.0,95.07,26.4
6280,ORD003611,PROD0046,4,0.0,2267.72,615.44
6281,ORD003611,PROD0123,3,0.0,693.54,239.94
6282,ORD003612,PROD0150,1,0.15,117.39,39.26
6283,ORD003613,PROD0023,2,0.15,2316.34,287.38
6284,ORD003613,PROD0111,2,0.0,534.0,226.7
6285,ORD003614,PROD0034,1,0.1,287.09,72.17
6286,ORD003615,PROD0127,5,0.0,366.6,128.2
6287,ORD003615,PROD0011,4,0.1,4270.1,1363.42
6288,ORD003616,PROD0119,4,0.0,195.6,79.84
6289,ORD003617,PROD0088,4,0.15,145.35,17.11
6290,ORD003617,PROD0123,3,0.0,693.54,239.94
6291,ORD003618,PROD0110,1,0.1,18.17,3.24
6292,ORD003618,PROD0019,3,0.0,2572.89,956.82
6293,ORD003619,PROD0068,4,0.0,335.12,126.56
6294,ORD003619,PROD0056,4,0.05,1372.98,366.98
6295,ORD003619,PROD0147,1,0.0,199.0,63.64
6296,ORD003620,PROD0113,1,0.0,34.5,11.85
6297,ORD003621,PROD0001,3,0.0,3127.26,1344.42
6298,ORD003621,PROD0019,5,0.15,3644.93,951.48
6299,ORD003621,PROD0089,1,0.05,45.92,11.88
6300,ORD003622,PROD0071,5,0.05,472.67,136.07
6301,ORD003622,PROD0112,1,0.0,203.28,88.92
6302,ORD003622,PROD0090,2,0.05,181.11,74.49
6303,ORD003623,PROD0098,1,0.1,80.92,19.97
6304,ORD003623,PROD0134,2,0.05,191.65,56.33
6305,ORD003623,PROD0143,2,0.0,144.9,38.96
6306,ORD003623,PROD0144,1,0.05,150.95,69.32
6307,ORD003624,PROD0099,4,0.1,565.38,160.58
6308,ORD003624,PROD0090,5,0.0,476.6,210.05
6309,ORD003625,PROD0149,1,0.05,186.48,86.89
6310,ORD003626,PROD0052,1,0.0,386.78,148.61
6311,ORD003626,PROD0027,5,0.0,2868.15,757.05
6312,ORD003626,PROD0140,2,0.15,229.77,80.87
6313,ORD003626,PROD0150,4,0.0,552.44,239.92
6314,ORD003627,PROD0026,3,0.05,1938.8,703.52
6315,ORD003628,PROD0046,5,0.2,2267.72,202.37
6316,ORD003629,PROD0043,5,0.2,3569.48,803.98
6317,ORD003630,PROD0101,3,0.0,493.11,212.25
6318,ORD003631,PROD0012,5,0.0,4259.5,1729.95
6319,ORD003631,PROD0032,5,0.05,910.19,354.34
6320,ORD003632,PROD0023,2,0.0,2725.1,696.14
6321,ORD003633,PROD0133,3,0.0,703.41,328.5
6322,ORD003634,PROD0138,5,0.1,809.69,341.34
6323,ORD003634,PROD0073,3,0.0,108.72,51.18
6324,ORD003634,PROD0035,4,0.05,2740.64,1063.16
6325,ORD003635,PROD0101,4,0.0,657.48,283.0
6326,ORD003635,PROD0005,4,0.0,3486.84,1002.96
6327,ORD003636,PROD0127,5,0.0,366.6,128.2
6328,ORD003637,PROD0122,2,0.1,213.16,51.96
6329,ORD003638,PROD0103,2,0.0,449.32,173.16
6330,ORD003639,PROD0001,5,0.0,5212.1,2240.7
6331,ORD003640,PROD0056,1,0.0,361.31,109.81
6332,ORD003640,PROD0121,2,0.05,59.05,19.21
6333,ORD003640,PROD0005,1,0.0,871.71,250.74
6334,ORD003640,PROD0037,1,0.0,897.76,408.5
6335,ORD003641,PROD0138,5,0.0,899.65,431.3
6336,ORD003641,PROD0036,2,0.0,758.62,202.54
6337,ORD003642,PROD0066,5,0.0,367.55,110.3
6338,ORD003643,PROD0108,4,0.2,105.15,18.87
6339,ORD003644,PROD0094,1,0.05,177.76,76.32
6340,ORD003645,PROD0098,4,0.05,341.66,97.86
6341,ORD003645,PROD0002,3,0.1,2711.5,1070.02
6342,ORD003645,PROD0125,1,0.05,177.22,67.55
6343,ORD003646,PROD0049,5,0.05,4145.75,1602.0
6344,ORD003646,PROD0147,5,0.0,995.0,318.2
6345,ORD003647,PROD0043,4,0.05,3391.01,1178.61
6346,ORD003647,PROD0009,4,0.0,3709.96,1285.64
6347,ORD003647,PROD0114,1,0.05,133.17,59.88
6348,ORD003648,PROD0025,5,0.0,2433.2,916.65
6349,ORD003649,PROD0138,4,0.05,683.73,309.05
6350,ORD003649,PROD0134,1,0.0,100.87,33.21
6351,ORD003650,PROD0097,2,0.2,476.64,49.6
6352,ORD003650,PROD0052,4,0.1,1392.41,439.73
6353,ORD003651,PROD0070,3,0.0,144.81,41.79
6354,ORD003652,PROD0125,5,0.0,932.75,384.4
6355,ORD003652,PROD0124,1,0.05,33.6,15.03
6356,ORD003653,PROD0139,2,0.15,271.61,89.67
6357,ORD003654,PROD0073,4,0.0,144.96,68.24
6358,ORD003654,PROD0116,2,0.0,330.88,128.62
6359,ORD003655,PROD0054,3,0.0,497.19,196.89
6360,ORD003656,PROD0149,3,0.0,588.87,290.1
6361,ORD003656,PROD0094,2,0.1,336.82,133.94
6362,ORD003656,PROD0120,4,0.0,508.64,150.88
6363,ORD003657,PROD0058,3,0.0,1024.53,435.36
6364,ORD003657,PROD0049,4,0.15,2967.49,932.49
6365,ORD003658,PROD0052,2,0.1,696.2,219.86
6366,ORD003658,PROD0002,3,0.05,2862.14,1220.66
6367,ORD003659,PROD0019,2,0.0,1715.26,637.88
6368,ORD003660,PROD0101,1,0.0,164.37,70.75
6369,ORD003660,PROD0150,5,0.0,690.55,299.9
6370,ORD003661,PROD0031,3,0.0,1063.44,314.91
6371,ORD003662,PROD0044,1,0.05,470.65,108.94
6372,ORD003663,PROD0145,1,0.1,38.76,9.6
6373,ORD003663,PROD0063,4,0.0,321.8,126.12
6374,ORD003663,PROD0014,3,0.15,3078.31,621.91
6375,ORD003664,PROD0118,3,0.0,461.28,204.24
6376,ORD003665,PROD0120,4,0.0,508.64,150.88
6377,ORD003665,PROD0065,5,0.05,49.83,20.78
6378,ORD003665,PROD0029,5,0.0,1232.3,614.05
6379,ORD003666,PROD0067,1,0.0,50.24,22.64
6380,ORD003667,PROD0025,2,0.0,973.28,366.66
6381,ORD003667,PROD0078,2,0.0,205.24,70.84
6382,ORD003668,PROD0109,2,0.15,93.14,14.86
6383,ORD003668,PROD0075,4,0.0,208.84,94.72
6384,ORD003668,PROD0103,4,0.0,898.64,346.32
6385,ORD003668,PROD0093,1,0.0,245.52,87.77
6386,ORD003669,PROD0029,1,0.2,197.17,73.52
6387,ORD003669,PROD0119,4,0.15,166.26,50.5
6388,ORD003670,PROD0062,4,0.0,142.0,56.64
6389,ORD003671,PROD0098,4,0.1,323.68,79.88
6390,ORD003672,PROD0087,5,0.05,332.97,70.97
6391,ORD003673,PROD0042,1,0.1,599.84,135.12
6392,ORD003673,PROD0138,1,0.05,170.93,77.26
6393,ORD003674,PROD0071,1,0.0,99.51,32.19
6394,ORD003675,PROD0138,4,0.0,719.72,345.04
6395,ORD003676,PROD0045,4,0.0,2103.16,635.84
6396,ORD003676,PROD0099,2,0.0,314.1,111.7
6397,ORD003677,PROD0133,4,0.1,844.09,344.21
6398,ORD003677,PROD0004,1,0.1,1257.18,454.23
6399,ORD003677,PROD0081,2,0.1,100.3,21.18
6400,ORD003678,PROD0137,3,0.05,234.61,67.12
6401,ORD003678,PROD0059,4,0.15,334.97,104.13
6402,ORD003679,PROD0107,1,0.0,56.57,16.23
6403,ORD003679,PROD0119,4,0.0,195.6,79.84
6404,ORD003679,PROD0023,5,0.0,6812.75,1740.35
6405,ORD003680,PROD0063,2,0.2,128.72,30.88
6406,ORD003681,PROD0043,4,0.1,3212.53,1000.13
6407,ORD003681,PROD0061,5,0.1,318.19,112.14
6408,ORD003682,PROD0104,1,0.0,258.03,77.69
6409,ORD003682,PROD0041,5,0.0,970.65,411.85
6410,ORD003683,PROD0008,3,0.1,517.43,196.61
6411,ORD003683,PROD0117,1,0.15,211.47,25.61
6412,ORD003684,PROD0146,2,0.0,107.0,28.0
6413,ORD003684,PROD0047,4,0.1,2229.23,770.95
6414,ORD003684,PROD0034,4,0.0,1275.96,416.28
6415,ORD003685,PROD0043,5,0.0,4461.85,1696.35
6416,ORD003685,PROD0150,4,0.0,552.44,239.92
6417,ORD003686,PROD0141,5,0.1,413.06,116.31
6418,ORD003686,PROD0033,5,0.1,2127.56,840.61
6419,ORD003687,PROD0057,1,0.0,365.61,173.88
6420,ORD003687,PROD0119,3,0.05,139.36,52.54
6421,ORD003687,PROD0017,3,0.0,172.59,72.99
6422,ORD003688,PROD0090,2,0.05,181.11,74.49
6423,ORD003688,PROD0108,4,0.1,118.3,32.02
6424,ORD003689,PROD0066,2,0.15,124.97,22.07
6425,ORD003689,PROD0093,5,0.2,982.08,193.33
6426,ORD003689,PROD0020,3,0.15,458.87,114.14
6427,ORD003690,PROD0013,2,0.0,1799.04,728.58
6428,ORD003690,PROD0098,4,0.1,323.68,79.88
6429,ORD003690,PROD0141,4,0.0,367.16,129.76
6430,ORD003691,PROD0136,2,0.15,41.41,16.31
6431,ORD003691,PROD0139,2,0.0,319.54,137.6
6432,ORD003692,PROD0024,4,0.0,1183.6,479.16
6433,ORD003692,PROD0081,5,0.2,222.88,25.08
6434,ORD003693,PROD0141,1,0.0,91.79,32.44
6435,ORD003694,PROD0011,3,0.05,3380.5,1200.49
6436,ORD003694,PROD0043,3,0.0,2677.11,1017.81
6437,ORD003695,PROD0011,5,0.05,5634.17,2000.82
6438,ORD003695,PROD0113,3,0.0,103.5,35.55
6439,ORD003695,PROD0041,3,0.05,553.27,217.99
6440,ORD003695,PROD0126,4,0.05,763.42,311.82
6441,ORD003696,PROD0069,2,0.15,128.64,29.84
6442,ORD003696,PROD0092,5,0.0,332.35,154.6
6443,ORD003697,PROD0129,4,0.0,253.12,88.16
6444,ORD003697,PROD0051,4,0.1,1935.18,490.42
6445,ORD003698,PROD0057,5,0.15,1553.84,595.19
6446,ORD003698,PROD0069,4,0.0,302.68,105.08
6447,ORD003699,PROD0127,4,0.0,293.28,102.56
6448,ORD003700,PROD0035,5,0.0,3606.1,1509.25
6449,ORD003700,PROD0018,3,0.0,594.72,284.37
6450,ORD003701,PROD0022,4,0.0,2600.08,793.56
6451,ORD003701,PROD0145,3,0.15,109.83,22.35
6452,ORD003702,PROD0127,2,0.0,146.64,51.28
6453,ORD003702,PROD0123,4,0.0,924.72,319.92
6454,ORD003702,PROD0086,1,0.0,100.56,41.06
6455,ORD003702,PROD0095,5,0.0,505.05,218.75
6456,ORD003703,PROD0091,5,0.15,905.08,143.48
6457,ORD003703,PROD0116,3,0.05,471.5,168.11
6458,ORD003703,PROD0038,3,0.0,2584.38,993.93
6459,ORD003704,PROD0090,1,0.0,95.32,42.01
6460,ORD003705,PROD0110,3,0.0,60.57,15.78
6461,ORD003705,PROD0047,5,0.05,2941.34,1118.49
6462,ORD003705,PROD0008,4,0.15,651.58,223.82
6463,ORD003706,PROD0033,2,0.0,945.58,430.8
6464,ORD003706,PROD0134,4,0.15,342.96,72.32
6465,ORD003706,PROD0072,4,0.0,299.68,99.48
6466,ORD003707,PROD0052,4,0.15,1315.05,362.37
6467,ORD003707,PROD0044,1,0.0,495.42,133.71
6468,ORD003707,PROD0066,2,0.0,147.02,44.12
6469,ORD003708,PROD0058,3,0.0,1024.53,435.36
6470,ORD003708,PROD0143,2,0.05,137.66,31.72
6471,ORD003709,PROD0049,3,0.1,2356.53,830.28
6472,ORD003710,PROD0019,2,0.0,1715.26,637.88
6473,ORD003710,PROD0048,5,0.1,523.44,89.64
6474,ORD003711,PROD0135,3,0.05,53.92,24.58
6475,ORD003712,PROD0104,1,0.1,232.23,51.89
6476,ORD003712,PROD0047,4,0.05,2353.07,894.79
6477,ORD003713,PROD0100,5,0.15,531.46,207.01
6478,ORD003713,PROD0109,2,0.1,98.62,20.34
6479,ORD003713,PROD0090,3,0.2,228.77,68.84
6480,ORD003714,PROD0073,3,0.0,108.72,51.18
6481,ORD003715,PROD0020,3,0.15,458.87,114.14
6482,ORD003716,PROD0041,4,0.1,698.87,251.83
6483,ORD003717,PROD0070,1,0.05,45.86,11.52
6484,ORD003717,PROD0145,4,0.05,163.67,47.03
6485,ORD003717,PROD0102,2,0.05,543.53,210.65
6486,ORD003717,PROD0064,1,0.15,91.07,25.46
6487,ORD003718,PROD0111,5,0.0,1335.0,566.75
6488,ORD003718,PROD0055,4,0.0,3046.72,967.2
6489,ORD003719,PROD0125,2,0.05,354.44,135.1
6490,ORD003720,PROD0071,2,0.2,159.22,24.58
6491,ORD003721,PROD0109,2,0.0,109.58,31.3
6492,ORD003721,PROD0028,3,0.05,2191.39,682.39
6493,ORD003722,PROD0096,3,0.0,173.88,54.33
6494,ORD003723,PROD0121,4,0.05,118.1,38.42
6495,ORD003723,PROD0105,4,0.0,1164.32,342.08
6496,ORD003724,PROD0089,3,0.2,116.02,13.9
6497,ORD003725,PROD0008,5,0.15,814.47,279.77
6498,ORD003726,PROD0004,5,0.1,6285.91,2271.16
6499,ORD003726,PROD0009,2,0.0,1854.98,642.82
6500,ORD003726,PROD0070,5,0.1,217.22,45.52
6501,ORD003726,PROD0063,2,0.1,144.81,46.97
6502,ORD003727,PROD0026,4,0.05,2585.06,938.02
6503,ORD003727,PROD0030,3,0.0,3811.02,1543.56
6504,ORD003728,PROD0106,2,0.0,220.8,94.74
6505,ORD003729,PROD0042,3,0.1,1799.52,405.36
6506,ORD003730,PROD0025,3,0.0,1459.92,549.99
6507,ORD003730,PROD0012,4,0.1,3066.84,1043.2
6508,ORD003731,PROD0110,1,0.1,18.17,3.24
6509,ORD003731,PROD0127,4,0.0,293.28,102.56
6510,ORD003732,PROD0071,5,0.0,497.55,160.95
6511,ORD003733,PROD0001,1,0.0,1042.42,448.14
6512,ORD003733,PROD0076,5,0.15,366.69,81.39
6513,ORD003733,PROD0049,1,0.0,872.79,364.04
6514,ORD003734,PROD0141,2,0.15,156.04,37.34
6515,ORD003735,PROD0034,5,0.0,1594.95,520.35
6516,ORD003735,PROD0026,5,0.05,3231.33,1172.53
6517,ORD003735,PROD0015,1,0.15,232.58,47.09
6518,ORD003736,PROD0135,4,0.1,68.11,28.99
6519,ORD003737,PROD0050,4,0.05,336.87,136.63
6520,ORD003738,PROD0026,2,0.15,1156.48,332.96
6521,ORD003739,PROD0037,5,0.0,4488.8,2042.5
6522,ORD003739,PROD0127,4,0.0,293.28,102.56
6523,ORD003740,PROD0092,5,0.05,315.73,137.98
6524,ORD003740,PROD0007,4,0.0,4400.16,1649.2
6525,ORD003741,PROD0085,4,0.2,211.81,41.53
6526,ORD003742,PROD0141,1,0.05,87.2,27.85
6527,ORD003742,PROD0041,4,0.0,776.52,329.48
6528,ORD003743,PROD0086,5,0.0,502.8,205.3
6529,ORD003744,PROD0068,5,0.05,397.95,137.25
6530,ORD003744,PROD0044,1,0.1,445.88,84.17
6531,ORD003744,PROD0136,2,0.0,48.72,23.62
6532,ORD003745,PROD0032,3,0.0,574.86,241.35
6533,ORD003745,PROD0143,1,0.05,68.83,15.86
6534,ORD003746,PROD0035,5,0.1,3245.49,1148.64
6535,ORD003746,PROD0057,4,0.0,1462.44,695.52
6536,ORD003747,PROD0134,3,0.05,287.48,84.5
6537,ORD003748,PROD0069,1,0.15,64.32,14.92
6538,ORD003749,PROD0145,4,0.0,172.28,55.64
6539,ORD003749,PROD0111,2,0.05,507.3,200.0
6540,ORD003750,PROD0033,5,0.0,2363.95,1077.0
6541,ORD003751,PROD0043,5,0.15,3792.57,1027.07
6542,ORD003751,PROD0032,5,0.0,958.1,402.25
6543,ORD003752,PROD0088,5,0.05,203.06,42.76
6544,ORD003752,PROD0116,4,0.1,595.58,191.06
6545,ORD003753,PROD0113,2,0.1,62.1,16.8
6546,ORD003754,PROD0149,1,0.15,166.85,67.26
6547,ORD003754,PROD0107,4,0.1,203.65,42.29
6548,ORD003754,PROD0131,5,0.0,528.4,232.35
6549,ORD003755,PROD0078,2,0.0,205.24,70.84
6550,ORD003756,PROD0050,2,0.0,177.3,77.18
6551,ORD003756,PROD0068,5,0.15,356.06,95.36
6552,ORD003757,PROD0006,5,0.05,2522.3,693.25
6553,ORD003757,PROD0099,4,0.05,596.79,191.99
6554,ORD003757,PROD0127,5,0.15,311.61,73.21
6555,ORD003758,PROD0123,3,0.0,693.54,239.94
6556,ORD003759,PROD0103,5,0.0,1123.3,432.9
6557,ORD003760,PROD0138,2,0.2,287.89,100.55
6558,ORD003760,PROD0079,2,0.0,126.62,57.14
6559,ORD003761,PROD0150,4,0.0,552.44,239.92
6560,ORD003762,PROD0052,2,0.0,773.56,297.22
6561,ORD003762,PROD0072,3,0.0,224.76,74.61
6562,ORD003763,PROD0068,3,0.0,251.34,94.92
6563,ORD003763,PROD0135,1,0.0,18.92,9.14
6564,ORD003763,PROD0136,1,0.05,23.14,10.59
6565,ORD003764,PROD0103,2,0.05,426.85,150.69
6566,ORD003764,PROD0023,3,0.0,4087.65,1044.21
6567,ORD003765,PROD0115,5,0.0,398.8,191.65
6568,ORD003765,PROD0004,1,0.0,1396.87,593.92
6569,ORD003765,PROD0064,3,0.15,273.21,76.38
6570,ORD003765,PROD0017,1,0.05,54.65,21.45
6571,ORD003766,PROD0072,2,0.2,119.87,19.77
6572,ORD003766,PROD0024,3,0.15,754.54,226.21
6573,ORD003767,PROD0068,4,0.0,335.12,126.56
6574,ORD003767,PROD0084,4,0.1,345.17,99.17
6575,ORD003768,PROD0014,1,0.05,1146.82,328.02
6576,ORD003768,PROD0110,4,0.15,68.65,8.93
6577,ORD003769,PROD0017,1,0.15,48.9,15.7
6578,ORD003770,PROD0065,3,0.1,28.32,10.89
6579,ORD003770,PROD0118,3,0.0,461.28,204.24
6580,ORD003771,PROD0127,4,0.05,278.62,87.9
6581,ORD003772,PROD0125,2,0.1,335.79,116.45
6582,ORD003772,PROD0081,4,0.1,200.59,42.35
6583,ORD003772,PROD0098,4,0.2,287.71,43.91
6584,ORD003773,PROD0091,2,0.15,362.03,57.39
6585,ORD003774,PROD0043,4,0.05,3391.01,1178.61
6586,ORD003775,PROD0051,5,0.15,2284.59,478.64
6587,ORD003776,PROD0053,2,0.05,1227.7,532.84
6588,ORD003776,PROD0024,2,0.05,562.21,209.99
6589,ORD003777,PROD0069,5,0.1,340.52,93.52
6590,ORD003777,PROD0047,2,0.1,1114.61,385.47
6591,ORD003778,PROD0044,3,0.05,1411.95,326.82
6592,ORD003778,PROD0108,3,0.05,93.65,28.94
6593,ORD003778,PROD0015,2,0.0,547.24,176.26
6594,ORD003779,PROD0104,3,0.0,774.09,233.07
6595,ORD003780,PROD0062,5,0.0,177.5,70.8
6596,ORD003780,PROD0069,4,0.1,272.41,74.81
6597,ORD003781,PROD0117,2,0.0,497.58,125.86
6598,ORD003782,PROD0119,3,0.0,146.7,59.88
6599,ORD003782,PROD0065,1,0.0,10.49,4.68
6600,ORD003782,PROD0090,5,0.0,476.6,210.05
6601,ORD003783,PROD0025,4,0.0,1946.56,733.32
6602,ORD003784,PROD0142,1,0.0,87.89,34.33
6603,ORD003784,PROD0127,4,0.0,293.28,102.56
6604,ORD003784,PROD0120,1,0.15,108.09,18.65
6605,ORD003785,PROD0121,1,0.0,31.08,11.16
6606,ORD003786,PROD0089,3,0.15,123.27,21.15
6607,ORD003786,PROD0124,1,0.0,35.37,16.8
6608,ORD003787,PROD0060,4,0.0,3370.16,1061.2
6609,ORD003787,PROD0088,1,0.1,38.48,6.42
6610,ORD003787,PROD0148,3,0.1,121.04,27.53
6611,ORD003788,PROD0095,4,0.0,404.04,175.0
6612,ORD003789,PROD0022,2,0.05,1235.04,331.78
6613,ORD003790,PROD0108,2,0.2,52.58,9.44
6614,ORD003790,PROD0138,1,0.1,161.94,68.27
6615,ORD003791,PROD0097,3,0.2,714.96,74.4
6616,ORD003791,PROD0127,1,0.05,69.65,21.97
6617,ORD003791,PROD0110,5,0.0,100.95,26.3
6618,ORD003792,PROD0042,2,0.0,1332.98,403.54
6619,ORD003793,PROD0121,4,0.2,99.46,19.78
6620,ORD003794,PROD0070,1,0.0,48.27,13.93
6621,ORD003794,PROD0105,3,0.1,785.92,169.24
6622,ORD003794,PROD0059,2,0.0,197.04,81.62
6623,ORD003794,PROD0081,1,0.0,55.72,16.16
6624,ORD003795,PROD0127,2,0.0,146.64,51.28
6625,ORD003796,PROD0142,2,0.1,158.2,51.08
6626,ORD003797,PROD0141,4,0.0,367.16,129.76
6627,ORD003797,PROD0078,5,0.1,461.79,125.79
6628,ORD003798,PROD0059,5,0.0,492.6,204.05
6629,ORD003798,PROD0085,2,0.05,125.76,40.62
6630,ORD003798,PROD0089,3,0.1,130.52,28.4
6631,ORD003799,PROD0037,5,0.0,4488.8,2042.5
6632,ORD003800,PROD0087,1,0.0,70.1,17.7
6633,ORD003800,PROD0091,4,0.15,724.06,114.78
6634,ORD003800,PROD0094,4,0.15,636.21,230.45
6635,ORD003801,PROD0064,1,0.0,107.14,41.53
6636,ORD003801,PROD0001,4,0.0,4169.68,1792.56
6637,ORD003801,PROD0048,2,0.0,232.64,59.12
6638,ORD003802,PROD0040,3,0.1,2029.18,453.37
6639,ORD003802,PROD0017,4,0.15,195.6,62.8
6640,ORD003803,PROD0079,2,0.05,120.29,50.81
6641,ORD003804,PROD0078,3,0.1,277.07,75.47
6642,ORD003805,PROD0100,2,0.15,212.58,82.8
6643,ORD003806,PROD0120,5,0.0,635.8,188.6
6644,ORD003806,PROD0146,2,0.1,96.3,17.3
6645,ORD003806,PROD0013,3,0.0,2698.56,1092.87
6646,ORD003807,PROD0108,3,0.1,88.72,24.01
6647,ORD003807,PROD0144,3,0.15,405.17,160.28
6648,ORD003807,PROD0076,4,0.0,345.12,116.88
6649,ORD003807,PROD0116,2,0.05,314.34,112.08
6650,ORD003808,PROD0128,3,0.0,245.88,65.07
6651,ORD003808,PROD0106,2,0.2,176.64,50.58
6652,ORD003809,PROD0125,3,0.0,559.65,230.64
6653,ORD003809,PROD0142,1,0.0,87.89,34.33
6654,ORD003809,PROD0046,4,0.0,2267.72,615.44
6655,ORD003810,PROD0077,1,0.0,28.36,12.13
6656,ORD003811,PROD0108,5,0.05,156.09,48.24
6657,ORD003811,PROD0055,5,0.1,3427.56,828.16
6658,ORD003812,PROD0103,1,0.0,224.66,86.58
6659,ORD003813,PROD0078,4,0.0,410.48,141.68
6660,ORD003814,PROD0066,2,0.0,147.02,44.12
6661,ORD003815,PROD0088,1,0.0,42.75,10.69
6662,ORD003816,PROD0004,2,0.0,2793.74,1187.84
6663,ORD003816,PROD0013,2,0.05,1709.09,638.63
6664,ORD003817,PROD0122,3,0.0,355.26,113.46
6665,ORD003817,PROD0114,4,0.05,532.68,239.52
6666,ORD003817,PROD0014,2,0.05,2293.64,656.04
6667,ORD003818,PROD0033,5,0.0,2363.95,1077.0
6668,ORD003819,PROD0032,4,0.05,728.16,283.48
6669,ORD003820,PROD0149,3,0.1,529.98,231.21
6670,ORD003821,PROD0018,5,0.05,941.64,424.39
6671,ORD003822,PROD0077,5,0.05,134.71,53.56
6672,ORD003822,PROD0128,2,0.15,139.33,18.79
6673,ORD003822,PROD0002,1,0.0,1004.26,457.1
6674,ORD003823,PROD0047,2,0.0,1238.46,509.32
6675,ORD003823,PROD0130,1,0.0,84.45,41.07
6676,ORD003824,PROD0046,5,0.0,2834.65,769.3
6677,ORD003825,PROD0078,3,0.15,261.68,60.08
6678,ORD003825,PROD0008,1,0.05,182.06,75.12
6679,ORD003826,PROD0002,3,0.1,2711.5,1070.02
6680,ORD003827,PROD0113,1,0.0,34.5,11.85
6681,ORD003827,PROD0133,4,0.0,937.88,438.0
6682,ORD003828,PROD0045,5,0.05,2497.5,663.35
6683,ORD003829,PROD0086,4,0.0,402.24,164.24
6684,ORD003829,PROD0063,2,0.0,160.9,63.06
6685,ORD003829,PROD0143,5,0.0,362.25,97.4
6686,ORD003829,PROD0018,2,0.15,337.01,130.11
6687,ORD003830,PROD0145,3,0.0,129.21,41.73
6688,ORD003831,PROD0092,2,0.0,132.94,61.84
6689,ORD003832,PROD0001,1,0.2,833.94,239.66
6690,ORD003832,PROD0120,5,0.1,572.22,125.02
6691,ORD003833,PROD0055,2,0.0,1523.36,483.6
6692,ORD003834,PROD0022,1,0.0,650.02,198.39
6693,ORD003835,PROD0098,5,0.0,449.55,144.8
6694,ORD003836,PROD0007,2,0.0,2200.08,824.6
6695,ORD003836,PROD0059,5,0.0,492.6,204.05
6696,ORD003837,PROD0106,3,0.0,331.2,142.11
6697,ORD003838,PROD0130,4,0.0,337.8,164.28
6698,ORD003839,PROD0089,4,0.1,174.02,37.86
6699,ORD003839,PROD0090,2,0.0,190.64,84.02
6700,ORD003840,PROD0117,3,0.0,746.37,188.79
6701,ORD003841,PROD0018,3,0.0,594.72,284.37
6702,ORD003841,PROD0107,4,0.05,214.97,53.61
6703,ORD003841,PROD0025,4,0.05,1849.23,635.99
6704,ORD003842,PROD0096,5,0.05,275.31,76.06
6705,ORD003843,PROD0020,4,0.1,647.82,188.18
6706,ORD003844,PROD0075,1,0.0,52.21,23.68
6707,ORD003844,PROD0023,2,0.2,2180.08,151.12
6708,ORD003844,PROD0107,4,0.0,226.28,64.92
6709,ORD003845,PROD0118,3,0.0,461.28,204.24
6710,ORD003845,PROD0081,4,0.2,178.3,20.06
6711,ORD003845,PROD0031,3,0.1,957.1,208.57
6712,ORD003846,PROD0037,5,0.15,3815.48,1369.18
6713,ORD003846,PROD0047,4,0.0,2476.92,1018.64
6714,ORD003847,PROD0089,3,0.0,145.02,42.9
6715,ORD003847,PROD0066,4,0.1,264.64,58.84
6716,ORD003848,PROD0122,4,0.1,426.31,103.91
6717,ORD003849,PROD0079,4,0.0,253.24,114.28
6718,ORD003849,PROD0042,3,0.05,1899.5,505.34
6719,ORD003849,PROD0086,3,0.0,301.68,123.18
6720,ORD003850,PROD0146,4,0.0,214.0,56.0
6721,ORD003850,PROD0005,5,0.05,4140.62,1035.77
6722,ORD003851,PROD0039,3,0.0,1318.59,563.25
6723,ORD003852,PROD0045,4,0.0,2103.16,635.84
6724,ORD003852,PROD0083,5,0.0,68.0,30.2
6725,ORD003853,PROD0065,2,0.05,19.93,8.31
6726,ORD003854,PROD0124,4,0.2,113.18,38.9
6727,ORD003854,PROD0051,5,0.15,2284.59,478.64
6728,ORD003855,PROD0041,3,0.0,582.39,247.11
6729,ORD003856,PROD0119,2,0.05,92.91,35.03
6730,ORD003856,PROD0043,1,0.0,892.37,339.27
6731,ORD003857,PROD0078,2,0.0,205.24,70.84
6732,ORD003857,PROD0021,4,0.05,4512.27,1111.79
6733,ORD003858,PROD0069,5,0.1,340.52,93.52
6734,ORD003858,PROD0053,1,0.0,646.16,298.73
6735,ORD003859,PROD0022,5,0.0,3250.1,991.95
6736,ORD003860,PROD0041,2,0.05,368.85,145.33
6737,ORD003860,PROD0147,1,0.0,199.0,63.64
6738,ORD003861,PROD0005,4,0.0,3486.84,1002.96
6739,ORD003861,PROD0029,1,0.0,246.46,122.81
6740,ORD003861,PROD0090,2,0.1,171.58,64.96
6741,ORD003862,PROD0108,3,0.05,93.65,28.94
6742,ORD003862,PROD0086,4,0.1,362.02,124.02
6743,ORD003862,PROD0002,5,0.15,4268.11,1532.31
6744,ORD003863,PROD0083,4,0.1,48.96,18.72
6745,ORD003863,PROD0066,5,0.0,367.55,110.3
6746,ORD003863,PROD0111,2,0.2,427.2,119.9
6747,ORD003864,PROD0070,2,0.05,91.71,23.03
6748,ORD003865,PROD0024,4,0.0,1183.6,479.16
6749,ORD003865,PROD0071,3,0.1,268.68,66.72
6750,ORD003866,PROD0029,2,0.0,492.92,245.62
6751,ORD003866,PROD0011,3,0.0,3558.42,1378.41
6752,ORD003866,PROD0088,4,0.0,171.0,42.76
6753,ORD003866,PROD0046,2,0.05,1077.17,251.03
6754,ORD003867,PROD0076,5,0.15,366.69,81.39
6755,ORD003867,PROD0148,5,0.05,212.94,57.09
6756,ORD003868,PROD0106,5,0.0,552.0,236.85
6757,ORD003869,PROD0083,1,0.0,13.6,6.04
6758,ORD003870,PROD0129,3,0.05,180.35,56.63
6759,ORD003870,PROD0148,1,0.05,42.59,11.42
6760,ORD003870,PROD0139,4,0.2,511.26,147.38
6761,ORD003871,PROD0101,5,0.0,821.85,353.75
6762,ORD003871,PROD0104,3,0.0,774.09,233.07
6763,ORD003872,PROD0141,4,0.0,367.16,129.76
6764,ORD003873,PROD0012,1,0.0,851.9,345.99
6765,ORD003873,PROD0038,2,0.05,1636.77,576.47
6766,ORD003874,PROD0020,1,0.0,179.95,65.04
6767,ORD003874,PROD0112,2,0.0,406.56,177.84
6768,ORD003875,PROD0029,4,0.1,887.26,392.66
6769,ORD003876,PROD0088,3,0.05,121.84,25.66
6770,ORD003877,PROD0093,5,0.05,1166.22,377.47
6771,ORD003878,PROD0047,1,0.2,495.38,130.81
6772,ORD003879,PROD0058,2,0.0,683.02,290.24
6773,ORD003880,PROD0008,1,0.0,191.64,84.7
6774,ORD003880,PROD0038,1,0.2,689.17,159.02
6775,ORD003880,PROD0100,5,0.05,593.99,269.54
6776,ORD003881,PROD0052,1,0.0,386.78,148.61
6777,ORD003881,PROD0034,3,0.05,909.12,264.36
6778,ORD003882,PROD0026,1,0.0,680.28,268.52
6779,ORD003882,PROD0050,5,0.1,398.93,148.63
6780,ORD003882,PROD0129,4,0.15,215.15,50.19
6781,ORD003883,PROD0089,5,0.2,193.36,23.16
6782,ORD003884,PROD0127,5,0.05,348.27,109.87
6783,ORD003885,PROD0070,2,0.0,96.54,27.86
6784,ORD003886,PROD0070,3,0.05,137.57,34.55
6785,ORD003886,PROD0113,2,0.2,55.2,9.9
6786,ORD003886,PROD0138,2,0.0,359.86,172.52
6787,ORD003887,PROD0149,4,0.05,745.9,347.54
6788,ORD003888,PROD0014,5,0.0,6035.9,1941.9
6789,ORD003889,PROD0004,1,0.0,1396.87,593.92
6790,ORD003890,PROD0034,1,0.1,287.09,72.17
6791,ORD003890,PROD0004,1,0.0,1396.87,593.92
6792,ORD003890,PROD0045,2,0.1,946.42,212.76
6793,ORD003891,PROD0095,1,0.2,80.81,23.55
6794,ORD003891,PROD0104,3,0.15,657.98,116.96
6795,ORD003892,PROD0104,5,0.05,1225.64,323.94
6796,ORD003893,PROD0060,1,0.0,842.54,265.3
6797,ORD003894,PROD0079,3,0.0,189.93,85.71
6798,ORD003894,PROD0001,4,0.15,3544.23,1167.11
6799,ORD003894,PROD0111,1,0.1,240.3,86.65
6800,ORD003895,PROD0121,4,0.1,111.89,32.21
6801,ORD003895,PROD0090,3,0.0,285.96,126.03
6802,ORD003895,PROD0047,3,0.15,1579.04,485.33
6803,ORD003895,PROD0114,2,0.05,266.34,119.76
6804,ORD003896,PROD0118,1,0.0,153.76,68.08
6805,ORD003896,PROD0115,4,0.0,319.04,153.32
6806,ORD003897,PROD0105,4,0.0,1164.32,342.08
6807,ORD003897,PROD0144,5,0.2,635.56,227.41
6808,ORD003898,PROD0023,1,0.0,1362.55,348.07
6809,ORD003898,PROD0027,1,0.0,573.63,151.41
6810,ORD003899,PROD0140,2,0.0,270.32,121.42
6811,ORD003899,PROD0005,4,0.05,3312.5,828.62
6812,ORD003899,PROD0047,4,0.2,1981.54,523.26
6813,ORD003900,PROD0075,5,0.0,261.05,118.4
6814,ORD003901,PROD0094,3,0.0,561.36,257.04
6815,ORD003902,PROD0102,1,0.0,286.07,119.63
6816,ORD003902,PROD0005,3,0.0,2615.13,752.22
6817,ORD003903,PROD0039,4,0.05,1670.21,663.09
6818,ORD003904,PROD0080,5,0.05,311.6,107.0
6819,ORD003904,PROD0034,3,0.0,956.97,312.21
6820,ORD003905,PROD0062,5,0.0,177.5,70.8
6821,ORD003905,PROD0031,1,0.0,354.48,104.97
6822,ORD003906,PROD0132,3,0.0,95.07,26.4
6823,ORD003906,PROD0051,3,0.15,1370.75,287.18
6824,ORD003906,PROD0020,4,0.0,719.8,260.16
6825,ORD003906,PROD0054,3,0.1,447.47,147.17
6826,ORD003907,PROD0120,2,0.0,254.32,75.44
6827,ORD003908,PROD0019,4,0.0,3430.52,1275.76
6828,ORD003909,PROD0129,3,0.0,189.84,66.12
6829,ORD003910,PROD0079,1,0.05,60.14,25.4
6830,ORD003911,PROD0064,3,0.0,321.42,124.59
6831,ORD003911,PROD0125,2,0.0,373.1,153.76
6832,ORD003911,PROD0063,4,0.05,305.71,110.03
6833,ORD003912,PROD0039,2,0.0,879.06,375.5
6834,ORD003913,PROD0044,1,0.15,421.11,59.4
6835,ORD003913,PROD0062,1,0.2,28.4,7.06
6836,ORD003914,PROD0036,5,0.05,1801.72,411.52
6837,ORD003915,PROD0051,1,0.0,537.55,176.36
6838,ORD003915,PROD0045,5,0.0,2628.95,794.8
6839,ORD003915,PROD0005,4,0.0,3486.84,1002.96
6840,ORD003915,PROD0147,2,0.05,378.1,107.38
6841,ORD003916,PROD0018,2,0.0,396.48,189.58
6842,ORD003917,PROD0058,2,0.05,648.87,256.09
6843,ORD003918,PROD0032,4,0.0,766.48,321.8
6844,ORD003918,PROD0053,2,0.05,1227.7,532.84
6845,ORD003919,PROD0095,5,0.0,505.05,218.75
6846,ORD003919,PROD0008,1,0.0,191.64,84.7
6847,ORD003920,PROD0150,3,0.0,414.33,179.94
6848,ORD003920,PROD0081,1,0.0,55.72,16.16
6849,ORD003921,PROD0085,1,0.15,56.26,13.69
6850,ORD003922,PROD0092,3,0.0,199.41,92.76
6851,ORD003923,PROD0082,2,0.0,38.18,18.8
6852,ORD003923,PROD0147,5,0.05,945.25,268.45
6853,ORD003923,PROD0144,1,0.1,143.0,61.37
6854,ORD003924,PROD0075,3,0.2,125.3,39.71
6855,ORD003925,PROD0114,4,0.05,532.68,239.52
6856,ORD003926,PROD0058,1,0.15,290.28,93.89
6857,ORD003926,PROD0072,1,0.15,63.68,13.63
6858,ORD003926,PROD0104,1,0.05,245.13,64.79
6859,ORD003927,PROD0104,3,0.0,774.09,233.07
6860,ORD003927,PROD0125,1,0.05,177.22,67.55
6861,ORD003928,PROD0059,5,0.1,443.34,154.79
6862,ORD003929,PROD0137,3,0.0,246.96,79.47
6863,ORD003929,PROD0031,4,0.1,1276.13,278.09
6864,ORD003930,PROD0073,2,0.05,68.86,30.5
6865,ORD003930,PROD0068,2,0.0,167.56,63.28
6866,ORD003930,PROD0049,5,0.05,4145.75,1602.0
6867,ORD003931,PROD0123,4,0.0,924.72,319.92
6868,ORD003932,PROD0052,5,0.05,1837.2,646.35
6869,ORD003932,PROD0022,1,0.05,617.52,165.89
6870,ORD003932,PROD0100,2,0.0,250.1,120.32
6871,ORD003932,PROD0048,5,0.1,523.44,89.64
6872,ORD003933,PROD0073,5,0.1,163.08,67.18
6873,ORD003934,PROD0005,2,0.1,1569.08,327.14
6874,ORD003935,PROD0111,3,0.1,720.9,259.95
6875,ORD003935,PROD0066,5,0.0,367.55,110.3
6876,ORD003936,PROD0056,3,0.05,1029.73,275.23
6877,ORD003937,PROD0032,5,0.1,862.29,306.44
6878,ORD003937,PROD0037,2,0.05,1705.74,727.22
6879,ORD003938,PROD0047,5,0.2,2476.92,654.07
6880,ORD003938,PROD0017,5,0.05,273.27,107.27
6881,ORD003938,PROD0135,3,0.0,56.76,27.42
6882,ORD003939,PROD0123,5,0.0,1155.9,399.9
6883,ORD003939,PROD0001,4,0.0,4169.68,1792.56
6884,ORD003940,PROD0042,4,0.0,2665.96,807.08
6885,ORD003941,PROD0020,4,0.15,611.83,152.19
6886,ORD003942,PROD0053,4,0.0,2584.64,1194.92
6887,ORD003943,PROD0027,5,0.0,2868.15,757.05
6888,ORD003944,PROD0130,2,0.0,168.9,82.14
6889,ORD003944,PROD0060,1,0.05,800.41,223.17
6890,ORD003945,PROD0070,5,0.05,229.28,57.58
6891,ORD003945,PROD0109,5,0.1,246.56,50.86
6892,ORD003946,PROD0133,4,0.15,797.2,297.32
6893,ORD003947,PROD0017,1,0.05,54.65,21.45
6894,ORD003947,PROD0009,2,0.0,1854.98,642.82
6895,ORD003947,PROD0055,2,0.15,1294.86,255.1
6896,ORD003948,PROD0033,1,0.1,425.51,168.12
6897,ORD003949,PROD0044,2,0.0,990.84,267.42
6898,ORD003950,PROD0043,4,0.05,3391.01,1178.61
6899,ORD003951,PROD0110,4,0.0,80.76,21.04
6900,ORD003952,PROD0047,4,0.0,2476.92,1018.64
6901,ORD003952,PROD0026,4,0.05,2585.06,938.02
6902,ORD003952,PROD0077,4,0.0,113.44,48.52
6903,ORD003953,PROD0013,1,0.0,899.52,364.29
6904,ORD003954,PROD0038,2,0.05,1636.77,576.47
6905,ORD003955,PROD0024,3,0.0,887.7,359.37
6906,ORD003955,PROD0027,2,0.1,1032.53,188.09
6907,ORD003956,PROD0113,2,0.05,65.55,20.25
6908,ORD003956,PROD0091,2,0.0,425.92,121.28
6909,ORD003957,PROD0107,5,0.0,282.85,81.15
6910,ORD003957,PROD0063,2,0.15,136.77,38.93
6911,ORD003957,PROD0011,5,0.05,5634.17,2000.82
6912,ORD003958,PROD0019,3,0.2,2058.31,442.24
6913,ORD003959,PROD0047,1,0.0,619.23,254.66
6914,ORD003959,PROD0032,4,0.0,766.48,321.8
6915,ORD003959,PROD0068,2,0.15,142.43,38.15
6916,ORD003960,PROD0139,2,0.15,271.61,89.67
6917,ORD003961,PROD0078,1,0.0,102.62,35.42
6918,ORD003962,PROD0039,1,0.2,351.62,99.84
6919,ORD003962,PROD0140,1,0.1,121.64,47.19
6920,ORD003962,PROD0048,5,0.0,581.6,147.8
6921,ORD003963,PROD0003,3,0.0,4332.39,1530.39
6922,ORD003963,PROD0138,2,0.0,359.86,172.52
6923,ORD003964,PROD0059,1,0.05,93.59,35.88
6924,ORD003964,PROD0064,2,0.0,214.28,83.06
6925,ORD003965,PROD0111,4,0.0,1068.0,453.4
6926,ORD003966,PROD0108,1,0.0,32.86,11.29
6927,ORD003967,PROD0004,1,0.0,1396.87,593.92
6928,ORD003968,PROD0063,3,0.1,217.22,70.46
6929,ORD003969,PROD0037,3,0.2,2154.62,686.84
6930,ORD003969,PROD0077,3,0.0,85.08,36.39
6931,ORD003970,PROD0120,2,0.0,254.32,75.44
6932,ORD003970,PROD0122,3,0.1,319.73,77.93
6933,ORD003970,PROD0050,3,0.1,239.36,89.18
6934,ORD003970,PROD0012,2,0.0,1703.8,691.98
6935,ORD003971,PROD0140,4,0.0,540.64,242.84
6936,ORD003971,PROD0059,5,0.1,443.34,154.79
6937,ORD003971,PROD0053,3,0.0,1938.48,896.19
6938,ORD003971,PROD0146,3,0.0,160.5,42.0
6939,ORD003972,PROD0149,1,0.1,176.66,77.07
6940,ORD003973,PROD0117,3,0.0,746.37,188.79
6941,ORD003974,PROD0029,1,0.05,234.14,110.49
6942,ORD003974,PROD0149,4,0.0,785.16,386.8
6943,ORD003974,PROD0055,4,0.1,2742.05,662.53
6944,ORD003975,PROD0063,4,0.05,305.71,110.03
6945,ORD003976,PROD0119,1,0.1,44.01,15.07
6946,ORD003977,PROD0140,3,0.0,405.48,182.13
6947,ORD003978,PROD0134,5,0.0,504.35,166.05
6948,ORD003978,PROD0138,2,0.0,359.86,172.52
6949,ORD003979,PROD0127,5,0.05,348.27,109.87
6950,ORD003980,PROD0075,4,0.05,198.4,84.28
6951,ORD003981,PROD0024,2,0.0,591.8,239.58
6952,ORD003982,PROD0065,5,0.0,52.45,23.4
6953,ORD003982,PROD0102,2,0.0,572.14,239.26
6954,ORD003983,PROD0112,5,0.0,1016.4,444.6
6955,ORD003983,PROD0053,2,0.15,1098.47,403.61
6956,ORD003984,PROD0063,2,0.05,152.85,55.01
6957,ORD003985,PROD0137,2,0.0,164.64,52.98
6958,ORD003986,PROD0018,5,0.1,892.08,374.83
6959,ORD003986,PROD0008,5,0.15,814.47,279.77
6960,ORD003986,PROD0118,2,0.15,261.39,90.03
6961,ORD003987,PROD0001,2,0.0,2084.84,896.28
6962,ORD003988,PROD0073,5,0.15,154.02,58.12
6963,ORD003988,PROD0047,4,0.05,2353.07,894.79
6964,ORD003989,PROD0076,5,0.1,388.26,102.96
6965,ORD003990,PROD0067,2,0.1,90.43,35.23
6966,ORD003990,PROD0124,4,0.0,141.48,67.2
6967,ORD003991,PROD0033,3,0.15,1205.61,433.44
6968,ORD003991,PROD0132,5,0.0,158.45,44.0
6969,ORD003991,PROD0067,1,0.0,50.24,22.64
6970,ORD003992,PROD0079,4,0.1,227.92,88.96
6971,ORD003992,PROD0106,2,0.1,198.72,72.66
6972,ORD003992,PROD0102,4,0.0,1144.28,478.52
6973,ORD003993,PROD0103,2,0.15,381.92,105.76
6974,ORD003993,PROD0100,3,0.0,375.15,180.48
6975,ORD003993,PROD0089,2,0.0,96.68,28.6
6976,ORD003994,PROD0025,3,0.0,1459.92,549.99
6977,ORD003995,PROD0148,3,0.05,127.77,34.26
6978,ORD003996,PROD0057,5,0.0,1828.05,869.4
6979,ORD003996,PROD0064,4,0.0,428.56,166.12
6980,ORD003997,PROD0075,4,0.0,208.84,94.72
6981,ORD003998,PROD0010,3,0.1,3928.31,1389.77
6982,ORD003998,PROD0099,1,0.0,157.05,55.85
6983,ORD003998,PROD0086,4,0.05,382.13,144.13
6984,ORD003999,PROD0086,5,0.0,502.8,205.3
6985,ORD003999,PROD0035,5,0.0,3606.1,1509.25
6986,ORD003999,PROD0090,4,0.05,362.22,148.98
6987,ORD003999,PROD0051,3,0.15,1370.75,287.18
6988,ORD004000,PROD0023,4,0.1,4905.18,847.26
6989,ORD004000,PROD0150,4,0.15,469.57,157.05
6990,ORD004001,PROD0132,2,0.1,57.04,11.26
6991,ORD004002,PROD0037,5,0.1,4039.92,1593.62
6992,ORD004002,PROD0082,3,0.05,54.41,25.34
6993,ORD004003,PROD0009,2,0.05,1762.23,550.07
6994,ORD004004,PROD0012,3,0.15,2172.34,654.61
6995,ORD004004,PROD0084,2,0.0,191.76,68.76
6996,ORD004004,PROD0067,2,0.0,100.48,45.28
6997,ORD004005,PROD0024,1,0.0,295.9,119.79
6998,ORD004005,PROD0138,3,0.2,431.83,150.82
6999,ORD004006,PROD0092,2,0.0,132.94,61.84
7000,ORD004007,PROD0122,1,0.0,118.42,37.82
7001,ORD004008,PROD0129,5,0.0,316.4,110.2
7002,ORD004008,PROD0098,3,0.0,269.73,86.88
7003,ORD004009,PROD0012,2,0.1,1533.42,521.6
7004,ORD004009,PROD0097,2,0.0,595.8,168.76
7005,ORD004009,PROD0122,2,0.05,225.0,63.8
7006,ORD004010,PROD0109,3,0.0,164.37,46.95
7007,ORD004010,PROD0009,4,0.0,3709.96,1285.64
7008,ORD004011,PROD0150,4,0.0,552.44,239.92
7009,ORD004012,PROD0072,5,0.0,374.6,124.35
7010,ORD004012,PROD0120,1,0.0,127.16,37.72
7011,ORD004013,PROD0010,2,0.0,2909.86,1217.5
7012,ORD004013,PROD0113,1,0.15,29.32,6.67
7013,ORD004013,PROD0136,5,0.0,121.8,59.05
7014,ORD004014,PROD0058,3,0.1,922.08,332.91
7015,ORD004015,PROD0022,2,0.0,1300.04,396.78
7016,ORD004016,PROD0037,1,0.15,763.1,273.84
7017,ORD004016,PROD0102,5,0.0,1430.35,598.15
7018,ORD004017,PROD0075,4,0.0,208.84,94.72
7019,ORD004017,PROD0067,1,0.05,47.73,20.13
7020,ORD004018,PROD0136,3,0.05,69.43,31.78
7021,ORD004018,PROD0090,3,0.15,243.07,83.14
7022,ORD004018,PROD0079,5,0.0,316.55,142.85
7023,ORD004019,PROD0135,4,0.0,75.68,36.56
7024,ORD004020,PROD0037,2,0.0,1795.52,817.0
7025,ORD004021,PROD0092,1,0.15,56.5,20.95
7026,ORD004021,PROD0134,2,0.0,201.74,66.42
7027,ORD004022,PROD0023,1,0.0,1362.55,348.07
7028,ORD004022,PROD0037,3,0.0,2693.28,1225.5
7029,ORD004022,PROD0077,1,0.0,28.36,12.13
7030,ORD004022,PROD0128,5,0.1,368.82,67.47
7031,ORD004023,PROD0142,5,0.15,373.53,105.73
7032,ORD004023,PROD0008,2,0.2,306.62,92.74
7033,ORD004024,PROD0101,1,0.0,164.37,70.75
7034,ORD004024,PROD0082,1,0.0,19.09,9.4
7035,ORD004025,PROD0015,3,0.0,820.86,264.39
7036,ORD004026,PROD0129,2,0.1,113.9,31.42
7037,ORD004027,PROD0130,1,0.0,84.45,41.07
7038,ORD004027,PROD0029,2,0.0,492.92,245.62
7039,ORD004028,PROD0128,1,0.0,81.96,21.69
7040,ORD004029,PROD0146,4,0.05,203.3,45.3
7041,ORD004030,PROD0030,1,0.0,1270.34,514.52
7042,ORD004031,PROD0026,1,0.0,680.28,268.52
7043,ORD004031,PROD0018,5,0.0,991.2,473.95
7044,ORD004032,PROD0078,1,0.0,102.62,35.42
7045,ORD004032,PROD0076,5,0.05,409.83,124.53
7046,ORD004033,PROD0132,4,0.1,114.08,22.52
7047,ORD004033,PROD0089,4,0.0,193.36,57.2
7048,ORD004034,PROD0019,4,0.2,2744.42,589.66
7049,ORD004034,PROD0114,5,0.2,560.72,194.27
7050,ORD004034,PROD0099,1,0.0,157.05,55.85
7051,ORD004035,PROD0088,4,0.0,171.0,42.76
7052,ORD004035,PROD0004,5,0.1,6285.91,2271.16
7053,ORD004035,PROD0078,5,0.0,513.1,177.1
7054,ORD004036,PROD0128,4,0.15,278.66,37.58
7055,ORD004037,PROD0074,3,0.2,158.86,38.8
7056,ORD004037,PROD0097,5,0.0,1489.5,421.9
7057,ORD004037,PROD0121,2,0.0,62.16,22.32
7058,ORD004038,PROD0049,3,0.0,2618.37,1092.12
7059,ORD004039,PROD0033,3,0.0,1418.37,646.2
7060,ORD004040,PROD0031,5,0.05,1683.78,436.23
7061,ORD004040,PROD0004,5,0.0,6984.35,2969.6
7062,ORD004040,PROD0150,2,0.0,276.22,119.96
7063,ORD004040,PROD0026,2,0.0,1360.56,537.04
7064,ORD004041,PROD0055,3,0.05,2170.79,611.15
7065,ORD004041,PROD0149,1,0.05,186.48,86.89
7066,ORD004042,PROD0005,4,0.0,3486.84,1002.96
7067,ORD004043,PROD0092,1,0.1,59.82,24.27
7068,ORD004043,PROD0081,2,0.0,111.44,32.32
7069,ORD004043,PROD0080,5,0.0,328.0,123.4
7070,ORD004044,PROD0046,2,0.0,1133.86,307.72
7071,ORD004044,PROD0015,4,0.0,1094.48,352.52
7072,ORD004044,PROD0057,5,0.1,1645.25,686.6
7073,ORD004045,PROD0078,3,0.1,277.07,75.47
7074,ORD004046,PROD0121,2,0.15,52.84,13.0
7075,ORD004047,PROD0083,1,0.2,10.88,3.32
7076,ORD004048,PROD0038,2,0.15,1464.48,404.18
7077,ORD004048,PROD0122,1,0.05,112.5,31.9
7078,ORD004049,PROD0094,1,0.05,177.76,76.32
7079,ORD004050,PROD0068,2,0.2,134.05,29.77
7080,ORD004051,PROD0022,1,0.0,650.02,198.39
7081,ORD004052,PROD0084,3,0.0,287.64,103.14
7082,ORD004053,PROD0067,4,0.0,200.96,90.56
7083,ORD004053,PROD0131,5,0.0,528.4,232.35
7084,ORD004054,PROD0013,1,0.0,899.52,364.29
7085,ORD004055,PROD0035,2,0.0,1442.44,603.7
7086,ORD004055,PROD0082,3,0.0,57.27,28.2
7087,ORD004055,PROD0145,1,0.0,43.07,13.91
7088,ORD004056,PROD0109,4,0.2,175.33,18.77
7089,ORD004056,PROD0095,1,0.1,90.91,33.65
7090,ORD004056,PROD0024,4,0.15,1006.06,301.62
7091,ORD004057,PROD0064,4,0.0,428.56,166.12
7092,ORD004057,PROD0025,3,0.1,1313.93,404.0
7093,ORD004058,PROD0059,4,0.1,354.67,123.83
7094,ORD004058,PROD0139,4,0.0,639.08,275.2
7095,ORD004059,PROD0057,4,0.05,1389.32,622.4
7096,ORD004059,PROD0029,2,0.0,492.92,245.62
7097,ORD004060,PROD0051,5,0.1,2418.97,613.02
7098,ORD004061,PROD0120,3,0.15,324.26,55.94
7099,ORD004061,PROD0109,4,0.05,208.2,51.64
7100,ORD004061,PROD0076,3,0.0,258.84,87.66
7101,ORD004062,PROD0038,2,0.0,1722.92,662.62
7102,ORD004063,PROD0007,3,0.0,3300.12,1236.9
7103,ORD004064,PROD0075,1,0.0,52.21,23.68
7104,ORD004065,PROD0148,4,0.0,179.32,54.64
7105,ORD004065,PROD0118,1,0.0,153.76,68.08
7106,ORD004066,PROD0083,1,0.15,11.56,4.0
7107,ORD004066,PROD0042,3,0.0,1999.47,605.31
7108,ORD004067,PROD0016,4,0.1,4041.0,1440.52
7109,ORD004068,PROD0126,1,0.05,190.85,77.95
7110,ORD004069,PROD0087,5,0.1,315.45,53.45
7111,ORD004070,PROD0048,3,0.05,331.51,71.23
7112,ORD004070,PROD0144,5,0.15,675.28,267.13
7113,ORD004070,PROD0118,2,0.0,307.52,136.16
7114,ORD004071,PROD0116,2,0.0,330.88,128.62
7115,ORD004071,PROD0063,1,0.05,76.43,27.51
7116,ORD004072,PROD0128,4,0.05,311.45,70.37
7117,ORD004072,PROD0057,3,0.0,1096.83,521.64
7118,ORD004073,PROD0122,4,0.2,378.94,56.54
7119,ORD004073,PROD0090,4,0.15,324.09,110.85
7120,ORD004074,PROD0024,2,0.0,591.8,239.58
7121,ORD004075,PROD0071,4,0.05,378.14,108.86
7122,ORD004075,PROD0114,4,0.0,560.72,267.56
7123,ORD004075,PROD0028,2,0.1,1384.04,378.04
7124,ORD004076,PROD0116,3,0.0,496.32,192.93
7125,ORD004077,PROD0005,4,0.05,3312.5,828.62
7126,ORD004077,PROD0047,3,0.0,1857.69,763.98
7127,ORD004077,PROD0082,1,0.05,18.14,8.45
7128,ORD004078,PROD0009,1,0.05,881.12,275.04
7129,ORD004078,PROD0053,1,0.0,646.16,298.73
7130,ORD004079,PROD0066,1,0.0,73.51,22.06
7131,ORD004080,PROD0093,3,0.0,736.56,263.31
7132,ORD004080,PROD0122,2,0.0,236.84,75.64
7133,ORD004081,PROD0010,2,0.1,2618.87,926.51
7134,ORD004081,PROD0146,2,0.2,85.6,6.6
7135,ORD004081,PROD0042,3,0.15,1699.55,305.39
7136,ORD004081,PROD0034,2,0.0,637.98,208.14
7137,ORD004082,PROD0139,2,0.1,287.59,105.65
7138,ORD004082,PROD0050,1,0.15,75.35,25.29
7139,ORD004082,PROD0090,1,0.1,85.79,32.48
7140,ORD004083,PROD0043,5,0.05,4238.76,1473.26
7141,ORD004083,PROD0047,1,0.05,588.27,223.7
7142,ORD004084,PROD0046,3,0.15,1445.67,206.46
7143,ORD004084,PROD0045,5,0.2,2103.16,269.01
7144,ORD004085,PROD0029,2,0.0,492.92,245.62
7145,ORD004085,PROD0095,3,0.0,303.03,131.25
7146,ORD004086,PROD0016,2,0.05,2132.75,832.51
7147,ORD004086,PROD0057,1,0.05,347.33,155.6
7148,ORD004086,PROD0089,2,0.0,96.68,28.6
7149,ORD004087,PROD0019,4,0.0,3430.52,1275.76
7150,ORD004088,PROD0079,4,0.0,253.24,114.28
7151,ORD004088,PROD0113,1,0.05,32.77,10.12
7152,ORD004089,PROD0088,2,0.05,81.22,17.1
7153,ORD004090,PROD0121,5,0.0,155.4,55.8
7154,ORD004091,PROD0113,3,0.1,93.15,25.2
7155,ORD004091,PROD0144,1,0.15,135.06,53.43
7156,ORD004092,PROD0090,1,0.0,95.32,42.01
7157,ORD004093,PROD0067,2,0.05,95.46,40.26
7158,ORD004093,PROD0043,2,0.0,1784.74,678.54
7159,ORD004094,PROD0033,2,0.05,898.3,383.52
7160,ORD004095,PROD0058,2,0.0,683.02,290.24
7161,ORD004096,PROD0138,3,0.0,539.79,258.78
7162,ORD004097,PROD0148,4,0.1,161.39,36.71
7163,ORD004098,PROD0069,1,0.0,75.67,26.27
7164,ORD004099,PROD0001,1,0.05,990.3,396.02
7165,ORD004100,PROD0035,2,0.05,1370.32,531.58
7166,ORD004100,PROD0005,5,0.1,3922.7,817.85
7167,ORD004100,PROD0057,2,0.0,731.22,347.76
7168,ORD004101,PROD0109,3,0.0,164.37,46.95
7169,ORD004101,PROD0002,4,0.15,3414.48,1225.84
7170,ORD004102,PROD0141,4,0.0,367.16,129.76
7171,ORD004103,PROD0112,4,0.0,813.12,355.68
7172,ORD004104,PROD0007,5,0.05,5225.19,1786.49
7173,ORD004104,PROD0079,2,0.0,126.62,57.14
7174,ORD004105,PROD0006,3,0.0,1593.03,495.6
7175,ORD004105,PROD0147,5,0.15,845.75,168.95
7176,ORD004105,PROD0027,5,0.05,2724.74,613.64
7177,ORD004106,PROD0066,1,0.0,73.51,22.06
7178,ORD004106,PROD0056,5,0.05,1716.22,458.72
7179,ORD004106,PROD0020,3,0.05,512.86,168.13
7180,ORD004106,PROD0079,1,0.0,63.31,28.57
7181,ORD004107,PROD0095,4,0.0,404.04,175.0
7182,ORD004108,PROD0085,4,0.0,264.76,94.48
7183,ORD004108,PROD0007,1,0.05,1045.04,357.3
7184,ORD004109,PROD0038,5,0.0,4307.3,1656.55
7185,ORD004109,PROD0056,1,0.15,307.11,55.61
7186,ORD004110,PROD0103,3,0.0,673.98,259.74
7187,ORD004110,PROD0002,4,0.0,4017.04,1828.4
7188,ORD004110,PROD0023,4,0.0,5450.2,1392.28
7189,ORD004111,PROD0073,1,0.2,28.99,9.81
7190,ORD004112,PROD0122,3,0.15,301.97,60.17
7191,ORD004112,PROD0056,3,0.1,975.54,221.04
7192,ORD004112,PROD0099,5,0.05,745.99,239.99
7193,ORD004112,PROD0070,1,0.05,45.86,11.52
7194,ORD004113,PROD0087,4,0.0,280.4,70.8
7195,ORD004114,PROD0044,1,0.0,495.42,133.71
7196,ORD004115,PROD0049,5,0.1,3927.55,1383.8
7197,ORD004116,PROD0045,5,0.1,2366.05,531.9
7198,ORD004116,PROD0017,4,0.0,230.12,97.32
7199,ORD004116,PROD0112,4,0.2,650.5,193.06
7200,ORD004117,PROD0102,2,0.05,543.53,210.65
7201,ORD004117,PROD0074,1,0.0,66.19,26.17
7202,ORD004118,PROD0123,1,0.0,231.18,79.98
7203,ORD004119,PROD0116,1,0.0,165.44,64.31
7204,ORD004119,PROD0038,2,0.05,1636.77,576.47
7205,ORD004119,PROD0053,1,0.0,646.16,298.73
7206,ORD004120,PROD0015,2,0.0,547.24,176.26
7207,ORD004121,PROD0012,2,0.1,1533.42,521.6
7208,ORD004122,PROD0049,2,0.15,1483.74,466.24
7209,ORD004123,PROD0083,2,0.0,27.2,12.08
7210,ORD004123,PROD0136,2,0.1,43.85,18.75
7211,ORD004123,PROD0148,2,0.15,76.21,13.87
7212,ORD004123,PROD0110,4,0.0,80.76,21.04
7213,ORD004124,PROD0117,3,0.0,746.37,188.79
7214,ORD004124,PROD0032,3,0.2,459.89,126.38
7215,ORD004125,PROD0047,1,0.1,557.31,192.74
7216,ORD004126,PROD0091,5,0.0,1064.8,303.2
7217,ORD004127,PROD0006,4,0.0,2124.04,660.8
7218,ORD004127,PROD0002,4,0.05,3816.19,1627.55
7219,ORD004128,PROD0055,3,0.0,2285.04,725.4
7220,ORD004129,PROD0001,1,0.0,1042.42,448.14
7221,ORD004130,PROD0149,5,0.05,932.38,434.43
7222,ORD004130,PROD0085,4,0.0,264.76,94.48
7223,ORD004130,PROD0097,5,0.0,1489.5,421.9
7224,ORD004131,PROD0063,2,0.1,144.81,46.97
7225,ORD004132,PROD0089,3,0.05,137.77,35.65
7226,ORD004132,PROD0048,4,0.05,442.02,94.98
7227,ORD004132,PROD0123,4,0.1,832.25,227.45
7228,ORD004133,PROD0066,3,0.05,209.5,55.15
7229,ORD004133,PROD0126,2,0.0,401.8,176.0
7230,ORD004133,PROD0030,4,0.0,5081.36,2058.08
7231,ORD004133,PROD0099,5,0.0,785.25,279.25
7232,ORD004134,PROD0022,3,0.0,1950.06,595.17
7233,ORD004134,PROD0045,4,0.1,1892.84,425.52
7234,ORD004134,PROD0009,5,0.05,4405.58,1375.18
7235,ORD004135,PROD0026,3,0.0,2040.84,805.56
7236,ORD004135,PROD0134,4,0.2,322.78,52.14
7237,ORD004136,PROD0111,1,0.0,267.0,113.35
7238,ORD004136,PROD0148,3,0.0,134.49,40.98
7239,ORD004136,PROD0141,1,0.0,91.79,32.44
7240,ORD004137,PROD0028,5,0.0,3844.55,1329.55
7241,ORD004137,PROD0106,4,0.0,441.6,189.48
7242,ORD004138,PROD0016,2,0.0,2245.0,944.76
7243,ORD004139,PROD0121,2,0.05,59.05,19.21
7244,ORD004139,PROD0101,4,0.0,657.48,283.0
7245,ORD004140,PROD0135,2,0.1,34.06,14.5
7246,ORD004141,PROD0084,3,0.05,273.26,88.76
7247,ORD004142,PROD0014,5,0.15,5130.52,1036.52
7248,ORD004143,PROD0107,5,0.2,226.28,24.58
7249,ORD004144,PROD0106,2,0.05,209.76,83.7
7250,ORD004145,PROD0136,3,0.0,73.08,35.43
7251,ORD004146,PROD0045,3,0.0,1577.37,476.88
7252,ORD004146,PROD0089,2,0.15,82.18,14.1
7253,ORD004147,PROD0053,3,0.1,1744.63,702.34
7254,ORD004148,PROD0028,2,0.1,1384.04,378.04
7255,ORD004148,PROD0083,5,0.15,57.8,20.0
7256,ORD004149,PROD0129,1,0.0,63.28,22.04
7257,ORD004150,PROD0119,1,0.0,48.9,19.96
7258,ORD004151,PROD0064,2,0.15,182.14,50.92
7259,ORD004152,PROD0008,4,0.1,689.9,262.14
7260,ORD004153,PROD0090,3,0.0,285.96,126.03
7261,ORD004154,PROD0083,2,0.05,25.84,10.72
7262,ORD004155,PROD0031,3,0.0,1063.44,314.91
7263,ORD004155,PROD0069,1,0.0,75.67,26.27
7264,ORD004156,PROD0106,5,0.1,496.8,181.65
7265,ORD004156,PROD0046,1,0.05,538.58,125.51
7266,ORD004156,PROD0066,3,0.0,220.53,66.18
7267,ORD004156,PROD0133,4,0.05,890.99,391.11
7268,ORD004157,PROD0096,3,0.0,173.88,54.33
7269,ORD004158,PROD0019,1,0.15,728.99,190.3
7270,ORD004158,PROD0008,4,0.0,766.56,338.8
7271,ORD004159,PROD0024,4,0.0,1183.6,479.16
7272,ORD004159,PROD0062,2,0.0,71.0,28.32
7273,ORD004159,PROD0022,4,0.0,2600.08,793.56
7274,ORD004160,PROD0034,3,0.1,861.27,216.51
7275,ORD004160,PROD0007,3,0.2,2640.1,576.88
7276,ORD004160,PROD0142,2,0.1,158.2,51.08
7277,ORD004161,PROD0016,4,0.0,4490.0,1889.52
7278,ORD004162,PROD0082,4,0.0,76.36,37.6
7279,ORD004163,PROD0095,1,0.0,101.01,43.75
7280,ORD004163,PROD0020,2,0.0,359.9,130.08
7281,ORD004164,PROD0050,2,0.15,150.71,50.59
7282,ORD004165,PROD0014,4,0.1,4345.85,1070.65
7283,ORD004165,PROD0101,1,0.0,164.37,70.75
7284,ORD004165,PROD0019,1,0.1,771.87,233.18
7285,ORD004166,PROD0083,5,0.0,68.0,30.2
7286,ORD004166,PROD0123,2,0.15,393.01,90.61
7287,ORD004166,PROD0085,4,0.0,264.76,94.48
7288,ORD004167,PROD0090,2,0.2,152.51,45.89
7289,ORD004168,PROD0019,5,0.15,3644.93,951.48
7290,ORD004168,PROD0039,5,0.2,1758.12,499.22
7291,ORD004169,PROD0102,1,0.05,271.77,105.33
7292,ORD004170,PROD0132,3,0.05,90.32,21.65
7293,ORD004171,PROD0054,1,0.15,140.87,40.77
7294,ORD004172,PROD0024,2,0.0,591.8,239.58
7295,ORD004173,PROD0110,3,0.0,60.57,15.78
7296,ORD004174,PROD0086,1,0.0,100.56,41.06
7297,ORD004174,PROD0146,3,0.0,160.5,42.0
7298,ORD004175,PROD0148,3,0.0,134.49,40.98
7299,ORD004176,PROD0090,2,0.05,181.11,74.49
7300,ORD004176,PROD0031,2,0.0,708.96,209.94
7301,ORD004176,PROD0049,5,0.0,4363.95,1820.2
7302,ORD004177,PROD0001,1,0.05,990.3,396.02
7303,ORD004178,PROD0110,5,0.0,100.95,26.3
7304,ORD004178,PROD0108,1,0.05,31.22,9.65
7305,ORD004179,PROD0140,2,0.05,256.8,107.9
7306,ORD004180,PROD0110,4,0.05,76.72,17.0
7307,ORD004180,PROD0016,4,0.15,3816.5,1216.02
7308,ORD004181,PROD0129,4,0.0,253.12,88.16
7309,ORD004181,PROD0014,2,0.05,2293.64,656.04
7310,ORD004181,PROD0009,4,0.0,3709.96,1285.64
7311,ORD004182,PROD0144,5,0.0,794.45,386.3
7312,ORD004182,PROD0127,5,0.0,366.6,128.2
7313,ORD004183,PROD0069,4,0.05,287.55,89.95
7314,ORD004183,PROD0055,1,0.1,685.51,165.63
7315,ORD004184,PROD0113,4,0.1,124.2,33.6
7316,ORD004184,PROD0116,1,0.1,148.9,47.77
7317,ORD004185,PROD0077,4,0.0,113.44,48.52
7318,ORD004185,PROD0094,4,0.05,711.06,305.3
7319,ORD004186,PROD0129,5,0.1,284.76,78.56
7320,ORD004186,PROD0070,1,0.0,48.27,13.93
7321,ORD004187,PROD0142,3,0.0,263.67,102.99
7322,ORD004188,PROD0100,2,0.1,225.09,95.31
7323,ORD004189,PROD0080,2,0.05,124.64,42.8
7324,ORD004189,PROD0103,5,0.05,1067.13,376.73
7325,ORD004189,PROD0131,2,0.1,190.22,71.8
7326,ORD004190,PROD0044,1,0.0,495.42,133.71
7327,ORD004191,PROD0120,4,0.0,508.64,150.88
7328,ORD004192,PROD0131,1,0.05,100.4,41.19
7329,ORD004193,PROD0134,4,0.05,383.31,112.67
7330,ORD004194,PROD0007,1,0.05,1045.04,357.3
7331,ORD004195,PROD0130,4,0.05,320.91,147.39
7332,ORD004196,PROD0069,2,0.1,136.21,37.41
7333,ORD004197,PROD0145,1,0.0,43.07,13.91
7334,ORD004198,PROD0089,2,0.0,96.68,28.6
7335,ORD004199,PROD0116,2,0.0,330.88,128.62
7336,ORD004199,PROD0078,1,0.0,102.62,35.42
7337,ORD004200,PROD0015,2,0.0,547.24,176.26
7338,ORD004201,PROD0009,1,0.15,788.37,182.29
7339,ORD004201,PROD0086,4,0.05,382.13,144.13
7340,ORD004202,PROD0134,2,0.0,201.74,66.42
7341,ORD004202,PROD0104,1,0.0,258.03,77.69
7342,ORD004203,PROD0063,1,0.05,76.43,27.51
7343,ORD004203,PROD0033,4,0.2,1512.93,483.37
7344,ORD004204,PROD0087,4,0.1,252.36,42.76
7345,ORD004204,PROD0025,5,0.1,2189.88,673.33
7346,ORD004205,PROD0149,2,0.0,392.58,193.4
7347,ORD004206,PROD0086,3,0.05,286.6,108.1
7348,ORD004207,PROD0143,4,0.15,246.33,34.45
7349,ORD004208,PROD0142,3,0.05,250.49,89.81
7350,ORD004209,PROD0093,5,0.1,1104.84,316.09
7351,ORD004210,PROD0072,4,0.0,299.68,99.48
7352,ORD004211,PROD0084,5,0.1,431.46,123.96
7353,ORD004211,PROD0047,5,0.0,3096.15,1273.3
7354,ORD004212,PROD0036,3,0.0,1137.93,303.81
7355,ORD004213,PROD0103,3,0.0,673.98,259.74
7356,ORD004213,PROD0006,1,0.05,504.46,138.65
7357,ORD004214,PROD0088,2,0.0,85.5,21.38
7358,ORD004215,PROD0059,5,0.05,467.97,179.42
7359,ORD004215,PROD0139,2,0.1,287.59,105.65
7360,ORD004215,PROD0083,2,0.05,25.84,10.72
7361,ORD004216,PROD0148,4,0.1,161.39,36.71
7362,ORD004217,PROD0100,5,0.0,625.25,300.8
7363,ORD004217,PROD0012,1,0.0,851.9,345.99
7364,ORD004218,PROD0015,2,0.05,519.88,148.9
7365,ORD004219,PROD0044,3,0.1,1337.63,252.5
7366,ORD004220,PROD0078,2,0.05,194.98,60.58
7367,ORD004220,PROD0002,3,0.05,2862.14,1220.66
7368,ORD004221,PROD0009,4,0.15,3153.47,729.15
7369,ORD004222,PROD0115,2,0.0,159.52,76.66
7370,ORD004223,PROD0030,4,0.0,5081.36,2058.08
7371,ORD004224,PROD0090,1,0.0,95.32,42.01
7372,ORD004225,PROD0107,5,0.0,282.85,81.15
7373,ORD004226,PROD0023,4,0.0,5450.2,1392.28
7374,ORD004227,PROD0124,3,0.0,106.11,50.4
7375,ORD004228,PROD0081,5,0.15,236.81,39.01
7376,ORD004229,PROD0085,5,0.05,314.4,101.55
7377,ORD004230,PROD0011,3,0.05,3380.5,1200.49
7378,ORD004231,PROD0145,2,0.0,86.14,27.82
7379,ORD004231,PROD0149,2,0.05,372.95,173.77
7380,ORD004232,PROD0026,2,0.1,1224.5,400.98
7381,ORD004233,PROD0030,5,0.0,6351.7,2572.6
7382,ORD004233,PROD0145,2,0.0,86.14,27.82
7383,ORD004233,PROD0078,1,0.0,102.62,35.42
7384,ORD004233,PROD0095,5,0.0,505.05,218.75
7385,ORD004234,PROD0132,1,0.0,31.69,8.8
7386,ORD004234,PROD0081,2,0.05,105.87,26.75
7387,ORD004234,PROD0070,1,0.05,45.86,11.52
7388,ORD004235,PROD0012,3,0.0,2555.7,1037.97
7389,ORD004235,PROD0068,5,0.0,418.9,158.2
7390,ORD004236,PROD0084,5,0.1,431.46,123.96
7391,ORD004237,PROD0114,4,0.0,560.72,267.56
7392,ORD004237,PROD0083,4,0.05,51.68,21.44
7393,ORD004238,PROD0013,5,0.05,4272.72,1596.57
7394,ORD004238,PROD0046,5,0.0,2834.65,769.3
7395,ORD004238,PROD0130,3,0.05,240.68,110.54
7396,ORD004239,PROD0111,3,0.0,801.0,340.05
7397,ORD004239,PROD0076,2,0.0,172.56,58.44
7398,ORD004240,PROD0129,4,0.1,227.81,62.85
7399,ORD004241,PROD0008,1,0.05,182.06,75.12
7400,ORD004242,PROD0053,1,0.0,646.16,298.73
7401,ORD004243,PROD0072,3,0.0,224.76,74.61
7402,ORD004243,PROD0135,2,0.0,37.84,18.28
7403,ORD004244,PROD0063,2,0.05,152.85,55.01
7404,ORD004244,PROD0021,3,0.1,3206.09,655.73
7405,ORD004244,PROD0070,4,0.1,173.77,36.41
7406,ORD004245,PROD0132,1,0.0,31.69,8.8
7407,ORD004245,PROD0035,3,0.05,2055.48,797.37
7408,ORD004246,PROD0012,5,0.0,4259.5,1729.95
7409,ORD004246,PROD0074,5,0.1,297.86,97.76
7410,ORD004246,PROD0046,2,0.05,1077.17,251.03
7411,ORD004247,PROD0124,5,0.15,150.32,57.47
7412,ORD004247,PROD0046,1,0.0,566.93,153.86
7413,ORD004248,PROD0022,1,0.0,650.02,198.39
7414,ORD004249,PROD0053,4,0.0,2584.64,1194.92
7415,ORD004249,PROD0077,4,0.0,113.44,48.52
7416,ORD004249,PROD0109,2,0.0,109.58,31.3
7417,ORD004250,PROD0107,2,0.0,113.14,32.46
7418,ORD004250,PROD0081,1,0.1,50.15,10.59
7419,ORD004250,PROD0112,2,0.0,406.56,177.84
7420,ORD004250,PROD0052,5,0.15,1643.81,452.96
7421,ORD004251,PROD0055,1,0.0,761.68,241.8
7422,ORD004251,PROD0007,5,0.1,4950.18,1511.48
7423,ORD004252,PROD0116,5,0.0,827.2,321.55
7424,ORD004252,PROD0117,3,0.0,746.37,188.79
7425,ORD004253,PROD0121,3,0.05,88.58,28.82
7426,ORD004253,PROD0085,2,0.05,125.76,40.62
7427,ORD004254,PROD0054,1,0.0,165.73,65.63
7428,ORD004254,PROD0146,3,0.2,128.4,9.9
7429,ORD004255,PROD0003,2,0.15,2455.02,587.02
7430,ORD004255,PROD0137,3,0.0,246.96,79.47
7431,ORD004256,PROD0087,5,0.1,315.45,53.45
7432,ORD004257,PROD0026,1,0.05,646.27,234.51
7433,ORD004257,PROD0054,3,0.1,447.47,147.17
7434,ORD004258,PROD0070,1,0.1,43.44,9.1
7435,ORD004258,PROD0028,2,0.1,1384.04,378.04
7436,ORD004258,PROD0035,4,0.1,2596.39,918.91
7437,ORD004259,PROD0065,2,0.05,19.93,8.31
7438,ORD004259,PROD0147,3,0.0,597.0,190.92
7439,ORD004260,PROD0137,5,0.0,411.6,132.45
7440,ORD004261,PROD0031,2,0.1,638.06,139.04
7441,ORD004262,PROD0061,4,0.05,268.7,103.86
7442,ORD004263,PROD0116,5,0.0,827.2,321.55
7443,ORD004263,PROD0051,5,0.0,2687.75,881.8
7444,ORD004264,PROD0123,5,0.05,1098.11,342.11
7445,ORD004265,PROD0053,1,0.05,613.85,266.42
7446,ORD004266,PROD0031,2,0.1,638.06,139.04
7447,ORD004266,PROD0095,4,0.0,404.04,175.0
7448,ORD004267,PROD0136,1,0.0,24.36,11.81
7449,ORD004268,PROD0095,2,0.0,202.02,87.5
7450,ORD004269,PROD0106,4,0.0,441.6,189.48
7451,ORD004270,PROD0060,4,0.05,3201.65,892.69
7452,ORD004271,PROD0006,2,0.0,1062.02,330.4
7453,ORD004271,PROD0075,2,0.05,99.2,42.14
7454,ORD004271,PROD0007,3,0.0,3300.12,1236.9
7455,ORD004271,PROD0045,5,0.05,2497.5,663.35
7456,ORD004272,PROD0109,1,0.0,54.79,15.65
7457,ORD004272,PROD0120,2,0.0,254.32,75.44
7458,ORD004273,PROD0077,1,0.0,28.36,12.13
7459,ORD004274,PROD0001,3,0.0,3127.26,1344.42
7460,ORD004274,PROD0091,2,0.0,425.92,121.28
7461,ORD004275,PROD0006,3,0.0,1593.03,495.6
7462,ORD004275,PROD0123,1,0.0,231.18,79.98
7463,ORD004275,PROD0080,3,0.0,196.8,74.04
7464,ORD004276,PROD0083,5,0.0,68.0,30.2
7465,ORD004277,PROD0083,1,0.0,13.6,6.04
7466,ORD004277,PROD0120,5,0.0,635.8,188.6
7467,ORD004278,PROD0073,3,0.0,108.72,51.18
7468,ORD004279,PROD0003,3,0.0,4332.39,1530.39
7469,ORD004280,PROD0036,1,0.15,322.41,44.37
7470,ORD004280,PROD0113,4,0.0,138.0,47.4
7471,ORD004281,PROD0075,3,0.1,140.97,55.38
7472,ORD004281,PROD0133,1,0.05,222.75,97.78
7473,ORD004282,PROD0002,2,0.0,2008.52,914.2
7474,ORD004282,PROD0113,1,0.05,32.77,10.12
7475,ORD004283,PROD0027,2,0.0,1147.26,302.82
7476,ORD004284,PROD0099,5,0.05,745.99,239.99
7477,ORD004285,PROD0023,2,0.0,2725.1,696.14
7478,ORD004285,PROD0108,4,0.1,118.3,32.02
7479,ORD004286,PROD0021,4,0.05,4512.27,1111.79
7480,ORD004286,PROD0054,2,0.05,314.89,114.69
7481,ORD004287,PROD0014,1,0.05,1146.82,328.02
7482,ORD004287,PROD0008,1,0.1,172.48,65.54
7483,ORD004288,PROD0047,2,0.05,1176.54,447.4
7484,ORD004288,PROD0040,1,0.1,676.39,151.12
7485,ORD004289,PROD0070,3,0.0,144.81,41.79
7486,ORD004289,PROD0115,2,0.0,159.52,76.66
7487,ORD004290,PROD0076,5,0.1,388.26,102.96
7488,ORD004290,PROD0045,3,0.0,1577.37,476.88
7489,ORD004291,PROD0047,5,0.05,2941.34,1118.49
7490,ORD004292,PROD0051,2,0.0,1075.1,352.72
7491,ORD004293,PROD0143,5,0.0,362.25,97.4
7492,ORD004293,PROD0131,5,0.0,528.4,232.35
7493,ORD004293,PROD0003,1,0.05,1371.92,437.92
7494,ORD004293,PROD0149,3,0.1,529.98,231.21
7495,ORD004294,PROD0136,5,0.0,121.8,59.05
7496,ORD004295,PROD0114,5,0.0,700.9,334.45
7497,ORD004295,PROD0101,1,0.0,164.37,70.75
7498,ORD004295,PROD0060,2,0.0,1685.08,530.6
7499,ORD004296,PROD0128,3,0.0,245.88,65.07
7500,ORD004296,PROD0013,5,0.05,4272.72,1596.57
7501,ORD004297,PROD0127,3,0.05,208.96,65.92
7502,ORD004297,PROD0034,4,0.1,1148.36,288.68
7503,ORD004297,PROD0130,1,0.0,84.45,41.07
7504,ORD004298,PROD0088,4,0.0,171.0,42.76
7505,ORD004298,PROD0128,2,0.0,163.92,43.38
7506,ORD004298,PROD0111,1,0.1,240.3,86.65
7507,ORD004299,PROD0120,3,0.0,381.48,113.16
7508,ORD004300,PROD0113,1,0.0,34.5,11.85
7509,ORD004300,PROD0061,5,0.1,318.19,112.14
7510,ORD004301,PROD0103,5,0.15,954.8,264.4
7511,ORD004302,PROD0002,3,0.1,2711.5,1070.02
7512,ORD004303,PROD0140,4,0.05,513.61,215.81
7513,ORD004304,PROD0051,5,0.05,2553.36,747.41
7514,ORD004305,PROD0060,1,0.0,842.54,265.3
7515,ORD004306,PROD0066,4,0.05,279.34,73.54
7516,ORD004306,PROD0003,1,0.1,1299.72,365.72
7517,ORD004307,PROD0002,1,0.0,1004.26,457.1
7518,ORD004307,PROD0071,2,0.1,179.12,44.48
7519,ORD004307,PROD0020,3,0.1,485.86,141.13
7520,ORD004308,PROD0058,4,0.0,1366.04,580.48
7521,ORD004308,PROD0138,4,0.0,719.72,345.04
7522,ORD004308,PROD0022,3,0.0,1950.06,595.17
7523,ORD004309,PROD0142,3,0.0,263.67,102.99
7524,ORD004310,PROD0142,1,0.05,83.5,29.94
7525,ORD004311,PROD0015,3,0.05,779.82,223.35
7526,ORD004311,PROD0081,2,0.0,111.44,32.32
7527,ORD004312,PROD0027,3,0.05,1634.85,368.19
7528,ORD004312,PROD0062,4,0.05,134.9,49.54
7529,ORD004312,PROD0126,3,0.0,602.7,264.0
7530,ORD004312,PROD0115,3,0.0,239.28,114.99
7531,ORD004313,PROD0137,4,0.0,329.28,105.96
7532,ORD004313,PROD0054,5,0.1,745.78,245.28
7533,ORD004314,PROD0131,1,0.0,105.68,46.47
7534,ORD004315,PROD0124,2,0.1,63.67,26.53
7535,ORD004315,PROD0106,4,0.0,441.6,189.48
7536,ORD004315,PROD0053,5,0.05,3069.26,1332.11
7537,ORD004316,PROD0043,1,0.0,892.37,339.27
7538,ORD004316,PROD0006,1,0.1,477.91,112.1
7539,ORD004316,PROD0035,3,0.0,2163.66,905.55
7540,ORD004317,PROD0083,5,0.0,68.0,30.2
7541,ORD004317,PROD0030,4,0.0,5081.36,2058.08
7542,ORD004317,PROD0119,2,0.1,88.02,30.14
7543,ORD004318,PROD0044,1,0.05,470.65,108.94
7544,ORD004319,PROD0003,3,0.05,4115.77,1313.77
7545,ORD004320,PROD0034,5,0.15,1355.71,281.11
7546,ORD004321,PROD0060,5,0.0,4212.7,1326.5
7547,ORD004322,PROD0004,1,0.1,1257.18,454.23
7548,ORD004322,PROD0115,2,0.0,159.52,76.66
7549,ORD004322,PROD0066,5,0.0,367.55,110.3
7550,ORD004323,PROD0078,5,0.05,487.44,151.44
7551,ORD004323,PROD0039,1,0.1,395.58,143.8
7552,ORD004323,PROD0036,5,0.15,1612.07,221.87
7553,ORD004323,PROD0026,2,0.15,1156.48,332.96
7554,ORD004324,PROD0130,3,0.05,240.68,110.54
7555,ORD004325,PROD0080,2,0.0,131.2,49.36
7556,ORD004326,PROD0093,2,0.1,441.94,126.44
7557,ORD004327,PROD0028,3,0.0,2306.73,797.73
7558,ORD004328,PROD0058,5,0.0,1707.55,725.6
7559,ORD004329,PROD0054,1,0.05,157.44,57.34
7560,ORD004330,PROD0061,2,0.0,141.42,59.0
7561,ORD004331,PROD0046,1,0.0,566.93,153.86
7562,ORD004332,PROD0077,4,0.0,113.44,48.52
7563,ORD004333,PROD0041,4,0.0,776.52,329.48
7564,ORD004334,PROD0085,2,0.15,112.52,27.38
7565,ORD004335,PROD0074,1,0.05,62.88,22.86
7566,ORD004336,PROD0094,5,0.0,935.6,428.4
7567,ORD004336,PROD0124,4,0.0,141.48,67.2
7568,ORD004337,PROD0061,3,0.05,201.52,77.89
7569,ORD004337,PROD0100,3,0.05,356.39,161.72
7570,ORD004338,PROD0002,3,0.0,3012.78,1371.3
7571,ORD004338,PROD0083,3,0.1,36.72,14.04
7572,ORD004338,PROD0103,4,0.1,808.78,256.46
7573,ORD004339,PROD0105,1,0.2,232.86,27.3
7574,ORD004339,PROD0055,2,0.0,1523.36,483.6
7575,ORD004339,PROD0031,4,0.0,1417.92,419.88
7576,ORD004340,PROD0002,2,0.0,2008.52,914.2
7577,ORD004341,PROD0099,3,0.0,471.15,167.55
7578,ORD004342,PROD0037,3,0.0,2693.28,1225.5
7579,ORD004343,PROD0090,2,0.05,181.11,74.49
7580,ORD004344,PROD0086,1,0.1,90.5,31.0
7581,ORD004344,PROD0024,1,0.05,281.1,104.99
7582,ORD004345,PROD0118,4,0.0,615.04,272.32
7583,ORD004346,PROD0087,2,0.1,126.18,21.38
7584,ORD004346,PROD0033,3,0.0,1418.37,646.2
7585,ORD004347,PROD0058,3,0.05,973.3,384.13
7586,ORD004347,PROD0051,4,0.0,2150.2,705.44
7587,ORD004347,PROD0040,3,0.2,1803.72,227.91
7588,ORD004347,PROD0120,2,0.15,216.17,37.29
7589,ORD004348,PROD0014,1,0.05,1146.82,328.02
7590,ORD004349,PROD0002,1,0.15,853.62,306.46
7591,ORD004349,PROD0069,1,0.0,75.67,26.27
7592,ORD004350,PROD0109,1,0.0,54.79,15.65
7593,ORD004350,PROD0093,2,0.1,441.94,126.44
7594,ORD004350,PROD0047,5,0.2,2476.92,654.07
7595,ORD004350,PROD0041,3,0.1,524.15,188.87
7596,ORD004351,PROD0020,5,0.05,854.76,280.21
7597,ORD004351,PROD0112,5,0.1,914.76,342.96
7598,ORD004352,PROD0049,1,0.05,829.15,320.4
7599,ORD004352,PROD0121,3,0.05,88.58,28.82
7600,ORD004352,PROD0091,4,0.1,766.66,157.38
7601,ORD004352,PROD0106,3,0.0,331.2,142.11
7602,ORD004353,PROD0069,4,0.0,302.68,105.08
7603,ORD004353,PROD0097,1,0.05,283.0,69.48
7604,ORD004354,PROD0086,4,0.05,382.13,144.13
7605,ORD004355,PROD0040,5,0.0,3757.75,1131.4
7606,ORD004356,PROD0102,4,0.05,1087.07,421.31
7607,ORD004356,PROD0011,2,0.1,2135.05,681.71
7608,ORD004356,PROD0040,1,0.1,676.39,151.12
7609,ORD004357,PROD0137,3,0.2,197.57,30.08
7610,ORD004358,PROD0044,5,0.0,2477.1,668.55
7611,ORD004359,PROD0082,2,0.0,38.18,18.8
7612,ORD004359,PROD0128,2,0.05,155.72,35.18
7613,ORD004360,PROD0070,3,0.15,123.09,20.07
7614,ORD004361,PROD0012,2,0.05,1618.61,606.79
7615,ORD004361,PROD0076,4,0.0,345.12,116.88
7616,ORD004361,PROD0073,2,0.0,72.48,34.12
7617,ORD004362,PROD0099,1,0.05,149.2,48.0
7618,ORD004363,PROD0043,3,0.0,2677.11,1017.81
7619,ORD004364,PROD0040,1,0.0,751.55,226.28
7620,ORD004364,PROD0123,5,0.0,1155.9,399.9
7621,ORD004365,PROD0114,3,0.1,378.49,158.62
7622,ORD004366,PROD0020,3,0.0,539.85,195.12
7623,ORD004367,PROD0058,2,0.15,580.57,187.79
7624,ORD004367,PROD0081,2,0.1,100.3,21.18
7625,ORD004367,PROD0130,4,0.05,320.91,147.39
7626,ORD004368,PROD0063,5,0.15,341.91,97.31
7627,ORD004368,PROD0044,4,0.0,1981.68,534.84
7628,ORD004368,PROD0036,4,0.0,1517.24,405.08
7629,ORD004368,PROD0138,1,0.0,179.93,86.26
7630,ORD004369,PROD0118,1,0.05,146.07,60.39
7631,ORD004369,PROD0010,2,0.0,2909.86,1217.5
7632,ORD004369,PROD0087,3,0.05,199.78,42.58
7633,ORD004370,PROD0064,4,0.1,385.7,123.26
7634,ORD004370,PROD0021,5,0.1,5343.48,1092.88
7635,ORD004370,PROD0100,3,0.0,375.15,180.48
7636,ORD004371,PROD0097,5,0.0,1489.5,421.9
7637,ORD004371,PROD0013,2,0.05,1709.09,638.63
7638,ORD004372,PROD0016,3,0.15,2862.38,912.02
7639,ORD004372,PROD0116,5,0.0,827.2,321.55
7640,ORD004373,PROD0150,1,0.15,117.39,39.26
7641,ORD004374,PROD0022,4,0.0,2600.08,793.56
7642,ORD004374,PROD0014,5,0.1,5432.31,1338.31
7643,ORD004375,PROD0042,4,0.0,2665.96,807.08
7644,ORD004376,PROD0079,2,0.15,107.63,38.15
7645,ORD004377,PROD0124,5,0.1,159.16,66.31
7646,ORD004378,PROD0103,1,0.1,202.19,64.11
7647,ORD004378,PROD0007,2,0.2,1760.06,384.58
7648,ORD004379,PROD0130,4,0.0,337.8,164.28
7649,ORD004380,PROD0125,2,0.0,373.1,153.76
7650,ORD004380,PROD0141,2,0.0,183.58,64.88
7651,ORD004381,PROD0088,4,0.1,153.9,25.66
7652,ORD004382,PROD0121,1,0.1,27.97,8.05
7653,ORD004382,PROD0042,1,0.0,666.49,201.77
7654,ORD004383,PROD0023,2,0.0,2725.1,696.14
7655,ORD004384,PROD0033,4,0.0,1891.16,861.6
7656,ORD004385,PROD0023,3,0.0,4087.65,1044.21
7657,ORD004386,PROD0074,3,0.0,198.57,78.51
7658,ORD004386,PROD0029,2,0.0,492.92,245.62
7659,ORD004386,PROD0118,3,0.0,461.28,204.24
7660,ORD004386,PROD0031,4,0.0,1417.92,419.88
7661,ORD004387,PROD0127,1,0.05,69.65,21.97
7662,ORD004387,PROD0100,4,0.0,500.2,240.64
7663,ORD004388,PROD0008,3,0.0,574.92,254.1
7664,ORD004388,PROD0116,4,0.1,595.58,191.06
7665,ORD004389,PROD0109,3,0.0,164.37,46.95
7666,ORD004390,PROD0037,5,0.1,4039.92,1593.62
7667,ORD004391,PROD0002,2,0.0,2008.52,914.2
7668,ORD004391,PROD0006,5,0.15,2256.79,427.74
7669,ORD004392,PROD0149,1,0.0,196.29,96.7
7670,ORD004393,PROD0071,1,0.0,99.51,32.19
7671,ORD004393,PROD0028,1,0.15,653.57,150.57
7672,ORD004393,PROD0149,4,0.2,628.13,229.77
7673,ORD004394,PROD0139,1,0.0,159.77,68.8
7674,ORD004394,PROD0087,5,0.05,332.97,70.97
7675,ORD004395,PROD0137,1,0.0,82.32,26.49
7676,ORD004396,PROD0075,2,0.0,104.42,47.36
7677,ORD004396,PROD0150,1,0.05,131.2,53.07
7678,ORD004396,PROD0040,4,0.0,3006.2,905.12
7679,ORD004397,PROD0069,4,0.1,272.41,74.81
7680,ORD004398,PROD0122,2,0.0,236.84,75.64
7681,ORD004399,PROD0077,5,0.1,127.62,46.47
7682,ORD004400,PROD0046,1,0.0,566.93,153.86
7683,ORD004400,PROD0022,2,0.0,1300.04,396.78
7684,ORD004401,PROD0146,3,0.0,160.5,42.0
7685,ORD004401,PROD0007,2,0.05,2090.08,714.6
7686,ORD004402,PROD0082,2,0.0,38.18,18.8
7687,ORD004402,PROD0147,1,0.2,159.2,23.84
7688,ORD004403,PROD0129,3,0.05,180.35,56.63
7689,ORD004403,PROD0145,5,0.0,215.35,69.55
7690,ORD004403,PROD0063,2,0.0,160.9,63.06
7691,ORD004404,PROD0064,1,0.0,107.14,41.53
7692,ORD004405,PROD0132,2,0.15,53.87,8.09
7693,ORD004406,PROD0064,5,0.15,455.35,127.3
7694,ORD004407,PROD0146,2,0.15,90.95,11.95
7695,ORD004408,PROD0018,4,0.0,792.96,379.16
7696,ORD004409,PROD0018,2,0.0,396.48,189.58
7697,ORD004410,PROD0068,3,0.15,213.64,57.22
7698,ORD004411,PROD0136,4,0.05,92.57,42.37
7699,ORD004411,PROD0062,5,0.2,142.0,35.3
7700,ORD004411,PROD0143,1,0.1,65.2,12.23
7701,ORD004411,PROD0101,1,0.0,164.37,70.75
7702,ORD004412,PROD0022,5,0.05,3087.59,829.44
7703,ORD004412,PROD0095,4,0.0,404.04,175.0
7704,ORD004413,PROD0118,1,0.15,130.7,45.02
7705,ORD004414,PROD0040,4,0.1,2705.58,604.5
7706,ORD004414,PROD0124,2,0.05,67.2,30.06
7707,ORD004414,PROD0083,4,0.05,51.68,21.44
7708,ORD004415,PROD0039,4,0.0,1758.12,751.0
7709,ORD004416,PROD0141,5,0.05,436.0,139.25
7710,ORD004416,PROD0146,2,0.0,107.0,28.0
7711,ORD004416,PROD0089,4,0.05,183.69,47.53
7712,ORD004417,PROD0097,2,0.1,536.22,109.18
7713,ORD004417,PROD0146,1,0.15,45.48,5.98
7714,ORD004418,PROD0108,2,0.05,62.43,19.29
7715,ORD004418,PROD0029,1,0.15,209.49,85.84
7716,ORD004419,PROD0139,4,0.15,543.22,179.34
7717,ORD004419,PROD0080,1,0.1,59.04,18.12
7718,ORD004420,PROD0076,1,0.0,86.28,29.22
7719,ORD004421,PROD0111,3,0.15,680.85,219.9
7720,ORD004421,PROD0052,5,0.05,1837.2,646.35
7721,ORD004422,PROD0042,2,0.05,1266.33,336.89
7722,ORD004423,PROD0098,3,0.0,269.73,86.88
7723,ORD004423,PROD0020,1,0.0,179.95,65.04
7724,ORD004424,PROD0133,3,0.0,703.41,328.5
7725,ORD004424,PROD0125,4,0.0,746.2,307.52
7726,ORD004425,PROD0047,1,0.2,495.38,130.81
7727,ORD004426,PROD0103,1,0.1,202.19,64.11
7728,ORD004427,PROD0010,4,0.0,5819.72,2435.0
7729,ORD004428,PROD0030,5,0.1,5716.53,1937.43
7730,ORD004429,PROD0042,4,0.1,2399.36,540.48
7731,ORD004429,PROD0008,3,0.0,574.92,254.1
7732,ORD004430,PROD0020,2,0.0,359.9,130.08
7733,ORD004430,PROD0081,5,0.05,264.67,66.87
7734,ORD004431,PROD0139,2,0.1,287.59,105.65
7735,ORD004432,PROD0015,1,0.05,259.94,74.45
7736,ORD004432,PROD0077,2,0.0,56.72,24.26
7737,ORD004433,PROD0138,5,0.05,854.67,386.32
7738,ORD004434,PROD0101,4,0.0,657.48,283.0
7739,ORD004434,PROD0055,4,0.05,2894.38,814.86
7740,ORD004435,PROD0100,4,0.0,500.2,240.64
7741,ORD004435,PROD0046,5,0.0,2834.65,769.3
7742,ORD004436,PROD0094,5,0.0,935.6,428.4
7743,ORD004436,PROD0073,5,0.0,181.2,85.3
7744,ORD004437,PROD0059,2,0.0,197.04,81.62
7745,ORD004438,PROD0100,3,0.05,356.39,161.72
7746,ORD004438,PROD0096,2,0.15,98.53,18.83
7747,ORD004438,PROD0042,5,0.0,3332.45,1008.85
7748,ORD004439,PROD0004,3,0.0,4190.61,1781.76
7749,ORD004440,PROD0114,3,0.2,336.43,116.56
7750,ORD004440,PROD0135,4,0.05,71.9,32.78
7751,ORD004441,PROD0086,4,0.0,402.24,164.24
7752,ORD004442,PROD0100,1,0.1,112.55,47.66
7753,ORD004442,PROD0105,5,0.0,1455.4,427.6
7754,ORD004443,PROD0106,5,0.0,552.0,236.85
7755,ORD004444,PROD0107,3,0.1,152.74,31.72
7756,ORD004445,PROD0136,5,0.0,121.8,59.05
7757,ORD004445,PROD0114,5,0.05,665.86,299.41
7758,ORD004445,PROD0118,2,0.15,261.39,90.03
7759,ORD004446,PROD0086,5,0.2,402.24,104.74
7760,ORD004446,PROD0047,3,0.1,1671.92,578.21
7761,ORD004446,PROD0072,2,0.0,149.84,49.74
7762,ORD004447,PROD0148,1,0.0,44.83,13.66
7763,ORD004447,PROD0133,3,0.05,668.24,293.33
7764,ORD004448,PROD0074,3,0.0,198.57,78.51
7765,ORD004449,PROD0111,2,0.0,534.0,226.7
7766,ORD004449,PROD0099,5,0.0,785.25,279.25
7767,ORD004450,PROD0086,5,0.05,477.66,180.16
7768,ORD004450,PROD0104,3,0.0,774.09,233.07
7769,ORD004451,PROD0149,5,0.2,785.16,287.21
7770,ORD004451,PROD0030,3,0.0,3811.02,1543.56
7771,ORD004451,PROD0150,2,0.0,276.22,119.96
7772,ORD004451,PROD0077,3,0.05,80.83,32.14
7773,ORD004452,PROD0135,2,0.0,37.84,18.28
7774,ORD004452,PROD0100,2,0.0,250.1,120.32
7775,ORD004452,PROD0017,5,0.0,287.65,121.65
7776,ORD004453,PROD0116,3,0.0,496.32,192.93
7777,ORD004454,PROD0114,3,0.0,420.54,200.67
7778,ORD004454,PROD0006,2,0.15,902.72,171.1
7779,ORD004454,PROD0011,1,0.05,1126.83,400.16
7780,ORD004455,PROD0128,4,0.05,311.45,70.37
7781,ORD004455,PROD0031,2,0.0,708.96,209.94
7782,ORD004455,PROD0076,1,0.05,81.97,24.91
7783,ORD004456,PROD0040,3,0.05,2141.92,566.11
7784,ORD004457,PROD0053,2,0.1,1163.09,468.23
7785,ORD004457,PROD0071,3,0.0,298.53,96.57
7786,ORD004458,PROD0060,2,0.1,1516.57,362.09
7787,ORD004458,PROD0146,3,0.1,144.45,25.95
7788,ORD004458,PROD0028,2,0.2,1230.26,224.26
7789,ORD004459,PROD0121,3,0.1,83.92,24.16
7790,ORD004459,PROD0029,2,0.05,468.27,220.97
7791,ORD004459,PROD0128,1,0.05,77.86,17.59
7792,ORD004460,PROD0149,5,0.0,981.45,483.5
7793,ORD004460,PROD0133,2,0.0,468.94,219.0
7794,ORD004460,PROD0096,4,0.0,231.84,72.44
7795,ORD004461,PROD0109,4,0.05,208.2,51.64
7796,ORD004462,PROD0083,1,0.0,13.6,6.04
7797,ORD004462,PROD0120,5,0.1,572.22,125.02
7798,ORD004463,PROD0024,3,0.0,887.7,359.37
7799,ORD004464,PROD0016,5,0.15,4770.62,1520.02
7800,ORD004464,PROD0051,5,0.05,2553.36,747.41
7801,ORD004465,PROD0131,1,0.0,105.68,46.47
7802,ORD004466,PROD0035,1,0.1,649.1,229.73
7803,ORD004467,PROD0018,2,0.05,376.66,169.76
7804,ORD004468,PROD0094,5,0.0,935.6,428.4
7805,ORD004469,PROD0003,5,0.1,6498.59,1828.59
7806,ORD004469,PROD0024,3,0.05,843.31,314.98
7807,ORD004470,PROD0078,4,0.0,410.48,141.68
7808,ORD004471,PROD0058,1,0.0,341.51,145.12
7809,ORD004471,PROD0143,3,0.0,217.35,58.44
7810,ORD004472,PROD0112,2,0.05,386.23,157.51
7811,ORD004473,PROD0129,4,0.05,240.46,75.5
7812,ORD004473,PROD0150,4,0.0,552.44,239.92
7813,ORD004473,PROD0096,4,0.1,208.66,49.26
7814,ORD004473,PROD0148,2,0.2,71.73,9.39
7815,ORD004474,PROD0132,3,0.1,85.56,16.89
7816,ORD004474,PROD0054,1,0.0,165.73,65.63
7817,ORD004474,PROD0116,2,0.0,330.88,128.62
7818,ORD004475,PROD0037,5,0.0,4488.8,2042.5
7819,ORD004476,PROD0004,1,0.0,1396.87,593.92
7820,ORD004477,PROD0146,4,0.0,214.0,56.0
7821,ORD004477,PROD0109,2,0.1,98.62,20.34
7822,ORD004478,PROD0128,1,0.1,73.76,13.49
7823,ORD004479,PROD0069,4,0.0,302.68,105.08
7824,ORD004479,PROD0075,3,0.15,133.14,47.55
7825,ORD004480,PROD0119,4,0.0,195.6,79.84
7826,ORD004480,PROD0026,2,0.0,1360.56,537.04
7827,ORD004481,PROD0105,4,0.0,1164.32,342.08
7828,ORD004481,PROD0093,4,0.05,932.98,301.98
7829,ORD004482,PROD0119,2,0.05,92.91,35.03
7830,ORD004483,PROD0030,2,0.05,2413.65,902.01
7831,ORD004484,PROD0118,1,0.1,138.38,52.7
7832,ORD004485,PROD0023,3,0.0,4087.65,1044.21
7833,ORD004485,PROD0120,5,0.0,635.8,188.6
7834,ORD004486,PROD0064,1,0.05,101.78,36.17
7835,ORD004486,PROD0052,4,0.0,1547.12,594.44
7836,ORD004486,PROD0033,5,0.1,2127.56,840.61
7837,ORD004487,PROD0101,2,0.0,328.74,141.5
7838,ORD004487,PROD0024,2,0.0,591.8,239.58
7839,ORD004488,PROD0089,3,0.0,145.02,42.9
7840,ORD004488,PROD0003,3,0.0,4332.39,1530.39
7841,ORD004489,PROD0037,5,0.2,3591.04,1144.74
7842,ORD004490,PROD0064,3,0.1,289.28,92.45
7843,ORD004490,PROD0009,4,0.05,3524.46,1100.14
7844,ORD004491,PROD0111,2,0.2,427.2,119.9
7845,ORD004491,PROD0133,1,0.05,222.75,97.78
7846,ORD004491,PROD0096,3,0.05,165.19,45.64
7847,ORD004492,PROD0100,2,0.0,250.1,120.32
7848,ORD004492,PROD0009,3,0.0,2782.47,964.23
7849,ORD004493,PROD0119,4,0.0,195.6,79.84
7850,ORD004494,PROD0108,1,0.0,32.86,11.29
7851,ORD004495,PROD0057,1,0.1,329.05,137.32
7852,ORD004495,PROD0105,4,0.1,1047.89,225.65
7853,ORD004496,PROD0034,3,0.05,909.12,264.36
7854,ORD004497,PROD0106,5,0.0,552.0,236.85
7855,ORD004498,PROD0001,1,0.0,1042.42,448.14
7856,ORD004499,PROD0131,3,0.05,301.19,123.56
7857,ORD004500,PROD0108,5,0.0,164.3,56.45
7858,ORD004500,PROD0127,4,0.05,278.62,87.9
7859,ORD004501,PROD0114,4,0.0,560.72,267.56
7860,ORD004502,PROD0008,3,0.1,517.43,196.61
7861,ORD004502,PROD0101,5,0.0,821.85,353.75
7862,ORD004502,PROD0106,4,0.0,441.6,189.48
7863,ORD004503,PROD0119,2,0.0,97.8,39.92
7864,ORD004503,PROD0060,1,0.2,674.03,96.79
7865,ORD004504,PROD0002,1,0.1,903.83,356.67
7866,ORD004505,PROD0138,2,0.0,359.86,172.52
7867,ORD004506,PROD0015,2,0.0,547.24,176.26
7868,ORD004506,PROD0111,3,0.2,640.8,179.85
7869,ORD004506,PROD0139,2,0.0,319.54,137.6
7870,ORD004507,PROD0011,3,0.0,3558.42,1378.41
7871,ORD004507,PROD0019,5,0.0,4288.15,1594.7
7872,ORD004507,PROD0012,1,0.2,681.52,175.61
7873,ORD004508,PROD0131,2,0.1,190.22,71.8
7874,ORD004508,PROD0143,1,0.05,68.83,15.86
7875,ORD004508,PROD0125,4,0.05,708.89,270.21
7876,ORD004508,PROD0031,2,0.1,638.06,139.04
7877,ORD004509,PROD0057,3,0.05,1041.99,466.8
7878,ORD004510,PROD0040,5,0.0,3757.75,1131.4
7879,ORD004510,PROD0050,3,0.0,265.95,115.77
7880,ORD004510,PROD0023,4,0.0,5450.2,1392.28
7881,ORD004511,PROD0090,3,0.1,257.36,97.43
7882,ORD004511,PROD0027,1,0.0,573.63,151.41
7883,ORD004511,PROD0128,5,0.15,348.33,46.98
7884,ORD004512,PROD0081,5,0.0,278.6,80.8
7885,ORD004513,PROD0096,2,0.1,104.33,24.63
7886,ORD004513,PROD0115,2,0.0,159.52,76.66
7887,ORD004514,PROD0120,2,0.1,228.89,50.01
7888,ORD004515,PROD0141,4,0.1,330.44,93.04
7889,ORD004516,PROD0051,2,0.1,967.59,245.21
7890,ORD004516,PROD0070,5,0.15,205.15,33.45
7891,ORD004516,PROD0141,4,0.2,293.73,56.33
7892,ORD004517,PROD0144,3,0.05,452.84,207.95
7893,ORD004518,PROD0058,2,0.0,683.02,290.24
7894,ORD004518,PROD0114,3,0.0,420.54,200.67
7895,ORD004518,PROD0039,1,0.0,439.53,187.75
7896,ORD004519,PROD0102,5,0.05,1358.83,526.63
7897,ORD004519,PROD0134,3,0.0,302.61,99.63
7898,ORD004520,PROD0132,5,0.2,126.76,12.31
7899,ORD004521,PROD0063,2,0.05,152.85,55.01
7900,ORD004522,PROD0023,5,0.0,6812.75,1740.35
7901,ORD004522,PROD0117,4,0.05,945.4,201.96
7902,ORD004523,PROD0090,3,0.15,243.07,83.14
7903,ORD004523,PROD0115,1,0.0,79.76,38.33
7904,ORD004524,PROD0035,1,0.0,721.22,301.85
7905,ORD004525,PROD0006,3,0.0,1593.03,495.6
7906,ORD004526,PROD0078,2,0.0,205.24,70.84
7907,ORD004527,PROD0078,1,0.0,102.62,35.42
7908,ORD004527,PROD0051,5,0.0,2687.75,881.8
7909,ORD004527,PROD0124,4,0.15,120.26,45.98
7910,ORD004528,PROD0048,5,0.0,581.6,147.8
7911,ORD004529,PROD0109,4,0.0,219.16,62.6
7912,ORD004529,PROD0128,5,0.0,409.8,108.45
7913,ORD004530,PROD0142,5,0.0,439.45,171.65
7914,ORD004531,PROD0057,1,0.05,347.33,155.6
7915,ORD004531,PROD0087,2,0.2,112.16,7.36
7916,ORD004532,PROD0004,5,0.05,6635.13,2620.38
7917,ORD004533,PROD0033,3,0.0,1418.37,646.2
7918,ORD004533,PROD0022,4,0.1,2340.07,533.55
7919,ORD004534,PROD0066,2,0.0,147.02,44.12
7920,ORD004535,PROD0119,4,0.0,195.6,79.84
7921,ORD004536,PROD0016,5,0.05,5331.88,2081.28
7922,ORD004537,PROD0129,2,0.05,120.23,37.75
7923,ORD004538,PROD0002,3,0.1,2711.5,1070.02
7924,ORD004538,PROD0067,5,0.0,251.2,113.2
7925,ORD004539,PROD0049,4,0.05,3316.6,1281.6
7926,ORD004539,PROD0016,2,0.0,2245.0,944.76
7927,ORD004540,PROD0014,1,0.1,1086.46,267.66
7928,ORD004540,PROD0126,5,0.0,1004.5,440.0
7929,ORD004541,PROD0149,3,0.05,559.43,260.66
7930,ORD004541,PROD0141,1,0.0,91.79,32.44
7931,ORD004542,PROD0114,4,0.0,560.72,267.56
7932,ORD004543,PROD0088,1,0.2,34.2,2.14
7933,ORD004544,PROD0082,2,0.05,36.27,16.89
7934,ORD004545,PROD0037,3,0.2,2154.62,686.84
7935,ORD004546,PROD0050,2,0.0,177.3,77.18
7936,ORD004547,PROD0017,1,0.05,54.65,21.45
7937,ORD004547,PROD0137,5,0.0,411.6,132.45
7938,ORD004547,PROD0126,3,0.05,572.57,233.87
7939,ORD004548,PROD0124,5,0.0,176.85,84.0
7940,ORD004548,PROD0145,3,0.05,122.75,35.27
7941,ORD004548,PROD0146,5,0.1,240.75,43.25
7942,ORD004549,PROD0112,1,0.0,203.28,88.92
7943,ORD004549,PROD0014,3,0.0,3621.54,1165.14
7944,ORD004549,PROD0032,3,0.15,488.63,155.12
7945,ORD004550,PROD0025,3,0.0,1459.92,549.99
7946,ORD004551,PROD0104,3,0.0,774.09,233.07
7947,ORD004551,PROD0037,2,0.1,1615.97,637.45
7948,ORD004552,PROD0094,1,0.0,187.12,85.68
7949,ORD004552,PROD0042,5,0.0,3332.45,1008.85
7950,ORD004552,PROD0130,1,0.05,80.23,36.85
7951,ORD004553,PROD0083,5,0.1,61.2,23.4
7952,ORD004553,PROD0039,5,0.05,2087.77,828.87
7953,ORD004553,PROD0105,2,0.0,582.16,171.04
7954,ORD004553,PROD0062,5,0.0,177.5,70.8
7955,ORD004554,PROD0014,4,0.05,4587.28,1312.08
7956,ORD004555,PROD0046,5,0.0,2834.65,769.3
7957,ORD004556,PROD0124,1,0.0,35.37,16.8
7958,ORD004556,PROD0089,4,0.0,193.36,57.2
7959,ORD004557,PROD0052,5,0.1,1740.51,549.66
7960,ORD004558,PROD0119,5,0.0,244.5,99.8
7961,ORD004558,PROD0083,2,0.0,27.2,12.08
7962,ORD004559,PROD0115,5,0.0,398.8,191.65
7963,ORD004560,PROD0083,4,0.15,46.24,16.0
7964,ORD004561,PROD0113,3,0.0,103.5,35.55
7965,ORD004562,PROD0061,5,0.1,318.19,112.14
7966,ORD004562,PROD0056,4,0.05,1372.98,366.98
7967,ORD004562,PROD0114,2,0.1,252.32,105.74
7968,ORD004563,PROD0079,2,0.0,126.62,57.14
7969,ORD004564,PROD0026,4,0.1,2449.01,801.97
7970,ORD004565,PROD0023,4,0.15,4632.67,574.75
7971,ORD004566,PROD0107,1,0.1,50.91,10.57
7972,ORD004566,PROD0127,3,0.05,208.96,65.92
7973,ORD004566,PROD0083,5,0.15,57.8,20.0
7974,ORD004567,PROD0077,4,0.1,102.1,37.18
7975,ORD004567,PROD0094,2,0.1,336.82,133.94
7976,ORD004568,PROD0094,4,0.0,748.48,342.72
7977,ORD004568,PROD0131,3,0.1,285.34,107.71
7978,ORD004568,PROD0020,2,0.0,359.9,130.08
7979,ORD004568,PROD0072,4,0.05,284.7,84.5
7980,ORD004569,PROD0094,3,0.1,505.22,200.9
7981,ORD004569,PROD0144,3,0.1,429.0,184.11
7982,ORD004569,PROD0060,4,0.1,3033.14,724.18
7983,ORD004570,PROD0095,5,0.0,505.05,218.75
7984,ORD004571,PROD0003,3,0.05,4115.77,1313.77
7985,ORD004572,PROD0135,2,0.05,35.95,16.39
7986,ORD004573,PROD0006,4,0.05,2017.84,554.6
7987,ORD004574,PROD0141,3,0.15,234.06,56.01
7988,ORD004574,PROD0009,1,0.1,834.74,228.66
7989,ORD004575,PROD0140,3,0.2,324.38,101.03
7990,ORD004575,PROD0148,4,0.05,170.35,45.67
7991,ORD004576,PROD0024,4,0.0,1183.6,479.16
7992,ORD004577,PROD0076,4,0.0,345.12,116.88
7993,ORD004577,PROD0102,5,0.0,1430.35,598.15
7994,ORD004578,PROD0051,1,0.05,510.67,149.48
7995,ORD004578,PROD0026,4,0.15,2312.95,665.91
7996,ORD004579,PROD0081,3,0.0,167.16,48.48
7997,ORD004580,PROD0093,5,0.15,1043.46,254.71
7998,ORD004581,PROD0034,4,0.0,1275.96,416.28
7999,ORD004582,PROD0093,4,0.0,982.08,351.08
8000,ORD004582,PROD0145,1,0.0,43.07,13.91
8001,ORD004583,PROD0033,3,0.0,1418.37,646.2
8002,ORD004584,PROD0141,2,0.05,174.4,55.7
8003,ORD004585,PROD0109,2,0.0,109.58,31.3
8004,ORD004585,PROD0058,2,0.0,683.02,290.24
8005,ORD004586,PROD0074,1,0.1,59.57,19.55
8006,ORD004586,PROD0099,2,0.05,298.39,95.99
8007,ORD004587,PROD0036,4,0.0,1517.24,405.08
8008,ORD004588,PROD0146,1,0.1,48.15,8.65
8009,ORD004588,PROD0037,4,0.05,3411.49,1454.45
8010,ORD004589,PROD0003,1,0.0,1444.13,510.13
8011,ORD004589,PROD0087,3,0.05,199.78,42.58
8012,ORD004590,PROD0078,4,0.0,410.48,141.68
8013,ORD004591,PROD0077,2,0.05,53.88,21.42
8014,ORD004592,PROD0106,1,0.0,110.4,47.37
8015,ORD004592,PROD0024,4,0.15,1006.06,301.62
8016,ORD004593,PROD0115,5,0.0,398.8,191.65
8017,ORD004593,PROD0097,5,0.0,1489.5,421.9
8018,ORD004594,PROD0087,1,0.2,56.08,3.68
8019,ORD004595,PROD0139,5,0.1,718.97,264.12
8020,ORD004595,PROD0128,3,0.0,245.88,65.07
8021,ORD004596,PROD0038,2,0.05,1636.77,576.47
8022,ORD004597,PROD0081,4,0.0,222.88,64.64
8023,ORD004598,PROD0135,3,0.0,56.76,27.42
8024,ORD004598,PROD0107,1,0.0,56.57,16.23
8025,ORD004598,PROD0044,4,0.05,1882.6,435.76
8026,ORD004598,PROD0010,4,0.05,5528.73,2144.01
8027,ORD004599,PROD0077,2,0.1,51.05,18.59
8028,ORD004600,PROD0146,2,0.15,90.95,11.95
8029,ORD004601,PROD0117,1,0.05,236.35,50.49
8030,ORD004602,PROD0141,4,0.2,293.73,56.33
8031,ORD004603,PROD0042,5,0.05,3165.83,842.23
8032,ORD004603,PROD0039,5,0.1,1977.88,718.98
8033,ORD004603,PROD0102,5,0.05,1358.83,526.63
8034,ORD004603,PROD0116,4,0.0,661.76,257.24
8035,ORD004604,PROD0150,1,0.0,138.11,59.98
8036,ORD004605,PROD0006,3,0.1,1433.73,336.3
8037,ORD004606,PROD0079,4,0.15,215.25,76.29
8038,ORD004606,PROD0013,5,0.0,4497.6,1821.45
8039,ORD004606,PROD0066,3,0.0,220.53,66.18
8040,ORD004607,PROD0025,2,0.05,924.62,318.0
8041,ORD004608,PROD0035,1,0.0,721.22,301.85
8042,ORD004609,PROD0023,4,0.0,5450.2,1392.28
8043,ORD004610,PROD0047,1,0.0,619.23,254.66
8044,ORD004611,PROD0012,1,0.0,851.9,345.99
8045,ORD004611,PROD0010,4,0.0,5819.72,2435.0
8046,ORD004612,PROD0093,4,0.0,982.08,351.08
8047,ORD004613,PROD0090,1,0.0,95.32,42.01
8048,ORD004614,PROD0094,2,0.15,318.1,115.22
8049,ORD004615,PROD0130,1,0.0,84.45,41.07
8050,ORD004615,PROD0089,4,0.05,183.69,47.53
8051,ORD004616,PROD0008,2,0.1,344.95,131.07
8052,ORD004617,PROD0074,1,0.0,66.19,26.17
8053,ORD004617,PROD0132,3,0.0,95.07,26.4
8054,ORD004618,PROD0092,2,0.0,132.94,61.84
8055,ORD004618,PROD0077,5,0.2,113.44,32.29
8056,ORD004618,PROD0096,5,0.2,231.84,32.59
8057,ORD004619,PROD0012,5,0.0,4259.5,1729.95
8058,ORD004620,PROD0058,4,0.0,1366.04,580.48
8059,ORD004620,PROD0101,1,0.15,139.71,46.09
8060,ORD004621,PROD0086,2,0.0,201.12,82.12
8061,ORD004621,PROD0075,4,0.0,208.84,94.72
8062,ORD004621,PROD0024,3,0.1,798.93,270.6
8063,ORD004621,PROD0019,5,0.0,4288.15,1594.7
8064,ORD004622,PROD0006,4,0.0,2124.04,660.8
8065,ORD004622,PROD0082,3,0.0,57.27,28.2
8066,ORD004623,PROD0049,5,0.2,3491.16,947.41
8067,ORD004624,PROD0015,1,0.05,259.94,74.45
8068,ORD004624,PROD0088,3,0.0,128.25,32.07
8069,ORD004625,PROD0072,5,0.0,374.6,124.35
8070,ORD004626,PROD0095,2,0.0,202.02,87.5
8071,ORD004627,PROD0023,1,0.1,1226.3,211.82
8072,ORD004627,PROD0055,5,0.05,3617.98,1018.58
8073,ORD004628,PROD0132,3,0.05,90.32,21.65
8074,ORD004629,PROD0120,5,0.2,508.64,61.44
8075,ORD004630,PROD0106,3,0.1,298.08,108.99
8076,ORD004631,PROD0142,5,0.05,417.48,149.68
8077,ORD004631,PROD0007,1,0.0,1100.04,412.3
8078,ORD004631,PROD0150,2,0.2,220.98,64.72
8079,ORD004632,PROD0147,4,0.0,796.0,254.56
8080,ORD004633,PROD0098,3,0.15,229.27,46.42
8081,ORD004633,PROD0125,3,0.05,531.67,202.66
8082,ORD004633,PROD0049,4,0.1,3142.04,1107.04
8083,ORD004633,PROD0044,5,0.0,2477.1,668.55
8084,ORD004634,PROD0123,1,0.05,219.62,68.42
8085,ORD004635,PROD0003,2,0.0,2888.26,1020.26
8086,ORD004635,PROD0042,5,0.2,2665.96,342.36
8087,ORD004636,PROD0121,4,0.0,124.32,44.64
8088,ORD004636,PROD0117,4,0.1,895.64,152.2
8089,ORD004636,PROD0005,4,0.0,3486.84,1002.96
8090,ORD004637,PROD0011,2,0.05,2253.67,800.33
8091,ORD004638,PROD0108,3,0.05,93.65,28.94
8092,ORD004638,PROD0022,4,0.05,2470.08,663.56
8093,ORD004638,PROD0032,2,0.05,364.08,141.74
8094,ORD004639,PROD0005,1,0.0,871.71,250.74
8095,ORD004640,PROD0105,3,0.0,873.24,256.56
8096,ORD004640,PROD0061,5,0.15,300.52,94.47
8097,ORD004641,PROD0001,5,0.15,4430.28,1458.88
8098,ORD004641,PROD0065,1,0.1,9.44,3.63
8099,ORD004641,PROD0015,2,0.0,547.24,176.26
8100,ORD004642,PROD0130,3,0.0,253.35,123.21
8101,ORD004643,PROD0113,1,0.05,32.77,10.12
8102,ORD004643,PROD0079,1,0.05,60.14,25.4
8103,ORD004643,PROD0089,1,0.05,45.92,11.88
8104,ORD004644,PROD0047,2,0.0,1238.46,509.32
8105,ORD004645,PROD0070,4,0.0,193.08,55.72
8106,ORD004645,PROD0117,2,0.0,497.58,125.86
8107,ORD004645,PROD0119,3,0.05,139.36,52.54
8108,ORD004646,PROD0070,5,0.0,241.35,69.65
8109,ORD004647,PROD0038,3,0.15,2196.72,606.27
8110,ORD004648,PROD0021,1,0.05,1128.07,277.95
8111,ORD004649,PROD0124,1,0.1,31.83,13.26
8112,ORD004650,PROD0015,3,0.15,697.73,141.26
8113,ORD004651,PROD0144,3,0.0,476.67,231.78
8114,ORD004651,PROD0026,1,0.15,578.24,166.48
8115,ORD004651,PROD0132,1,0.05,30.11,7.22
8116,ORD004651,PROD0013,2,0.15,1529.18,458.72
8117,ORD004652,PROD0089,3,0.05,137.77,35.65
8118,ORD004653,PROD0061,3,0.0,212.13,88.5
8119,ORD004654,PROD0032,3,0.05,546.12,212.61
8120,ORD004654,PROD0141,4,0.15,312.09,74.69
8121,ORD004655,PROD0071,1,0.2,79.61,12.29
8122,ORD004656,PROD0004,2,0.0,2793.74,1187.84
8123,ORD004656,PROD0036,2,0.1,682.76,126.68
8124,ORD004657,PROD0067,4,0.0,200.96,90.56
8125,ORD004657,PROD0056,1,0.1,325.18,73.68
8126,ORD004658,PROD0029,5,0.0,1232.3,614.05
8127,ORD004658,PROD0071,1,0.0,99.51,32.19
8128,ORD004659,PROD0124,3,0.0,106.11,50.4
8129,ORD004660,PROD0133,3,0.0,703.41,328.5
8130,ORD004661,PROD0011,3,0.0,3558.42,1378.41
8131,ORD004662,PROD0140,4,0.05,513.61,215.81
8132,ORD004663,PROD0009,4,0.0,3709.96,1285.64
8133,ORD004663,PROD0008,3,0.1,517.43,196.61
8134,ORD004664,PROD0101,5,0.0,821.85,353.75
8135,ORD004664,PROD0093,2,0.05,466.49,150.99
8136,ORD004665,PROD0052,3,0.15,986.29,271.78
8137,ORD004666,PROD0082,2,0.1,34.36,14.98
8138,ORD004666,PROD0024,3,0.0,887.7,359.37
8139,ORD004667,PROD0024,3,0.0,887.7,359.37
8140,ORD004667,PROD0074,2,0.1,119.14,39.1
8141,ORD004668,PROD0017,2,0.0,115.06,48.66
8142,ORD004669,PROD0041,3,0.0,582.39,247.11
8143,ORD004670,PROD0142,1,0.0,87.89,34.33
8144,ORD004670,PROD0040,2,0.0,1503.1,452.56
8145,ORD004671,PROD0020,3,0.1,485.86,141.13
8146,ORD004672,PROD0101,5,0.05,780.76,312.66
8147,ORD004673,PROD0119,2,0.0,97.8,39.92
8148,ORD004673,PROD0024,2,0.0,591.8,239.58
8149,ORD004673,PROD0019,3,0.15,2186.96,570.89
8150,ORD004674,PROD0013,2,0.0,1799.04,728.58
8151,ORD004675,PROD0025,1,0.0,486.64,183.33
8152,ORD004676,PROD0033,4,0.0,1891.16,861.6
8153,ORD004676,PROD0110,5,0.2,80.76,6.11
8154,ORD004677,PROD0145,1,0.0,43.07,13.91
8155,ORD004677,PROD0025,2,0.15,827.29,220.67
8156,ORD004677,PROD0096,3,0.15,147.8,28.25
8157,ORD004677,PROD0103,4,0.0,898.64,346.32
8158,ORD004678,PROD0098,3,0.1,242.76,59.91
8159,ORD004678,PROD0116,1,0.0,165.44,64.31
8160,ORD004679,PROD0003,1,0.15,1227.51,293.51
8161,ORD004679,PROD0104,5,0.0,1290.15,388.45
8162,ORD004679,PROD0128,1,0.1,73.76,13.49
8163,ORD004680,PROD0110,3,0.15,51.48,6.69
8164,ORD004680,PROD0025,3,0.1,1313.93,404.0
8165,ORD004681,PROD0028,5,0.2,3075.64,560.64
8166,ORD004681,PROD0147,1,0.05,189.05,53.69
8167,ORD004682,PROD0026,4,0.15,2312.95,665.91
8168,ORD004683,PROD0118,1,0.15,130.7,45.02
8169,ORD004684,PROD0019,2,0.2,1372.21,294.83
8170,ORD004684,PROD0027,2,0.2,917.81,73.37
8171,ORD004685,PROD0036,4,0.0,1517.24,405.08
8172,ORD004686,PROD0111,1,0.05,253.65,100.0
8173,ORD004686,PROD0102,5,0.05,1358.83,526.63
8174,ORD004686,PROD0077,4,0.0,113.44,48.52
8175,ORD004687,PROD0129,1,0.0,63.28,22.04
8176,ORD004687,PROD0072,1,0.0,74.92,24.87
8177,ORD004687,PROD0127,3,0.0,219.96,76.92
8178,ORD004688,PROD0028,4,0.05,2921.86,909.86
8179,ORD004688,PROD0083,3,0.05,38.76,16.08
8180,ORD004689,PROD0069,1,0.0,75.67,26.27
8181,ORD004690,PROD0050,4,0.0,354.6,154.36
8182,ORD004690,PROD0121,5,0.0,155.4,55.8
8183,ORD004691,PROD0083,1,0.0,13.6,6.04
8184,ORD004692,PROD0034,1,0.1,287.09,72.17
8185,ORD004692,PROD0025,2,0.05,924.62,318.0
8186,ORD004693,PROD0107,5,0.05,268.71,67.01
8187,ORD004693,PROD0098,5,0.05,427.07,122.32
8188,ORD004694,PROD0053,4,0.05,2455.41,1065.69
8189,ORD004694,PROD0118,4,0.15,522.78,180.06
8190,ORD004695,PROD0094,5,0.0,935.6,428.4
8191,ORD004696,PROD0047,5,0.1,2786.54,963.69
8192,ORD004697,PROD0028,5,0.0,3844.55,1329.55
8193,ORD004698,PROD0143,5,0.0,362.25,97.4
8194,ORD004699,PROD0096,5,0.1,260.82,61.57
8195,ORD004699,PROD0122,4,0.0,473.68,151.28
8196,ORD004700,PROD0138,2,0.1,323.87,136.53
8197,ORD004701,PROD0049,5,0.0,4363.95,1820.2
8198,ORD004702,PROD0069,4,0.0,302.68,105.08
8199,ORD004702,PROD0037,2,0.0,1795.52,817.0
8200,ORD004702,PROD0070,3,0.0,144.81,41.79
8201,ORD004703,PROD0022,1,0.2,520.02,68.39
8202,ORD004703,PROD0115,2,0.0,159.52,76.66
8203,ORD004704,PROD0107,5,0.1,254.57,52.87
8204,ORD004705,PROD0104,3,0.0,774.09,233.07
8205,ORD004705,PROD0128,3,0.0,245.88,65.07
8206,ORD004705,PROD0136,3,0.05,69.43,31.78
8207,ORD004705,PROD0044,2,0.0,990.84,267.42
8208,ORD004706,PROD0069,4,0.0,302.68,105.08
8209,ORD004707,PROD0120,5,0.05,604.01,156.81
8210,ORD004708,PROD0058,5,0.0,1707.55,725.6
8211,ORD004709,PROD0025,4,0.0,1946.56,733.32
8212,ORD004710,PROD0022,5,0.1,2925.09,666.94
8213,ORD004711,PROD0014,3,0.0,3621.54,1165.14
8214,ORD004712,PROD0126,4,0.0,803.6,352.0
8215,ORD004712,PROD0014,2,0.0,2414.36,776.76
8216,ORD004713,PROD0072,3,0.0,224.76,74.61
8217,ORD004714,PROD0074,4,0.1,238.28,78.2
8218,ORD004715,PROD0036,2,0.0,758.62,202.54
8219,ORD004716,PROD0018,1,0.05,188.33,84.88
8220,ORD004716,PROD0112,2,0.1,365.9,137.18
8221,ORD004717,PROD0117,4,0.05,945.4,201.96
8222,ORD004718,PROD0064,3,0.05,305.35,108.52
8223,ORD004719,PROD0116,3,0.0,496.32,192.93
8224,ORD004720,PROD0062,3,0.0,106.5,42.48
8225,ORD004721,PROD0054,1,0.05,157.44,57.34
8226,ORD004721,PROD0031,5,0.15,1506.54,258.99
8227,ORD004722,PROD0115,4,0.0,319.04,153.32
8228,ORD004722,PROD0033,4,0.0,1891.16,861.6
8229,ORD004723,PROD0061,4,0.0,282.84,118.0
8230,ORD004724,PROD0056,3,0.0,1083.93,329.43
8231,ORD004725,PROD0040,1,0.0,751.55,226.28
8232,ORD004725,PROD0013,1,0.0,899.52,364.29
8233,ORD004726,PROD0098,5,0.15,382.12,77.37
8234,ORD004726,PROD0125,1,0.0,186.55,76.88
8235,ORD004727,PROD0056,4,0.2,1156.19,150.19
8236,ORD004728,PROD0011,3,0.2,2846.74,666.73
8237,ORD004728,PROD0132,4,0.1,114.08,22.52
8238,ORD004729,PROD0065,2,0.0,20.98,9.36
8239,ORD004729,PROD0029,5,0.05,1170.68,552.43
8240,ORD004730,PROD0012,2,0.0,1703.8,691.98
8241,ORD004731,PROD0046,1,0.0,566.93,153.86
8242,ORD004732,PROD0043,3,0.0,2677.11,1017.81
8243,ORD004733,PROD0148,1,0.0,44.83,13.66
8244,ORD004734,PROD0130,5,0.1,380.03,163.13
8245,ORD004735,PROD0030,5,0.15,5398.94,1619.84
8246,ORD004736,PROD0109,1,0.0,54.79,15.65
8247,ORD004736,PROD0001,4,0.0,4169.68,1792.56
8248,ORD004736,PROD0113,1,0.1,31.05,8.4
8249,ORD004737,PROD0064,2,0.05,203.57,72.35
8250,ORD004737,PROD0115,4,0.05,303.09,137.37
8251,ORD004737,PROD0140,3,0.1,364.93,141.58
8252,ORD004738,PROD0073,5,0.05,172.14,76.24
8253,ORD004738,PROD0146,2,0.0,107.0,28.0
8254,ORD004739,PROD0080,5,0.0,328.0,123.4
8255,ORD004740,PROD0003,3,0.0,4332.39,1530.39
8256,ORD004740,PROD0005,2,0.0,1743.42,501.48
8257,ORD004740,PROD0086,2,0.1,181.01,62.01
8258,ORD004741,PROD0014,3,0.05,3440.46,984.06
8259,ORD004741,PROD0095,4,0.0,404.04,175.0
8260,ORD004742,PROD0127,2,0.0,146.64,51.28
8261,ORD004742,PROD0013,3,0.0,2698.56,1092.87
8262,ORD004742,PROD0118,2,0.15,261.39,90.03
8263,ORD004743,PROD0010,5,0.0,7274.65,3043.75
8264,ORD004743,PROD0068,2,0.0,167.56,63.28
8265,ORD004743,PROD0028,4,0.05,2921.86,909.86
8266,ORD004744,PROD0036,1,0.05,360.34,82.3
8267,ORD004744,PROD0130,2,0.05,160.45,73.69
8268,ORD004744,PROD0099,4,0.0,628.2,223.4
8269,ORD004745,PROD0035,1,0.15,613.04,193.67
8270,ORD004746,PROD0101,1,0.1,147.93,54.31
8271,ORD004746,PROD0040,5,0.0,3757.75,1131.4
8272,ORD004747,PROD0107,5,0.0,282.85,81.15
8273,ORD004747,PROD0005,3,0.1,2353.62,490.71
8274,ORD004747,PROD0068,4,0.05,318.36,109.8
8275,ORD004748,PROD0140,1,0.2,108.13,33.68
8276,ORD004749,PROD0023,1,0.0,1362.55,348.07
8277,ORD004750,PROD0033,5,0.05,2245.75,958.8
8278,ORD004751,PROD0113,3,0.15,87.97,20.02
8279,ORD004751,PROD0121,2,0.0,62.16,22.32
8280,ORD004751,PROD0073,1,0.0,36.24,17.06
8281,ORD004752,PROD0015,3,0.0,820.86,264.39
8282,ORD004753,PROD0115,5,0.1,358.92,151.77
8283,ORD004754,PROD0025,4,0.0,1946.56,733.32
8284,ORD004754,PROD0105,3,0.05,829.58,212.9
8285,ORD004754,PROD0129,5,0.0,316.4,110.2
8286,ORD004755,PROD0142,1,0.0,87.89,34.33
8287,ORD004756,PROD0091,4,0.0,851.84,242.56
8288,ORD004756,PROD0035,4,0.0,2884.88,1207.4
8289,ORD004757,PROD0091,4,0.05,809.25,199.97
8290,ORD004758,PROD0044,3,0.0,1486.26,401.13
8291,ORD004759,PROD0011,4,0.0,4744.56,1837.88
8292,ORD004759,PROD0083,5,0.05,64.6,26.8
8293,ORD004759,PROD0089,5,0.15,205.45,35.25
8294,ORD004759,PROD0014,5,0.0,6035.9,1941.9
8295,ORD004760,PROD0060,5,0.0,4212.7,1326.5
8296,ORD004761,PROD0137,5,0.0,411.6,132.45
8297,ORD004761,PROD0012,2,0.1,1533.42,521.6
8298,ORD004762,PROD0128,1,0.1,73.76,13.49
8299,ORD004763,PROD0082,4,0.0,76.36,37.6
8300,ORD004764,PROD0022,5,0.0,3250.1,991.95
8301,ORD004764,PROD0077,4,0.15,96.42,31.5
8302,ORD004765,PROD0011,1,0.0,1186.14,459.47
8303,ORD004766,PROD0101,3,0.0,493.11,212.25
8304,ORD004766,PROD0010,1,0.0,1454.93,608.75
8305,ORD004767,PROD0086,3,0.0,301.68,123.18
8306,ORD004768,PROD0093,5,0.0,1227.6,438.85
8307,ORD004769,PROD0021,4,0.1,4274.78,874.3
8308,ORD004769,PROD0044,5,0.1,2229.39,420.84
8309,ORD004769,PROD0149,5,0.0,981.45,483.5
8310,ORD004770,PROD0046,1,0.15,481.89,68.82
8311,ORD004771,PROD0041,1,0.2,155.3,43.54
8312,ORD004771,PROD0061,4,0.1,254.56,89.72
8313,ORD004771,PROD0006,1,0.1,477.91,112.1
8314,ORD004772,PROD0061,2,0.05,134.35,51.93
8315,ORD004772,PROD0064,3,0.05,305.35,108.52
8316,ORD004772,PROD0011,3,0.05,3380.5,1200.49
8317,ORD004773,PROD0113,1,0.0,34.5,11.85
8318,ORD004773,PROD0035,1,0.0,721.22,301.85
8319,ORD004773,PROD0078,1,0.0,102.62,35.42
8320,ORD004774,PROD0038,1,0.2,689.17,159.02
8321,ORD004774,PROD0015,3,0.05,779.82,223.35
8322,ORD004775,PROD0078,3,0.0,307.86,106.26
8323,ORD004776,PROD0138,3,0.1,485.81,204.8
8324,ORD004776,PROD0001,4,0.0,4169.68,1792.56
8325,ORD004776,PROD0120,2,0.0,254.32,75.44
8326,ORD004777,PROD0053,5,0.1,2907.72,1170.57
8327,ORD004777,PROD0076,3,0.0,258.84,87.66
8328,ORD004778,PROD0027,1,0.0,573.63,151.41
8329,ORD004778,PROD0103,1,0.1,202.19,64.11
8330,ORD004779,PROD0054,1,0.15,140.87,40.77
8331,ORD004780,PROD0097,5,0.05,1415.02,347.42
8332,ORD004781,PROD0097,3,0.0,893.7,253.14
8333,ORD004782,PROD0031,5,0.0,1772.4,524.85
8334,ORD004783,PROD0057,4,0.0,1462.44,695.52
8335,ORD004784,PROD0052,4,0.05,1469.76,517.08
8336,ORD004785,PROD0016,2,0.15,1908.25,608.01
8337,ORD004785,PROD0074,2,0.1,119.14,39.1
8338,ORD004786,PROD0105,5,0.0,1455.4,427.6
8339,ORD004786,PROD0012,3,0.2,2044.56,526.83
8340,ORD004786,PROD0027,2,0.1,1032.53,188.09
8341,ORD004787,PROD0046,4,0.05,2154.33,502.05
8342,ORD004788,PROD0031,1,0.2,283.58,34.07
8343,ORD004789,PROD0022,2,0.1,1170.04,266.78
8344,ORD004790,PROD0007,5,0.0,5500.2,2061.5
8345,ORD004791,PROD0120,3,0.0,381.48,113.16
8346,ORD004792,PROD0127,2,0.1,131.98,36.62
8347,ORD004793,PROD0011,1,0.0,1186.14,459.47
8348,ORD004794,PROD0013,5,0.05,4272.72,1596.57
8349,ORD004795,PROD0088,3,0.0,128.25,32.07
8350,ORD004795,PROD0035,4,0.0,2884.88,1207.4
8351,ORD004795,PROD0078,5,0.05,487.44,151.44
8352,ORD004796,PROD0146,3,0.05,152.47,33.97
8353,ORD004797,PROD0142,4,0.0,351.56,137.32
8354,ORD004798,PROD0108,2,0.0,65.72,22.58
8355,ORD004798,PROD0025,2,0.0,973.28,366.66
8356,ORD004799,PROD0024,5,0.2,1183.6,303.05
8357,ORD004800,PROD0016,2,0.0,2245.0,944.76
8358,ORD004800,PROD0139,2,0.05,303.56,121.62
8359,ORD004801,PROD0065,1,0.05,9.97,4.16
8360,ORD004802,PROD0061,1,0.0,70.71,29.5
8361,ORD004802,PROD0074,1,0.1,59.57,19.55
8362,ORD004802,PROD0137,1,0.05,78.2,22.37
8363,ORD004802,PROD0060,1,0.0,842.54,265.3
8364,ORD004803,PROD0057,1,0.1,329.05,137.32
8365,ORD004804,PROD0049,3,0.2,2094.7,568.45
8366,ORD004804,PROD0033,5,0.05,2245.75,958.8
8367,ORD004805,PROD0109,2,0.0,109.58,31.3
8368,ORD004805,PROD0016,5,0.05,5331.88,2081.28
8369,ORD004805,PROD0092,2,0.05,126.29,55.19
8370,ORD004806,PROD0104,5,0.05,1225.64,323.94
8371,ORD004806,PROD0011,5,0.15,5041.1,1407.75
8372,ORD004806,PROD0133,4,0.0,937.88,438.0
8373,ORD004806,PROD0069,2,0.0,151.34,52.54
8374,ORD004807,PROD0140,1,0.0,135.16,60.71
8375,ORD004808,PROD0142,2,0.05,166.99,59.87
8376,ORD004808,PROD0007,4,0.15,3740.14,989.18
8377,ORD004808,PROD0146,3,0.2,128.4,9.9
8378,ORD004808,PROD0019,4,0.0,3430.52,1275.76
8379,ORD004809,PROD0068,5,0.05,397.95,137.25
8380,ORD004809,PROD0109,2,0.0,109.58,31.3
8381,ORD004809,PROD0049,2,0.1,1571.02,553.52
8382,ORD004809,PROD0069,5,0.1,340.52,93.52
8383,ORD004810,PROD0056,4,0.0,1445.24,439.24
8384,ORD004811,PROD0099,2,0.1,282.69,80.29
8385,ORD004811,PROD0012,2,0.0,1703.8,691.98
8386,ORD004812,PROD0057,4,0.05,1389.32,622.4
8387,ORD004813,PROD0149,5,0.05,932.38,434.43
8388,ORD004814,PROD0146,3,0.0,160.5,42.0
8389,ORD004815,PROD0056,5,0.05,1716.22,458.72
8390,ORD004816,PROD0071,2,0.2,159.22,24.58
8391,ORD004816,PROD0014,2,0.1,2172.92,535.32
8392,ORD004817,PROD0011,4,0.1,4270.1,1363.42
8393,ORD004817,PROD0010,1,0.0,1454.93,608.75
8394,ORD004817,PROD0101,5,0.0,821.85,353.75
8395,ORD004818,PROD0111,5,0.05,1268.25,500.0
8396,ORD004818,PROD0092,2,0.15,113.0,41.9
8397,ORD004819,PROD0082,4,0.1,68.72,29.96
8398,ORD004819,PROD0023,3,0.0,4087.65,1044.21
8399,ORD004819,PROD0102,5,0.0,1430.35,598.15
8400,ORD004820,PROD0028,4,0.1,2768.08,756.08
8401,ORD004820,PROD0003,5,0.0,7220.65,2550.65
8402,ORD004820,PROD0046,1,0.15,481.89,68.82
8403,ORD004821,PROD0075,2,0.0,104.42,47.36
8404,ORD004822,PROD0134,5,0.0,504.35,166.05
8405,ORD004823,PROD0035,3,0.0,2163.66,905.55
8406,ORD004824,PROD0136,1,0.1,21.92,9.37
8407,ORD004824,PROD0062,4,0.05,134.9,49.54
8408,ORD004825,PROD0129,4,0.15,215.15,50.19
8409,ORD004826,PROD0036,5,0.0,1896.55,506.35
8410,ORD004826,PROD0038,2,0.0,1722.92,662.62
8411,ORD004826,PROD0055,3,0.2,1828.03,268.39
8412,ORD004827,PROD0037,1,0.0,897.76,408.5
8413,ORD004828,PROD0139,4,0.1,575.17,211.29
8414,ORD004828,PROD0037,2,0.0,1795.52,817.0
8415,ORD004828,PROD0128,3,0.05,233.59,52.78
8416,ORD004828,PROD0129,1,0.05,60.12,18.88
8417,ORD004829,PROD0128,3,0.05,233.59,52.78
8418,ORD004829,PROD0070,5,0.05,229.28,57.58
8419,ORD004830,PROD0022,4,0.2,2080.06,273.54
8420,ORD004830,PROD0024,5,0.0,1479.5,598.95
8421,ORD004831,PROD0097,5,0.0,1489.5,421.9
8422,ORD004831,PROD0016,3,0.0,3367.5,1417.14
8423,ORD004831,PROD0057,2,0.0,731.22,347.76
8424,ORD004831,PROD0095,4,0.0,404.04,175.0
8425,ORD004832,PROD0014,2,0.2,1931.49,293.89
8426,ORD004833,PROD0105,2,0.1,523.94,112.82
8427,ORD004834,PROD0058,4,0.2,1092.83,307.27
8428,ORD004834,PROD0094,4,0.15,636.21,230.45
8429,ORD004834,PROD0143,1,0.0,72.45,19.48
8430,ORD004834,PROD0127,3,0.15,186.97,43.93
8431,ORD004835,PROD0112,2,0.0,406.56,177.84
8432,ORD004835,PROD0141,1,0.05,87.2,27.85
8433,ORD004835,PROD0085,3,0.0,198.57,70.86
8434,ORD004836,PROD0105,5,0.05,1382.63,354.83
8435,ORD004836,PROD0121,5,0.2,124.32,24.72
8436,ORD004837,PROD0017,5,0.0,287.65,121.65
8437,ORD004837,PROD0044,4,0.0,1981.68,534.84
8438,ORD004837,PROD0114,2,0.1,252.32,105.74
8439,ORD004837,PROD0056,1,0.15,307.11,55.61
8440,ORD004838,PROD0124,2,0.0,70.74,33.6
8441,ORD004838,PROD0079,4,0.0,253.24,114.28
8442,ORD004839,PROD0052,3,0.05,1102.32,387.81
8443,ORD004840,PROD0017,2,0.0,115.06,48.66
8444,ORD004841,PROD0136,5,0.0,121.8,59.05
8445,ORD004841,PROD0130,5,0.0,422.25,205.35
8446,ORD004841,PROD0098,1,0.0,89.91,28.96
8447,ORD004842,PROD0122,4,0.1,426.31,103.91
8448,ORD004843,PROD0086,1,0.0,100.56,41.06
8449,ORD004844,PROD0052,3,0.0,1160.34,445.83
8450,ORD004845,PROD0033,3,0.15,1205.61,433.44
8451,ORD004846,PROD0120,3,0.05,362.41,94.09
8452,ORD004847,PROD0143,2,0.0,144.9,38.96
8453,ORD004847,PROD0037,2,0.0,1795.52,817.0
8454,ORD004848,PROD0073,1,0.2,28.99,9.81
8455,ORD004849,PROD0128,1,0.0,81.96,21.69
8456,ORD004850,PROD0108,2,0.05,62.43,19.29
8457,ORD004851,PROD0087,3,0.0,210.3,53.1
8458,ORD004851,PROD0103,4,0.0,898.64,346.32
8459,ORD004851,PROD0009,2,0.05,1762.23,550.07
8460,ORD004852,PROD0040,2,0.1,1352.79,302.25
8461,ORD004852,PROD0057,5,0.0,1828.05,869.4
8462,ORD004853,PROD0048,4,0.0,465.28,118.24
8463,ORD004853,PROD0012,4,0.1,3066.84,1043.2
8464,ORD004853,PROD0033,4,0.05,1796.6,767.04
8465,ORD004854,PROD0034,3,0.0,956.97,312.21
8466,ORD004855,PROD0053,3,0.0,1938.48,896.19
8467,ORD004856,PROD0128,4,0.0,327.84,86.76
8468,ORD004856,PROD0097,4,0.0,1191.6,337.52
8469,ORD004856,PROD0038,4,0.0,3445.84,1325.24
8470,ORD004857,PROD0137,3,0.05,234.61,67.12
8471,ORD004858,PROD0007,1,0.0,1100.04,412.3
8472,ORD004858,PROD0135,3,0.0,56.76,27.42
8473,ORD004859,PROD0024,2,0.05,562.21,209.99
8474,ORD004859,PROD0122,5,0.0,592.1,189.1
8475,ORD004859,PROD0018,1,0.0,198.24,94.79
8476,ORD004860,PROD0100,5,0.2,500.2,175.75
8477,ORD004860,PROD0013,4,0.05,3418.18,1277.26
8478,ORD004860,PROD0054,4,0.0,662.92,262.52
8479,ORD004861,PROD0136,3,0.1,65.77,28.12
8480,ORD004862,PROD0115,2,0.05,151.54,68.68
8481,ORD004863,PROD0026,5,0.15,2891.19,832.39
8482,ORD004863,PROD0005,3,0.05,2484.37,621.46
8483,ORD004864,PROD0099,4,0.05,596.79,191.99
8484,ORD004864,PROD0079,2,0.0,126.62,57.14
8485,ORD004864,PROD0068,3,0.1,226.21,69.79
8486,ORD004864,PROD0139,3,0.0,479.31,206.4
8487,ORD004865,PROD0054,2,0.05,314.89,114.69
8488,ORD004865,PROD0136,1,0.1,21.92,9.37
8489,ORD004865,PROD0017,1,0.0,57.53,24.33
8490,ORD004866,PROD0090,3,0.0,285.96,126.03
8491,ORD004867,PROD0015,4,0.0,1094.48,352.52
8492,ORD004867,PROD0074,5,0.05,314.4,114.3
8493,ORD004867,PROD0071,2,0.0,199.02,64.38
8494,ORD004868,PROD0126,3,0.05,572.57,233.87
8495,ORD004868,PROD0070,1,0.2,38.62,4.28
8496,ORD004868,PROD0020,1,0.0,179.95,65.04
8497,ORD004868,PROD0027,3,0.1,1548.8,282.14
8498,ORD004869,PROD0051,1,0.1,483.79,122.6
8499,ORD004869,PROD0144,5,0.0,794.45,386.3
8500,ORD004870,PROD0107,3,0.1,152.74,31.72
8501,ORD004871,PROD0136,2,0.0,48.72,23.62
8502,ORD004871,PROD0132,3,0.2,76.06,7.39
8503,ORD004872,PROD0101,3,0.05,468.45,187.59
8504,ORD004872,PROD0033,2,0.0,945.58,430.8
8505,ORD004873,PROD0147,4,0.0,796.0,254.56
8506,ORD004874,PROD0070,1,0.0,48.27,13.93
8507,ORD004874,PROD0135,2,0.1,34.06,14.5
8508,ORD004875,PROD0098,2,0.0,179.82,57.92
8509,ORD004875,PROD0079,3,0.1,170.94,66.72
8510,ORD004876,PROD0141,4,0.15,312.09,74.69
8511,ORD004876,PROD0126,3,0.1,542.43,203.73
8512,ORD004876,PROD0106,1,0.0,110.4,47.37
8513,ORD004876,PROD0110,4,0.0,80.76,21.04
8514,ORD004877,PROD0069,3,0.2,181.61,33.41
8515,ORD004877,PROD0055,5,0.0,3808.4,1209.0
8516,ORD004877,PROD0111,1,0.1,240.3,86.65
8517,ORD004878,PROD0025,2,0.0,973.28,366.66
8518,ORD004879,PROD0040,5,0.05,3569.86,943.51
8519,ORD004880,PROD0111,5,0.0,1335.0,566.75
8520,ORD004881,PROD0091,1,0.0,212.96,60.64
8521,ORD004881,PROD0117,5,0.05,1181.75,252.45
8522,ORD004882,PROD0145,2,0.0,86.14,27.82
8523,ORD004882,PROD0005,4,0.0,3486.84,1002.96
8524,ORD004883,PROD0070,2,0.1,86.89,18.21
8525,ORD004883,PROD0066,5,0.05,349.17,91.92
8526,ORD004884,PROD0085,5,0.0,330.95,118.1
8527,ORD004884,PROD0045,1,0.05,499.5,132.67
8528,ORD004885,PROD0030,1,0.15,1079.79,323.97
8529,ORD004885,PROD0090,2,0.0,190.64,84.02
8530,ORD004886,PROD0088,5,0.05,203.06,42.76
8531,ORD004886,PROD0034,2,0.05,606.08,176.24
8532,ORD004887,PROD0038,5,0.15,3661.2,1010.45
8533,ORD004887,PROD0147,5,0.0,995.0,318.2
8534,ORD004887,PROD0085,1,0.05,62.88,20.31
8535,ORD004887,PROD0105,3,0.1,785.92,169.24
8536,ORD004888,PROD0037,2,0.0,1795.52,817.0
8537,ORD004889,PROD0073,1,0.0,36.24,17.06
8538,ORD004889,PROD0031,4,0.05,1347.02,348.98
8539,ORD004890,PROD0001,3,0.1,2814.53,1031.69
8540,ORD004890,PROD0044,3,0.0,1486.26,401.13
8541,ORD004890,PROD0097,3,0.15,759.64,119.08
8542,ORD004890,PROD0037,3,0.0,2693.28,1225.5
8543,ORD004891,PROD0081,4,0.05,211.74,53.5
8544,ORD004892,PROD0121,2,0.0,62.16,22.32
8545,ORD004892,PROD0064,3,0.0,321.42,124.59
8546,ORD004893,PROD0023,3,0.2,3270.12,226.68
8547,ORD004893,PROD0106,1,0.05,104.88,41.85
8548,ORD004894,PROD0081,3,0.0,167.16,48.48
8549,ORD004894,PROD0002,5,0.05,4770.23,2034.43
8550,ORD004894,PROD0107,5,0.0,282.85,81.15
8551,ORD004895,PROD0084,5,0.1,431.46,123.96
8552,ORD004896,PROD0141,5,0.2,367.16,70.41
8553,ORD004896,PROD0053,3,0.05,1841.56,799.27
8554,ORD004897,PROD0074,2,0.15,112.52,32.48
8555,ORD004897,PROD0108,4,0.0,131.44,45.16
8556,ORD004898,PROD0128,1,0.0,81.96,21.69
8557,ORD004898,PROD0041,5,0.0,970.65,411.85
8558,ORD004899,PROD0027,1,0.0,573.63,151.41
8559,ORD004899,PROD0085,2,0.0,132.38,47.24
8560,ORD004899,PROD0095,4,0.05,383.84,154.8
8561,ORD004899,PROD0146,1,0.1,48.15,8.65
8562,ORD004900,PROD0092,4,0.0,265.88,123.68
8563,ORD004901,PROD0112,2,0.0,406.56,177.84
8564,ORD004901,PROD0137,1,0.05,78.2,22.37
8565,ORD004902,PROD0108,2,0.0,65.72,22.58
8566,ORD004902,PROD0002,2,0.0,2008.52,914.2
8567,ORD004903,PROD0014,3,0.0,3621.54,1165.14
8568,ORD004903,PROD0091,2,0.15,362.03,57.39
8569,ORD004904,PROD0133,3,0.0,703.41,328.5
8570,ORD004904,PROD0036,5,0.0,1896.55,506.35
8571,ORD004905,PROD0121,2,0.0,62.16,22.32
8572,ORD004905,PROD0091,2,0.15,362.03,57.39
8573,ORD004906,PROD0121,2,0.0,62.16,22.32
8574,ORD004907,PROD0130,3,0.1,228.02,97.88
8575,ORD004907,PROD0008,3,0.05,546.17,225.35
8576,ORD004908,PROD0014,1,0.0,1207.18,388.38
8577,ORD004908,PROD0132,2,0.0,63.38,17.6
8578,ORD004909,PROD0143,4,0.1,260.82,48.94
8579,ORD004910,PROD0022,2,0.1,1170.04,266.78
8580,ORD004911,PROD0105,4,0.2,931.46,109.22
8581,ORD004912,PROD0120,1,0.0,127.16,37.72
8582,ORD004912,PROD0042,1,0.0,666.49,201.77
8583,ORD004912,PROD0106,1,0.0,110.4,47.37
8584,ORD004912,PROD0045,3,0.0,1577.37,476.88
8585,ORD004913,PROD0125,3,0.1,503.69,174.68
8586,ORD004914,PROD0119,2,0.0,97.8,39.92
8587,ORD004915,PROD0039,5,0.0,2197.65,938.75
8588,ORD004915,PROD0124,2,0.0,70.74,33.6
8589,ORD004915,PROD0097,1,0.1,268.11,54.59
8590,ORD004916,PROD0098,4,0.0,359.64,115.84
8591,ORD004917,PROD0058,5,0.05,1622.17,640.22
8592,ORD004917,PROD0068,1,0.0,83.78,31.64
8593,ORD004917,PROD0016,3,0.0,3367.5,1417.14
8594,ORD004918,PROD0018,1,0.15,168.5,65.05
8595,ORD004919,PROD0117,3,0.05,709.05,151.47
8596,ORD004920,PROD0132,2,0.1,57.04,11.26
8597,ORD004920,PROD0036,4,0.0,1517.24,405.08
8598,ORD004920,PROD0150,4,0.0,552.44,239.92
8599,ORD004920,PROD0048,5,0.05,552.52,118.72
8600,ORD004921,PROD0138,2,0.0,359.86,172.52
8601,ORD004921,PROD0040,2,0.0,1503.1,452.56
8602,ORD004921,PROD0015,2,0.05,519.88,148.9
8603,ORD004922,PROD0133,4,0.0,937.88,438.0
8604,ORD004923,PROD0120,2,0.0,254.32,75.44
8605,ORD004923,PROD0040,4,0.1,2705.58,604.5
8606,ORD004924,PROD0150,4,0.15,469.57,157.05
8607,ORD004924,PROD0059,5,0.0,492.6,204.05
8608,ORD004924,PROD0057,2,0.0,731.22,347.76
8609,ORD004925,PROD0013,3,0.05,2563.63,957.94
8610,ORD004926,PROD0023,5,0.0,6812.75,1740.35
8611,ORD004927,PROD0054,1,0.15,140.87,40.77
8612,ORD004927,PROD0008,1,0.2,153.31,46.37
8613,ORD004927,PROD0133,1,0.0,234.47,109.5
8614,ORD004928,PROD0034,2,0.0,637.98,208.14
8615,ORD004928,PROD0083,5,0.0,68.0,30.2
8616,ORD004929,PROD0129,2,0.15,107.58,25.1
8617,ORD004930,PROD0027,5,0.05,2724.74,613.64
8618,ORD004930,PROD0054,2,0.1,298.31,98.11
8619,ORD004931,PROD0099,1,0.1,141.35,40.15
8620,ORD004931,PROD0062,2,0.05,67.45,24.77
8621,ORD004932,PROD0040,2,0.0,1503.1,452.56
8622,ORD004932,PROD0014,3,0.0,3621.54,1165.14
8623,ORD004933,PROD0067,4,0.0,200.96,90.56
8624,ORD004934,PROD0058,2,0.05,648.87,256.09
8625,ORD004934,PROD0065,4,0.0,41.96,18.72
8626,ORD004935,PROD0020,1,0.0,179.95,65.04
8627,ORD004936,PROD0043,5,0.05,4238.76,1473.26
8628,ORD004937,PROD0063,5,0.15,341.91,97.31
8629,ORD004938,PROD0137,2,0.05,156.41,44.75
8630,ORD004939,PROD0082,1,0.2,15.27,5.58
8631,ORD004939,PROD0098,2,0.0,179.82,57.92
8632,ORD004940,PROD0097,3,0.0,893.7,253.14
8633,ORD004941,PROD0017,5,0.0,287.65,121.65
8634,ORD004942,PROD0033,4,0.0,1891.16,861.6
8635,ORD004943,PROD0068,1,0.05,79.59,27.45
8636,ORD004943,PROD0047,3,0.0,1857.69,763.98
8637,ORD004943,PROD0024,3,0.15,754.54,226.21
8638,ORD004944,PROD0091,4,0.0,851.84,242.56
8639,ORD004945,PROD0040,4,0.0,3006.2,905.12
8640,ORD004945,PROD0004,5,0.0,6984.35,2969.6
8641,ORD004946,PROD0038,5,0.0,4307.3,1656.55
8642,ORD004946,PROD0141,3,0.0,275.37,97.32
8643,ORD004946,PROD0131,4,0.1,380.45,143.61
8644,ORD004947,PROD0124,2,0.15,60.13,22.99
8645,ORD004948,PROD0039,2,0.05,835.11,331.55
8646,ORD004948,PROD0033,2,0.0,945.58,430.8
8647,ORD004949,PROD0074,5,0.1,297.86,97.76
8648,ORD004949,PROD0134,2,0.15,171.48,36.16
8649,ORD004950,PROD0091,4,0.0,851.84,242.56
8650,ORD004951,PROD0037,2,0.15,1526.19,547.67
8651,ORD004952,PROD0073,4,0.0,144.96,68.24
8652,ORD004952,PROD0108,4,0.1,118.3,32.02
8653,ORD004953,PROD0085,2,0.0,132.38,47.24
8654,ORD004953,PROD0150,4,0.0,552.44,239.92
8655,ORD004954,PROD0061,5,0.1,318.19,112.14
8656,ORD004954,PROD0008,1,0.0,191.64,84.7
8657,ORD004954,PROD0132,5,0.05,150.53,36.08
8658,ORD004954,PROD0125,1,0.15,158.57,48.9
8659,ORD004955,PROD0092,2,0.05,126.29,55.19
8660,ORD004955,PROD0130,3,0.0,253.35,123.21
8661,ORD004955,PROD0060,3,0.05,2401.24,669.52
8662,ORD004955,PROD0141,3,0.0,275.37,97.32
8663,ORD004956,PROD0132,5,0.05,150.53,36.08
8664,ORD004957,PROD0098,3,0.05,256.24,73.39
8665,ORD004957,PROD0090,5,0.0,476.6,210.05
8666,ORD004958,PROD0148,1,0.05,42.59,11.42
8667,ORD004959,PROD0136,4,0.15,82.82,32.62
8668,ORD004959,PROD0012,1,0.0,851.9,345.99
8669,ORD004960,PROD0060,1,0.1,758.29,181.05
8670,ORD004961,PROD0069,1,0.0,75.67,26.27
8671,ORD004961,PROD0033,2,0.0,945.58,430.8
8672,ORD004961,PROD0038,5,0.05,4091.93,1441.18
8673,ORD004962,PROD0104,4,0.05,980.51,259.15
8674,ORD004962,PROD0125,3,0.0,559.65,230.64
8675,ORD004963,PROD0071,1,0.0,99.51,32.19
8676,ORD004964,PROD0089,1,0.0,48.34,14.3
8677,ORD004964,PROD0060,4,0.0,3370.16,1061.2
8678,ORD004965,PROD0104,3,0.0,774.09,233.07
8679,ORD004965,PROD0005,2,0.0,1743.42,501.48
8680,ORD004966,PROD0051,3,0.05,1532.02,448.45
8681,ORD004967,PROD0020,2,0.1,323.91,94.09
8682,ORD004967,PROD0031,5,0.0,1772.4,524.85
8683,ORD004968,PROD0139,2,0.05,303.56,121.62
8684,ORD004968,PROD0119,4,0.0,195.6,79.84
8685,ORD004968,PROD0114,5,0.1,630.81,264.36
8686,ORD004968,PROD0121,4,0.0,124.32,44.64
8687,ORD004969,PROD0016,3,0.05,3199.12,1248.76
8688,ORD004969,PROD0130,5,0.0,422.25,205.35
8689,ORD004970,PROD0014,4,0.1,4345.85,1070.65
8690,ORD004970,PROD0120,3,0.1,343.33,75.01
8691,ORD004971,PROD0019,5,0.1,3859.33,1165.88
8692,ORD004972,PROD0139,1,0.0,159.77,68.8
8693,ORD004972,PROD0074,4,0.0,264.76,104.68
8694,ORD004973,PROD0041,4,0.0,776.52,329.48
8695,ORD004973,PROD0084,3,0.0,287.64,103.14
8696,ORD004974,PROD0115,4,0.15,271.18,105.46
8697,ORD004975,PROD0139,4,0.1,575.17,211.29
8698,ORD004975,PROD0015,4,0.1,985.03,243.07
8699,ORD004976,PROD0063,4,0.0,321.8,126.12
8700,ORD004976,PROD0088,1,0.1,38.48,6.42
8701,ORD004977,PROD0084,1,0.1,86.29,24.79
8702,ORD004977,PROD0122,3,0.0,355.26,113.46
8703,ORD004978,PROD0117,4,0.0,995.16,251.72
8704,ORD004978,PROD0025,1,0.1,437.98,134.67
8705,ORD004978,PROD0107,5,0.0,282.85,81.15
8706,ORD004979,PROD0112,1,0.0,203.28,88.92
8707,ORD004979,PROD0084,5,0.05,455.43,147.93
8708,ORD004980,PROD0054,3,0.05,472.33,172.03
8709,ORD004981,PROD0098,3,0.0,269.73,86.88
8710,ORD004981,PROD0077,3,0.0,85.08,36.39
8711,ORD004982,PROD0070,4,0.0,193.08,55.72
8712,ORD004982,PROD0095,3,0.0,303.03,131.25
8713,ORD004983,PROD0011,4,0.1,4270.1,1363.42
8714,ORD004984,PROD0016,1,0.05,1066.38,416.26
8715,ORD004984,PROD0018,1,0.15,168.5,65.05
8716,ORD004984,PROD0022,5,0.0,3250.1,991.95
8717,ORD004985,PROD0147,5,0.0,995.0,318.2
8718,ORD004986,PROD0098,5,0.05,427.07,122.32
8719,ORD004986,PROD0007,3,0.05,3135.11,1071.89
8720,ORD004986,PROD0061,2,0.0,141.42,59.0
8721,ORD004987,PROD0023,1,0.05,1294.42,279.94
8722,ORD004987,PROD0055,2,0.0,1523.36,483.6
8723,ORD004988,PROD0130,2,0.05,160.45,73.69
8724,ORD004988,PROD0107,5,0.0,282.85,81.15
8725,ORD004989,PROD0117,2,0.05,472.7,100.98
8726,ORD004989,PROD0017,4,0.0,230.12,97.32
8727,ORD004989,PROD0108,3,0.05,93.65,28.94
8728,ORD004990,PROD0073,2,0.0,72.48,34.12
8729,ORD004990,PROD0146,3,0.0,160.5,42.0
8730,ORD004991,PROD0022,5,0.15,2762.59,504.44
8731,ORD004991,PROD0082,4,0.15,64.91,26.15
8732,ORD004991,PROD0032,5,0.15,814.38,258.53
8733,ORD004992,PROD0104,1,0.15,219.33,38.99
8734,ORD004993,PROD0124,3,0.05,100.8,45.09
8735,ORD004994,PROD0112,4,0.0,813.12,355.68
8736,ORD004995,PROD0142,4,0.2,281.25,67.01
8737,ORD004996,PROD0130,3,0.05,240.68,110.54
8738,ORD004996,PROD0082,2,0.0,38.18,18.8
8739,ORD004997,PROD0142,4,0.0,351.56,137.32
8740,ORD004998,PROD0106,2,0.05,209.76,83.7
8741,ORD004999,PROD0146,4,0.05,203.3,45.3
8742,ORD005000,PROD0127,4,0.05,278.62,87.9
8743,ORD005000,PROD0150,5,0.05,656.02,265.37
8744,ORD005001,PROD0100,3,0.0,375.15,180.48
8745,ORD005002,PROD0073,3,0.2,86.98,29.44
8746,ORD005003,PROD0096,5,0.15,246.33,47.08
8747,ORD005004,PROD0098,2,0.0,179.82,57.92
8748,ORD005004,PROD0006,1,0.05,504.46,138.65
8749,ORD005004,PROD0040,5,0.0,3757.75,1131.4
8750,ORD005005,PROD0144,1,0.2,127.11,45.48
8751,ORD005006,PROD0056,2,0.05,686.49,183.49
8752,ORD005007,PROD0128,3,0.1,221.29,40.48
8753,ORD005008,PROD0069,4,0.05,287.55,89.95
8754,ORD005008,PROD0116,4,0.1,595.58,191.06
8755,ORD005009,PROD0044,1,0.2,396.34,34.63
8756,ORD005010,PROD0114,2,0.1,252.32,105.74
8757,ORD005010,PROD0080,2,0.15,111.52,29.68
8758,ORD005010,PROD0138,1,0.2,143.94,50.27
8759,ORD005011,PROD0071,4,0.0,398.04,128.76
8760,ORD005012,PROD0145,3,0.2,103.37,15.89
8761,ORD005013,PROD0026,2,0.0,1360.56,537.04
8762,ORD005014,PROD0084,1,0.0,95.88,34.38
8763,ORD005015,PROD0098,4,0.0,359.64,115.84
8764,ORD005015,PROD0094,4,0.05,711.06,305.3
8765,ORD005016,PROD0055,3,0.0,2285.04,725.4
8766,ORD005017,PROD0076,1,0.0,86.28,29.22
8767,ORD005017,PROD0002,1,0.0,1004.26,457.1
8768,ORD005018,PROD0093,2,0.05,466.49,150.99
8769,ORD005019,PROD0052,1,0.15,328.76,90.59
8770,ORD005019,PROD0040,4,0.0,3006.2,905.12
8771,ORD005020,PROD0020,5,0.15,764.79,190.24
8772,ORD005021,PROD0031,2,0.0,708.96,209.94
8773,ORD005022,PROD0077,1,0.05,26.94,10.71
8774,ORD005022,PROD0082,1,0.0,19.09,9.4
8775,ORD005022,PROD0047,5,0.05,2941.34,1118.49
8776,ORD005023,PROD0116,2,0.15,281.25,78.99
8777,ORD005024,PROD0050,4,0.05,336.87,136.63
8778,ORD005024,PROD0101,3,0.1,443.8,162.94
8779,ORD005025,PROD0063,5,0.05,382.14,137.54
8780,ORD005026,PROD0104,2,0.2,412.85,52.17
8781,ORD005026,PROD0132,5,0.2,126.76,12.31
8782,ORD005027,PROD0131,2,0.0,211.36,92.94
8783,ORD005028,PROD0123,2,0.1,416.12,113.72
8784,ORD005029,PROD0028,4,0.0,3075.64,1063.64
8785,ORD005029,PROD0125,2,0.0,373.1,153.76
8786,ORD005029,PROD0133,2,0.15,398.6,148.66
8787,ORD005030,PROD0092,4,0.05,252.59,110.39
8788,ORD005031,PROD0031,4,0.15,1205.23,207.19
8789,ORD005032,PROD0143,2,0.0,144.9,38.96
8790,ORD005032,PROD0006,5,0.1,2389.55,560.5
8791,ORD005033,PROD0128,2,0.05,155.72,35.18
8792,ORD005034,PROD0115,2,0.0,159.52,76.66
8793,ORD005034,PROD0046,5,0.2,2267.72,202.37
8794,ORD005034,PROD0039,4,0.0,1758.12,751.0
8795,ORD005034,PROD0100,2,0.1,225.09,95.31
8796,ORD005035,PROD0022,1,0.0,650.02,198.39
8797,ORD005036,PROD0068,2,0.0,167.56,63.28
8798,ORD005037,PROD0060,3,0.0,2527.62,795.9
8799,ORD005037,PROD0040,3,0.15,1916.45,340.64
8800,ORD005037,PROD0098,2,0.0,179.82,57.92
8801,ORD005038,PROD0092,4,0.0,265.88,123.68
8802,ORD005038,PROD0032,1,0.0,191.62,80.45
8803,ORD005038,PROD0003,3,0.0,4332.39,1530.39
8804,ORD005039,PROD0033,4,0.0,1891.16,861.6
8805,ORD005039,PROD0010,2,0.1,2618.87,926.51
8806,ORD005040,PROD0064,2,0.0,214.28,83.06
8807,ORD005040,PROD0144,3,0.1,429.0,184.11
8808,ORD005041,PROD0058,1,0.0,341.51,145.12
8809,ORD005041,PROD0120,2,0.1,228.89,50.01
8810,ORD005041,PROD0133,1,0.1,211.02,86.05
8811,ORD005042,PROD0054,3,0.0,497.19,196.89
8812,ORD005043,PROD0063,2,0.2,128.72,30.88
8813,ORD005043,PROD0142,4,0.15,298.83,84.59
8814,ORD005044,PROD0090,3,0.0,285.96,126.03
8815,ORD005044,PROD0149,4,0.0,785.16,386.8
8816,ORD005045,PROD0082,1,0.0,19.09,9.4
8817,ORD005045,PROD0119,5,0.0,244.5,99.8
8818,ORD005045,PROD0076,3,0.0,258.84,87.66
8819,ORD005046,PROD0006,4,0.1,1911.64,448.4
8820,ORD005047,PROD0010,5,0.0,7274.65,3043.75
8821,ORD005048,PROD0056,3,0.1,975.54,221.04
8822,ORD005049,PROD0020,2,0.0,359.9,130.08
8823,ORD005049,PROD0090,2,0.05,181.11,74.49
8824,ORD005050,PROD0062,3,0.05,101.17,37.15
8825,ORD005050,PROD0095,3,0.0,303.03,131.25
8826,ORD005051,PROD0015,1,0.0,273.62,88.13
8827,ORD005051,PROD0045,4,0.15,1787.69,320.37
8828,ORD005052,PROD0031,3,0.05,1010.27,261.74
8829,ORD005052,PROD0060,5,0.05,4002.06,1115.86
8830,ORD005053,PROD0137,3,0.0,246.96,79.47
8831,ORD005054,PROD0123,5,0.0,1155.9,399.9
8832,ORD005054,PROD0108,1,0.0,32.86,11.29
8833,ORD005055,PROD0032,2,0.05,364.08,141.74
8834,ORD005056,PROD0047,5,0.0,3096.15,1273.3
8835,ORD005057,PROD0068,5,0.0,418.9,158.2
8836,ORD005058,PROD0038,1,0.0,861.46,331.31
8837,ORD005058,PROD0053,5,0.1,2907.72,1170.57
8838,ORD005059,PROD0133,1,0.15,199.3,74.33
8839,ORD005059,PROD0123,3,0.1,624.19,170.59
8840,ORD005060,PROD0013,2,0.0,1799.04,728.58
8841,ORD005061,PROD0106,4,0.0,441.6,189.48
8842,ORD005062,PROD0059,3,0.15,251.23,78.1
8843,ORD005063,PROD0009,5,0.0,4637.45,1607.05
8844,ORD005064,PROD0089,3,0.0,145.02,42.9
8845,ORD005064,PROD0080,4,0.0,262.4,98.72
8846,ORD005065,PROD0096,3,0.0,173.88,54.33
8847,ORD005065,PROD0005,3,0.0,2615.13,752.22
8848,ORD005066,PROD0122,4,0.0,473.68,151.28
8849,ORD005066,PROD0129,1,0.0,63.28,22.04
8850,ORD005067,PROD0143,3,0.15,184.75,25.84
8851,ORD005068,PROD0140,2,0.05,256.8,107.9
8852,ORD005068,PROD0123,2,0.1,416.12,113.72
8853,ORD005069,PROD0015,1,0.15,232.58,47.09
8854,ORD005070,PROD0130,5,0.0,422.25,205.35
8855,ORD005070,PROD0121,1,0.0,31.08,11.16
8856,ORD005071,PROD0067,5,0.05,238.64,100.64
8857,ORD005071,PROD0127,2,0.0,146.64,51.28
8858,ORD005071,PROD0137,3,0.0,246.96,79.47
8859,ORD005072,PROD0147,1,0.1,179.1,43.74
8860,ORD005073,PROD0061,2,0.0,141.42,59.0
8861,ORD005073,PROD0080,4,0.1,236.16,72.48
8862,ORD005073,PROD0107,3,0.0,169.71,48.69
8863,ORD005074,PROD0116,5,0.0,827.2,321.55
8864,ORD005074,PROD0140,1,0.0,135.16,60.71
8865,ORD005075,PROD0056,2,0.0,722.62,219.62
8866,ORD005075,PROD0145,1,0.1,38.76,9.6
8867,ORD005076,PROD0009,3,0.0,2782.47,964.23
8868,ORD005077,PROD0149,4,0.0,785.16,386.8
8869,ORD005077,PROD0058,1,0.05,324.43,128.04
8870,ORD005078,PROD0015,1,0.1,246.26,60.77
8871,ORD005078,PROD0045,1,0.0,525.79,158.96
8872,ORD005079,PROD0110,4,0.05,76.72,17.0
8873,ORD005080,PROD0105,1,0.0,291.08,85.52
8874,ORD005081,PROD0007,3,0.0,3300.12,1236.9
8875,ORD005081,PROD0086,2,0.15,170.95,51.95
8876,ORD005082,PROD0122,1,0.05,112.5,31.9
8877,ORD005083,PROD0056,1,0.0,361.31,109.81
8878,ORD005083,PROD0129,3,0.1,170.86,47.14
8879,ORD005083,PROD0077,2,0.0,56.72,24.26
8880,ORD005083,PROD0058,5,0.1,1536.8,554.85
8881,ORD005084,PROD0087,5,0.1,315.45,53.45
8882,ORD005085,PROD0083,4,0.0,54.4,24.16
8883,ORD005085,PROD0124,4,0.0,141.48,67.2
8884,ORD005086,PROD0123,2,0.0,462.36,159.96
8885,ORD005087,PROD0098,2,0.05,170.83,48.93
8886,ORD005088,PROD0125,5,0.0,932.75,384.4
8887,ORD005088,PROD0047,2,0.0,1238.46,509.32
8888,ORD005089,PROD0140,5,0.0,675.8,303.55
8889,ORD005089,PROD0138,5,0.05,854.67,386.32
8890,ORD005089,PROD0027,5,0.0,2868.15,757.05
8891,ORD005090,PROD0113,1,0.05,32.77,10.12
8892,ORD005090,PROD0088,4,0.0,171.0,42.76
8893,ORD005091,PROD0049,5,0.0,4363.95,1820.2
8894,ORD005092,PROD0060,5,0.0,4212.7,1326.5
8895,ORD005092,PROD0087,2,0.0,140.2,35.4
8896,ORD005093,PROD0140,2,0.0,270.32,121.42
8897,ORD005093,PROD0079,2,0.0,126.62,57.14
8898,ORD005094,PROD0125,4,0.0,746.2,307.52
8899,ORD005094,PROD0010,3,0.2,3491.83,953.29
8900,ORD005094,PROD0020,1,0.15,152.96,38.05
8901,ORD005095,PROD0045,2,0.05,999.0,265.34
8902,ORD005095,PROD0038,5,0.0,4307.3,1656.55
8903,ORD005095,PROD0096,1,0.15,49.27,9.42
8904,ORD005096,PROD0123,1,0.0,231.18,79.98
8905,ORD005097,PROD0128,2,0.1,147.53,26.99
8906,ORD005098,PROD0128,2,0.0,163.92,43.38
8907,ORD005098,PROD0107,3,0.05,161.22,40.2
8908,ORD005098,PROD0054,4,0.0,662.92,262.52
8909,ORD005099,PROD0042,5,0.0,3332.45,1008.85
8910,ORD005100,PROD0002,4,0.0,4017.04,1828.4
8911,ORD005101,PROD0083,4,0.0,54.4,24.16
8912,ORD005102,PROD0145,2,0.0,86.14,27.82
8913,ORD005103,PROD0029,4,0.2,788.67,294.07
8914,ORD005104,PROD0074,1,0.0,66.19,26.17
8915,ORD005105,PROD0052,1,0.2,309.42,71.25
8916,ORD005105,PROD0090,5,0.05,452.77,186.22
8917,ORD005106,PROD0015,4,0.0,1094.48,352.52
8918,ORD005107,PROD0058,5,0.05,1622.17,640.22
8919,ORD005108,PROD0038,4,0.0,3445.84,1325.24
8920,ORD005108,PROD0086,5,0.0,502.8,205.3
8921,ORD005109,PROD0016,2,0.0,2245.0,944.76
8922,ORD005109,PROD0026,4,0.0,2721.12,1074.08
8923,ORD005109,PROD0094,4,0.0,748.48,342.72
8924,ORD005109,PROD0136,3,0.05,69.43,31.78
8925,ORD005110,PROD0114,4,0.15,476.61,183.45
8926,ORD005111,PROD0141,5,0.0,458.95,162.2
8927,ORD005111,PROD0062,2,0.0,71.0,28.32
8928,ORD005112,PROD0095,4,0.0,404.04,175.0
8929,ORD005112,PROD0106,5,0.1,496.8,181.65
8930,ORD005112,PROD0013,3,0.0,2698.56,1092.87
8931,ORD005113,PROD0035,5,0.0,3606.1,1509.25
8932,ORD005113,PROD0056,2,0.0,722.62,219.62
8933,ORD005114,PROD0150,5,0.0,690.55,299.9
8934,ORD005114,PROD0099,2,0.05,298.39,95.99
8935,ORD005115,PROD0076,2,0.05,163.93,49.81
8936,ORD005115,PROD0143,5,0.15,307.91,43.06
8937,ORD005115,PROD0036,3,0.0,1137.93,303.81
8938,ORD005116,PROD0063,5,0.1,362.03,117.43
8939,ORD005117,PROD0078,1,0.2,82.1,14.9
8940,ORD005117,PROD0069,3,0.05,215.66,67.46
8941,ORD005117,PROD0029,2,0.1,443.63,196.33
8942,ORD005117,PROD0110,2,0.0,40.38,10.52
8943,ORD005118,PROD0093,5,0.1,1104.84,316.09
8944,ORD005118,PROD0029,2,0.0,492.92,245.62
8945,ORD005118,PROD0005,5,0.1,3922.7,817.85
8946,ORD005119,PROD0011,5,0.0,5930.7,2297.35
8947,ORD005119,PROD0062,3,0.05,101.17,37.15
8948,ORD005119,PROD0092,4,0.0,265.88,123.68
8949,ORD005119,PROD0030,3,0.05,3620.47,1353.01
8950,ORD005120,PROD0023,3,0.05,3883.27,839.83
8951,ORD005120,PROD0080,4,0.15,223.04,59.36
8952,ORD005120,PROD0114,3,0.0,420.54,200.67
8953,ORD005121,PROD0039,2,0.0,879.06,375.5
8954,ORD005121,PROD0076,2,0.0,172.56,58.44
8955,ORD005122,PROD0054,5,0.0,828.65,328.15
8956,ORD005122,PROD0126,4,0.0,803.6,352.0
8957,ORD005122,PROD0121,3,0.0,93.24,33.48
8958,ORD005123,PROD0034,1,0.1,287.09,72.17
8959,ORD005123,PROD0082,3,0.0,57.27,28.2
8960,ORD005124,PROD0061,5,0.0,353.55,147.5
8961,ORD005125,PROD0123,4,0.15,786.01,181.21
8962,ORD005126,PROD0083,1,0.0,13.6,6.04
8963,ORD005126,PROD0036,4,0.15,1289.65,177.49
8964,ORD005127,PROD0117,1,0.0,248.79,62.93
8965,ORD005127,PROD0097,5,0.0,1489.5,421.9
8966,ORD005127,PROD0003,1,0.1,1299.72,365.72
8967,ORD005128,PROD0052,3,0.0,1160.34,445.83
8968,ORD005128,PROD0149,3,0.15,500.54,201.77
8969,ORD005129,PROD0136,2,0.0,48.72,23.62
8970,ORD005130,PROD0087,2,0.0,140.2,35.4
8971,ORD005130,PROD0060,1,0.2,674.03,96.79
8972,ORD005130,PROD0059,1,0.0,98.52,40.81
8973,ORD005131,PROD0121,3,0.0,93.24,33.48
8974,ORD005131,PROD0056,3,0.1,975.54,221.04
8975,ORD005132,PROD0016,4,0.0,4490.0,1889.52
8976,ORD005133,PROD0037,1,0.0,897.76,408.5
8977,ORD005134,PROD0016,2,0.0,2245.0,944.76
8978,ORD005134,PROD0011,2,0.2,1897.82,444.48
8979,ORD005135,PROD0087,5,0.0,350.5,88.5
8980,ORD005136,PROD0002,1,0.05,954.05,406.89
8981,ORD005137,PROD0102,2,0.0,572.14,239.26
8982,ORD005137,PROD0143,5,0.0,362.25,97.4
8983,ORD005138,PROD0072,1,0.15,63.68,13.63
8984,ORD005138,PROD0067,3,0.1,135.65,52.85
8985,ORD005139,PROD0141,5,0.0,458.95,162.2
8986,ORD005140,PROD0022,5,0.0,3250.1,991.95
8987,ORD005140,PROD0078,3,0.0,307.86,106.26
8988,ORD005141,PROD0097,3,0.15,759.64,119.08
8989,ORD005142,PROD0059,2,0.0,197.04,81.62
8990,ORD005142,PROD0095,5,0.05,479.8,193.5
8991,ORD005142,PROD0077,5,0.0,141.8,60.65
8992,ORD005143,PROD0016,4,0.0,4490.0,1889.52
8993,ORD005143,PROD0117,4,0.0,995.16,251.72
8994,ORD005143,PROD0020,4,0.15,611.83,152.19
8995,ORD005143,PROD0009,3,0.1,2504.22,685.98
8996,ORD005144,PROD0008,1,0.0,191.64,84.7
8997,ORD005144,PROD0103,2,0.05,426.85,150.69
8998,ORD005144,PROD0146,3,0.0,160.5,42.0
8999,ORD005145,PROD0100,5,0.0,625.25,300.8
9000,ORD005146,PROD0134,4,0.1,363.13,92.49
9001,ORD005147,PROD0062,4,0.0,142.0,56.64
9002,ORD005148,PROD0119,1,0.0,48.9,19.96
9003,ORD005148,PROD0121,1,0.05,29.53,9.61
9004,ORD005149,PROD0028,4,0.05,2921.86,909.86
9005,ORD005150,PROD0126,3,0.05,572.57,233.87
9006,ORD005150,PROD0028,2,0.0,1537.82,531.82
9007,ORD005151,PROD0149,2,0.05,372.95,173.77
9008,ORD005152,PROD0090,5,0.05,452.77,186.22
9009,ORD005153,PROD0134,1,0.0,100.87,33.21
9010,ORD005153,PROD0014,4,0.0,4828.72,1553.52
9011,ORD005154,PROD0022,2,0.05,1235.04,331.78
9012,ORD005154,PROD0135,5,0.0,94.6,45.7
9013,ORD005154,PROD0038,3,0.0,2584.38,993.93
9014,ORD005155,PROD0107,2,0.0,113.14,32.46
9015,ORD005155,PROD0040,3,0.15,1916.45,340.64
9016,ORD005156,PROD0091,3,0.05,606.94,149.98
9017,ORD005156,PROD0112,1,0.05,193.12,78.76
9018,ORD005156,PROD0115,3,0.0,239.28,114.99
9019,ORD005157,PROD0047,2,0.0,1238.46,509.32
9020,ORD005157,PROD0028,3,0.1,2076.06,567.06
9021,ORD005158,PROD0141,5,0.0,458.95,162.2
9022,ORD005158,PROD0044,2,0.0,990.84,267.42
9023,ORD005158,PROD0022,5,0.1,2925.09,666.94
9024,ORD005159,PROD0034,4,0.05,1212.16,352.48
9025,ORD005159,PROD0116,5,0.0,827.2,321.55
9026,ORD005159,PROD0075,2,0.0,104.42,47.36
9027,ORD005160,PROD0026,4,0.0,2721.12,1074.08
9028,ORD005160,PROD0096,4,0.2,185.47,26.07
9029,ORD005160,PROD0003,4,0.0,5776.52,2040.52
9030,ORD005161,PROD0034,2,0.15,542.28,112.44
9031,ORD005161,PROD0117,1,0.1,223.91,38.05
9032,ORD005162,PROD0150,1,0.05,131.2,53.07
9033,ORD005162,PROD0056,5,0.1,1625.89,368.39
9034,ORD005162,PROD0015,3,0.0,820.86,264.39
9035,ORD005162,PROD0074,1,0.0,66.19,26.17
9036,ORD005163,PROD0048,4,0.0,465.28,118.24
9037,ORD005164,PROD0054,3,0.0,497.19,196.89
9038,ORD005165,PROD0034,5,0.15,1355.71,281.11
9039,ORD005165,PROD0085,2,0.0,132.38,47.24
9040,ORD005165,PROD0017,5,0.0,287.65,121.65
9041,ORD005165,PROD0024,3,0.0,887.7,359.37
9042,ORD005166,PROD0023,4,0.0,5450.2,1392.28
9043,ORD005166,PROD0103,5,0.15,954.8,264.4
9044,ORD005166,PROD0048,3,0.2,279.17,18.89
9045,ORD005167,PROD0106,4,0.2,353.28,101.16
9046,ORD005168,PROD0129,4,0.0,253.12,88.16
9047,ORD005168,PROD0055,1,0.0,761.68,241.8
9048,ORD005168,PROD0016,5,0.15,4770.62,1520.02
9049,ORD005169,PROD0052,2,0.0,773.56,297.22
9050,ORD005170,PROD0095,5,0.1,454.55,168.25
9051,ORD005171,PROD0103,2,0.0,449.32,173.16
9052,ORD005172,PROD0050,5,0.0,443.25,192.95
9053,ORD005172,PROD0095,4,0.0,404.04,175.0
9054,ORD005173,PROD0023,3,0.15,3474.5,431.06
9055,ORD005173,PROD0095,2,0.05,191.92,77.4
9056,ORD005174,PROD0062,3,0.0,106.5,42.48
9057,ORD005174,PROD0074,4,0.0,264.76,104.68
9058,ORD005175,PROD0080,2,0.2,104.96,23.12
9059,ORD005175,PROD0077,1,0.1,25.52,9.29
9060,ORD005176,PROD0024,4,0.0,1183.6,479.16
9061,ORD005176,PROD0027,5,0.1,2581.34,470.24
9062,ORD005176,PROD0139,1,0.0,159.77,68.8
9063,ORD005176,PROD0043,2,0.0,1784.74,678.54
9064,ORD005177,PROD0119,5,0.1,220.05,75.35
9065,ORD005177,PROD0112,4,0.15,691.15,233.71
9066,ORD005178,PROD0135,5,0.0,94.6,45.7
9067,ORD005179,PROD0001,1,0.05,990.3,396.02
9068,ORD005179,PROD0107,5,0.0,282.85,81.15
9069,ORD005179,PROD0019,5,0.0,4288.15,1594.7
9070,ORD005180,PROD0133,4,0.0,937.88,438.0
9071,ORD005180,PROD0148,3,0.05,127.77,34.26
9072,ORD005181,PROD0102,2,0.05,543.53,210.65
9073,ORD005181,PROD0038,3,0.0,2584.38,993.93
9074,ORD005181,PROD0114,4,0.1,504.65,211.49
9075,ORD005182,PROD0091,3,0.0,638.88,181.92
9076,ORD005183,PROD0020,4,0.0,719.8,260.16
9077,ORD005184,PROD0127,5,0.0,366.6,128.2
9078,ORD005184,PROD0103,1,0.0,224.66,86.58
9079,ORD005185,PROD0024,5,0.0,1479.5,598.95
9080,ORD005186,PROD0141,2,0.0,183.58,64.88
9081,ORD005186,PROD0128,2,0.1,147.53,26.99
9082,ORD005186,PROD0135,1,0.0,18.92,9.14
9083,ORD005187,PROD0133,2,0.0,468.94,219.0
9084,ORD005188,PROD0108,3,0.0,98.58,33.87
9085,ORD005188,PROD0089,3,0.2,116.02,13.9
9086,ORD005189,PROD0090,1,0.2,76.26,22.95
9087,ORD005190,PROD0103,3,0.1,606.58,192.34
9088,ORD005190,PROD0083,1,0.1,12.24,4.68
9089,ORD005191,PROD0054,5,0.0,828.65,328.15
9090,ORD005192,PROD0138,4,0.1,647.75,273.07
9091,ORD005193,PROD0068,5,0.0,418.9,158.2
9092,ORD005194,PROD0056,1,0.0,361.31,109.81
9093,ORD005194,PROD0025,3,0.1,1313.93,404.0
9094,ORD005195,PROD0141,4,0.05,348.8,111.4
9095,ORD005196,PROD0016,4,0.0,4490.0,1889.52
9096,ORD005197,PROD0066,5,0.15,312.42,55.17
9097,ORD005198,PROD0126,5,0.0,1004.5,440.0
9098,ORD005199,PROD0036,2,0.0,758.62,202.54
9099,ORD005199,PROD0099,2,0.0,314.1,111.7
9100,ORD005200,PROD0091,1,0.0,212.96,60.64
9101,ORD005201,PROD0097,1,0.0,297.9,84.38
9102,ORD005202,PROD0136,2,0.0,48.72,23.62
9103,ORD005203,PROD0123,4,0.0,924.72,319.92
9104,ORD005204,PROD0066,2,0.05,139.67,36.77
9105,ORD005205,PROD0073,5,0.0,181.2,85.3
9106,ORD005205,PROD0033,3,0.0,1418.37,646.2
9107,ORD005206,PROD0017,2,0.0,115.06,48.66
9108,ORD005206,PROD0128,4,0.15,278.66,37.58
9109,ORD005206,PROD0100,1,0.0,125.05,60.16
9110,ORD005206,PROD0106,2,0.0,220.8,94.74
9111,ORD005207,PROD0076,3,0.1,232.96,61.78
9112,ORD005207,PROD0061,1,0.0,70.71,29.5
9113,ORD005207,PROD0135,4,0.05,71.9,32.78
9114,ORD005208,PROD0061,4,0.0,282.84,118.0
9115,ORD005209,PROD0052,3,0.1,1044.31,329.8
9116,ORD005210,PROD0005,4,0.05,3312.5,828.62
9117,ORD005211,PROD0080,5,0.05,311.6,107.0
9118,ORD005212,PROD0112,2,0.1,365.9,137.18
9119,ORD005213,PROD0150,5,0.0,690.55,299.9
9120,ORD005214,PROD0092,3,0.1,179.47,72.82
9121,ORD005214,PROD0004,2,0.05,2654.05,1048.15
9122,ORD005215,PROD0141,5,0.0,458.95,162.2
9123,ORD005215,PROD0082,5,0.0,95.45,47.0
9124,ORD005216,PROD0136,5,0.15,103.53,40.78
9125,ORD005217,PROD0098,3,0.0,269.73,86.88
9126,ORD005218,PROD0092,3,0.1,179.47,72.82
9127,ORD005218,PROD0122,4,0.2,378.94,56.54
9128,ORD005219,PROD0126,1,0.0,200.9,88.0
9129,ORD005219,PROD0026,1,0.0,680.28,268.52
9130,ORD005220,PROD0106,5,0.0,552.0,236.85
9131,ORD005220,PROD0129,1,0.0,63.28,22.04
9132,ORD005220,PROD0098,4,0.0,359.64,115.84
9133,ORD005221,PROD0137,1,0.15,69.97,14.14
9134,ORD005222,PROD0097,5,0.0,1489.5,421.9
9135,ORD005222,PROD0002,2,0.05,1908.09,813.77
9136,ORD005223,PROD0140,1,0.0,135.16,60.71
9137,ORD005223,PROD0038,3,0.0,2584.38,993.93
9138,ORD005224,PROD0130,2,0.0,168.9,82.14
9139,ORD005225,PROD0095,4,0.0,404.04,175.0
9140,ORD005225,PROD0057,4,0.0,1462.44,695.52
9141,ORD005226,PROD0108,2,0.05,62.43,19.29
9142,ORD005226,PROD0059,3,0.05,280.78,107.65
9143,ORD005226,PROD0031,5,0.0,1772.4,524.85
9144,ORD005226,PROD0042,2,0.05,1266.33,336.89
9145,ORD005227,PROD0052,3,0.0,1160.34,445.83
9146,ORD005227,PROD0150,4,0.1,497.2,184.68
9147,ORD005228,PROD0015,4,0.0,1094.48,352.52
9148,ORD005229,PROD0102,2,0.1,514.93,182.05
9149,ORD005230,PROD0089,4,0.15,164.36,28.2
9150,ORD005230,PROD0018,4,0.05,753.31,339.51
9151,ORD005231,PROD0048,2,0.0,232.64,59.12
9152,ORD005231,PROD0045,4,0.05,1998.0,530.68
9153,ORD005232,PROD0005,2,0.0,1743.42,501.48
9154,ORD005232,PROD0130,2,0.0,168.9,82.14
9155,ORD005233,PROD0015,2,0.05,519.88,148.9
9156,ORD005234,PROD0046,1,0.1,510.24,97.17
9157,ORD005234,PROD0091,5,0.0,1064.8,303.2
9158,ORD005235,PROD0091,5,0.0,1064.8,303.2
9159,ORD005236,PROD0074,4,0.0,264.76,104.68
9160,ORD005236,PROD0013,2,0.0,1799.04,728.58
9161,ORD005237,PROD0079,5,0.15,269.07,95.37
9162,ORD005237,PROD0034,2,0.05,606.08,176.24
9163,ORD005238,PROD0103,3,0.0,673.98,259.74
9164,ORD005238,PROD0122,4,0.1,426.31,103.91
9165,ORD005239,PROD0040,1,0.05,713.97,188.7
9166,ORD005239,PROD0137,4,0.0,329.28,105.96
9167,ORD005240,PROD0026,3,0.05,1938.8,703.52
9168,ORD005240,PROD0016,5,0.0,5612.5,2361.9
9169,ORD005240,PROD0031,3,0.0,1063.44,314.91
9170,ORD005241,PROD0139,3,0.0,479.31,206.4
9171,ORD005242,PROD0060,3,0.15,2148.48,416.76
9172,ORD005242,PROD0051,2,0.05,1021.34,298.96
9173,ORD005242,PROD0098,2,0.05,170.83,48.93
9174,ORD005243,PROD0123,3,0.0,693.54,239.94
9175,ORD005243,PROD0035,5,0.0,3606.1,1509.25
9176,ORD005243,PROD0024,3,0.0,887.7,359.37
9177,ORD005244,PROD0041,5,0.0,970.65,411.85
9178,ORD005244,PROD0132,5,0.1,142.61,28.16
9179,ORD005244,PROD0004,3,0.1,3771.55,1362.7
9180,ORD005244,PROD0113,4,0.0,138.0,47.4
9181,ORD005245,PROD0033,5,0.0,2363.95,1077.0
9182,ORD005245,PROD0112,4,0.0,813.12,355.68
9183,ORD005246,PROD0012,5,0.1,3833.55,1304.0
9184,ORD005247,PROD0057,5,0.0,1828.05,869.4
9185,ORD005247,PROD0042,2,0.1,1199.68,270.24
9186,ORD005248,PROD0142,5,0.15,373.53,105.73
9187,ORD005249,PROD0039,4,0.0,1758.12,751.0
9188,ORD005249,PROD0110,5,0.2,80.76,6.11
9189,ORD005249,PROD0011,2,0.0,2372.28,918.94
9190,ORD005250,PROD0123,2,0.0,462.36,159.96
9191,ORD005250,PROD0108,5,0.0,164.3,56.45
9192,ORD005251,PROD0105,2,0.1,523.94,112.82
9193,ORD005251,PROD0036,3,0.0,1137.93,303.81
9194,ORD005251,PROD0139,2,0.05,303.56,121.62
9195,ORD005251,PROD0086,1,0.0,100.56,41.06
9196,ORD005252,PROD0005,3,0.0,2615.13,752.22
9197,ORD005253,PROD0035,3,0.05,2055.48,797.37
9198,ORD005254,PROD0077,3,0.0,85.08,36.39
9199,ORD005255,PROD0113,5,0.0,172.5,59.25
9200,ORD005255,PROD0065,1,0.0,10.49,4.68
9201,ORD005256,PROD0138,3,0.0,539.79,258.78
9202,ORD005257,PROD0026,4,0.05,2585.06,938.02
9203,ORD005257,PROD0121,3,0.05,88.58,28.82
9204,ORD005258,PROD0084,1,0.05,91.09,29.59
9205,ORD005258,PROD0109,1,0.0,54.79,15.65
9206,ORD005259,PROD0114,5,0.05,665.86,299.41
9207,ORD005260,PROD0097,5,0.0,1489.5,421.9
9208,ORD005261,PROD0070,1,0.1,43.44,9.1
9209,ORD005262,PROD0097,1,0.1,268.11,54.59
9210,ORD005263,PROD0064,4,0.0,428.56,166.12
9211,ORD005263,PROD0023,5,0.0,6812.75,1740.35
9212,ORD005264,PROD0015,1,0.0,273.62,88.13
9213,ORD005264,PROD0112,3,0.1,548.86,205.78
9214,ORD005264,PROD0055,4,0.0,3046.72,967.2
9215,ORD005265,PROD0029,5,0.0,1232.3,614.05
9216,ORD005265,PROD0097,1,0.05,283.0,69.48
9217,ORD005265,PROD0138,5,0.05,854.67,386.32
9218,ORD005266,PROD0101,4,0.05,624.61,250.13
9219,ORD005267,PROD0096,3,0.0,173.88,54.33
9220,ORD005268,PROD0072,5,0.0,374.6,124.35
9221,ORD005268,PROD0128,5,0.0,409.8,108.45
9222,ORD005269,PROD0140,4,0.0,540.64,242.84
9223,ORD005269,PROD0085,1,0.05,62.88,20.31
9224,ORD005270,PROD0006,2,0.05,1008.92,277.3
9225,ORD005270,PROD0113,2,0.1,62.1,16.8
9226,ORD005271,PROD0111,5,0.15,1134.75,366.5
9227,ORD005271,PROD0044,3,0.0,1486.26,401.13
9228,ORD005271,PROD0011,1,0.05,1126.83,400.16
9229,ORD005272,PROD0067,2,0.0,100.48,45.28
9230,ORD005272,PROD0121,2,0.0,62.16,22.32
9231,ORD005272,PROD0147,2,0.0,398.0,127.28
9232,ORD005272,PROD0125,3,0.0,559.65,230.64
9233,ORD005273,PROD0150,3,0.0,414.33,179.94
9234,ORD005273,PROD0037,1,0.15,763.1,273.84
9235,ORD005274,PROD0104,1,0.15,219.33,38.99
9236,ORD005275,PROD0112,5,0.0,1016.4,444.6
9237,ORD005276,PROD0064,5,0.0,535.7,207.65
9238,ORD005277,PROD0046,2,0.15,963.78,137.64
9239,ORD005278,PROD0013,1,0.05,854.54,319.31
9240,ORD005278,PROD0016,1,0.2,898.0,247.88
9241,ORD005279,PROD0032,1,0.0,191.62,80.45
9242,ORD005279,PROD0131,4,0.05,401.58,164.74
9243,ORD005279,PROD0117,2,0.0,497.58,125.86
9244,ORD005280,PROD0015,1,0.05,259.94,74.45
9245,ORD005281,PROD0043,2,0.15,1517.03,410.83
9246,ORD005281,PROD0041,2,0.15,330.02,106.5
9247,ORD005282,PROD0012,2,0.0,1703.8,691.98
9248,ORD005282,PROD0150,2,0.0,276.22,119.96
9249,ORD005283,PROD0004,4,0.05,5308.11,2096.31
9250,ORD005283,PROD0107,2,0.0,113.14,32.46
9251,ORD005284,PROD0092,3,0.1,179.47,72.82
9252,ORD005285,PROD0129,5,0.1,284.76,78.56
9253,ORD005286,PROD0090,1,0.15,81.02,27.71
9254,ORD005286,PROD0093,4,0.05,932.98,301.98
9255,ORD005286,PROD0098,5,0.1,404.59,99.84
9256,ORD005287,PROD0118,3,0.0,461.28,204.24
9257,ORD005288,PROD0100,2,0.1,225.09,95.31
9258,ORD005289,PROD0082,1,0.05,18.14,8.45
9259,ORD005289,PROD0098,4,0.1,323.68,79.88
9260,ORD005290,PROD0033,5,0.1,2127.56,840.61
9261,ORD005290,PROD0117,3,0.0,746.37,188.79
9262,ORD005290,PROD0005,4,0.1,3138.16,654.28
9263,ORD005291,PROD0103,5,0.0,1123.3,432.9
9264,ORD005291,PROD0031,1,0.0,354.48,104.97
9265,ORD005292,PROD0142,2,0.0,175.78,68.66
9266,ORD005292,PROD0040,5,0.0,3757.75,1131.4
9267,ORD005293,PROD0147,1,0.1,179.1,43.74
9268,ORD005293,PROD0146,1,0.05,50.82,11.32
9269,ORD005293,PROD0055,3,0.1,2056.54,496.9
9270,ORD005294,PROD0040,2,0.05,1427.94,377.4
9271,ORD005295,PROD0146,4,0.05,203.3,45.3
9272,ORD005296,PROD0116,5,0.15,703.12,197.47
9273,ORD005296,PROD0086,3,0.05,286.6,108.1
9274,ORD005297,PROD0092,5,0.2,265.88,88.13
9275,ORD005298,PROD0075,5,0.05,248.0,105.35
9276,ORD005299,PROD0101,4,0.15,558.86,184.38
9277,ORD005300,PROD0057,5,0.0,1828.05,869.4
9278,ORD005300,PROD0020,4,0.1,647.82,188.18
9279,ORD005300,PROD0126,5,0.0,1004.5,440.0
9280,ORD005301,PROD0029,1,0.0,246.46,122.81
9281,ORD005302,PROD0072,4,0.0,299.68,99.48
9282,ORD005302,PROD0127,4,0.0,293.28,102.56
9283,ORD005302,PROD0022,3,0.05,1852.56,497.67
9284,ORD005302,PROD0129,4,0.15,215.15,50.19
9285,ORD005303,PROD0052,2,0.2,618.85,142.51
9286,ORD005303,PROD0053,4,0.0,2584.64,1194.92
9287,ORD005303,PROD0083,4,0.2,43.52,13.28
9288,ORD005304,PROD0101,4,0.0,657.48,283.0
9289,ORD005304,PROD0011,5,0.0,5930.7,2297.35
9290,ORD005305,PROD0144,5,0.05,754.73,346.58
9291,ORD005306,PROD0137,5,0.05,391.02,111.87
9292,ORD005306,PROD0148,4,0.0,179.32,54.64
9293,ORD005306,PROD0059,1,0.0,98.52,40.81
9294,ORD005307,PROD0073,4,0.1,130.46,53.74
9295,ORD005308,PROD0085,2,0.0,132.38,47.24
9296,ORD005309,PROD0048,2,0.0,232.64,59.12
9297,ORD005309,PROD0014,2,0.0,2414.36,776.76
9298,ORD005309,PROD0045,3,0.0,1577.37,476.88
9299,ORD005310,PROD0095,4,0.1,363.64,134.6
9300,ORD005311,PROD0009,5,0.1,4173.7,1143.3
9301,ORD005312,PROD0045,1,0.0,525.79,158.96
9302,ORD005313,PROD0081,1,0.0,55.72,16.16
9303,ORD005313,PROD0010,2,0.0,2909.86,1217.5
9304,ORD005313,PROD0084,3,0.15,244.49,59.99
9305,ORD005313,PROD0150,2,0.0,276.22,119.96
9306,ORD005314,PROD0033,1,0.05,449.15,191.76
9307,ORD005315,PROD0136,3,0.05,69.43,31.78
9308,ORD005316,PROD0091,2,0.0,425.92,121.28
9309,ORD005317,PROD0010,1,0.0,1454.93,608.75
9310,ORD005317,PROD0075,1,0.15,44.38,15.85
9311,ORD005318,PROD0111,3,0.15,680.85,219.9
9312,ORD005318,PROD0083,2,0.1,24.48,9.36
9313,ORD005319,PROD0037,1,0.0,897.76,408.5
9314,ORD005320,PROD0033,4,0.05,1796.6,767.04
9315,ORD005320,PROD0019,3,0.05,2444.25,828.18
9316,ORD005320,PROD0088,2,0.05,81.22,17.1
9317,ORD005321,PROD0082,4,0.05,72.54,33.78
9318,ORD005321,PROD0032,5,0.0,958.1,402.25
9319,ORD005321,PROD0054,3,0.0,497.19,196.89
9320,ORD005322,PROD0094,4,0.15,636.21,230.45
9321,ORD005322,PROD0098,2,0.0,179.82,57.92
9322,ORD005322,PROD0054,2,0.0,331.46,131.26
9323,ORD005323,PROD0025,5,0.0,2433.2,916.65
9324,ORD005323,PROD0142,1,0.05,83.5,29.94
9325,ORD005323,PROD0117,1,0.1,223.91,38.05
9326,ORD005324,PROD0049,3,0.0,2618.37,1092.12
9327,ORD005325,PROD0097,5,0.1,1340.55,272.95
9328,ORD005325,PROD0089,4,0.1,174.02,37.86
9329,ORD005325,PROD0049,3,0.0,2618.37,1092.12
9330,ORD005325,PROD0128,4,0.0,327.84,86.76
9331,ORD005326,PROD0015,3,0.15,697.73,141.26
9332,ORD005326,PROD0088,4,0.0,171.0,42.76
9333,ORD005326,PROD0019,3,0.05,2444.25,828.18
9334,ORD005327,PROD0122,4,0.1,426.31,103.91
9335,ORD005328,PROD0011,2,0.0,2372.28,918.94
9336,ORD005329,PROD0084,1,0.15,81.5,20.0
9337,ORD005330,PROD0090,2,0.05,181.11,74.49
9338,ORD005330,PROD0005,3,0.0,2615.13,752.22
9339,ORD005331,PROD0002,2,0.05,1908.09,813.77
9340,ORD005332,PROD0115,4,0.0,319.04,153.32
9341,ORD005332,PROD0004,3,0.0,4190.61,1781.76
9342,ORD005333,PROD0133,4,0.1,844.09,344.21
9343,ORD005334,PROD0091,4,0.0,851.84,242.56
9344,ORD005334,PROD0115,5,0.0,398.8,191.65
9345,ORD005335,PROD0087,4,0.0,280.4,70.8
9346,ORD005336,PROD0143,2,0.1,130.41,24.47
9347,ORD005336,PROD0096,4,0.05,220.25,60.85
9348,ORD005336,PROD0092,5,0.0,332.35,154.6
9349,ORD005337,PROD0039,2,0.0,879.06,375.5
9350,ORD005337,PROD0001,1,0.05,990.3,396.02
9351,ORD005338,PROD0001,1,0.0,1042.42,448.14
9352,ORD005338,PROD0037,3,0.0,2693.28,1225.5
9353,ORD005338,PROD0009,1,0.0,927.49,321.41
9354,ORD005339,PROD0039,3,0.0,1318.59,563.25
9355,ORD005340,PROD0067,4,0.15,170.82,60.42
9356,ORD005340,PROD0110,3,0.1,54.51,9.72
9357,ORD005340,PROD0127,3,0.0,219.96,76.92
9358,ORD005341,PROD0024,5,0.15,1257.58,377.03
9359,ORD005342,PROD0140,3,0.0,405.48,182.13
9360,ORD005343,PROD0052,5,0.15,1643.81,452.96
9361,ORD005343,PROD0109,2,0.05,104.1,25.82
9362,ORD005343,PROD0069,5,0.0,378.35,131.35
9363,ORD005344,PROD0105,2,0.1,523.94,112.82
9364,ORD005344,PROD0126,3,0.0,602.7,264.0
9365,ORD005345,PROD0018,3,0.1,535.25,224.9
9366,ORD005345,PROD0047,5,0.1,2786.54,963.69
9367,ORD005346,PROD0082,1,0.1,17.18,7.49
9368,ORD005346,PROD0007,5,0.05,5225.19,1786.49
9369,ORD005347,PROD0128,4,0.0,327.84,86.76
9370,ORD005348,PROD0055,2,0.0,1523.36,483.6
9371,ORD005348,PROD0133,5,0.05,1113.73,488.88
9372,ORD005348,PROD0018,4,0.05,753.31,339.51
9373,ORD005349,PROD0013,2,0.05,1709.09,638.63
9374,ORD005350,PROD0007,1,0.2,880.03,192.29
9375,ORD005351,PROD0136,2,0.0,48.72,23.62
9376,ORD005352,PROD0113,5,0.0,172.5,59.25
9377,ORD005353,PROD0125,4,0.0,746.2,307.52
9378,ORD005354,PROD0077,5,0.0,141.8,60.65
9379,ORD005355,PROD0148,4,0.0,179.32,54.64
9380,ORD005356,PROD0103,4,0.0,898.64,346.32
9381,ORD005357,PROD0143,3,0.0,217.35,58.44
9382,ORD005358,PROD0071,4,0.2,318.43,49.15
9383,ORD005358,PROD0144,2,0.0,317.78,154.52
9384,ORD005358,PROD0087,5,0.15,297.93,35.93
9385,ORD005358,PROD0139,1,0.15,135.8,44.83
9386,ORD005359,PROD0096,5,0.0,289.8,90.55
9387,ORD005359,PROD0093,5,0.1,1104.84,316.09
9388,ORD005360,PROD0083,4,0.15,46.24,16.0
9389,ORD005360,PROD0090,5,0.0,476.6,210.05
9390,ORD005360,PROD0139,5,0.1,718.97,264.12
9391,ORD005361,PROD0108,3,0.1,88.72,24.01
9392,ORD005362,PROD0017,1,0.15,48.9,15.7
9393,ORD005363,PROD0036,5,0.2,1517.24,127.04
9394,ORD005364,PROD0020,1,0.15,152.96,38.05
9395,ORD005365,PROD0099,1,0.15,133.49,32.29
9396,ORD005365,PROD0150,5,0.0,690.55,299.9
9397,ORD005365,PROD0036,2,0.0,758.62,202.54
9398,ORD005365,PROD0072,2,0.0,149.84,49.74
9399,ORD005366,PROD0102,3,0.05,815.3,315.98
9400,ORD005367,PROD0100,5,0.0,625.25,300.8
9401,ORD005367,PROD0109,5,0.05,260.25,64.55
9402,ORD005368,PROD0008,3,0.0,574.92,254.1
9403,ORD005368,PROD0038,3,0.0,2584.38,993.93
9404,ORD005369,PROD0013,2,0.0,1799.04,728.58
9405,ORD005370,PROD0025,1,0.0,486.64,183.33
9406,ORD005371,PROD0071,4,0.0,398.04,128.76
9407,ORD005371,PROD0012,5,0.0,4259.5,1729.95
9408,ORD005371,PROD0119,4,0.1,176.04,60.28
9409,ORD005372,PROD0019,5,0.1,3859.33,1165.88
9410,ORD005372,PROD0035,3,0.05,2055.48,797.37
9411,ORD005372,PROD0016,3,0.0,3367.5,1417.14
9412,ORD005373,PROD0093,2,0.15,417.38,101.88
9413,ORD005374,PROD0033,2,0.15,803.74,288.96
9414,ORD005374,PROD0042,4,0.0,2665.96,807.08
9415,ORD005374,PROD0083,4,0.0,54.4,24.16
9416,ORD005375,PROD0096,4,0.0,231.84,72.44
9417,ORD005376,PROD0115,5,0.0,398.8,191.65
9418,ORD005377,PROD0113,1,0.0,34.5,11.85
9419,ORD005377,PROD0140,5,0.0,675.8,303.55
9420,ORD005378,PROD0032,5,0.0,958.1,402.25
9421,ORD005378,PROD0038,5,0.05,4091.93,1441.18
9422,ORD005379,PROD0044,4,0.15,1684.43,237.59
9423,ORD005380,PROD0120,1,0.05,120.8,31.36
9424,ORD005380,PROD0037,4,0.1,3231.94,1274.9
9425,ORD005381,PROD0056,1,0.0,361.31,109.81
9426,ORD005381,PROD0083,1,0.0,13.6,6.04
9427,ORD005381,PROD0036,1,0.0,379.31,101.27
9428,ORD005382,PROD0110,3,0.0,60.57,15.78
9429,ORD005383,PROD0004,4,0.05,5308.11,2096.31
9430,ORD005383,PROD0135,1,0.0,18.92,9.14
9431,ORD005383,PROD0036,5,0.05,1801.72,411.52
9432,ORD005383,PROD0003,1,0.0,1444.13,510.13
9433,ORD005384,PROD0090,1,0.1,85.79,32.48
9434,ORD005384,PROD0003,4,0.1,5198.87,1462.87
9435,ORD005384,PROD0040,3,0.1,2029.18,453.37
9436,ORD005384,PROD0111,5,0.0,1335.0,566.75
9437,ORD005385,PROD0113,5,0.05,163.88,50.63
9438,ORD005385,PROD0038,1,0.0,861.46,331.31
9439,ORD005385,PROD0098,4,0.0,359.64,115.84
9440,ORD005385,PROD0109,1,0.0,54.79,15.65
9441,ORD005386,PROD0101,4,0.05,624.61,250.13
9442,ORD005386,PROD0022,4,0.0,2600.08,793.56
9443,ORD005387,PROD0053,4,0.0,2584.64,1194.92
9444,ORD005387,PROD0082,2,0.1,34.36,14.98
9445,ORD005388,PROD0138,2,0.05,341.87,154.53
9446,ORD005389,PROD0015,4,0.05,1039.76,297.8
9447,ORD005389,PROD0132,4,0.2,101.41,9.85
9448,ORD005390,PROD0092,5,0.2,265.88,88.13
9449,ORD005390,PROD0001,1,0.05,990.3,396.02
9450,ORD005390,PROD0100,3,0.0,375.15,180.48
9451,ORD005391,PROD0068,2,0.1,150.8,46.52
9452,ORD005391,PROD0032,4,0.0,766.48,321.8
9453,ORD005392,PROD0037,3,0.05,2558.62,1090.84
9454,ORD005392,PROD0095,1,0.1,90.91,33.65
9455,ORD005393,PROD0003,2,0.1,2599.43,731.43
9456,ORD005394,PROD0010,5,0.0,7274.65,3043.75
9457,ORD005395,PROD0047,5,0.15,2631.73,808.88
9458,ORD005395,PROD0089,5,0.0,241.7,71.5
9459,ORD005396,PROD0129,5,0.0,316.4,110.2
9460,ORD005396,PROD0038,5,0.0,4307.3,1656.55
9461,ORD005396,PROD0075,3,0.05,148.8,63.21
9462,ORD005397,PROD0045,5,0.0,2628.95,794.8
9463,ORD005398,PROD0073,2,0.2,57.98,19.62
9464,ORD005398,PROD0111,4,0.0,1068.0,453.4
9465,ORD005399,PROD0132,4,0.0,126.76,35.2
9466,ORD005400,PROD0099,4,0.15,533.97,129.17
9467,ORD005400,PROD0025,3,0.05,1386.92,476.99
9468,ORD005400,PROD0113,3,0.1,93.15,25.2
9469,ORD005401,PROD0095,4,0.0,404.04,175.0
9470,ORD005401,PROD0013,3,0.1,2428.7,823.01
9471,ORD005402,PROD0090,1,0.0,95.32,42.01
9472,ORD005402,PROD0071,2,0.0,199.02,64.38
9473,ORD005402,PROD0085,4,0.15,225.05,54.77
9474,ORD005402,PROD0057,3,0.05,1041.99,466.8
9475,ORD005403,PROD0115,1,0.1,71.78,30.35
9476,ORD005404,PROD0050,5,0.05,421.09,170.79
9477,ORD005405,PROD0079,5,0.05,300.72,127.02
9478,ORD005406,PROD0082,5,0.0,95.45,47.0
9479,ORD005407,PROD0096,3,0.0,173.88,54.33
9480,ORD005408,PROD0088,4,0.05,162.45,34.21
9481,ORD005409,PROD0131,2,0.1,190.22,71.8
9482,ORD005409,PROD0078,3,0.15,261.68,60.08
9483,ORD005410,PROD0126,5,0.0,1004.5,440.0
9484,ORD005411,PROD0144,5,0.0,794.45,386.3
9485,ORD005412,PROD0097,1,0.0,297.9,84.38
9486,ORD005412,PROD0124,4,0.0,141.48,67.2
9487,ORD005412,PROD0061,3,0.0,212.13,88.5
9488,ORD005413,PROD0114,2,0.0,280.36,133.78
9489,ORD005413,PROD0145,3,0.1,116.29,28.81
9490,ORD005413,PROD0070,3,0.0,144.81,41.79
9491,ORD005414,PROD0037,4,0.0,3591.04,1634.0
9492,ORD005414,PROD0036,2,0.15,644.83,88.75
9493,ORD005414,PROD0112,4,0.05,772.46,315.02
9494,ORD005415,PROD0063,3,0.15,205.15,58.39
9495,ORD005416,PROD0094,3,0.05,533.29,228.97
9496,ORD005416,PROD0062,4,0.15,120.7,35.34
9497,ORD005417,PROD0034,2,0.15,542.28,112.44
9498,ORD005418,PROD0085,5,0.0,330.95,118.1
9499,ORD005418,PROD0042,1,0.0,666.49,201.77
9500,ORD005419,PROD0044,5,0.0,2477.1,668.55
9501,ORD005420,PROD0069,1,0.0,75.67,26.27
9502,ORD005421,PROD0011,4,0.1,4270.1,1363.42
9503,ORD005422,PROD0148,3,0.0,134.49,40.98
9504,ORD005422,PROD0131,3,0.2,253.63,76.0
9505,ORD005422,PROD0051,3,0.05,1532.02,448.45
9506,ORD005423,PROD0029,4,0.0,985.84,491.24
9507,ORD005423,PROD0079,2,0.2,101.3,31.82
9508,ORD005424,PROD0093,1,0.0,245.52,87.77
9509,ORD005425,PROD0001,3,0.0,3127.26,1344.42
9510,ORD005426,PROD0069,2,0.15,128.64,29.84
9511,ORD005426,PROD0010,1,0.15,1236.69,390.51
9512,ORD005427,PROD0089,2,0.0,96.68,28.6
9513,ORD005427,PROD0148,2,0.1,80.69,18.35
9514,ORD005428,PROD0100,5,0.0,625.25,300.8
9515,ORD005429,PROD0116,4,0.0,661.76,257.24
9516,ORD005430,PROD0109,1,0.15,46.57,7.43
9517,ORD005430,PROD0128,5,0.0,409.8,108.45
9518,ORD005431,PROD0111,1,0.15,226.95,73.3
9519,ORD005432,PROD0097,4,0.0,1191.6,337.52
9520,ORD005433,PROD0132,5,0.2,126.76,12.31
9521,ORD005433,PROD0040,1,0.05,713.97,188.7
9522,ORD005434,PROD0023,2,0.0,2725.1,696.14
9523,ORD005434,PROD0116,5,0.0,827.2,321.55
9524,ORD005434,PROD0072,3,0.15,191.05,40.9
9525,ORD005435,PROD0093,4,0.05,932.98,301.98
9526,ORD005435,PROD0045,1,0.05,499.5,132.67
9527,ORD005435,PROD0118,4,0.1,553.54,210.82
9528,ORD005435,PROD0121,3,0.0,93.24,33.48
9529,ORD005436,PROD0044,1,0.0,495.42,133.71
9530,ORD005437,PROD0097,5,0.05,1415.02,347.42
9531,ORD005437,PROD0007,3,0.0,3300.12,1236.9
9532,ORD005438,PROD0044,2,0.1,891.76,168.34
9533,ORD005438,PROD0146,2,0.0,107.0,28.0
9534,ORD005439,PROD0125,2,0.0,373.1,153.76
9535,ORD005440,PROD0060,1,0.15,716.16,138.92
9536,ORD005440,PROD0036,3,0.05,1081.03,246.91
9537,ORD005441,PROD0083,5,0.0,68.0,30.2
9538,ORD005441,PROD0045,1,0.15,446.92,80.09
9539,ORD005442,PROD0021,2,0.1,2137.39,437.15
9540,ORD005442,PROD0111,4,0.1,961.2,346.6
9541,ORD005442,PROD0100,3,0.0,375.15,180.48
9542,ORD005443,PROD0088,5,0.0,213.75,53.45
9543,ORD005444,PROD0048,3,0.2,279.17,18.89
9544,ORD005444,PROD0071,1,0.05,94.53,27.21
9545,ORD005444,PROD0079,5,0.15,269.07,95.37
9546,ORD005445,PROD0069,1,0.0,75.67,26.27
9547,ORD005445,PROD0087,2,0.2,112.16,7.36
9548,ORD005446,PROD0125,3,0.0,559.65,230.64
9549,ORD005446,PROD0113,3,0.0,103.5,35.55
9550,ORD005447,PROD0056,1,0.1,325.18,73.68
9551,ORD005447,PROD0004,2,0.0,2793.74,1187.84
9552,ORD005448,PROD0098,2,0.05,170.83,48.93
9553,ORD005449,PROD0093,4,0.0,982.08,351.08
9554,ORD005449,PROD0139,1,0.2,127.82,36.85
9555,ORD005450,PROD0109,2,0.0,109.58,31.3
9556,ORD005451,PROD0004,1,0.2,1117.5,314.55
9557,ORD005452,PROD0026,5,0.0,3401.4,1342.6
9558,ORD005452,PROD0125,3,0.0,559.65,230.64
9559,ORD005453,PROD0015,2,0.05,519.88,148.9
9560,ORD005454,PROD0122,1,0.0,118.42,37.82
9561,ORD005455,PROD0121,2,0.0,62.16,22.32
9562,ORD005455,PROD0062,3,0.0,106.5,42.48
9563,ORD005456,PROD0005,5,0.0,4358.55,1253.7
9564,ORD005457,PROD0099,4,0.15,533.97,129.17
9565,ORD005457,PROD0020,2,0.1,323.91,94.09
9566,ORD005457,PROD0116,1,0.0,165.44,64.31
9567,ORD005457,PROD0036,1,0.1,341.38,63.34
9568,ORD005458,PROD0017,1,0.15,48.9,15.7
9569,ORD005459,PROD0073,4,0.0,144.96,68.24
9570,ORD005459,PROD0011,5,0.0,5930.7,2297.35
9571,ORD005460,PROD0053,4,0.15,2196.94,807.22
9572,ORD005461,PROD0009,2,0.0,1854.98,642.82
9573,ORD005461,PROD0113,3,0.05,98.32,30.37
9574,ORD005462,PROD0141,1,0.0,91.79,32.44
9575,ORD005462,PROD0124,1,0.05,33.6,15.03
9576,ORD005463,PROD0055,2,0.1,1371.02,331.26
9577,ORD005463,PROD0017,2,0.0,115.06,48.66
9578,ORD005463,PROD0041,3,0.15,495.03,159.75
9579,ORD005464,PROD0134,1,0.05,95.83,28.17
9580,ORD005464,PROD0146,2,0.15,90.95,11.95
9581,ORD005464,PROD0084,3,0.05,273.26,88.76
9582,ORD005465,PROD0033,5,0.05,2245.75,958.8
9583,ORD005465,PROD0016,1,0.0,1122.5,472.38
9584,ORD005466,PROD0059,1,0.15,83.74,26.03
9585,ORD005467,PROD0011,5,0.0,5930.7,2297.35
9586,ORD005468,PROD0123,4,0.0,924.72,319.92
9587,ORD005468,PROD0030,3,0.0,3811.02,1543.56
9588,ORD005469,PROD0063,5,0.0,402.25,157.65
9589,ORD005470,PROD0030,3,0.1,3429.92,1162.46
9590,ORD005470,PROD0059,5,0.05,467.97,179.42
9591,ORD005470,PROD0032,3,0.0,574.86,241.35
9592,ORD005471,PROD0141,3,0.0,275.37,97.32
9593,ORD005472,PROD0059,3,0.0,295.56,122.43
9594,ORD005473,PROD0028,2,0.0,1537.82,531.82
9595,ORD005473,PROD0008,3,0.05,546.17,225.35
9596,ORD005474,PROD0118,2,0.05,292.14,120.78
9597,ORD005475,PROD0070,3,0.0,144.81,41.79
9598,ORD005475,PROD0031,4,0.05,1347.02,348.98
9599,ORD005476,PROD0047,5,0.15,2631.73,808.88
9600,ORD005477,PROD0011,1,0.0,1186.14,459.47
9601,ORD005477,PROD0092,5,0.0,332.35,154.6
9602,ORD005477,PROD0038,3,0.1,2325.94,735.49
9603,ORD005478,PROD0078,5,0.0,513.1,177.1
9604,ORD005479,PROD0109,3,0.15,139.71,22.29
9605,ORD005480,PROD0018,3,0.05,564.98,254.63
9606,ORD005480,PROD0102,3,0.05,815.3,315.98
9607,ORD005481,PROD0149,3,0.15,500.54,201.77
9608,ORD005482,PROD0135,4,0.0,75.68,36.56
9609,ORD005483,PROD0096,4,0.05,220.25,60.85
9610,ORD005484,PROD0030,3,0.05,3620.47,1353.01
9611,ORD005485,PROD0074,2,0.1,119.14,39.1
9612,ORD005486,PROD0094,1,0.0,187.12,85.68
9613,ORD005487,PROD0093,2,0.0,491.04,175.54
9614,ORD005488,PROD0005,2,0.1,1569.08,327.14
9615,ORD005489,PROD0074,1,0.05,62.88,22.86
9616,ORD005489,PROD0055,2,0.0,1523.36,483.6
9617,ORD005489,PROD0120,4,0.15,432.34,74.58
9618,ORD005490,PROD0070,3,0.0,144.81,41.79
9619,ORD005491,PROD0101,3,0.0,493.11,212.25
9620,ORD005491,PROD0048,5,0.2,465.28,31.48
9621,ORD005492,PROD0108,4,0.1,118.3,32.02
9622,ORD005493,PROD0086,5,0.2,402.24,104.74
9623,ORD005494,PROD0113,4,0.05,131.1,40.5
9624,ORD005495,PROD0045,5,0.0,2628.95,794.8
9625,ORD005496,PROD0146,1,0.0,53.5,14.0
9626,ORD005496,PROD0028,5,0.0,3844.55,1329.55
9627,ORD005497,PROD0042,1,0.0,666.49,201.77
9628,ORD005497,PROD0083,1,0.0,13.6,6.04
9629,ORD005498,PROD0099,4,0.05,596.79,191.99
9630,ORD005499,PROD0110,5,0.0,100.95,26.3
9631,ORD005500,PROD0050,4,0.15,301.41,101.17
9632,ORD005501,PROD0145,2,0.15,73.22,14.9
9633,ORD005501,PROD0023,4,0.0,5450.2,1392.28
9634,ORD005502,PROD0139,5,0.2,639.08,184.23
9635,ORD005502,PROD0122,5,0.0,592.1,189.1
9636,ORD005502,PROD0126,1,0.2,160.72,47.82
9637,ORD005502,PROD0018,1,0.0,198.24,94.79
9638,ORD005503,PROD0092,5,0.0,332.35,154.6
9639,ORD005503,PROD0032,1,0.0,191.62,80.45
9640,ORD005504,PROD0129,4,0.0,253.12,88.16
9641,ORD005505,PROD0141,2,0.1,165.22,46.52
9642,ORD005505,PROD0001,5,0.0,5212.1,2240.7
9643,ORD005506,PROD0074,1,0.05,62.88,22.86
9644,ORD005507,PROD0003,4,0.05,5487.69,1751.69
9645,ORD005507,PROD0033,1,0.05,449.15,191.76
9646,ORD005508,PROD0051,3,0.2,1290.12,206.55
9647,ORD005508,PROD0036,4,0.05,1441.38,329.22
9648,ORD005509,PROD0022,4,0.0,2600.08,793.56
9649,ORD005510,PROD0006,2,0.1,955.82,224.2
9650,ORD005510,PROD0106,5,0.0,552.0,236.85
9651,ORD005510,PROD0064,5,0.05,508.92,180.87
9652,ORD005511,PROD0147,4,0.0,796.0,254.56
9653,ORD005512,PROD0113,4,0.0,138.0,47.4
9654,ORD005513,PROD0007,5,0.0,5500.2,2061.5
9655,ORD005514,PROD0145,4,0.05,163.67,47.03
9656,ORD005515,PROD0015,5,0.1,1231.29,303.84
9657,ORD005516,PROD0137,5,0.0,411.6,132.45
9658,ORD005517,PROD0107,5,0.05,268.71,67.01
9659,ORD005518,PROD0006,1,0.0,531.01,165.2
9660,ORD005518,PROD0005,3,0.0,2615.13,752.22
9661,ORD005519,PROD0010,5,0.05,6910.92,2680.02
9662,ORD005519,PROD0045,3,0.0,1577.37,476.88
9663,ORD005519,PROD0020,3,0.0,539.85,195.12
9664,ORD005519,PROD0146,4,0.0,214.0,56.0
9665,ORD005520,PROD0036,3,0.0,1137.93,303.81
9666,ORD005521,PROD0105,5,0.1,1309.86,282.06
9667,ORD005522,PROD0024,4,0.0,1183.6,479.16
9668,ORD005522,PROD0089,5,0.0,241.7,71.5
9669,ORD005522,PROD0102,4,0.05,1087.07,421.31
9670,ORD005523,PROD0034,1,0.05,303.04,88.12
9671,ORD005524,PROD0147,5,0.1,895.5,218.7
9672,ORD005524,PROD0142,2,0.0,175.78,68.66
9673,ORD005524,PROD0014,2,0.0,2414.36,776.76
9674,ORD005525,PROD0073,1,0.0,36.24,17.06
9675,ORD005526,PROD0009,5,0.1,4173.7,1143.3
9676,ORD005527,PROD0081,1,0.0,55.72,16.16
9677,ORD005528,PROD0129,5,0.2,253.12,46.92
9678,ORD005528,PROD0001,4,0.05,3961.2,1584.08
9679,ORD005528,PROD0142,1,0.15,74.71,21.15
9680,ORD005529,PROD0118,4,0.05,584.29,241.57
9681,ORD005530,PROD0095,4,0.05,383.84,154.8
9682,ORD005531,PROD0038,3,0.1,2325.94,735.49
9683,ORD005531,PROD0034,4,0.05,1212.16,352.48
9684,ORD005532,PROD0008,3,0.0,574.92,254.1
9685,ORD005533,PROD0082,4,0.05,72.54,33.78
9686,ORD005534,PROD0083,3,0.15,34.68,12.0
9687,ORD005535,PROD0019,2,0.0,1715.26,637.88
9688,ORD005535,PROD0059,1,0.0,98.52,40.81
9689,ORD005535,PROD0134,1,0.0,100.87,33.21
9690,ORD005535,PROD0108,4,0.0,131.44,45.16
9691,ORD005536,PROD0006,2,0.0,1062.02,330.4
9692,ORD005536,PROD0084,3,0.0,287.64,103.14
9693,ORD005537,PROD0019,4,0.0,3430.52,1275.76
9694,ORD005537,PROD0129,1,0.15,53.79,12.55
9695,ORD005538,PROD0055,1,0.05,723.6,203.72
9696,ORD005539,PROD0138,3,0.05,512.8,231.79
9697,ORD005539,PROD0055,1,0.1,685.51,165.63
9698,ORD005539,PROD0147,4,0.0,796.0,254.56
9699,ORD005539,PROD0105,1,0.0,291.08,85.52
9700,ORD005540,PROD0134,3,0.0,302.61,99.63
9701,ORD005540,PROD0073,1,0.05,34.43,15.25
9702,ORD005540,PROD0122,2,0.15,201.31,40.11
9703,ORD005541,PROD0044,5,0.15,2105.53,296.98
9704,ORD005541,PROD0114,4,0.15,476.61,183.45
9705,ORD005542,PROD0097,2,0.15,506.43,79.39
9706,ORD005542,PROD0067,5,0.05,238.64,100.64
9707,ORD005542,PROD0060,1,0.1,758.29,181.05
9708,ORD005542,PROD0091,2,0.0,425.92,121.28
9709,ORD005543,PROD0107,1,0.15,48.08,7.74
9710,ORD005544,PROD0094,1,0.1,168.41,66.97
9711,ORD005544,PROD0021,4,0.0,4749.76,1349.28
9712,ORD005545,PROD0141,1,0.05,87.2,27.85
9713,ORD005546,PROD0106,3,0.05,314.64,125.55
9714,ORD005546,PROD0063,4,0.0,321.8,126.12
9715,ORD005546,PROD0035,5,0.0,3606.1,1509.25
9716,ORD005547,PROD0097,2,0.0,595.8,168.76
9717,ORD005548,PROD0141,1,0.1,82.61,23.26
9718,ORD005549,PROD0076,5,0.1,388.26,102.96
9719,ORD005549,PROD0027,1,0.0,573.63,151.41
9720,ORD005549,PROD0127,1,0.05,69.65,21.97
9721,ORD005550,PROD0059,3,0.0,295.56,122.43
9722,ORD005550,PROD0012,1,0.0,851.9,345.99
9723,ORD005550,PROD0038,1,0.05,818.39,288.24
9724,ORD005551,PROD0020,2,0.0,359.9,130.08
9725,ORD005551,PROD0061,5,0.05,335.87,129.82
9726,ORD005551,PROD0036,3,0.0,1137.93,303.81
9727,ORD005552,PROD0050,1,0.0,88.65,38.59
9728,ORD005552,PROD0120,4,0.0,508.64,150.88
9729,ORD005552,PROD0009,2,0.0,1854.98,642.82
9730,ORD005553,PROD0010,4,0.0,5819.72,2435.0
9731,ORD005553,PROD0110,1,0.0,20.19,5.26
9732,ORD005554,PROD0056,1,0.0,361.31,109.81
9733,ORD005555,PROD0112,4,0.2,650.5,193.06
9734,ORD005556,PROD0149,2,0.0,392.58,193.4
9735,ORD005557,PROD0034,4,0.0,1275.96,416.28
9736,ORD005558,PROD0055,2,0.0,1523.36,483.6
9737,ORD005559,PROD0107,2,0.0,113.14,32.46
9738,ORD005559,PROD0090,3,0.0,285.96,126.03
9739,ORD005560,PROD0062,4,0.05,134.9,49.54
9740,ORD005560,PROD0105,1,0.0,291.08,85.52
9741,ORD005560,PROD0092,1,0.0,66.47,30.92
9742,ORD005560,PROD0149,1,0.1,176.66,77.07
9743,ORD005561,PROD0011,5,0.0,5930.7,2297.35
9744,ORD005562,PROD0074,5,0.0,330.95,130.85
9745,ORD005562,PROD0111,2,0.2,427.2,119.9
9746,ORD005562,PROD0138,3,0.1,485.81,204.8
9747,ORD005563,PROD0123,2,0.0,462.36,159.96
9748,ORD005563,PROD0134,3,0.0,302.61,99.63
9749,ORD005563,PROD0013,3,0.1,2428.7,823.01
9750,ORD005564,PROD0014,4,0.0,4828.72,1553.52
9751,ORD005564,PROD0085,1,0.15,56.26,13.69
9752,ORD005564,PROD0125,5,0.0,932.75,384.4
9753,ORD005564,PROD0098,2,0.15,152.85,30.95
9754,ORD005565,PROD0141,2,0.0,183.58,64.88
9755,ORD005566,PROD0042,5,0.1,2999.2,675.6
9756,ORD005567,PROD0067,1,0.05,47.73,20.13
9757,ORD005567,PROD0143,2,0.1,130.41,24.47
9758,ORD005568,PROD0023,1,0.0,1362.55,348.07
9759,ORD005568,PROD0135,3,0.05,53.92,24.58
9760,ORD005568,PROD0128,1,0.1,73.76,13.49
9761,ORD005569,PROD0001,2,0.0,2084.84,896.28
9762,ORD005569,PROD0104,3,0.1,696.68,155.66
9763,ORD005570,PROD0142,2,0.0,175.78,68.66
9764,ORD005571,PROD0038,3,0.0,2584.38,993.93
9765,ORD005571,PROD0003,1,0.0,1444.13,510.13
9766,ORD005572,PROD0003,1,0.0,1444.13,510.13
9767,ORD005572,PROD0104,3,0.0,774.09,233.07
9768,ORD005572,PROD0054,4,0.0,662.92,262.52
9769,ORD005573,PROD0048,4,0.0,465.28,118.24
9770,ORD005574,PROD0017,1,0.0,57.53,24.33
9771,ORD005575,PROD0075,5,0.0,261.05,118.4
9772,ORD005575,PROD0012,2,0.15,1448.23,436.41
9773,ORD005576,PROD0109,5,0.1,246.56,50.86
9774,ORD005576,PROD0029,1,0.0,246.46,122.81
9775,ORD005577,PROD0039,4,0.05,1670.21,663.09
9776,ORD005577,PROD0064,4,0.0,428.56,166.12
9777,ORD005578,PROD0029,5,0.0,1232.3,614.05
9778,ORD005579,PROD0125,5,0.0,932.75,384.4
9779,ORD005580,PROD0091,1,0.05,202.31,49.99
9780,ORD005581,PROD0088,5,0.0,213.75,53.45
9781,ORD005581,PROD0118,4,0.05,584.29,241.57
9782,ORD005581,PROD0068,5,0.0,418.9,158.2
9783,ORD005582,PROD0054,5,0.0,828.65,328.15
9784,ORD005583,PROD0014,4,0.0,4828.72,1553.52
9785,ORD005584,PROD0076,3,0.0,258.84,87.66
9786,ORD005584,PROD0064,3,0.1,289.28,92.45
9787,ORD005584,PROD0039,3,0.15,1120.8,365.46
9788,ORD005585,PROD0096,3,0.05,165.19,45.64
9789,ORD005585,PROD0042,3,0.0,1999.47,605.31
9790,ORD005585,PROD0095,4,0.15,343.43,114.39
9791,ORD005586,PROD0138,1,0.05,170.93,77.26
9792,ORD005586,PROD0122,4,0.0,473.68,151.28
9793,ORD005586,PROD0065,1,0.0,10.49,4.68
9794,ORD005587,PROD0087,2,0.05,133.19,28.39
9795,ORD005588,PROD0081,5,0.05,264.67,66.87
9796,ORD005589,PROD0140,2,0.2,216.26,67.36
9797,ORD005590,PROD0081,1,0.0,55.72,16.16
9798,ORD005590,PROD0013,4,0.05,3418.18,1277.26
9799,ORD005591,PROD0077,1,0.2,22.69,6.46
9800,ORD005591,PROD0028,2,0.0,1537.82,531.82
9801,ORD005592,PROD0055,5,0.0,3808.4,1209.0
9802,ORD005592,PROD0027,5,0.0,2868.15,757.05
9803,ORD005593,PROD0007,1,0.0,1100.04,412.3
9804,ORD005593,PROD0001,2,0.2,1667.87,479.31
9805,ORD005594,PROD0068,2,0.05,159.18,54.9
9806,ORD005595,PROD0035,5,0.0,3606.1,1509.25
9807,ORD005595,PROD0144,4,0.15,540.23,213.71
9808,ORD005595,PROD0038,1,0.0,861.46,331.31
9809,ORD005596,PROD0081,4,0.05,211.74,53.5
9810,ORD005597,PROD0040,5,0.0,3757.75,1131.4
9811,ORD005598,PROD0074,5,0.15,281.31,81.21
9812,ORD005598,PROD0043,3,0.0,2677.11,1017.81
9813,ORD005599,PROD0139,3,0.2,383.45,110.54
9814,ORD005600,PROD0090,5,0.05,452.77,186.22
9815,ORD005600,PROD0051,5,0.1,2418.97,613.02
9816,ORD005601,PROD0024,1,0.2,236.72,60.61
9817,ORD005602,PROD0064,5,0.15,455.35,127.3
9818,ORD005603,PROD0028,5,0.1,3460.09,945.09
9819,ORD005603,PROD0125,5,0.0,932.75,384.4
9820,ORD005604,PROD0061,1,0.0,70.71,29.5
9821,ORD005605,PROD0122,5,0.0,592.1,189.1
9822,ORD005605,PROD0018,4,0.0,792.96,379.16
9823,ORD005605,PROD0008,5,0.0,958.2,423.5
9824,ORD005606,PROD0111,4,0.0,1068.0,453.4
9825,ORD005607,PROD0108,4,0.0,131.44,45.16
9826,ORD005607,PROD0014,2,0.0,2414.36,776.76
9827,ORD005607,PROD0039,5,0.15,1868.0,609.1
9828,ORD005607,PROD0130,3,0.05,240.68,110.54
9829,ORD005608,PROD0073,3,0.0,108.72,51.18
9830,ORD005608,PROD0087,5,0.05,332.97,70.97
9831,ORD005609,PROD0064,2,0.1,192.85,61.63
9832,ORD005610,PROD0038,1,0.05,818.39,288.24
9833,ORD005610,PROD0053,3,0.0,1938.48,896.19
9834,ORD005611,PROD0060,4,0.0,3370.16,1061.2
9835,ORD005612,PROD0057,5,0.05,1736.65,778.0
9836,ORD005613,PROD0015,1,0.0,273.62,88.13
9837,ORD005614,PROD0013,4,0.05,3418.18,1277.26
9838,ORD005614,PROD0128,1,0.0,81.96,21.69
9839,ORD005615,PROD0086,4,0.0,402.24,164.24
9840,ORD005616,PROD0021,2,0.0,2374.88,674.64
9841,ORD005616,PROD0133,2,0.0,468.94,219.0
9842,ORD005616,PROD0014,5,0.05,5734.11,1640.11
9843,ORD005617,PROD0051,3,0.0,1612.65,529.08
9844,ORD005617,PROD0085,1,0.0,66.19,23.62
9845,ORD005617,PROD0006,5,0.0,2655.05,826.0
9846,ORD005617,PROD0112,5,0.15,863.94,292.14
9847,ORD005618,PROD0064,3,0.0,321.42,124.59
9848,ORD005619,PROD0080,2,0.0,131.2,49.36
9849,ORD005619,PROD0040,2,0.0,1503.1,452.56
9850,ORD005619,PROD0098,4,0.05,341.66,97.86
9851,ORD005619,PROD0131,3,0.15,269.48,91.85
9852,ORD005620,PROD0085,3,0.05,188.64,60.93
9853,ORD005621,PROD0120,1,0.0,127.16,37.72
9854,ORD005622,PROD0015,4,0.1,985.03,243.07
9855,ORD005622,PROD0065,5,0.0,52.45,23.4
9856,ORD005623,PROD0103,2,0.05,426.85,150.69
9857,ORD005624,PROD0048,2,0.0,232.64,59.12
9858,ORD005624,PROD0067,5,0.15,213.52,75.52
9859,ORD005625,PROD0044,4,0.0,1981.68,534.84
9860,ORD005625,PROD0093,5,0.0,1227.6,438.85
9861,ORD005626,PROD0097,5,0.0,1489.5,421.9
9862,ORD005627,PROD0053,4,0.05,2455.41,1065.69
9863,ORD005627,PROD0077,3,0.0,85.08,36.39
9864,ORD005628,PROD0094,5,0.0,935.6,428.4
9865,ORD005629,PROD0145,5,0.0,215.35,69.55
9866,ORD005630,PROD0064,1,0.1,96.43,30.82
9867,ORD005631,PROD0052,4,0.05,1469.76,517.08
9868,ORD005632,PROD0004,5,0.05,6635.13,2620.38
9869,ORD005632,PROD0127,3,0.0,219.96,76.92
9870,ORD005633,PROD0104,1,0.0,258.03,77.69
9871,ORD005633,PROD0098,2,0.15,152.85,30.95
9872,ORD005634,PROD0060,3,0.05,2401.24,669.52
9873,ORD005634,PROD0087,3,0.0,210.3,53.1
9874,ORD005635,PROD0071,1,0.0,99.51,32.19
9875,ORD005636,PROD0106,5,0.15,469.2,154.05
9876,ORD005637,PROD0112,5,0.05,965.58,393.78
9877,ORD005637,PROD0043,2,0.2,1427.79,321.59
9878,ORD005638,PROD0121,5,0.0,155.4,55.8
9879,ORD005638,PROD0071,4,0.2,318.43,49.15
9880,ORD005638,PROD0130,3,0.0,253.35,123.21
9881,ORD005639,PROD0109,1,0.0,54.79,15.65
9882,ORD005639,PROD0146,3,0.1,144.45,25.95
9883,ORD005640,PROD0148,4,0.0,179.32,54.64
9884,ORD005641,PROD0029,4,0.0,985.84,491.24
9885,ORD005642,PROD0082,4,0.0,76.36,37.6
9886,ORD005642,PROD0145,3,0.15,109.83,22.35
9887,ORD005643,PROD0042,1,0.15,566.52,101.8
9888,ORD005643,PROD0076,1,0.1,77.65,20.59
9889,ORD005643,PROD0012,3,0.1,2300.13,782.4
9890,ORD005643,PROD0116,4,0.05,628.67,224.15
9891,ORD005644,PROD0142,2,0.05,166.99,59.87
9892,ORD005645,PROD0048,1,0.1,104.69,17.93
9893,ORD005645,PROD0096,2,0.05,110.12,30.42
9894,ORD005645,PROD0033,2,0.0,945.58,430.8
9895,ORD005646,PROD0086,5,0.15,427.38,129.88
9896,ORD005647,PROD0016,1,0.1,1010.25,360.13
9897,ORD005648,PROD0126,2,0.15,341.53,115.73
9898,ORD005649,PROD0071,1,0.0,99.51,32.19
9899,ORD005649,PROD0088,3,0.0,128.25,32.07
9900,ORD005649,PROD0023,2,0.0,2725.1,696.14
9901,ORD005649,PROD0055,1,0.0,761.68,241.8
9902,ORD005650,PROD0133,2,0.0,468.94,219.0
9903,ORD005651,PROD0010,1,0.0,1454.93,608.75
9904,ORD005652,PROD0148,1,0.15,38.11,6.94
9905,ORD005653,PROD0032,1,0.05,182.04,70.87
9906,ORD005654,PROD0017,1,0.0,57.53,24.33
9907,ORD005655,PROD0046,3,0.1,1530.71,291.5
9908,ORD005656,PROD0037,5,0.1,4039.92,1593.62
9909,ORD005656,PROD0147,1,0.0,199.0,63.64
9910,ORD005657,PROD0010,3,0.05,4146.55,1608.01
9911,ORD005657,PROD0040,4,0.05,2855.89,754.81
9912,ORD005658,PROD0028,4,0.05,2921.86,909.86
9913,ORD005659,PROD0128,2,0.1,147.53,26.99
9914,ORD005659,PROD0091,3,0.05,606.94,149.98
9915,ORD005660,PROD0146,1,0.05,50.82,11.32
9916,ORD005660,PROD0012,1,0.05,809.3,303.39
9917,ORD005660,PROD0003,2,0.05,2743.85,875.85
9918,ORD005661,PROD0087,1,0.0,70.1,17.7
9919,ORD005662,PROD0088,2,0.1,76.95,12.83
9920,ORD005662,PROD0131,3,0.05,301.19,123.56
9921,ORD005663,PROD0021,2,0.05,2256.14,555.9
9922,ORD005663,PROD0120,3,0.15,324.26,55.94
9923,ORD005664,PROD0009,1,0.1,834.74,228.66
9924,ORD005665,PROD0091,4,0.0,851.84,242.56
9925,ORD005666,PROD0128,5,0.05,389.31,87.96
9926,ORD005667,PROD0087,5,0.05,332.97,70.97
9927,ORD005668,PROD0022,5,0.0,3250.1,991.95
9928,ORD005669,PROD0056,4,0.0,1445.24,439.24
9929,ORD005669,PROD0054,5,0.0,828.65,328.15
9930,ORD005670,PROD0008,3,0.15,488.68,167.86
9931,ORD005671,PROD0081,3,0.2,133.73,15.05
9932,ORD005671,PROD0006,5,0.0,2655.05,826.0
9933,ORD005671,PROD0074,3,0.0,198.57,78.51
9934,ORD005672,PROD0081,1,0.15,47.36,7.8
9935,ORD005673,PROD0148,3,0.15,114.32,20.81
9936,ORD005674,PROD0123,5,0.1,1040.31,284.31
9937,ORD005675,PROD0106,2,0.05,209.76,83.7
9938,ORD005676,PROD0084,2,0.0,191.76,68.76
9939,ORD005676,PROD0074,3,0.0,198.57,78.51
9940,ORD005676,PROD0078,4,0.0,410.48,141.68
9941,ORD005676,PROD0120,1,0.05,120.8,31.36
9942,ORD005677,PROD0068,2,0.0,167.56,63.28
9943,ORD005678,PROD0083,3,0.0,40.8,18.12
9944,ORD005678,PROD0111,5,0.0,1335.0,566.75
9945,ORD005678,PROD0077,1,0.1,25.52,9.29
9946,ORD005678,PROD0005,4,0.0,3486.84,1002.96
9947,ORD005679,PROD0130,2,0.05,160.45,73.69
9948,ORD005680,PROD0056,5,0.1,1625.89,368.39
9949,ORD005680,PROD0049,4,0.05,3316.6,1281.6
9950,ORD005681,PROD0082,4,0.15,64.91,26.15
9951,ORD005682,PROD0028,4,0.0,3075.64,1063.64
9952,ORD005682,PROD0056,2,0.0,722.62,219.62
9953,ORD005682,PROD0149,4,0.05,745.9,347.54
9954,ORD005682,PROD0139,2,0.1,287.59,105.65
9955,ORD005683,PROD0121,2,0.1,55.94,16.1
9956,ORD005684,PROD0139,3,0.15,407.41,134.5
9957,ORD005684,PROD0040,1,0.05,713.97,188.7
9958,ORD005684,PROD0008,5,0.1,862.38,327.68
9959,ORD005685,PROD0016,3,0.1,3030.75,1080.39
9960,ORD005685,PROD0055,2,0.0,1523.36,483.6
9961,ORD005685,PROD0109,2,0.0,109.58,31.3
9962,ORD005686,PROD0013,5,0.05,4272.72,1596.57
9963,ORD005687,PROD0023,4,0.1,4905.18,847.26
9964,ORD005688,PROD0098,2,0.05,170.83,48.93
9965,ORD005688,PROD0014,3,0.05,3440.46,984.06
9966,ORD005689,PROD0086,5,0.0,502.8,205.3
9967,ORD005689,PROD0142,5,0.05,417.48,149.68
9968,ORD005690,PROD0141,2,0.1,165.22,46.52
9969,ORD005690,PROD0090,4,0.05,362.22,148.98
9970,ORD005691,PROD0087,1,0.0,70.1,17.7
9971,ORD005692,PROD0113,4,0.1,124.2,33.6
9972,ORD005693,PROD0142,5,0.0,439.45,171.65
9973,ORD005693,PROD0052,2,0.0,773.56,297.22
9974,ORD005694,PROD0076,5,0.05,409.83,124.53
9975,ORD005695,PROD0147,3,0.0,597.0,190.92
9976,ORD005695,PROD0020,4,0.1,647.82,188.18
9977,ORD005696,PROD0106,1,0.0,110.4,47.37
9978,ORD005696,PROD0138,3,0.0,539.79,258.78
9979,ORD005696,PROD0015,5,0.05,1299.69,372.24
9980,ORD005697,PROD0093,3,0.05,699.73,226.48
9981,ORD005698,PROD0060,4,0.0,3370.16,1061.2
9982,ORD005698,PROD0045,3,0.0,1577.37,476.88
9983,ORD005699,PROD0073,4,0.0,144.96,68.24
9984,ORD005699,PROD0053,1,0.0,646.16,298.73
9985,ORD005700,PROD0016,5,0.0,5612.5,2361.9
9986,ORD005700,PROD0047,5,0.1,2786.54,963.69
9987,ORD005700,PROD0014,3,0.05,3440.46,984.06
9988,ORD005701,PROD0074,2,0.0,132.38,52.34
9989,ORD005702,PROD0105,1,0.0,291.08,85.52
9990,ORD005703,PROD0064,1,0.1,96.43,30.82
9991,ORD005704,PROD0051,1,0.05,510.67,149.48
9992,ORD005705,PROD0010,1,0.15,1236.69,390.51
9993,ORD005705,PROD0052,1,0.0,386.78,148.61
9994,ORD005706,PROD0029,1,0.05,234.14,110.49
9995,ORD005707,PROD0126,4,0.0,803.6,352.0
9996,ORD005707,PROD0039,3,0.1,1186.73,431.39
9997,ORD005707,PROD0045,1,0.15,446.92,80.09
9998,ORD005708,PROD0126,1,0.0,200.9,88.0
9999,ORD005709,PROD0005,2,0.0,1743.42,501.48
10000,ORD005709,PROD0001,3,0.0,3127.26,1344.42
10001,ORD005709,PROD0109,4,0.1,197.24,40.68
10002,ORD005710,PROD0037,1,0.2,718.21,228.95
10003,ORD005711,PROD0091,2,0.0,425.92,121.28
10004,ORD005711,PROD0058,5,0.0,1707.55,725.6
10005,ORD005711,PROD0057,5,0.0,1828.05,869.4
10006,ORD005711,PROD0120,1,0.15,108.09,18.65
10007,ORD005712,PROD0098,5,0.1,404.59,99.84
10008,ORD005712,PROD0144,3,0.15,405.17,160.28
10009,ORD005712,PROD0082,3,0.05,54.41,25.34
10010,ORD005713,PROD0084,3,0.15,244.49,59.99
10011,ORD005713,PROD0060,1,0.0,842.54,265.3
10012,ORD005713,PROD0028,2,0.0,1537.82,531.82
10013,ORD005714,PROD0085,2,0.1,119.14,34.0
10014,ORD005714,PROD0102,4,0.15,972.64,306.88
10015,ORD005715,PROD0121,5,0.1,139.86,40.26
10016,ORD005716,PROD0072,1,0.15,63.68,13.63
10017,ORD005716,PROD0084,5,0.05,455.43,147.93
10018,ORD005716,PROD0136,2,0.2,38.98,13.88
10019,ORD005716,PROD0090,1,0.1,85.79,32.48
10020,ORD005717,PROD0058,5,0.15,1451.42,469.47
10021,ORD005718,PROD0115,2,0.1,143.57,60.71
10022,ORD005719,PROD0083,1,0.0,13.6,6.04
10023,ORD005719,PROD0018,4,0.0,792.96,379.16
10024,ORD005720,PROD0123,1,0.15,196.5,45.3
10025,ORD005720,PROD0091,2,0.0,425.92,121.28
10026,ORD005721,PROD0147,3,0.0,597.0,190.92
10027,ORD005722,PROD0058,5,0.0,1707.55,725.6
10028,ORD005723,PROD0059,5,0.0,492.6,204.05
10029,ORD005724,PROD0094,2,0.0,374.24,171.36
10030,ORD005724,PROD0127,1,0.0,73.32,25.64
10031,ORD005725,PROD0043,1,0.0,892.37,339.27
10032,ORD005726,PROD0123,2,0.05,439.24,136.84
10033,ORD005727,PROD0080,2,0.0,131.2,49.36
10034,ORD005728,PROD0089,3,0.0,145.02,42.9
10035,ORD005729,PROD0125,4,0.0,746.2,307.52
10036,ORD005730,PROD0062,2,0.0,71.0,28.32
10037,ORD005731,PROD0074,4,0.05,251.52,91.44
10038,ORD005732,PROD0072,2,0.05,142.35,42.25
10039,ORD005732,PROD0003,2,0.05,2743.85,875.85
10040,ORD005733,PROD0029,4,0.0,985.84,491.24
10041,ORD005734,PROD0146,1,0.1,48.15,8.65
10042,ORD005735,PROD0134,5,0.15,428.7,90.4
10043,ORD005735,PROD0075,5,0.0,261.05,118.4
10044,ORD005736,PROD0007,4,0.0,4400.16,1649.2
10045,ORD005736,PROD0123,4,0.1,832.25,227.45
10046,ORD005736,PROD0086,3,0.15,256.43,77.93
10047,ORD005737,PROD0103,1,0.0,224.66,86.58
10048,ORD005738,PROD0066,5,0.2,294.04,36.79
10049,ORD005738,PROD0018,2,0.05,376.66,169.76
10050,ORD005739,PROD0115,1,0.0,79.76,38.33
10051,ORD005739,PROD0066,4,0.0,294.04,88.24
10052,ORD005740,PROD0129,3,0.0,189.84,66.12
10053,ORD005741,PROD0102,5,0.1,1287.32,455.12
10054,ORD005742,PROD0071,4,0.1,358.24,88.96
10055,ORD005742,PROD0029,2,0.0,492.92,245.62
10056,ORD005743,PROD0006,1,0.0,531.01,165.2
10057,ORD005743,PROD0125,5,0.05,886.11,337.76
10058,ORD005743,PROD0050,3,0.1,239.36,89.18
10059,ORD005744,PROD0110,1,0.0,20.19,5.26
10060,ORD005744,PROD0147,4,0.1,716.4,174.96
10061,ORD005745,PROD0084,5,0.0,479.4,171.9
10062,ORD005745,PROD0068,5,0.05,397.95,137.25
10063,ORD005746,PROD0048,2,0.0,232.64,59.12
10064,ORD005747,PROD0028,5,0.0,3844.55,1329.55
10065,ORD005747,PROD0072,2,0.05,142.35,42.25
10066,ORD005747,PROD0034,4,0.0,1275.96,416.28
10067,ORD005748,PROD0034,4,0.0,1275.96,416.28
10068,ORD005749,PROD0011,4,0.0,4744.56,1837.88
10069,ORD005750,PROD0054,1,0.1,149.16,49.06
10070,ORD005750,PROD0086,2,0.0,201.12,82.12
10071,ORD005751,PROD0062,3,0.0,106.5,42.48
10072,ORD005752,PROD0044,2,0.05,941.3,217.88
10073,ORD005752,PROD0147,3,0.0,597.0,190.92
10074,ORD005753,PROD0149,5,0.1,883.3,385.35
10075,ORD005754,PROD0081,5,0.15,236.81,39.01
10076,ORD005755,PROD0124,2,0.05,67.2,30.06
10077,ORD005755,PROD0146,2,0.2,85.6,6.6
10078,ORD005755,PROD0020,1,0.1,161.95,47.04
10079,ORD005756,PROD0012,2,0.05,1618.61,606.79
10080,ORD005757,PROD0060,5,0.0,4212.7,1326.5
10081,ORD005758,PROD0050,1,0.1,79.79,29.73
10082,ORD005759,PROD0056,4,0.0,1445.24,439.24
10083,ORD005760,PROD0109,3,0.0,164.37,46.95
10084,ORD005760,PROD0076,1,0.2,69.02,11.96
10085,ORD005761,PROD0055,4,0.0,3046.72,967.2
10086,ORD005761,PROD0001,5,0.0,5212.1,2240.7
10087,ORD005762,PROD0141,4,0.0,367.16,129.76
10088,ORD005763,PROD0056,4,0.0,1445.24,439.24
10089,ORD005763,PROD0066,3,0.05,209.5,55.15
10090,ORD005763,PROD0091,4,0.0,851.84,242.56
10091,ORD005764,PROD0026,1,0.05,646.27,234.51
10092,ORD005765,PROD0030,2,0.0,2540.68,1029.04
10093,ORD005766,PROD0023,3,0.05,3883.27,839.83
10094,ORD005767,PROD0104,4,0.0,1032.12,310.76
10095,ORD005767,PROD0100,3,0.1,337.63,142.96
10096,ORD005768,PROD0057,5,0.2,1462.44,503.79
10097,ORD005768,PROD0085,4,0.05,251.52,81.24
10098,ORD005769,PROD0076,1,0.1,77.65,20.59
10099,ORD005769,PROD0063,1,0.0,80.45,31.53
10100,ORD005769,PROD0027,2,0.05,1089.9,245.46
10101,ORD005770,PROD0109,5,0.05,260.25,64.55
10102,ORD005771,PROD0006,5,0.0,2655.05,826.0
10103,ORD005771,PROD0100,4,0.1,450.18,190.62
10104,ORD005771,PROD0081,2,0.0,111.44,32.32
10105,ORD005772,PROD0139,1,0.0,159.77,68.8
10106,ORD005772,PROD0053,2,0.0,1292.32,597.46
10107,ORD005772,PROD0058,5,0.0,1707.55,725.6
10108,ORD005773,PROD0108,2,0.0,65.72,22.58
10109,ORD005774,PROD0092,4,0.1,239.29,97.09
10110,ORD005775,PROD0106,2,0.0,220.8,94.74
10111,ORD005775,PROD0089,5,0.0,241.7,71.5
10112,ORD005776,PROD0030,2,0.0,2540.68,1029.04
10113,ORD005777,PROD0019,2,0.1,1543.73,466.35
10114,ORD005778,PROD0093,4,0.0,982.08,351.08
10115,ORD005778,PROD0029,3,0.0,739.38,368.43
10116,ORD005778,PROD0052,2,0.0,773.56,297.22
10117,ORD005779,PROD0029,2,0.0,492.92,245.62
10118,ORD005779,PROD0133,3,0.0,703.41,328.5
10119,ORD005780,PROD0087,1,0.05,66.59,14.19
10120,ORD005781,PROD0012,1,0.0,851.9,345.99
10121,ORD005782,PROD0065,1,0.1,9.44,3.63
10122,ORD005782,PROD0112,3,0.15,518.36,175.28
10123,ORD005783,PROD0104,3,0.0,774.09,233.07
10124,ORD005783,PROD0065,4,0.1,37.76,14.52
10125,ORD005783,PROD0097,4,0.05,1132.02,277.94
10126,ORD005783,PROD0043,2,0.1,1606.27,500.07
10127,ORD005784,PROD0080,3,0.05,186.96,64.2
10128,ORD005785,PROD0052,1,0.1,348.1,109.93
10129,ORD005786,PROD0125,5,0.05,886.11,337.76
10130,ORD005786,PROD0037,5,0.0,4488.8,2042.5
10131,ORD005787,PROD0121,1,0.05,29.53,9.61
10132,ORD005788,PROD0064,2,0.0,214.28,83.06
10133,ORD005789,PROD0067,5,0.2,200.96,62.96
10134,ORD005789,PROD0054,4,0.05,629.77,229.37
10135,ORD005789,PROD0131,5,0.0,528.4,232.35
10136,ORD005790,PROD0114,5,0.05,665.86,299.41
10137,ORD005791,PROD0108,1,0.0,32.86,11.29
10138,ORD005792,PROD0081,5,0.0,278.6,80.8
10139,ORD005793,PROD0127,1,0.05,69.65,21.97
10140,ORD005794,PROD0033,3,0.15,1205.61,433.44
10141,ORD005794,PROD0124,2,0.05,67.2,30.06
10142,ORD005795,PROD0070,4,0.0,193.08,55.72
10143,ORD005796,PROD0086,5,0.0,502.8,205.3
10144,ORD005796,PROD0110,4,0.1,72.68,12.96
10145,ORD005797,PROD0064,3,0.15,273.21,76.38
10146,ORD005797,PROD0081,3,0.0,167.16,48.48
10147,ORD005798,PROD0116,4,0.0,661.76,257.24
10148,ORD005799,PROD0107,5,0.0,282.85,81.15
10149,ORD005799,PROD0126,5,0.0,1004.5,440.0
10150,ORD005799,PROD0031,3,0.0,1063.44,314.91
10151,ORD005800,PROD0130,1,0.0,84.45,41.07
10152,ORD005801,PROD0006,2,0.0,1062.02,330.4
10153,ORD005801,PROD0053,5,0.0,3230.8,1493.65
10154,ORD005802,PROD0093,3,0.1,662.9,189.65
10155,ORD005802,PROD0056,2,0.0,722.62,219.62
10156,ORD005803,PROD0084,5,0.0,479.4,171.9
10157,ORD005803,PROD0037,3,0.05,2558.62,1090.84
10158,ORD005804,PROD0032,2,0.0,383.24,160.9
10159,ORD005804,PROD0113,3,0.0,103.5,35.55
10160,ORD005805,PROD0107,3,0.1,152.74,31.72
10161,ORD005806,PROD0005,4,0.0,3486.84,1002.96
10162,ORD005807,PROD0124,2,0.0,70.74,33.6
10163,ORD005807,PROD0135,3,0.0,56.76,27.42
10164,ORD005808,PROD0142,2,0.0,175.78,68.66
10165,ORD005809,PROD0046,4,0.0,2267.72,615.44
10166,ORD005809,PROD0037,1,0.05,852.87,363.61
10167,ORD005810,PROD0076,3,0.0,258.84,87.66
10168,ORD005811,PROD0088,5,0.0,213.75,53.45
10169,ORD005811,PROD0106,5,0.05,524.4,209.25
10170,ORD005812,PROD0109,2,0.0,109.58,31.3
10171,ORD005812,PROD0108,5,0.0,164.3,56.45
10172,ORD005812,PROD0022,2,0.0,1300.04,396.78
10173,ORD005813,PROD0030,3,0.05,3620.47,1353.01
10174,ORD005814,PROD0002,3,0.05,2862.14,1220.66
10175,ORD005815,PROD0098,5,0.0,449.55,144.8
10176,ORD005816,PROD0068,1,0.0,83.78,31.64
10177,ORD005816,PROD0056,2,0.1,650.36,147.36
10178,ORD005817,PROD0056,2,0.0,722.62,219.62
10179,ORD005817,PROD0091,1,0.05,202.31,49.99
10180,ORD005817,PROD0063,2,0.15,136.77,38.93
10181,ORD005818,PROD0071,1,0.0,99.51,32.19
10182,ORD005819,PROD0147,2,0.0,398.0,127.28
10183,ORD005820,PROD0140,3,0.1,364.93,141.58
10184,ORD005821,PROD0015,1,0.0,273.62,88.13
10185,ORD005822,PROD0105,3,0.0,873.24,256.56
10186,ORD005823,PROD0077,5,0.0,141.8,60.65
10187,ORD005824,PROD0117,1,0.15,211.47,25.61
10188,ORD005825,PROD0080,5,0.1,295.2,90.6
10189,ORD005825,PROD0049,2,0.0,1745.58,728.08
10190,ORD005825,PROD0043,3,0.05,2543.25,883.95
10191,ORD005826,PROD0008,5,0.2,766.56,231.86
10192,ORD005827,PROD0049,4,0.0,3491.16,1456.16
10193,ORD005828,PROD0035,5,0.0,3606.1,1509.25
10194,ORD005829,PROD0020,2,0.1,323.91,94.09
10195,ORD005830,PROD0100,2,0.1,225.09,95.31
10196,ORD005831,PROD0002,4,0.1,3615.34,1426.7
10197,ORD005832,PROD0030,3,0.0,3811.02,1543.56
10198,ORD005833,PROD0015,4,0.0,1094.48,352.52
10199,ORD005834,PROD0104,3,0.2,619.27,78.25
10200,ORD005835,PROD0052,5,0.05,1837.2,646.35
10201,ORD005836,PROD0085,3,0.0,198.57,70.86
10202,ORD005836,PROD0074,4,0.0,264.76,104.68
10203,ORD005837,PROD0014,1,0.2,965.74,146.94
10204,ORD005838,PROD0142,5,0.05,417.48,149.68
10205,ORD005839,PROD0126,1,0.05,190.85,77.95
10206,ORD005840,PROD0016,4,0.05,4265.5,1665.02
10207,ORD005841,PROD0150,2,0.0,276.22,119.96
10208,ORD005842,PROD0063,2,0.15,136.77,38.93
10209,ORD005843,PROD0030,3,0.05,3620.47,1353.01
10210,ORD005844,PROD0045,2,0.05,999.0,265.34
10211,ORD005844,PROD0089,4,0.05,183.69,47.53
10212,ORD005844,PROD0114,3,0.05,399.51,179.64
10213,ORD005844,PROD0103,1,0.05,213.43,75.35
10214,ORD005845,PROD0058,1,0.05,324.43,128.04
10215,ORD005845,PROD0100,4,0.0,500.2,240.64
10216,ORD005846,PROD0094,4,0.0,748.48,342.72
10217,ORD005846,PROD0074,2,0.15,112.52,32.48
10218,ORD005847,PROD0088,3,0.0,128.25,32.07
10219,ORD005847,PROD0078,2,0.05,194.98,60.58
10220,ORD005848,PROD0019,4,0.1,3087.47,932.71
10221,ORD005849,PROD0064,3,0.1,289.28,92.45
10222,ORD005850,PROD0131,5,0.1,475.56,179.51
10223,ORD005850,PROD0054,3,0.0,497.19,196.89
10224,ORD005850,PROD0041,3,0.0,582.39,247.11
10225,ORD005851,PROD0131,2,0.0,211.36,92.94
10226,ORD005852,PROD0058,1,0.1,307.36,110.97
10227,ORD005852,PROD0004,1,0.15,1187.34,384.39
10228,ORD005853,PROD0119,3,0.0,146.7,59.88
10229,ORD005854,PROD0064,1,0.15,91.07,25.46
10230,ORD005854,PROD0032,1,0.0,191.62,80.45
10231,ORD005855,PROD0090,4,0.05,362.22,148.98
10232,ORD005855,PROD0063,5,0.1,362.03,117.43
10233,ORD005856,PROD0144,5,0.0,794.45,386.3
10234,ORD005857,PROD0085,5,0.1,297.86,85.01
10235,ORD005857,PROD0105,3,0.0,873.24,256.56
10236,ORD005858,PROD0035,4,0.0,2884.88,1207.4
10237,ORD005858,PROD0137,2,0.0,164.64,52.98
10238,ORD005858,PROD0088,5,0.0,213.75,53.45
10239,ORD005859,PROD0120,5,0.0,635.8,188.6
10240,ORD005860,PROD0147,1,0.0,199.0,63.64
10241,ORD005860,PROD0071,2,0.0,199.02,64.38
10242,ORD005861,PROD0075,5,0.0,261.05,118.4
10243,ORD005861,PROD0118,3,0.15,392.09,135.05
10244,ORD005861,PROD0070,3,0.15,123.09,20.07
10245,ORD005862,PROD0099,4,0.0,628.2,223.4
10246,ORD005863,PROD0067,2,0.15,85.41,30.21
10247,ORD005864,PROD0121,4,0.0,124.32,44.64
10248,ORD005865,PROD0147,5,0.05,945.25,268.45
10249,ORD005866,PROD0073,3,0.05,103.28,45.74
10250,ORD005866,PROD0150,4,0.0,552.44,239.92
10251,ORD005867,PROD0101,1,0.0,164.37,70.75
10252,ORD005867,PROD0139,4,0.0,639.08,275.2
10253,ORD005868,PROD0007,1,0.05,1045.04,357.3
10254,ORD005869,PROD0003,4,0.05,5487.69,1751.69
10255,ORD005869,PROD0057,3,0.0,1096.83,521.64
10256,ORD005870,PROD0051,2,0.0,1075.1,352.72
10257,ORD005871,PROD0085,4,0.1,238.28,68.0
10258,ORD005871,PROD0045,3,0.05,1498.5,398.01
10259,ORD005871,PROD0065,5,0.05,49.83,20.78
10260,ORD005872,PROD0050,2,0.2,141.84,41.72
10261,ORD005872,PROD0019,4,0.05,3258.99,1104.23
10262,ORD005872,PROD0001,3,0.0,3127.26,1344.42
10263,ORD005873,PROD0074,5,0.0,330.95,130.85
10264,ORD005874,PROD0055,4,0.0,3046.72,967.2
10265,ORD005874,PROD0129,5,0.0,316.4,110.2
10266,ORD005874,PROD0087,4,0.15,238.34,28.74
10267,ORD005875,PROD0058,1,0.1,307.36,110.97
10268,ORD005876,PROD0025,2,0.05,924.62,318.0
10269,ORD005876,PROD0002,2,0.0,2008.52,914.2
10270,ORD005876,PROD0014,2,0.2,1931.49,293.89
10271,ORD005877,PROD0113,3,0.0,103.5,35.55
10272,ORD005878,PROD0024,1,0.0,295.9,119.79
10273,ORD005879,PROD0058,3,0.0,1024.53,435.36
10274,ORD005880,PROD0014,5,0.0,6035.9,1941.9
10275,ORD005880,PROD0006,2,0.0,1062.02,330.4
10276,ORD005881,PROD0059,4,0.0,394.08,163.24
10277,ORD005882,PROD0001,1,0.15,886.06,291.78
10278,ORD005882,PROD0122,3,0.15,301.97,60.17
10279,ORD005883,PROD0005,5,0.0,4358.55,1253.7
10280,ORD005884,PROD0006,3,0.0,1593.03,495.6
10281,ORD005885,PROD0074,4,0.0,264.76,104.68
10282,ORD005886,PROD0014,3,0.0,3621.54,1165.14
10283,ORD005886,PROD0046,5,0.0,2834.65,769.3
10284,ORD005887,PROD0101,4,0.15,558.86,184.38
10285,ORD005887,PROD0138,4,0.1,647.75,273.07
10286,ORD005888,PROD0131,1,0.0,105.68,46.47
10287,ORD005889,PROD0037,4,0.0,3591.04,1634.0
10288,ORD005890,PROD0128,4,0.0,327.84,86.76
10289,ORD005891,PROD0129,5,0.0,316.4,110.2
10290,ORD005892,PROD0043,3,0.15,2275.54,616.24
10291,ORD005893,PROD0022,4,0.0,2600.08,793.56
10292,ORD005894,PROD0129,4,0.0,253.12,88.16
10293,ORD005894,PROD0007,4,0.0,4400.16,1649.2
10294,ORD005894,PROD0070,1,0.15,41.03,6.69
10295,ORD005895,PROD0116,3,0.1,446.69,143.3
10296,ORD005895,PROD0148,3,0.0,134.49,40.98
10297,ORD005896,PROD0135,4,0.0,75.68,36.56
10298,ORD005896,PROD0144,2,0.0,317.78,154.52
10299,ORD005897,PROD0060,1,0.0,842.54,265.3
10300,ORD005898,PROD0144,2,0.05,301.89,138.63
10301,ORD005899,PROD0036,5,0.05,1801.72,411.52
10302,ORD005899,PROD0109,4,0.0,219.16,62.6
10303,ORD005900,PROD0055,5,0.0,3808.4,1209.0
10304,ORD005901,PROD0093,2,0.05,466.49,150.99
10305,ORD005902,PROD0050,2,0.0,177.3,77.18
10306,ORD005902,PROD0077,5,0.1,127.62,46.47
10307,ORD005902,PROD0033,1,0.0,472.79,215.4
10308,ORD005903,PROD0029,2,0.05,468.27,220.97
10309,ORD005904,PROD0094,5,0.0,935.6,428.4
10310,ORD005904,PROD0110,3,0.0,60.57,15.78
10311,ORD005905,PROD0018,3,0.1,535.25,224.9
10312,ORD005906,PROD0145,4,0.05,163.67,47.03
10313,ORD005907,PROD0083,3,0.0,40.8,18.12
10314,ORD005908,PROD0067,1,0.15,42.7,15.1
10315,ORD005909,PROD0042,3,0.0,1999.47,605.31
10316,ORD005909,PROD0061,4,0.0,282.84,118.0
10317,ORD005909,PROD0146,4,0.1,192.6,34.6
10318,ORD005910,PROD0149,4,0.1,706.64,308.28
10319,ORD005911,PROD0070,4,0.2,154.46,17.1
10320,ORD005911,PROD0037,1,0.05,852.87,363.61
10321,ORD005911,PROD0099,2,0.0,314.1,111.7
10322,ORD005912,PROD0043,2,0.05,1695.5,589.3
10323,ORD005912,PROD0070,3,0.0,144.81,41.79
10324,ORD005912,PROD0137,3,0.15,209.92,42.43
10325,ORD005913,PROD0082,3,0.05,54.41,25.34
10326,ORD005914,PROD0060,2,0.05,1600.83,446.35
10327,ORD005915,PROD0030,4,0.0,5081.36,2058.08
10328,ORD005915,PROD0113,3,0.0,103.5,35.55
10329,ORD005915,PROD0141,1,0.0,91.79,32.44
10330,ORD005915,PROD0077,5,0.0,141.8,60.65
10331,ORD005916,PROD0020,2,0.05,341.9,112.08
10332,ORD005916,PROD0030,5,0.0,6351.7,2572.6
10333,ORD005916,PROD0146,2,0.05,101.65,22.65
10334,ORD005917,PROD0013,1,0.0,899.52,364.29
10335,ORD005917,PROD0029,4,0.0,985.84,491.24
10336,ORD005918,PROD0145,2,0.05,81.83,23.51
10337,ORD005918,PROD0087,2,0.0,140.2,35.4
10338,ORD005918,PROD0100,1,0.0,125.05,60.16
10339,ORD005918,PROD0102,1,0.0,286.07,119.63
10340,ORD005919,PROD0015,5,0.1,1231.29,303.84
10341,ORD005920,PROD0031,1,0.0,354.48,104.97
10342,ORD005920,PROD0015,1,0.1,246.26,60.77
10343,ORD005920,PROD0091,5,0.0,1064.8,303.2
10344,ORD005921,PROD0079,5,0.05,300.72,127.02
10345,ORD005922,PROD0133,3,0.0,703.41,328.5
10346,ORD005923,PROD0053,4,0.0,2584.64,1194.92
10347,ORD005924,PROD0002,5,0.0,5021.3,2285.5
10348,ORD005925,PROD0125,5,0.0,932.75,384.4
10349,ORD005926,PROD0026,5,0.15,2891.19,832.39
10350,ORD005927,PROD0056,1,0.05,343.24,91.74
10351,ORD005927,PROD0030,3,0.0,3811.02,1543.56
10352,ORD005928,PROD0087,5,0.0,350.5,88.5
10353,ORD005929,PROD0066,2,0.1,132.32,29.42
10354,ORD005929,PROD0101,5,0.1,739.67,271.57
10355,ORD005930,PROD0042,5,0.0,3332.45,1008.85
10356,ORD005930,PROD0141,3,0.0,275.37,97.32
10357,ORD005931,PROD0028,3,0.15,1960.72,451.72
10358,ORD005931,PROD0053,4,0.15,2196.94,807.22
10359,ORD005931,PROD0032,1,0.05,182.04,70.87
10360,ORD005932,PROD0140,4,0.0,540.64,242.84
10361,ORD005932,PROD0086,4,0.15,341.9,103.9
10362,ORD005932,PROD0041,3,0.05,553.27,217.99
10363,ORD005932,PROD0032,4,0.1,689.83,245.15
10364,ORD005933,PROD0064,5,0.0,535.7,207.65
10365,ORD005934,PROD0022,1,0.0,650.02,198.39
10366,ORD005934,PROD0148,5,0.0,224.15,68.3
10367,ORD005934,PROD0009,4,0.0,3709.96,1285.64
10368,ORD005935,PROD0089,1,0.0,48.34,14.3
10369,ORD005935,PROD0128,1,0.0,81.96,21.69
10370,ORD005936,PROD0090,4,0.1,343.15,129.91
10371,ORD005936,PROD0079,5,0.1,284.9,111.2
10372,ORD005936,PROD0148,5,0.0,224.15,68.3
10373,ORD005937,PROD0043,2,0.1,1606.27,500.07
10374,ORD005937,PROD0061,2,0.05,134.35,51.93
10375,ORD005938,PROD0092,2,0.0,132.94,61.84
10376,ORD005939,PROD0002,1,0.05,954.05,406.89
10377,ORD005940,PROD0039,4,0.0,1758.12,751.0
10378,ORD005940,PROD0053,3,0.1,1744.63,702.34
10379,ORD005940,PROD0144,3,0.0,476.67,231.78
10380,ORD005941,PROD0073,4,0.0,144.96,68.24
10381,ORD005942,PROD0060,2,0.05,1600.83,446.35
10382,ORD005942,PROD0016,3,0.0,3367.5,1417.14
10383,ORD005943,PROD0058,2,0.0,683.02,290.24
10384,ORD005944,PROD0134,1,0.2,80.7,13.04
10385,ORD005944,PROD0129,1,0.0,63.28,22.04
10386,ORD005945,PROD0002,5,0.1,4519.17,1783.37
10387,ORD005946,PROD0012,3,0.15,2172.34,654.61
10388,ORD005947,PROD0079,5,0.0,316.55,142.85
10389,ORD005947,PROD0135,3,0.0,56.76,27.42
10390,ORD005947,PROD0033,3,0.0,1418.37,646.2
10391,ORD005948,PROD0004,2,0.1,2514.37,908.47
10392,ORD005948,PROD0041,2,0.15,330.02,106.5
10393,ORD005949,PROD0048,5,0.05,552.52,118.72
10394,ORD005949,PROD0090,4,0.0,381.28,168.04
10395,ORD005949,PROD0110,3,0.0,60.57,15.78
10396,ORD005950,PROD0136,1,0.0,24.36,11.81
10397,ORD005950,PROD0073,5,0.0,181.2,85.3
10398,ORD005951,PROD0099,2,0.0,314.1,111.7
10399,ORD005951,PROD0109,3,0.1,147.93,30.51
10400,ORD005952,PROD0076,4,0.0,345.12,116.88
10401,ORD005952,PROD0142,2,0.0,175.78,68.66
10402,ORD005952,PROD0067,3,0.0,150.72,67.92
10403,ORD005953,PROD0021,2,0.0,2374.88,674.64
10404,ORD005954,PROD0104,3,0.0,774.09,233.07
10405,ORD005955,PROD0083,1,0.0,13.6,6.04
10406,ORD005956,PROD0098,3,0.15,229.27,46.42
10407,ORD005957,PROD0050,5,0.1,398.93,148.63
10408,ORD005958,PROD0136,4,0.1,87.7,37.5
10409,ORD005959,PROD0036,3,0.0,1137.93,303.81
10410,ORD005959,PROD0106,1,0.0,110.4,47.37
10411,ORD005959,PROD0042,3,0.1,1799.52,405.36
10412,ORD005959,PROD0080,2,0.05,124.64,42.8
10413,ORD005960,PROD0018,4,0.05,753.31,339.51
10414,ORD005961,PROD0035,3,0.05,2055.48,797.37
10415,ORD005961,PROD0075,3,0.1,140.97,55.38
10416,ORD005961,PROD0090,4,0.0,381.28,168.04
10417,ORD005961,PROD0128,5,0.0,409.8,108.45
10418,ORD005962,PROD0052,1,0.0,386.78,148.61
10419,ORD005962,PROD0132,1,0.05,30.11,7.22
10420,ORD005962,PROD0102,1,0.0,286.07,119.63
10421,ORD005963,PROD0065,5,0.05,49.83,20.78
10422,ORD005963,PROD0139,3,0.0,479.31,206.4
10423,ORD005964,PROD0136,3,0.1,65.77,28.12
10424,ORD005965,PROD0034,4,0.15,1084.57,224.89
10425,ORD005965,PROD0085,2,0.2,105.9,20.76
10426,ORD005966,PROD0028,4,0.15,2614.29,602.29
10427,ORD005966,PROD0017,3,0.05,163.96,64.36
10428,ORD005966,PROD0127,1,0.0,73.32,25.64
10429,ORD005967,PROD0053,4,0.0,2584.64,1194.92
10430,ORD005968,PROD0127,3,0.0,219.96,76.92
10431,ORD005969,PROD0108,4,0.05,124.87,38.59
10432,ORD005969,PROD0086,3,0.0,301.68,123.18
10433,ORD005970,PROD0145,1,0.05,40.92,11.76
10434,ORD005970,PROD0116,4,0.05,628.67,224.15
10435,ORD005970,PROD0042,2,0.15,1133.03,203.59
10436,ORD005970,PROD0007,4,0.0,4400.16,1649.2
10437,ORD005971,PROD0138,4,0.05,683.73,309.05
10438,ORD005972,PROD0098,4,0.15,305.69,61.89
10439,ORD005972,PROD0068,3,0.05,238.77,82.35
10440,ORD005973,PROD0097,2,0.0,595.8,168.76
10441,ORD005973,PROD0069,3,0.0,227.01,78.81
10442,ORD005974,PROD0069,1,0.05,71.89,22.49
10443,ORD005974,PROD0104,2,0.05,490.26,129.58
10444,ORD005975,PROD0068,4,0.05,318.36,109.8
10445,ORD005975,PROD0012,4,0.15,2896.46,872.82
10446,ORD005976,PROD0127,3,0.05,208.96,65.92
10447,ORD005977,PROD0021,3,0.2,2849.86,299.5
10448,ORD005978,PROD0122,3,0.1,319.73,77.93
10449,ORD005979,PROD0103,3,0.1,606.58,192.34
10450,ORD005980,PROD0147,4,0.15,676.6,135.16
10451,ORD005980,PROD0131,5,0.0,528.4,232.35
10452,ORD005981,PROD0139,3,0.1,431.38,158.47
10453,ORD005982,PROD0141,4,0.0,367.16,129.76
10454,ORD005983,PROD0023,1,0.1,1226.3,211.82
10455,ORD005983,PROD0016,5,0.0,5612.5,2361.9
10456,ORD005983,PROD0085,4,0.0,264.76,94.48
10457,ORD005983,PROD0063,4,0.0,321.8,126.12
10458,ORD005984,PROD0062,5,0.0,177.5,70.8
10459,ORD005985,PROD0102,2,0.1,514.93,182.05
10460,ORD005986,PROD0090,2,0.05,181.11,74.49
10461,ORD005987,PROD0075,3,0.05,148.8,63.21
10462,ORD005988,PROD0059,2,0.2,157.63,42.21
10463,ORD005988,PROD0082,2,0.0,38.18,18.8
10464,ORD005989,PROD0131,4,0.15,359.31,122.47
10465,ORD005990,PROD0148,2,0.0,89.66,27.32
10466,ORD005990,PROD0102,2,0.0,572.14,239.26
10467,ORD005990,PROD0139,4,0.0,639.08,275.2
10468,ORD005991,PROD0049,4,0.0,3491.16,1456.16
10469,ORD005992,PROD0145,4,0.0,172.28,55.64
10470,ORD005992,PROD0078,1,0.0,102.62,35.42
10471,ORD005993,PROD0141,5,0.0,458.95,162.2
10472,ORD005994,PROD0046,3,0.05,1615.75,376.54
10473,ORD005994,PROD0036,2,0.0,758.62,202.54
10474,ORD005995,PROD0089,2,0.0,96.68,28.6
10475,ORD005996,PROD0089,3,0.05,137.77,35.65
10476,ORD005997,PROD0127,1,0.0,73.32,25.64
10477,ORD005997,PROD0070,4,0.05,183.43,46.07
10478,ORD005998,PROD0016,2,0.05,2132.75,832.51
10479,ORD005998,PROD0021,5,0.0,5937.2,1686.6
10480,ORD005998,PROD0060,2,0.05,1600.83,446.35
10481,ORD005999,PROD0033,4,0.0,1891.16,861.6
10482,ORD005999,PROD0047,5,0.0,3096.15,1273.3
10483,ORD006000,PROD0144,2,0.0,317.78,154.52
10484,ORD006001,PROD0017,4,0.05,218.61,85.81
10485,ORD006001,PROD0062,5,0.0,177.5,70.8
10486,ORD006001,PROD0115,1,0.05,75.77,34.34
10487,ORD006001,PROD0108,5,0.05,156.09,48.24
10488,ORD006002,PROD0022,2,0.15,1105.03,201.77
10489,ORD006003,PROD0003,1,0.05,1371.92,437.92
10490,ORD006003,PROD0142,3,0.05,250.49,89.81
10491,ORD006003,PROD0076,3,0.1,232.96,61.78
10492,ORD006004,PROD0022,2,0.0,1300.04,396.78
10493,ORD006004,PROD0117,5,0.1,1119.56,190.26
10494,ORD006005,PROD0107,2,0.0,113.14,32.46
10495,ORD006005,PROD0129,2,0.0,126.56,44.08
10496,ORD006005,PROD0118,3,0.1,415.15,158.11
10497,ORD006006,PROD0054,5,0.1,745.78,245.28
10498,ORD006006,PROD0069,4,0.2,242.14,44.54
10499,ORD006006,PROD0032,3,0.0,574.86,241.35
10500,ORD006007,PROD0047,2,0.0,1238.46,509.32
10501,ORD006007,PROD0123,3,0.15,589.51,135.91
10502,ORD006008,PROD0142,1,0.0,87.89,34.33
10503,ORD006009,PROD0128,5,0.1,368.82,67.47
10504,ORD006009,PROD0150,4,0.0,552.44,239.92
10505,ORD006009,PROD0071,1,0.2,79.61,12.29
10506,ORD006009,PROD0016,5,0.0,5612.5,2361.9
10507,ORD006010,PROD0005,5,0.05,4140.62,1035.77
10508,ORD006010,PROD0124,4,0.15,120.26,45.98
10509,ORD006011,PROD0126,3,0.05,572.57,233.87
10510,ORD006012,PROD0106,2,0.05,209.76,83.7
10511,ORD006012,PROD0006,5,0.0,2655.05,826.0
10512,ORD006012,PROD0013,5,0.2,3598.08,921.93
10513,ORD006013,PROD0085,1,0.0,66.19,23.62
10514,ORD006014,PROD0126,5,0.2,803.6,239.1
10515,ORD006015,PROD0042,1,0.05,633.17,168.45
10516,ORD006015,PROD0060,5,0.0,4212.7,1326.5
10517,ORD006016,PROD0006,3,0.0,1593.03,495.6
10518,ORD006016,PROD0146,5,0.0,267.5,70.0
10519,ORD006017,PROD0127,2,0.0,146.64,51.28
10520,ORD006017,PROD0142,4,0.05,333.98,119.74
10521,ORD006017,PROD0100,2,0.05,237.59,107.81
10522,ORD006018,PROD0135,1,0.1,17.03,7.25
10523,ORD006018,PROD0067,2,0.0,100.48,45.28
10524,ORD006018,PROD0104,1,0.0,258.03,77.69
10525,ORD006019,PROD0135,3,0.0,56.76,27.42
10526,ORD006019,PROD0081,1,0.05,52.93,13.37
10527,ORD006020,PROD0039,2,0.0,879.06,375.5
10528,ORD006021,PROD0135,4,0.05,71.9,32.78
10529,ORD006022,PROD0013,3,0.1,2428.7,823.01
10530,ORD006022,PROD0039,5,0.05,2087.77,828.87
10531,ORD006023,PROD0094,2,0.0,374.24,171.36
10532,ORD006024,PROD0097,4,0.0,1191.6,337.52
10533,ORD006024,PROD0080,1,0.0,65.6,24.68
10534,ORD006024,PROD0101,3,0.05,468.45,187.59
10535,ORD006025,PROD0017,1,0.05,54.65,21.45
10536,ORD006025,PROD0092,4,0.0,265.88,123.68
10537,ORD006025,PROD0051,3,0.0,1612.65,529.08
10538,ORD006026,PROD0118,1,0.05,146.07,60.39
10539,ORD006026,PROD0062,1,0.05,33.73,12.39
10540,ORD006027,PROD0087,1,0.2,56.08,3.68
10541,ORD006027,PROD0040,4,0.15,2555.27,454.19
10542,ORD006028,PROD0045,2,0.15,893.84,160.18
10543,ORD006028,PROD0034,3,0.05,909.12,264.36
10544,ORD006028,PROD0065,3,0.2,25.18,7.75
10545,ORD006029,PROD0038,4,0.0,3445.84,1325.24
10546,ORD006029,PROD0067,1,0.0,50.24,22.64
10547,ORD006030,PROD0023,5,0.0,6812.75,1740.35
10548,ORD006031,PROD0063,5,0.0,402.25,157.65
10549,ORD006031,PROD0086,2,0.0,201.12,82.12
10550,ORD006032,PROD0013,1,0.1,809.57,274.34
10551,ORD006033,PROD0063,5,0.0,402.25,157.65
10552,ORD006033,PROD0083,5,0.15,57.8,20.0
10553,ORD006034,PROD0059,5,0.05,467.97,179.42
10554,ORD006034,PROD0146,2,0.1,96.3,17.3
10555,ORD006035,PROD0102,1,0.0,286.07,119.63
10556,ORD006036,PROD0106,2,0.0,220.8,94.74
10557,ORD006036,PROD0102,1,0.05,271.77,105.33
10558,ORD006036,PROD0109,2,0.05,104.1,25.82
10559,ORD006037,PROD0147,4,0.0,796.0,254.56
10560,ORD006038,PROD0062,1,0.15,30.18,8.84
10561,ORD006038,PROD0007,1,0.0,1100.04,412.3
10562,ORD006039,PROD0033,3,0.1,1276.53,504.36
10563,ORD006040,PROD0086,2,0.0,201.12,82.12
10564,ORD006040,PROD0103,4,0.0,898.64,346.32
10565,ORD006040,PROD0109,1,0.0,54.79,15.65
10566,ORD006040,PROD0147,1,0.0,199.0,63.64
10567,ORD006041,PROD0125,4,0.2,596.96,158.28
10568,ORD006042,PROD0140,5,0.0,675.8,303.55
10569,ORD006042,PROD0103,2,0.2,359.46,83.3
10570,ORD006042,PROD0119,1,0.0,48.9,19.96
10571,ORD006043,PROD0125,4,0.15,634.27,195.59
10572,ORD006044,PROD0109,2,0.1,98.62,20.34
10573,ORD006045,PROD0066,5,0.0,367.55,110.3
10574,ORD006046,PROD0046,3,0.0,1700.79,461.58
10575,ORD006046,PROD0033,1,0.0,472.79,215.4
10576,ORD006046,PROD0012,1,0.0,851.9,345.99
10577,ORD006047,PROD0059,3,0.1,266.0,92.87
10578,ORD006047,PROD0071,1,0.05,94.53,27.21
10579,ORD006048,PROD0020,3,0.0,539.85,195.12
10580,ORD006049,PROD0026,5,0.0,3401.4,1342.6
10581,ORD006050,PROD0058,2,0.1,614.72,221.94
10582,ORD006051,PROD0086,5,0.0,502.8,205.3
10583,ORD006052,PROD0004,2,0.2,2234.99,629.09
10584,ORD006052,PROD0137,4,0.0,329.28,105.96
10585,ORD006053,PROD0067,3,0.15,128.11,45.31
10586,ORD006053,PROD0035,2,0.0,1442.44,603.7
10587,ORD006053,PROD0130,1,0.0,84.45,41.07
10588,ORD006054,PROD0129,4,0.05,240.46,75.5
10589,ORD006055,PROD0052,2,0.05,734.88,258.54
10590,ORD006056,PROD0087,5,0.15,297.93,35.93
10591,ORD006057,PROD0019,1,0.1,771.87,233.18
10592,ORD006058,PROD0038,1,0.0,861.46,331.31
10593,ORD006059,PROD0022,1,0.0,650.02,198.39
10594,ORD006060,PROD0067,1,0.0,50.24,22.64
10595,ORD006061,PROD0013,1,0.05,854.54,319.31
10596,ORD006062,PROD0075,4,0.1,187.96,73.84
10597,ORD006062,PROD0068,1,0.0,83.78,31.64
10598,ORD006062,PROD0067,4,0.0,200.96,90.56
10599,ORD006063,PROD0010,4,0.05,5528.73,2144.01
10600,ORD006063,PROD0045,5,0.05,2497.5,663.35
10601,ORD006063,PROD0005,2,0.05,1656.25,414.31
10602,ORD006064,PROD0123,3,0.1,624.19,170.59
10603,ORD006064,PROD0131,4,0.1,380.45,143.61
10604,ORD006064,PROD0077,5,0.0,141.8,60.65
10605,ORD006065,PROD0100,1,0.15,106.29,41.4
10606,ORD006065,PROD0037,5,0.2,3591.04,1144.74
10607,ORD006066,PROD0119,1,0.0,48.9,19.96
10608,ORD006066,PROD0010,3,0.1,3928.31,1389.77
10609,ORD006067,PROD0028,4,0.0,3075.64,1063.64
10610,ORD006068,PROD0004,3,0.0,4190.61,1781.76
10611,ORD006069,PROD0147,1,0.0,199.0,63.64
10612,ORD006069,PROD0103,5,0.0,1123.3,432.9
10613,ORD006070,PROD0025,3,0.0,1459.92,549.99
10614,ORD006071,PROD0113,4,0.1,124.2,33.6
10615,ORD006071,PROD0096,1,0.0,57.96,18.11
10616,ORD006071,PROD0078,2,0.05,194.98,60.58
10617,ORD006072,PROD0020,3,0.2,431.88,87.15
10618,ORD006073,PROD0047,2,0.0,1238.46,509.32
10619,ORD006073,PROD0106,2,0.0,220.8,94.74
10620,ORD006074,PROD0142,5,0.15,373.53,105.73
10621,ORD006075,PROD0002,2,0.05,1908.09,813.77
10622,ORD006075,PROD0101,5,0.05,780.76,312.66
10623,ORD006076,PROD0029,5,0.0,1232.3,614.05
10624,ORD006077,PROD0119,5,0.05,232.27,87.57
10625,ORD006077,PROD0115,2,0.0,159.52,76.66
10626,ORD006077,PROD0013,3,0.1,2428.7,823.01
10627,ORD006077,PROD0054,1,0.0,165.73,65.63
10628,ORD006078,PROD0018,5,0.0,991.2,473.95
10629,ORD006079,PROD0042,2,0.1,1199.68,270.24
10630,ORD006079,PROD0137,5,0.0,411.6,132.45
10631,ORD006080,PROD0118,3,0.0,461.28,204.24
10632,ORD006080,PROD0120,4,0.0,508.64,150.88
10633,ORD006081,PROD0036,4,0.1,1365.52,253.36
10634,ORD006082,PROD0058,5,0.0,1707.55,725.6
10635,ORD006082,PROD0139,5,0.0,798.85,344.0
10636,ORD006083,PROD0004,2,0.0,2793.74,1187.84
10637,ORD006084,PROD0011,2,0.1,2135.05,681.71
10638,ORD006084,PROD0127,3,0.15,186.97,43.93
10639,ORD006084,PROD0045,4,0.05,1998.0,530.68
10640,ORD006084,PROD0140,1,0.15,114.89,40.44
10641,ORD006085,PROD0031,3,0.1,957.1,208.57
10642,ORD006086,PROD0008,2,0.0,383.28,169.4
10643,ORD006086,PROD0076,4,0.05,327.86,99.62
10644,ORD006087,PROD0088,3,0.0,128.25,32.07
10645,ORD006087,PROD0035,4,0.0,2884.88,1207.4
10646,ORD006088,PROD0102,5,0.0,1430.35,598.15
10647,ORD006088,PROD0067,2,0.0,100.48,45.28
10648,ORD006088,PROD0148,4,0.0,179.32,54.64
10649,ORD006089,PROD0136,1,0.1,21.92,9.37
10650,ORD006090,PROD0067,2,0.0,100.48,45.28
10651,ORD006090,PROD0093,3,0.15,626.08,152.83
10652,ORD006090,PROD0046,1,0.0,566.93,153.86
10653,ORD006091,PROD0104,5,0.0,1290.15,388.45
10654,ORD006092,PROD0068,3,0.0,251.34,94.92
10655,ORD006093,PROD0062,5,0.1,159.75,53.05
10656,ORD006093,PROD0107,2,0.15,96.17,15.49
10657,ORD006094,PROD0040,5,0.0,3757.75,1131.4
10658,ORD006095,PROD0142,1,0.0,87.89,34.33
10659,ORD006096,PROD0100,4,0.05,475.19,215.63
10660,ORD006097,PROD0116,4,0.0,661.76,257.24
10661,ORD006098,PROD0111,4,0.0,1068.0,453.4
10662,ORD006098,PROD0094,4,0.1,673.63,267.87
10663,ORD006098,PROD0050,3,0.0,265.95,115.77
10664,ORD006099,PROD0051,4,0.0,2150.2,705.44
10665,ORD006099,PROD0005,5,0.1,3922.7,817.85
10666,ORD006100,PROD0006,1,0.0,531.01,165.2
10667,ORD006100,PROD0044,1,0.0,495.42,133.71
10668,ORD006100,PROD0022,1,0.1,585.02,133.39
10669,ORD006101,PROD0066,5,0.0,367.55,110.3
10670,ORD006102,PROD0009,3,0.2,2225.98,407.74
10671,ORD006103,PROD0134,3,0.0,302.61,99.63
10672,ORD006103,PROD0094,2,0.2,299.39,96.51
10673,ORD006104,PROD0067,2,0.0,100.48,45.28
10674,ORD006104,PROD0125,3,0.15,475.7,146.69
10675,ORD006105,PROD0115,4,0.15,271.18,105.46
10676,ORD006106,PROD0112,1,0.15,172.79,58.43
10677,ORD006106,PROD0061,4,0.0,282.84,118.0
10678,ORD006107,PROD0041,4,0.0,776.52,329.48
10679,ORD006107,PROD0013,1,0.0,899.52,364.29
10680,ORD006108,PROD0108,2,0.1,59.15,16.01
10681,ORD006108,PROD0054,3,0.05,472.33,172.03
10682,ORD006109,PROD0104,1,0.05,245.13,64.79
10683,ORD006110,PROD0036,1,0.0,379.31,101.27
10684,ORD006110,PROD0009,1,0.0,927.49,321.41
10685,ORD006110,PROD0078,3,0.0,307.86,106.26
10686,ORD006110,PROD0108,3,0.05,93.65,28.94
10687,ORD006111,PROD0019,3,0.0,2572.89,956.82
10688,ORD006111,PROD0145,2,0.0,86.14,27.82
10689,ORD006111,PROD0067,1,0.0,50.24,22.64
10690,ORD006112,PROD0004,4,0.0,5587.48,2375.68
10691,ORD006113,PROD0128,4,0.1,295.06,53.98
10692,ORD006113,PROD0021,5,0.2,4749.76,499.16
10693,ORD006114,PROD0048,2,0.0,232.64,59.12
10694,ORD006115,PROD0027,5,0.05,2724.74,613.64
10695,ORD006116,PROD0037,4,0.05,3411.49,1454.45
10696,ORD006117,PROD0020,4,0.05,683.81,224.17
10697,ORD006117,PROD0082,3,0.0,57.27,28.2
10698,ORD006118,PROD0059,3,0.0,295.56,122.43
10699,ORD006118,PROD0027,3,0.0,1720.89,454.23
10700,ORD006119,PROD0057,2,0.1,658.1,274.64
10701,ORD006119,PROD0078,2,0.0,205.24,70.84
10702,ORD006120,PROD0045,1,0.1,473.21,106.38
10703,ORD006120,PROD0071,3,0.05,283.6,81.64
10704,ORD006120,PROD0019,2,0.05,1629.5,552.12
10705,ORD006121,PROD0032,5,0.1,862.29,306.44
10706,ORD006122,PROD0029,3,0.05,702.41,331.46
10707,ORD006123,PROD0019,4,0.1,3087.47,932.71
10708,ORD006124,PROD0128,2,0.0,163.92,43.38
10709,ORD006125,PROD0108,4,0.05,124.87,38.59
10710,ORD006126,PROD0134,2,0.0,201.74,66.42
10711,ORD006126,PROD0066,4,0.0,294.04,88.24
10712,ORD006127,PROD0051,1,0.0,537.55,176.36
10713,ORD006127,PROD0139,2,0.05,303.56,121.62
10714,ORD006128,PROD0058,3,0.0,1024.53,435.36
10715,ORD006128,PROD0123,3,0.1,624.19,170.59
10716,ORD006129,PROD0134,2,0.0,201.74,66.42
10717,ORD006130,PROD0062,2,0.05,67.45,24.77
10718,ORD006130,PROD0083,5,0.05,64.6,26.8
10719,ORD006131,PROD0122,4,0.1,426.31,103.91
10720,ORD006131,PROD0040,5,0.0,3757.75,1131.4
10721,ORD006131,PROD0029,3,0.0,739.38,368.43
10722,ORD006131,PROD0117,4,0.15,845.89,102.45
10723,ORD006132,PROD0094,3,0.1,505.22,200.9
10724,ORD006132,PROD0027,2,0.0,1147.26,302.82
10725,ORD006132,PROD0059,1,0.05,93.59,35.88
10726,ORD006133,PROD0094,2,0.0,374.24,171.36
10727,ORD006134,PROD0084,1,0.05,91.09,29.59
10728,ORD006135,PROD0008,3,0.0,574.92,254.1
10729,ORD006136,PROD0092,5,0.05,315.73,137.98
10730,ORD006136,PROD0056,3,0.0,1083.93,329.43
10731,ORD006137,PROD0145,3,0.05,122.75,35.27
10732,ORD006138,PROD0123,5,0.0,1155.9,399.9
10733,ORD006139,PROD0048,4,0.15,395.49,48.45
10734,ORD006139,PROD0018,3,0.1,535.25,224.9
10735,ORD006140,PROD0061,4,0.15,240.41,75.57
10736,ORD006140,PROD0117,3,0.05,709.05,151.47
10737,ORD006140,PROD0032,3,0.1,517.37,183.86
10738,ORD006141,PROD0048,2,0.0,232.64,59.12
10739,ORD006142,PROD0148,5,0.1,201.73,45.88
10740,ORD006142,PROD0116,4,0.0,661.76,257.24
10741,ORD006142,PROD0083,5,0.1,61.2,23.4
10742,ORD006143,PROD0048,3,0.1,314.06,53.78
10743,ORD006143,PROD0058,2,0.15,580.57,187.79
10744,ORD006144,PROD0045,2,0.05,999.0,265.34
10745,ORD006144,PROD0104,5,0.05,1225.64,323.94
10746,ORD006145,PROD0068,2,0.0,167.56,63.28
10747,ORD006146,PROD0100,5,0.2,500.2,175.75
10748,ORD006147,PROD0033,1,0.1,425.51,168.12
10749,ORD006148,PROD0051,1,0.0,537.55,176.36
10750,ORD006149,PROD0076,1,0.0,86.28,29.22
10751,ORD006150,PROD0147,3,0.0,597.0,190.92
10752,ORD006150,PROD0051,5,0.1,2418.97,613.02
10753,ORD006150,PROD0122,4,0.15,402.63,80.23
10754,ORD006151,PROD0057,3,0.0,1096.83,521.64
10755,ORD006151,PROD0080,2,0.05,124.64,42.8
10756,ORD006152,PROD0093,2,0.0,491.04,175.54
10757,ORD006153,PROD0077,3,0.0,85.08,36.39
10758,ORD006154,PROD0145,3,0.0,129.21,41.73
10759,ORD006155,PROD0149,2,0.0,392.58,193.4
10760,ORD006156,PROD0140,5,0.05,642.01,269.76
10761,ORD006157,PROD0130,2,0.05,160.45,73.69
10762,ORD006158,PROD0039,5,0.15,1868.0,609.1
10763,ORD006158,PROD0098,2,0.05,170.83,48.93
10764,ORD006158,PROD0078,5,0.0,513.1,177.1
10765,ORD006159,PROD0037,1,0.0,897.76,408.5
10766,ORD006159,PROD0046,4,0.0,2267.72,615.44
10767,ORD006159,PROD0065,2,0.0,20.98,9.36
10768,ORD006159,PROD0031,2,0.0,708.96,209.94
10769,ORD006160,PROD0098,1,0.05,85.41,24.46
10770,ORD006161,PROD0012,4,0.0,3407.6,1383.96
10771,ORD006162,PROD0082,5,0.15,81.13,32.68
10772,ORD006163,PROD0066,5,0.05,349.17,91.92
10773,ORD006164,PROD0029,1,0.0,246.46,122.81
10774,ORD006164,PROD0139,2,0.15,271.61,89.67
10775,ORD006165,PROD0117,4,0.0,995.16,251.72
10776,ORD006165,PROD0032,4,0.1,689.83,245.15
10777,ORD006165,PROD0072,4,0.0,299.68,99.48
10778,ORD006165,PROD0023,4,0.0,5450.2,1392.28
10779,ORD006166,PROD0005,3,0.0,2615.13,752.22
10780,ORD006167,PROD0077,2,0.0,56.72,24.26
10781,ORD006167,PROD0070,5,0.0,241.35,69.65
10782,ORD006167,PROD0022,3,0.1,1755.05,400.16
10783,ORD006168,PROD0026,1,0.0,680.28,268.52
10784,ORD006169,PROD0128,2,0.05,155.72,35.18
10785,ORD006170,PROD0071,1,0.05,94.53,27.21
10786,ORD006171,PROD0133,2,0.0,468.94,219.0
10787,ORD006172,PROD0139,3,0.05,455.34,182.43
10788,ORD006173,PROD0007,5,0.0,5500.2,2061.5
10789,ORD006174,PROD0029,1,0.0,246.46,122.81
10790,ORD006175,PROD0026,4,0.0,2721.12,1074.08
10791,ORD006176,PROD0076,3,0.05,245.9,74.72
10792,ORD006176,PROD0098,1,0.1,80.92,19.97
10793,ORD006177,PROD0126,4,0.0,803.6,352.0
10794,ORD006177,PROD0125,1,0.15,158.57,48.9
10795,ORD006177,PROD0058,4,0.2,1092.83,307.27
10796,ORD006178,PROD0090,3,0.05,271.66,111.73
10797,ORD006179,PROD0109,5,0.0,273.95,78.25
10798,ORD006179,PROD0039,1,0.0,439.53,187.75
10799,ORD006179,PROD0142,3,0.0,263.67,102.99
10800,ORD006180,PROD0025,2,0.0,973.28,366.66
10801,ORD006180,PROD0125,1,0.0,186.55,76.88
10802,ORD006180,PROD0060,3,0.05,2401.24,669.52
10803,ORD006181,PROD0016,1,0.0,1122.5,472.38
10804,ORD006182,PROD0104,5,0.2,1032.12,130.42
10805,ORD006182,PROD0132,5,0.05,150.53,36.08
10806,ORD006183,PROD0096,5,0.2,231.84,32.59
10807,ORD006183,PROD0102,3,0.1,772.39,273.07
10808,ORD006184,PROD0047,3,0.05,1764.81,671.1
10809,ORD006185,PROD0105,5,0.0,1455.4,427.6
10810,ORD006185,PROD0052,4,0.05,1469.76,517.08
10811,ORD006186,PROD0054,3,0.1,447.47,147.17
10812,ORD006187,PROD0128,1,0.0,81.96,21.69
10813,ORD006187,PROD0061,1,0.2,56.57,15.36
10814,ORD006187,PROD0078,2,0.0,205.24,70.84
10815,ORD006188,PROD0048,5,0.0,581.6,147.8
10816,ORD006188,PROD0127,5,0.0,366.6,128.2
10817,ORD006188,PROD0107,3,0.0,169.71,48.69
10818,ORD006189,PROD0101,5,0.0,821.85,353.75
10819,ORD006190,PROD0146,1,0.0,53.5,14.0
10820,ORD006190,PROD0024,3,0.0,887.7,359.37
10821,ORD006191,PROD0064,5,0.05,508.92,180.87
10822,ORD006191,PROD0021,2,0.0,2374.88,674.64
10823,ORD006192,PROD0017,3,0.15,146.7,47.1
10824,ORD006192,PROD0107,2,0.15,96.17,15.49
10825,ORD006193,PROD0068,3,0.05,238.77,82.35
10826,ORD006194,PROD0145,1,0.1,38.76,9.6
10827,ORD006194,PROD0137,4,0.0,329.28,105.96
10828,ORD006194,PROD0138,4,0.0,719.72,345.04
10829,ORD006195,PROD0090,2,0.05,181.11,74.49
10830,ORD006196,PROD0130,5,0.0,422.25,205.35
10831,ORD006197,PROD0052,3,0.0,1160.34,445.83
10832,ORD006198,PROD0008,3,0.0,574.92,254.1
10833,ORD006199,PROD0121,2,0.15,52.84,13.0
10834,ORD006199,PROD0019,5,0.1,3859.33,1165.88
10835,ORD006200,PROD0104,3,0.15,657.98,116.96
10836,ORD006200,PROD0044,3,0.05,1411.95,326.82
10837,ORD006200,PROD0064,4,0.15,364.28,101.84
10838,ORD006201,PROD0130,1,0.0,84.45,41.07
10839,ORD006201,PROD0139,4,0.0,639.08,275.2
10840,ORD006201,PROD0023,3,0.0,4087.65,1044.21
10841,ORD006202,PROD0034,4,0.0,1275.96,416.28
10842,ORD006203,PROD0135,1,0.05,17.97,8.19
10843,ORD006203,PROD0032,4,0.15,651.51,206.83
10844,ORD006203,PROD0040,2,0.0,1503.1,452.56
10845,ORD006204,PROD0043,5,0.15,3792.57,1027.07
10846,ORD006205,PROD0120,1,0.15,108.09,18.65
10847,ORD006205,PROD0025,1,0.0,486.64,183.33
10848,ORD006206,PROD0051,2,0.0,1075.1,352.72
10849,ORD006207,PROD0115,1,0.05,75.77,34.34
10850,ORD006208,PROD0007,1,0.05,1045.04,357.3
10851,ORD006208,PROD0150,1,0.15,117.39,39.26
10852,ORD006209,PROD0146,5,0.0,267.5,70.0
10853,ORD006210,PROD0136,4,0.05,92.57,42.37
10854,ORD006211,PROD0120,5,0.1,572.22,125.02
10855,ORD006211,PROD0079,5,0.05,300.72,127.02
10856,ORD006212,PROD0041,1,0.05,184.42,72.66
10857,ORD006212,PROD0080,2,0.0,131.2,49.36
10858,ORD006213,PROD0019,3,0.1,2315.6,699.53
10859,ORD006213,PROD0107,4,0.05,214.97,53.61
10860,ORD006214,PROD0043,3,0.1,2409.4,750.1
10861,ORD006215,PROD0079,2,0.0,126.62,57.14
10862,ORD006216,PROD0001,3,0.0,3127.26,1344.42
10863,ORD006217,PROD0139,1,0.0,159.77,68.8
10864,ORD006217,PROD0089,2,0.2,77.34,9.26
10865,ORD006218,PROD0029,5,0.15,1047.45,429.2
10866,ORD006219,PROD0036,1,0.1,341.38,63.34
10867,ORD006219,PROD0089,3,0.05,137.77,35.65
10868,ORD006219,PROD0044,2,0.1,891.76,168.34
10869,ORD006219,PROD0057,1,0.0,365.61,173.88
10870,ORD006220,PROD0146,4,0.0,214.0,56.0
10871,ORD006221,PROD0115,3,0.0,239.28,114.99
10872,ORD006222,PROD0137,3,0.0,246.96,79.47
10873,ORD006222,PROD0028,5,0.05,3652.32,1137.32
10874,ORD006223,PROD0034,3,0.15,813.42,168.66
10875,ORD006224,PROD0141,2,0.15,156.04,37.34
10876,ORD006224,PROD0116,2,0.0,330.88,128.62
10877,ORD006225,PROD0018,3,0.1,535.25,224.9
10878,ORD006225,PROD0127,2,0.1,131.98,36.62
10879,ORD006226,PROD0002,4,0.0,4017.04,1828.4
10880,ORD006226,PROD0043,3,0.0,2677.11,1017.81
10881,ORD006227,PROD0093,4,0.0,982.08,351.08
10882,ORD006227,PROD0024,5,0.05,1405.52,524.97
10883,ORD006228,PROD0108,2,0.1,59.15,16.01
10884,ORD006229,PROD0020,4,0.15,611.83,152.19
10885,ORD006229,PROD0054,5,0.0,828.65,328.15
10886,ORD006230,PROD0056,2,0.05,686.49,183.49
10887,ORD006231,PROD0017,1,0.1,51.78,18.58
10888,ORD006232,PROD0042,5,0.1,2999.2,675.6
10889,ORD006232,PROD0139,4,0.0,639.08,275.2
10890,ORD006232,PROD0128,5,0.0,409.8,108.45
10891,ORD006233,PROD0107,4,0.0,226.28,64.92
10892,ORD006233,PROD0028,2,0.0,1537.82,531.82
10893,ORD006234,PROD0113,4,0.0,138.0,47.4
10894,ORD006234,PROD0145,1,0.05,40.92,11.76
10895,ORD006235,PROD0064,3,0.05,305.35,108.52
10896,ORD006235,PROD0034,3,0.0,956.97,312.21
10897,ORD006235,PROD0147,2,0.0,398.0,127.28
10898,ORD006235,PROD0114,4,0.05,532.68,239.52
10899,ORD006236,PROD0003,5,0.0,7220.65,2550.65
10900,ORD006236,PROD0137,1,0.1,74.09,18.26
10901,ORD006237,PROD0042,2,0.05,1266.33,336.89
10902,ORD006238,PROD0028,3,0.1,2076.06,567.06
10903,ORD006239,PROD0019,3,0.0,2572.89,956.82
10904,ORD006239,PROD0028,1,0.05,730.46,227.46
10905,ORD006240,PROD0135,2,0.0,37.84,18.28
10906,ORD006240,PROD0032,4,0.05,728.16,283.48
10907,ORD006240,PROD0055,5,0.0,3808.4,1209.0
10908,ORD006241,PROD0097,4,0.0,1191.6,337.52
10909,ORD006242,PROD0033,3,0.1,1276.53,504.36
10910,ORD006242,PROD0088,5,0.0,213.75,53.45
10911,ORD006242,PROD0054,3,0.0,497.19,196.89
10912,ORD006243,PROD0056,2,0.05,686.49,183.49
10913,ORD006243,PROD0113,2,0.15,58.65,13.35
10914,ORD006243,PROD0137,1,0.0,82.32,26.49
10915,ORD006243,PROD0135,3,0.05,53.92,24.58
10916,ORD006244,PROD0057,5,0.0,1828.05,869.4
10917,ORD006245,PROD0095,3,0.0,303.03,131.25
10918,ORD006246,PROD0088,2,0.2,68.4,4.28
10919,ORD006247,PROD0073,4,0.0,144.96,68.24
10920,ORD006247,PROD0122,5,0.05,562.5,159.5
10921,ORD006247,PROD0031,3,0.1,957.1,208.57
10922,ORD006248,PROD0119,2,0.05,92.91,35.03
10923,ORD006248,PROD0138,5,0.15,764.7,296.35
10924,ORD006248,PROD0095,5,0.1,454.55,168.25
10925,ORD006249,PROD0141,3,0.1,247.83,69.78
10926,ORD006249,PROD0088,3,0.0,128.25,32.07
10927,ORD006249,PROD0100,4,0.15,425.17,165.61
10928,ORD006250,PROD0103,5,0.05,1067.13,376.73
10929,ORD006250,PROD0106,4,0.0,441.6,189.48
10930,ORD006250,PROD0088,3,0.0,128.25,32.07
10931,ORD006251,PROD0062,1,0.1,31.95,10.61
10932,ORD006251,PROD0077,5,0.15,120.53,39.38
10933,ORD006251,PROD0035,3,0.05,2055.48,797.37
10934,ORD006252,PROD0113,5,0.0,172.5,59.25
10935,ORD006252,PROD0088,2,0.05,81.22,17.1
10936,ORD006253,PROD0077,3,0.2,68.06,19.37
10937,ORD006253,PROD0055,5,0.1,3427.56,828.16
10938,ORD006254,PROD0121,1,0.05,29.53,9.61
10939,ORD006255,PROD0002,4,0.0,4017.04,1828.4
10940,ORD006256,PROD0019,3,0.05,2444.25,828.18
10941,ORD006256,PROD0112,4,0.0,813.12,355.68
10942,ORD006257,PROD0108,4,0.0,131.44,45.16
10943,ORD006257,PROD0002,2,0.0,2008.52,914.2
10944,ORD006258,PROD0022,2,0.05,1235.04,331.78
10945,ORD006259,PROD0047,2,0.0,1238.46,509.32
10946,ORD006259,PROD0108,5,0.05,156.09,48.24
10947,ORD006259,PROD0085,4,0.15,225.05,54.77
10948,ORD006260,PROD0087,2,0.15,119.17,14.37
10949,ORD006261,PROD0113,3,0.1,93.15,25.2
10950,ORD006262,PROD0056,4,0.0,1445.24,439.24
10951,ORD006262,PROD0105,4,0.0,1164.32,342.08
10952,ORD006262,PROD0063,1,0.05,76.43,27.51
10953,ORD006262,PROD0079,1,0.0,63.31,28.57
10954,ORD006263,PROD0096,3,0.1,156.49,36.94
10955,ORD006264,PROD0006,4,0.0,2124.04,660.8
10956,ORD006264,PROD0034,3,0.0,956.97,312.21
10957,ORD006265,PROD0139,2,0.0,319.54,137.6
10958,ORD006266,PROD0085,5,0.15,281.31,68.46
10959,ORD006266,PROD0040,3,0.0,2254.65,678.84
10960,ORD006267,PROD0035,5,0.0,3606.1,1509.25
10961,ORD006267,PROD0121,2,0.1,55.94,16.1
10962,ORD006268,PROD0108,5,0.0,164.3,56.45
10963,ORD006269,PROD0129,3,0.0,189.84,66.12
10964,ORD006269,PROD0026,1,0.0,680.28,268.52
10965,ORD006269,PROD0030,5,0.1,5716.53,1937.43
10966,ORD006270,PROD0030,2,0.0,2540.68,1029.04
10967,ORD006270,PROD0006,4,0.1,1911.64,448.4
10968,ORD006270,PROD0036,1,0.05,360.34,82.3
10969,ORD006271,PROD0020,3,0.0,539.85,195.12
10970,ORD006271,PROD0112,1,0.1,182.95,68.59
10971,ORD006272,PROD0092,5,0.1,299.12,121.37
10972,ORD006272,PROD0085,1,0.0,66.19,23.62
10973,ORD006272,PROD0047,1,0.15,526.35,161.78
10974,ORD006273,PROD0008,1,0.0,191.64,84.7
10975,ORD006273,PROD0039,5,0.05,2087.77,828.87
10976,ORD006273,PROD0055,3,0.0,2285.04,725.4
10977,ORD006273,PROD0089,4,0.15,164.36,28.2
10978,ORD006274,PROD0112,4,0.0,813.12,355.68
10979,ORD006274,PROD0142,4,0.1,316.4,102.16
10980,ORD006275,PROD0046,1,0.05,538.58,125.51
10981,ORD006275,PROD0077,3,0.0,85.08,36.39
10982,ORD006276,PROD0147,5,0.0,995.0,318.2
10983,ORD006276,PROD0133,1,0.05,222.75,97.78
10984,ORD006277,PROD0040,1,0.0,751.55,226.28
10985,ORD006278,PROD0009,3,0.05,2643.35,825.11
10986,ORD006278,PROD0140,2,0.0,270.32,121.42
10987,ORD006279,PROD0014,5,0.05,5734.11,1640.11
10988,ORD006280,PROD0066,3,0.15,187.45,33.1
10989,ORD006281,PROD0108,5,0.0,164.3,56.45
10990,ORD006282,PROD0122,4,0.05,450.0,127.6
10991,ORD006283,PROD0067,2,0.1,90.43,35.23
10992,ORD006283,PROD0087,2,0.0,140.2,35.4
10993,ORD006284,PROD0031,4,0.2,1134.34,136.3
10994,ORD006285,PROD0020,4,0.1,647.82,188.18
10995,ORD006286,PROD0081,3,0.15,142.09,23.41
10996,ORD006286,PROD0016,1,0.15,954.12,304.0
10997,ORD006287,PROD0094,1,0.05,177.76,76.32
10998,ORD006287,PROD0059,5,0.05,467.97,179.42
10999,ORD006287,PROD0091,4,0.05,809.25,199.97
11000,ORD006288,PROD0118,2,0.0,307.52,136.16
11001,ORD006289,PROD0099,2,0.0,314.1,111.7
11002,ORD006290,PROD0047,5,0.15,2631.73,808.88
11003,ORD006290,PROD0134,4,0.1,363.13,92.49
11004,ORD006291,PROD0055,2,0.05,1447.19,407.43
11005,ORD006291,PROD0114,1,0.0,140.18,66.89
11006,ORD006292,PROD0086,1,0.05,95.53,36.03
11007,ORD006293,PROD0015,1,0.0,273.62,88.13
11008,ORD006294,PROD0069,3,0.0,227.01,78.81
11009,ORD006295,PROD0019,4,0.0,3430.52,1275.76
11010,ORD006295,PROD0150,2,0.2,220.98,64.72
11011,ORD006295,PROD0116,5,0.05,785.84,280.19
11012,ORD006296,PROD0088,2,0.0,85.5,21.38
11013,ORD006297,PROD0059,4,0.0,394.08,163.24
11014,ORD006297,PROD0015,4,0.0,1094.48,352.52
11015,ORD006297,PROD0062,3,0.05,101.17,37.15
11016,ORD006297,PROD0148,2,0.0,89.66,27.32
11017,ORD006298,PROD0053,1,0.0,646.16,298.73
11018,ORD006299,PROD0014,5,0.15,5130.52,1036.52
11019,ORD006300,PROD0127,4,0.05,278.62,87.9
11020,ORD006300,PROD0092,2,0.0,132.94,61.84
11021,ORD006301,PROD0054,1,0.0,165.73,65.63
11022,ORD006301,PROD0046,4,0.0,2267.72,615.44
11023,ORD006301,PROD0039,4,0.0,1758.12,751.0
11024,ORD006302,PROD0023,3,0.0,4087.65,1044.21
11025,ORD006303,PROD0115,3,0.0,239.28,114.99
11026,ORD006303,PROD0107,3,0.2,135.77,14.75
11027,ORD006304,PROD0103,5,0.05,1067.13,376.73
11028,ORD006304,PROD0048,3,0.0,348.96,88.68
11029,ORD006304,PROD0085,4,0.05,251.52,81.24
11030,ORD006305,PROD0083,1,0.1,12.24,4.68
11031,ORD006305,PROD0016,5,0.0,5612.5,2361.9
11032,ORD006306,PROD0089,1,0.0,48.34,14.3
11033,ORD006306,PROD0060,4,0.0,3370.16,1061.2
11034,ORD006306,PROD0047,2,0.1,1114.61,385.47
11035,ORD006307,PROD0016,3,0.0,3367.5,1417.14
11036,ORD006308,PROD0133,1,0.05,222.75,97.78
11037,ORD006309,PROD0010,5,0.0,7274.65,3043.75
11038,ORD006310,PROD0024,2,0.2,473.44,121.22
11039,ORD006311,PROD0116,4,0.0,661.76,257.24
11040,ORD006312,PROD0024,3,0.05,843.31,314.98
11041,ORD006312,PROD0034,4,0.0,1275.96,416.28
11042,ORD006313,PROD0011,3,0.0,3558.42,1378.41
11043,ORD006314,PROD0068,5,0.05,397.95,137.25
11044,ORD006314,PROD0131,2,0.0,211.36,92.94
11045,ORD006314,PROD0035,3,0.0,2163.66,905.55
11046,ORD006315,PROD0040,3,0.0,2254.65,678.84
11047,ORD006316,PROD0086,4,0.15,341.9,103.9
11048,ORD006316,PROD0111,2,0.0,534.0,226.7
11049,ORD006316,PROD0128,5,0.05,389.31,87.96
11050,ORD006317,PROD0101,2,0.2,262.99,75.75
11051,ORD006318,PROD0086,2,0.0,201.12,82.12
11052,ORD006318,PROD0095,4,0.0,404.04,175.0
11053,ORD006319,PROD0062,2,0.1,63.9,21.22
11054,ORD006319,PROD0125,5,0.15,792.84,244.49
11055,ORD006320,PROD0018,3,0.0,594.72,284.37
11056,ORD006320,PROD0064,2,0.2,171.42,40.2
11057,ORD006320,PROD0049,2,0.05,1658.3,640.8
11058,ORD006321,PROD0051,3,0.05,1532.02,448.45
11059,ORD006321,PROD0008,3,0.0,574.92,254.1
11060,ORD006322,PROD0069,2,0.0,151.34,52.54
11061,ORD006322,PROD0053,1,0.05,613.85,266.42
11062,ORD006323,PROD0032,5,0.0,958.1,402.25
11063,ORD006323,PROD0124,5,0.2,141.48,48.63
11064,ORD006323,PROD0053,1,0.1,581.54,234.11
11065,ORD006324,PROD0143,2,0.0,144.9,38.96
11066,ORD006325,PROD0006,4,0.0,2124.04,660.8
11067,ORD006326,PROD0091,1,0.15,181.02,28.7
11068,ORD006326,PROD0134,3,0.0,302.61,99.63
11069,ORD006327,PROD0120,5,0.05,604.01,156.81
11070,ORD006328,PROD0035,2,0.0,1442.44,603.7
11071,ORD006328,PROD0110,1,0.0,20.19,5.26
11072,ORD006328,PROD0061,2,0.0,141.42,59.0
11073,ORD006329,PROD0058,2,0.05,648.87,256.09
11074,ORD006330,PROD0113,3,0.15,87.97,20.02
11075,ORD006331,PROD0149,5,0.1,883.3,385.35
11076,ORD006331,PROD0062,5,0.2,142.0,35.3
11077,ORD006331,PROD0109,3,0.0,164.37,46.95
11078,ORD006331,PROD0039,4,0.1,1582.31,575.19
11079,ORD006332,PROD0057,2,0.0,731.22,347.76
11080,ORD006332,PROD0092,2,0.1,119.65,48.55
11081,ORD006333,PROD0064,4,0.0,428.56,166.12
11082,ORD006334,PROD0026,3,0.0,2040.84,805.56
11083,ORD006334,PROD0046,2,0.0,1133.86,307.72
11084,ORD006334,PROD0011,4,0.0,4744.56,1837.88
11085,ORD006335,PROD0043,5,0.0,4461.85,1696.35
11086,ORD006335,PROD0115,1,0.05,75.77,34.34
11087,ORD006335,PROD0091,3,0.05,606.94,149.98
11088,ORD006336,PROD0150,3,0.0,414.33,179.94
11089,ORD006336,PROD0065,2,0.0,20.98,9.36
11090,ORD006337,PROD0120,1,0.15,108.09,18.65
11091,ORD006338,PROD0035,4,0.0,2884.88,1207.4
11092,ORD006339,PROD0113,5,0.1,155.25,42.0
11093,ORD006339,PROD0032,2,0.15,325.75,103.41
11094,ORD006339,PROD0111,4,0.0,1068.0,453.4
11095,ORD006340,PROD0086,3,0.1,271.51,93.01
11096,ORD006340,PROD0139,4,0.0,639.08,275.2
11097,ORD006340,PROD0099,1,0.05,149.2,48.0
11098,ORD006341,PROD0014,3,0.15,3078.31,621.91
11099,ORD006341,PROD0036,2,0.15,644.83,88.75
11100,ORD006341,PROD0100,1,0.0,125.05,60.16
11101,ORD006341,PROD0108,1,0.0,32.86,11.29
11102,ORD006342,PROD0083,4,0.0,54.4,24.16
11103,ORD006343,PROD0042,2,0.05,1266.33,336.89
11104,ORD006344,PROD0150,1,0.0,138.11,59.98
11105,ORD006345,PROD0148,4,0.05,170.35,45.67
11106,ORD006345,PROD0073,4,0.0,144.96,68.24
11107,ORD006346,PROD0147,1,0.05,189.05,53.69
11108,ORD006347,PROD0115,1,0.0,79.76,38.33
11109,ORD006347,PROD0125,4,0.1,671.58,232.9
11110,ORD006348,PROD0059,2,0.15,167.48,52.06
11111,ORD006348,PROD0092,1,0.0,66.47,30.92
11112,ORD006349,PROD0086,4,0.0,402.24,164.24
11113,ORD006349,PROD0026,3,0.0,2040.84,805.56
11114,ORD006350,PROD0093,4,0.15,834.77,203.77
11115,ORD006350,PROD0077,2,0.15,48.21,15.75
11116,ORD006351,PROD0089,4,0.0,193.36,57.2
11117,ORD006351,PROD0136,4,0.05,92.57,42.37
11118,ORD006351,PROD0041,3,0.0,582.39,247.11
11119,ORD006351,PROD0133,4,0.15,797.2,297.32
11120,ORD006352,PROD0021,1,0.0,1187.44,337.32
11121,ORD006352,PROD0086,1,0.15,85.48,25.98
11122,ORD006352,PROD0061,3,0.0,212.13,88.5
11123,ORD006353,PROD0034,2,0.0,637.98,208.14
11124,ORD006353,PROD0033,3,0.1,1276.53,504.36
11125,ORD006354,PROD0104,1,0.05,245.13,64.79
11126,ORD006355,PROD0080,2,0.05,124.64,42.8
11127,ORD006356,PROD0006,1,0.2,424.81,59.0
11128,ORD006357,PROD0125,4,0.0,746.2,307.52
11129,ORD006357,PROD0030,1,0.0,1270.34,514.52
11130,ORD006358,PROD0037,2,0.1,1615.97,637.45
11131,ORD006358,PROD0035,4,0.1,2596.39,918.91
11132,ORD006358,PROD0063,3,0.0,241.35,94.59
11133,ORD006359,PROD0033,1,0.0,472.79,215.4
11134,ORD006360,PROD0034,2,0.0,637.98,208.14
11135,ORD006360,PROD0083,5,0.0,68.0,30.2
11136,ORD006360,PROD0014,1,0.1,1086.46,267.66
11137,ORD006361,PROD0088,5,0.0,213.75,53.45
11138,ORD006361,PROD0014,2,0.0,2414.36,776.76
11139,ORD006361,PROD0081,5,0.15,236.81,39.01
11140,ORD006361,PROD0046,3,0.0,1700.79,461.58
11141,ORD006362,PROD0120,5,0.0,635.8,188.6
11142,ORD006362,PROD0071,2,0.0,199.02,64.38
11143,ORD006362,PROD0074,4,0.0,264.76,104.68
11144,ORD006363,PROD0090,1,0.0,95.32,42.01
11145,ORD006363,PROD0073,2,0.2,57.98,19.62
11146,ORD006363,PROD0081,2,0.0,111.44,32.32
11147,ORD006364,PROD0104,5,0.0,1290.15,388.45
11148,ORD006365,PROD0034,2,0.0,637.98,208.14
11149,ORD006365,PROD0105,2,0.0,582.16,171.04
11150,ORD006365,PROD0038,5,0.0,4307.3,1656.55
11151,ORD006366,PROD0063,5,0.0,402.25,157.65
11152,ORD006366,PROD0104,3,0.0,774.09,233.07
11153,ORD006366,PROD0042,2,0.0,1332.98,403.54
11154,ORD006366,PROD0083,4,0.0,54.4,24.16
11155,ORD006367,PROD0137,3,0.0,246.96,79.47
11156,ORD006367,PROD0014,5,0.1,5432.31,1338.31
11157,ORD006368,PROD0140,2,0.2,216.26,67.36
11158,ORD006369,PROD0021,1,0.0,1187.44,337.32
11159,ORD006369,PROD0010,4,0.05,5528.73,2144.01
11160,ORD006370,PROD0131,1,0.05,100.4,41.19
11161,ORD006370,PROD0100,1,0.0,125.05,60.16
11162,ORD006371,PROD0129,5,0.15,268.94,62.74
11163,ORD006371,PROD0149,1,0.0,196.29,96.7
11164,ORD006371,PROD0013,1,0.1,809.57,274.34
11165,ORD006372,PROD0066,2,0.0,147.02,44.12
11166,ORD006373,PROD0103,1,0.0,224.66,86.58
11167,ORD006374,PROD0052,2,0.05,734.88,258.54
11168,ORD006375,PROD0036,4,0.15,1289.65,177.49
11169,ORD006376,PROD0130,2,0.1,152.01,65.25
11170,ORD006377,PROD0089,5,0.05,229.62,59.42
11171,ORD006377,PROD0139,5,0.0,798.85,344.0
11172,ORD006378,PROD0046,2,0.0,1133.86,307.72
11173,ORD006379,PROD0148,4,0.0,179.32,54.64
11174,ORD006379,PROD0103,1,0.0,224.66,86.58
11175,ORD006380,PROD0127,1,0.1,65.99,18.31
11176,ORD006381,PROD0041,3,0.0,582.39,247.11
11177,ORD006381,PROD0124,1,0.05,33.6,15.03
11178,ORD006382,PROD0052,5,0.05,1837.2,646.35
11179,ORD006383,PROD0142,2,0.1,158.2,51.08
11180,ORD006384,PROD0123,3,0.0,693.54,239.94
11181,ORD006384,PROD0030,2,0.05,2413.65,902.01
11182,ORD006385,PROD0017,1,0.0,57.53,24.33
11183,ORD006386,PROD0020,4,0.2,575.84,116.2
11184,ORD006386,PROD0050,3,0.0,265.95,115.77
11185,ORD006387,PROD0095,3,0.15,257.58,85.8
11186,ORD006388,PROD0004,1,0.0,1396.87,593.92
11187,ORD006389,PROD0128,4,0.0,327.84,86.76
11188,ORD006389,PROD0037,3,0.1,2423.95,956.17
11189,ORD006390,PROD0042,2,0.0,1332.98,403.54
11190,ORD006391,PROD0067,5,0.0,251.2,113.2
11191,ORD006392,PROD0026,5,0.1,3061.26,1002.46
11192,ORD006393,PROD0150,2,0.1,248.6,92.34
11193,ORD006393,PROD0022,4,0.0,2600.08,793.56
11194,ORD006394,PROD0111,2,0.0,534.0,226.7
11195,ORD006394,PROD0127,5,0.1,329.94,91.54
11196,ORD006394,PROD0103,2,0.0,449.32,173.16
11197,ORD006394,PROD0100,1,0.0,125.05,60.16
11198,ORD006395,PROD0028,4,0.1,2768.08,756.08
11199,ORD006395,PROD0056,3,0.0,1083.93,329.43
11200,ORD006395,PROD0049,3,0.0,2618.37,1092.12
11201,ORD006396,PROD0071,4,0.15,338.33,69.05
11202,ORD006396,PROD0065,1,0.0,10.49,4.68
11203,ORD006397,PROD0109,5,0.2,219.16,23.46
11204,ORD006397,PROD0027,4,0.05,2179.79,490.91
11205,ORD006398,PROD0064,4,0.2,342.85,80.41
11206,ORD006399,PROD0068,4,0.0,335.12,126.56
11207,ORD006400,PROD0127,1,0.05,69.65,21.97
11208,ORD006400,PROD0145,3,0.0,129.21,41.73
11209,ORD006401,PROD0034,4,0.05,1212.16,352.48
11210,ORD006401,PROD0150,5,0.0,690.55,299.9
11211,ORD006401,PROD0064,1,0.05,101.78,36.17
11212,ORD006402,PROD0135,1,0.1,17.03,7.25
11213,ORD006403,PROD0002,4,0.05,3816.19,1627.55
11214,ORD006403,PROD0027,3,0.15,1462.76,196.1
11215,ORD006403,PROD0022,1,0.0,650.02,198.39
11216,ORD006404,PROD0015,1,0.15,232.58,47.09
11217,ORD006405,PROD0038,4,0.05,3273.55,1152.95
11218,ORD006405,PROD0046,1,0.05,538.58,125.51
11219,ORD006406,PROD0132,5,0.0,158.45,44.0
11220,ORD006406,PROD0061,3,0.05,201.52,77.89
11221,ORD006406,PROD0049,2,0.0,1745.58,728.08
11222,ORD006407,PROD0111,1,0.0,267.0,113.35
11223,ORD006407,PROD0096,5,0.15,246.33,47.08
11224,ORD006408,PROD0125,4,0.0,746.2,307.52
11225,ORD006408,PROD0105,1,0.15,247.42,41.86
11226,ORD006409,PROD0137,2,0.05,156.41,44.75
11227,ORD006409,PROD0144,1,0.05,150.95,69.32
11228,ORD006409,PROD0149,2,0.1,353.32,154.14
11229,ORD006410,PROD0149,4,0.1,706.64,308.28
11230,ORD006411,PROD0044,5,0.0,2477.1,668.55
11231,ORD006411,PROD0119,2,0.0,97.8,39.92
11232,ORD006411,PROD0080,5,0.0,328.0,123.4
11233,ORD006412,PROD0099,5,0.0,785.25,279.25
11234,ORD006413,PROD0014,5,0.1,5432.31,1338.31
11235,ORD006414,PROD0147,2,0.0,398.0,127.28
11236,ORD006415,PROD0051,4,0.0,2150.2,705.44
11237,ORD006416,PROD0088,4,0.2,136.8,8.56
11238,ORD006417,PROD0070,4,0.1,173.77,36.41
11239,ORD006417,PROD0024,3,0.0,887.7,359.37
11240,ORD006417,PROD0031,1,0.0,354.48,104.97
11241,ORD006418,PROD0004,3,0.0,4190.61,1781.76
11242,ORD006419,PROD0101,2,0.0,328.74,141.5
11243,ORD006420,PROD0149,4,0.0,785.16,386.8
11244,ORD006421,PROD0076,5,0.0,431.4,146.1
11245,ORD006422,PROD0149,2,0.0,392.58,193.4
11246,ORD006422,PROD0062,5,0.05,168.62,61.92
11247,ORD006423,PROD0136,3,0.0,73.08,35.43
11248,ORD006423,PROD0073,2,0.1,65.23,26.87
11249,ORD006424,PROD0077,4,0.05,107.77,42.85
11250,ORD006424,PROD0120,5,0.0,635.8,188.6
11251,ORD006425,PROD0006,5,0.0,2655.05,826.0
11252,ORD006426,PROD0052,3,0.2,928.27,213.76
11253,ORD006427,PROD0028,5,0.15,3267.87,752.87
11254,ORD006427,PROD0085,4,0.1,238.28,68.0
11255,ORD006427,PROD0114,2,0.2,224.29,77.71
11256,ORD006428,PROD0041,1,0.1,174.72,62.96
11257,ORD006429,PROD0143,2,0.0,144.9,38.96
11258,ORD006429,PROD0092,5,0.0,332.35,154.6
11259,ORD006429,PROD0053,4,0.05,2455.41,1065.69
11260,ORD006429,PROD0084,4,0.0,383.52,137.52
11261,ORD006430,PROD0010,4,0.0,5819.72,2435.0
11262,ORD006431,PROD0098,2,0.1,161.84,39.94
11263,ORD006432,PROD0073,2,0.0,72.48,34.12
11264,ORD006432,PROD0061,1,0.0,70.71,29.5
11265,ORD006432,PROD0148,1,0.0,44.83,13.66
11266,ORD006432,PROD0054,1,0.0,165.73,65.63
11267,ORD006433,PROD0082,3,0.0,57.27,28.2
11268,ORD006434,PROD0119,1,0.2,39.12,10.18
11269,ORD006435,PROD0016,4,0.0,4490.0,1889.52
11270,ORD006435,PROD0108,4,0.0,131.44,45.16
11271,ORD006436,PROD0007,3,0.0,3300.12,1236.9
11272,ORD006437,PROD0099,5,0.15,667.46,161.46
11273,ORD006438,PROD0135,5,0.05,89.87,40.97
11274,ORD006439,PROD0149,4,0.0,785.16,386.8
11275,ORD006439,PROD0122,2,0.1,213.16,51.96
11276,ORD006440,PROD0003,3,0.0,4332.39,1530.39
11277,ORD006441,PROD0003,2,0.05,2743.85,875.85
11278,ORD006442,PROD0043,4,0.0,3569.48,1357.08
11279,ORD006443,PROD0022,1,0.1,585.02,133.39
11280,ORD006444,PROD0130,5,0.0,422.25,205.35
11281,ORD006445,PROD0083,4,0.05,51.68,21.44
11282,ORD006445,PROD0002,4,0.05,3816.19,1627.55
11283,ORD006446,PROD0064,3,0.0,321.42,124.59
11284,ORD006446,PROD0043,2,0.0,1784.74,678.54
11285,ORD006447,PROD0126,5,0.15,853.82,289.32
11286,ORD006448,PROD0026,2,0.0,1360.56,537.04
11287,ORD006449,PROD0136,4,0.0,97.44,47.24
11288,ORD006450,PROD0090,3,0.05,271.66,111.73
11289,ORD006450,PROD0016,3,0.0,3367.5,1417.14
11290,ORD006450,PROD0047,2,0.0,1238.46,509.32
11291,ORD006450,PROD0121,1,0.05,29.53,9.61
11292,ORD006451,PROD0107,2,0.0,113.14,32.46
11293,ORD006451,PROD0015,2,0.15,465.15,94.17
11294,ORD006452,PROD0060,1,0.0,842.54,265.3
11295,ORD006453,PROD0004,1,0.0,1396.87,593.92
11296,ORD006454,PROD0021,3,0.0,3562.32,1011.96
11297,ORD006455,PROD0058,4,0.15,1161.13,375.57
11298,ORD006456,PROD0100,5,0.0,625.25,300.8
11299,ORD006456,PROD0008,3,0.0,574.92,254.1
11300,ORD006456,PROD0073,3,0.0,108.72,51.18
11301,ORD006457,PROD0057,4,0.0,1462.44,695.52
11302,ORD006458,PROD0036,4,0.0,1517.24,405.08
11303,ORD006458,PROD0010,2,0.05,2764.37,1072.01
11304,ORD006459,PROD0132,5,0.0,158.45,44.0
11305,ORD006459,PROD0067,3,0.0,150.72,67.92
11306,ORD006460,PROD0047,5,0.05,2941.34,1118.49
11307,ORD006461,PROD0044,5,0.0,2477.1,668.55
11308,ORD006461,PROD0059,2,0.15,167.48,52.06
11309,ORD006462,PROD0097,2,0.15,506.43,79.39
11310,ORD006463,PROD0103,1,0.0,224.66,86.58
11311,ORD006464,PROD0100,1,0.0,125.05,60.16
11312,ORD006464,PROD0022,4,0.1,2340.07,533.55
11313,ORD006465,PROD0032,4,0.05,728.16,283.48
11314,ORD006465,PROD0015,3,0.0,820.86,264.39
11315,ORD006465,PROD0149,5,0.0,981.45,483.5
11316,ORD006466,PROD0063,3,0.0,241.35,94.59
11317,ORD006467,PROD0032,2,0.0,383.24,160.9
11318,ORD006468,PROD0034,3,0.05,909.12,264.36
11319,ORD006468,PROD0103,1,0.05,213.43,75.35
11320,ORD006468,PROD0109,5,0.2,219.16,23.46
11321,ORD006469,PROD0144,2,0.15,270.11,106.85
11322,ORD006470,PROD0031,3,0.05,1010.27,261.74
11323,ORD006471,PROD0061,4,0.1,254.56,89.72
11324,ORD006472,PROD0108,2,0.1,59.15,16.01
11325,ORD006472,PROD0150,3,0.15,352.18,117.79
11326,ORD006472,PROD0040,4,0.0,3006.2,905.12
11327,ORD006473,PROD0024,1,0.0,295.9,119.79
11328,ORD006474,PROD0043,5,0.1,4015.67,1250.17
11329,ORD006475,PROD0150,3,0.0,414.33,179.94
11330,ORD006475,PROD0114,5,0.05,665.86,299.41
11331,ORD006476,PROD0036,4,0.1,1365.52,253.36
11332,ORD006477,PROD0150,1,0.1,124.3,46.17
11333,ORD006477,PROD0044,4,0.05,1882.6,435.76
11334,ORD006478,PROD0083,2,0.0,27.2,12.08
11335,ORD006478,PROD0073,1,0.05,34.43,15.25
11336,ORD006478,PROD0119,1,0.0,48.9,19.96
11337,ORD006479,PROD0070,1,0.0,48.27,13.93
11338,ORD006479,PROD0006,5,0.0,2655.05,826.0
11339,ORD006480,PROD0072,2,0.0,149.84,49.74
11340,ORD006481,PROD0103,1,0.05,213.43,75.35
11341,ORD006482,PROD0147,1,0.0,199.0,63.64
11342,ORD006482,PROD0090,2,0.0,190.64,84.02
11343,ORD006483,PROD0028,4,0.1,2768.08,756.08
11344,ORD006483,PROD0117,5,0.05,1181.75,252.45
11345,ORD006484,PROD0145,2,0.2,68.91,10.59
11346,ORD006484,PROD0126,1,0.0,200.9,88.0
11347,ORD006484,PROD0021,4,0.05,4512.27,1111.79
11348,ORD006484,PROD0071,4,0.0,398.04,128.76
11349,ORD006485,PROD0125,2,0.15,317.13,97.79
11350,ORD006485,PROD0080,3,0.15,167.28,44.52
11351,ORD006486,PROD0005,3,0.0,2615.13,752.22
11352,ORD006486,PROD0073,1,0.0,36.24,17.06
11353,ORD006486,PROD0134,3,0.05,287.48,84.5
11354,ORD006487,PROD0077,2,0.0,56.72,24.26
11355,ORD006488,PROD0121,5,0.1,139.86,40.26
11356,ORD006489,PROD0046,3,0.05,1615.75,376.54
11357,ORD006490,PROD0083,5,0.0,68.0,30.2
11358,ORD006491,PROD0078,3,0.1,277.07,75.47
11359,ORD006492,PROD0058,3,0.0,1024.53,435.36
11360,ORD006492,PROD0124,1,0.1,31.83,13.26
11361,ORD006492,PROD0016,4,0.0,4490.0,1889.52
11362,ORD006492,PROD0114,5,0.05,665.86,299.41
11363,ORD006493,PROD0077,5,0.05,134.71,53.56
11364,ORD006494,PROD0034,5,0.05,1515.2,440.6
11365,ORD006495,PROD0094,1,0.0,187.12,85.68
11366,ORD006496,PROD0009,2,0.15,1576.73,364.57
11367,ORD006496,PROD0107,5,0.15,240.42,38.72
11368,ORD006497,PROD0060,2,0.1,1516.57,362.09
11369,ORD006497,PROD0083,1,0.0,13.6,6.04
11370,ORD006497,PROD0131,2,0.2,169.09,50.67
11371,ORD006498,PROD0077,5,0.15,120.53,39.38
11372,ORD006498,PROD0012,4,0.0,3407.6,1383.96
11373,ORD006498,PROD0020,2,0.0,359.9,130.08
11374,ORD006498,PROD0008,2,0.05,364.12,150.24
11375,ORD006499,PROD0094,3,0.0,561.36,257.04
11376,ORD006499,PROD0032,3,0.05,546.12,212.61
11377,ORD006499,PROD0115,1,0.05,75.77,34.34
11378,ORD006500,PROD0080,5,0.0,328.0,123.4
11379,ORD006501,PROD0044,1,0.05,470.65,108.94
11380,ORD006501,PROD0150,3,0.0,414.33,179.94
11381,ORD006501,PROD0092,3,0.1,179.47,72.82
11382,ORD006502,PROD0019,5,0.0,4288.15,1594.7
11383,ORD006503,PROD0114,5,0.0,700.9,334.45
11384,ORD006503,PROD0033,4,0.05,1796.6,767.04
11385,ORD006504,PROD0008,2,0.0,383.28,169.4
11386,ORD006504,PROD0142,5,0.0,439.45,171.65
11387,ORD006505,PROD0073,2,0.0,72.48,34.12
11388,ORD006506,PROD0026,2,0.0,1360.56,537.04
11389,ORD006507,PROD0011,5,0.0,5930.7,2297.35
11390,ORD006508,PROD0040,3,0.2,1803.72,227.91
11391,ORD006508,PROD0017,4,0.1,207.11,74.31
11392,ORD006509,PROD0018,1,0.0,198.24,94.79
11393,ORD006509,PROD0004,2,0.15,2374.68,768.78
11394,ORD006510,PROD0109,4,0.0,219.16,62.6
11395,ORD006510,PROD0087,1,0.0,70.1,17.7
11396,ORD006510,PROD0096,5,0.0,289.8,90.55
11397,ORD006511,PROD0088,4,0.05,162.45,34.21
11398,ORD006512,PROD0132,2,0.1,57.04,11.26
11399,ORD006513,PROD0141,3,0.05,261.6,83.55
11400,ORD006514,PROD0095,2,0.0,202.02,87.5
11401,ORD006515,PROD0058,5,0.0,1707.55,725.6
11402,ORD006515,PROD0126,4,0.2,642.88,191.28
11403,ORD006516,PROD0031,4,0.0,1417.92,419.88
11404,ORD006516,PROD0039,4,0.2,1406.5,399.38
11405,ORD006517,PROD0056,2,0.1,650.36,147.36
11406,ORD006518,PROD0047,1,0.0,619.23,254.66
11407,ORD006519,PROD0060,2,0.1,1516.57,362.09
11408,ORD006519,PROD0089,5,0.0,241.7,71.5
11409,ORD006520,PROD0138,5,0.0,899.65,431.3
11410,ORD006521,PROD0018,3,0.05,564.98,254.63
11411,ORD006521,PROD0064,2,0.15,182.14,50.92
11412,ORD006522,PROD0013,2,0.0,1799.04,728.58
11413,ORD006523,PROD0060,2,0.0,1685.08,530.6
11414,ORD006523,PROD0084,2,0.0,191.76,68.76
11415,ORD006523,PROD0063,4,0.0,321.8,126.12
11416,ORD006524,PROD0097,3,0.0,893.7,253.14
11417,ORD006525,PROD0076,1,0.05,81.97,24.91
11418,ORD006526,PROD0074,2,0.0,132.38,52.34
11419,ORD006526,PROD0031,3,0.05,1010.27,261.74
11420,ORD006526,PROD0089,4,0.2,154.69,18.53
11421,ORD006527,PROD0081,5,0.0,278.6,80.8
11422,ORD006528,PROD0017,5,0.0,287.65,121.65
11423,ORD006528,PROD0015,5,0.15,1162.88,235.43
11424,ORD006529,PROD0108,3,0.0,98.58,33.87
11425,ORD006529,PROD0100,5,0.1,562.73,238.28
11426,ORD006530,PROD0062,5,0.0,177.5,70.8
11427,ORD006530,PROD0096,4,0.0,231.84,72.44
11428,ORD006531,PROD0006,2,0.05,1008.92,277.3
11429,ORD006531,PROD0034,2,0.05,606.08,176.24
11430,ORD006532,PROD0095,1,0.0,101.01,43.75
11431,ORD006532,PROD0087,3,0.0,210.3,53.1
11432,ORD006533,PROD0007,4,0.05,4180.15,1429.19
11433,ORD006534,PROD0078,4,0.05,389.96,121.16
11434,ORD006534,PROD0087,5,0.05,332.97,70.97
11435,ORD006535,PROD0106,5,0.05,524.4,209.25
11436,ORD006535,PROD0082,4,0.0,76.36,37.6
11437,ORD006535,PROD0064,4,0.1,385.7,123.26
11438,ORD006535,PROD0121,1,0.15,26.42,6.5
11439,ORD006536,PROD0123,3,0.1,624.19,170.59
11440,ORD006537,PROD0116,2,0.1,297.79,95.53
11441,ORD006537,PROD0077,1,0.0,28.36,12.13
11442,ORD006538,PROD0005,2,0.0,1743.42,501.48
11443,ORD006538,PROD0029,3,0.2,591.5,220.55
11444,ORD006539,PROD0074,4,0.0,264.76,104.68
11445,ORD006539,PROD0017,4,0.05,218.61,85.81
11446,ORD006540,PROD0027,5,0.15,2437.93,326.83
11447,ORD006540,PROD0026,5,0.0,3401.4,1342.6
11448,ORD006541,PROD0138,5,0.15,764.7,296.35
11449,ORD006542,PROD0089,5,0.0,241.7,71.5
11450,ORD006542,PROD0112,4,0.05,772.46,315.02
11451,ORD006543,PROD0022,2,0.0,1300.04,396.78
11452,ORD006543,PROD0003,5,0.1,6498.59,1828.59
11453,ORD006543,PROD0077,1,0.0,28.36,12.13
11454,ORD006544,PROD0038,2,0.05,1636.77,576.47
11455,ORD006544,PROD0076,4,0.05,327.86,99.62
11456,ORD006545,PROD0042,3,0.0,1999.47,605.31
11457,ORD006546,PROD0136,1,0.0,24.36,11.81
11458,ORD006546,PROD0016,5,0.1,5051.25,1800.65
11459,ORD006547,PROD0063,4,0.0,321.8,126.12
11460,ORD006547,PROD0069,1,0.05,71.89,22.49
11461,ORD006548,PROD0096,3,0.05,165.19,45.64
11462,ORD006548,PROD0032,4,0.15,651.51,206.83
11463,ORD006549,PROD0099,4,0.15,533.97,129.17
11464,ORD006549,PROD0090,3,0.15,243.07,83.14
11465,ORD006550,PROD0017,4,0.0,230.12,97.32
11466,ORD006550,PROD0007,2,0.05,2090.08,714.6
11467,ORD006551,PROD0084,1,0.15,81.5,20.0
11468,ORD006552,PROD0069,5,0.0,378.35,131.35
11469,ORD006553,PROD0003,2,0.15,2455.02,587.02
11470,ORD006554,PROD0129,2,0.0,126.56,44.08
11471,ORD006554,PROD0015,4,0.0,1094.48,352.52
11472,ORD006555,PROD0122,4,0.0,473.68,151.28
11473,ORD006555,PROD0061,3,0.15,180.31,56.68
11474,ORD006556,PROD0147,3,0.05,567.15,161.07
11475,ORD006557,PROD0102,1,0.0,286.07,119.63
11476,ORD006558,PROD0061,5,0.0,353.55,147.5
11477,ORD006558,PROD0149,1,0.0,196.29,96.7
11478,ORD006559,PROD0133,2,0.15,398.6,148.66
11479,ORD006559,PROD0078,1,0.2,82.1,14.9
11480,ORD006560,PROD0008,5,0.05,910.29,375.59
11481,ORD006560,PROD0082,4,0.1,68.72,29.96
11482,ORD006560,PROD0122,4,0.0,473.68,151.28
11483,ORD006561,PROD0069,4,0.1,272.41,74.81
11484,ORD006562,PROD0066,1,0.0,73.51,22.06
11485,ORD006563,PROD0046,2,0.0,1133.86,307.72
11486,ORD006564,PROD0034,2,0.1,574.18,144.34
11487,ORD006564,PROD0098,1,0.0,89.91,28.96
11488,ORD006565,PROD0136,5,0.0,121.8,59.05
11489,ORD006566,PROD0147,5,0.0,995.0,318.2
11490,ORD006567,PROD0069,2,0.0,151.34,52.54
11491,ORD006568,PROD0092,1,0.1,59.82,24.27
11492,ORD006568,PROD0044,4,0.0,1981.68,534.84
11493,ORD006568,PROD0065,2,0.05,19.93,8.31
11494,ORD006568,PROD0035,3,0.1,1947.29,689.18
11495,ORD006569,PROD0019,4,0.1,3087.47,932.71
11496,ORD006570,PROD0013,4,0.0,3598.08,1457.16
11497,ORD006571,PROD0139,5,0.0,798.85,344.0
11498,ORD006571,PROD0083,4,0.05,51.68,21.44
11499,ORD006572,PROD0056,4,0.0,1445.24,439.24
11500,ORD006572,PROD0113,4,0.0,138.0,47.4
11501,ORD006573,PROD0010,5,0.15,6183.45,1952.55
11502,ORD006574,PROD0092,5,0.1,299.12,121.37
11503,ORD006575,PROD0123,2,0.2,369.89,67.49
11504,ORD006575,PROD0093,1,0.05,233.24,75.49
11505,ORD006575,PROD0002,2,0.0,2008.52,914.2
11506,ORD006575,PROD0054,1,0.1,149.16,49.06
11507,ORD006576,PROD0138,4,0.0,719.72,345.04
11508,ORD006576,PROD0038,4,0.05,3273.55,1152.95
11509,ORD006577,PROD0074,1,0.15,56.26,16.24
11510,ORD006577,PROD0004,5,0.0,6984.35,2969.6
11511,ORD006577,PROD0090,2,0.1,171.58,64.96
11512,ORD006577,PROD0142,3,0.1,237.3,76.62
11513,ORD006578,PROD0073,4,0.1,130.46,53.74
11514,ORD006579,PROD0050,5,0.0,443.25,192.95
11515,ORD006579,PROD0013,2,0.0,1799.04,728.58
11516,ORD006580,PROD0005,5,0.0,4358.55,1253.7
11517,ORD006581,PROD0147,4,0.0,796.0,254.56
11518,ORD006582,PROD0065,5,0.05,49.83,20.78
11519,ORD006583,PROD0013,1,0.2,719.62,184.39
11520,ORD006584,PROD0061,4,0.05,268.7,103.86
11521,ORD006584,PROD0116,5,0.15,703.12,197.47
11522,ORD006584,PROD0046,3,0.0,1700.79,461.58
11523,ORD006585,PROD0130,4,0.0,337.8,164.28
11524,ORD006585,PROD0088,2,0.05,81.22,17.1
11525,ORD006585,PROD0056,2,0.1,650.36,147.36
11526,ORD006585,PROD0070,1,0.0,48.27,13.93
11527,ORD006586,PROD0085,2,0.0,132.38,47.24
11528,ORD006586,PROD0146,3,0.0,160.5,42.0
11529,ORD006587,PROD0139,5,0.1,718.97,264.12
11530,ORD006588,PROD0121,4,0.0,124.32,44.64
11531,ORD006589,PROD0081,1,0.05,52.93,13.37
11532,ORD006589,PROD0058,2,0.1,614.72,221.94
11533,ORD006590,PROD0141,5,0.0,458.95,162.2
11534,ORD006591,PROD0001,4,0.05,3961.2,1584.08
11535,ORD006592,PROD0050,5,0.0,443.25,192.95
11536,ORD006593,PROD0108,2,0.05,62.43,19.29
11537,ORD006594,PROD0067,1,0.15,42.7,15.1
11538,ORD006595,PROD0078,2,0.1,184.72,50.32
11539,ORD006596,PROD0110,2,0.05,38.36,8.5
11540,ORD006596,PROD0137,2,0.1,148.18,36.52
11541,ORD006596,PROD0032,3,0.2,459.89,126.38
11542,ORD006597,PROD0064,5,0.0,535.7,207.65
11543,ORD006598,PROD0086,3,0.1,271.51,93.01
11544,ORD006598,PROD0047,5,0.05,2941.34,1118.49
11545,ORD006598,PROD0130,3,0.0,253.35,123.21
11546,ORD006599,PROD0145,3,0.15,109.83,22.35
11547,ORD006599,PROD0118,4,0.0,615.04,272.32
11548,ORD006600,PROD0122,1,0.0,118.42,37.82
11549,ORD006601,PROD0024,1,0.1,266.31,90.2
11550,ORD006601,PROD0027,1,0.2,458.9,36.68
11551,ORD006602,PROD0111,1,0.05,253.65,100.0
11552,ORD006602,PROD0009,1,0.15,788.37,182.29
11553,ORD006603,PROD0072,3,0.1,202.28,52.13
11554,ORD006604,PROD0025,3,0.05,1386.92,476.99
11555,ORD006604,PROD0036,1,0.0,379.31,101.27
11556,ORD006605,PROD0134,5,0.15,428.7,90.4
11557,ORD006606,PROD0060,4,0.1,3033.14,724.18
11558,ORD006607,PROD0096,1,0.05,55.06,15.21
11559,ORD006608,PROD0121,5,0.2,124.32,24.72
11560,ORD006608,PROD0008,4,0.0,766.56,338.8
11561,ORD006608,PROD0123,4,0.1,832.25,227.45
11562,ORD006609,PROD0034,2,0.15,542.28,112.44
11563,ORD006609,PROD0068,2,0.0,167.56,63.28
11564,ORD006610,PROD0079,5,0.0,316.55,142.85
11565,ORD006611,PROD0057,5,0.15,1553.84,595.19
11566,ORD006611,PROD0114,2,0.0,280.36,133.78
11567,ORD006611,PROD0142,4,0.15,298.83,84.59
11568,ORD006611,PROD0144,2,0.05,301.89,138.63
11569,ORD006612,PROD0133,1,0.0,234.47,109.5
11570,ORD006613,PROD0114,4,0.0,560.72,267.56
11571,ORD006614,PROD0007,2,0.0,2200.08,824.6
11572,ORD006615,PROD0037,1,0.0,897.76,408.5
11573,ORD006616,PROD0030,5,0.0,6351.7,2572.6
11574,ORD006617,PROD0104,2,0.05,490.26,129.58
11575,ORD006617,PROD0054,3,0.0,497.19,196.89
11576,ORD006618,PROD0128,4,0.0,327.84,86.76
11577,ORD006619,PROD0123,3,0.05,658.86,205.26
11578,ORD006619,PROD0138,5,0.05,854.67,386.32
11579,ORD006620,PROD0116,2,0.0,330.88,128.62
11580,ORD006621,PROD0094,5,0.05,888.82,381.62
11581,ORD006621,PROD0028,5,0.0,3844.55,1329.55
11582,ORD006622,PROD0043,3,0.15,2275.54,616.24
11583,ORD006622,PROD0068,3,0.0,251.34,94.92
11584,ORD006623,PROD0030,5,0.05,6034.11,2255.01
11585,ORD006623,PROD0022,3,0.0,1950.06,595.17
11586,ORD006624,PROD0037,4,0.0,3591.04,1634.0
11587,ORD006624,PROD0032,4,0.0,766.48,321.8
11588,ORD006625,PROD0051,4,0.0,2150.2,705.44
11589,ORD006626,PROD0105,4,0.05,1106.1,283.86
11590,ORD006627,PROD0086,3,0.05,286.6,108.1
11591,ORD006628,PROD0123,1,0.1,208.06,56.86
11592,ORD006629,PROD0018,5,0.1,892.08,374.83
11593,ORD006630,PROD0080,3,0.0,196.8,74.04
11594,ORD006631,PROD0076,2,0.0,172.56,58.44
11595,ORD006631,PROD0067,2,0.1,90.43,35.23
11596,ORD006632,PROD0044,1,0.0,495.42,133.71
11597,ORD006632,PROD0092,1,0.0,66.47,30.92
11598,ORD006633,PROD0068,2,0.0,167.56,63.28
11599,ORD006634,PROD0136,3,0.1,65.77,28.12
11600,ORD006635,PROD0110,3,0.15,51.48,6.69
11601,ORD006636,PROD0150,4,0.0,552.44,239.92
11602,ORD006637,PROD0129,2,0.15,107.58,25.1
11603,ORD006637,PROD0092,1,0.1,59.82,24.27
11604,ORD006638,PROD0072,2,0.0,149.84,49.74
11605,ORD006639,PROD0140,3,0.05,385.21,161.86
11606,ORD006639,PROD0045,4,0.0,2103.16,635.84
11607,ORD006639,PROD0075,5,0.05,248.0,105.35
11608,ORD006640,PROD0092,2,0.05,126.29,55.19
11609,ORD006641,PROD0080,4,0.15,223.04,59.36
11610,ORD006642,PROD0003,3,0.05,4115.77,1313.77
11611,ORD006642,PROD0108,5,0.05,156.09,48.24
11612,ORD006643,PROD0112,4,0.2,650.5,193.06
11613,ORD006643,PROD0103,4,0.15,763.84,211.52
11614,ORD006644,PROD0028,4,0.0,3075.64,1063.64
11615,ORD006645,PROD0102,2,0.15,486.32,153.44
11616,ORD006645,PROD0129,4,0.0,253.12,88.16
11617,ORD006645,PROD0053,5,0.0,3230.8,1493.65
11618,ORD006646,PROD0023,3,0.15,3474.5,431.06
11619,ORD006647,PROD0056,1,0.05,343.24,91.74
11620,ORD006647,PROD0147,3,0.0,597.0,190.92
11621,ORD006648,PROD0081,2,0.05,105.87,26.75
11622,ORD006649,PROD0120,1,0.05,120.8,31.36
11623,ORD006649,PROD0035,1,0.15,613.04,193.67
11624,ORD006650,PROD0025,2,0.0,973.28,366.66
11625,ORD006650,PROD0134,2,0.0,201.74,66.42
11626,ORD006651,PROD0101,2,0.0,328.74,141.5
11627,ORD006652,PROD0025,3,0.0,1459.92,549.99
11628,ORD006652,PROD0104,1,0.0,258.03,77.69
11629,ORD006653,PROD0127,5,0.1,329.94,91.54
11630,ORD006654,PROD0027,4,0.0,2294.52,605.64
11631,ORD006654,PROD0091,3,0.05,606.94,149.98
11632,ORD006654,PROD0111,5,0.1,1201.5,433.25
11633,ORD006655,PROD0049,1,0.2,698.23,189.48
11634,ORD006656,PROD0125,4,0.0,746.2,307.52
11635,ORD006657,PROD0136,5,0.1,109.62,46.87
11636,ORD006658,PROD0016,3,0.05,3199.12,1248.76
11637,ORD006658,PROD0093,4,0.0,982.08,351.08
11638,ORD006659,PROD0007,3,0.0,3300.12,1236.9
11639,ORD006659,PROD0076,4,0.1,310.61,82.37
11640,ORD006659,PROD0130,1,0.0,84.45,41.07
11641,ORD006660,PROD0105,4,0.05,1106.1,283.86
11642,ORD006660,PROD0100,4,0.0,500.2,240.64
11643,ORD006660,PROD0106,2,0.05,209.76,83.7
11644,ORD006661,PROD0123,5,0.0,1155.9,399.9
11645,ORD006661,PROD0119,1,0.1,44.01,15.07
11646,ORD006662,PROD0077,5,0.15,120.53,39.38
11647,ORD006662,PROD0139,2,0.0,319.54,137.6
11648,ORD006662,PROD0090,5,0.1,428.94,162.39
11649,ORD006663,PROD0141,5,0.0,458.95,162.2
11650,ORD006663,PROD0076,1,0.0,86.28,29.22
11651,ORD006663,PROD0140,1,0.0,135.16,60.71
11652,ORD006663,PROD0120,1,0.15,108.09,18.65
11653,ORD006664,PROD0066,1,0.1,66.16,14.71
11654,ORD006665,PROD0044,1,0.0,495.42,133.71
11655,ORD006665,PROD0072,3,0.05,213.52,63.37
11656,ORD006666,PROD0073,4,0.1,130.46,53.74
11657,ORD006666,PROD0015,5,0.15,1162.88,235.43
11658,ORD006666,PROD0128,4,0.0,327.84,86.76
11659,ORD006666,PROD0025,2,0.05,924.62,318.0
11660,ORD006667,PROD0142,1,0.15,74.71,21.15
11661,ORD006667,PROD0098,4,0.0,359.64,115.84
11662,ORD006668,PROD0128,3,0.0,245.88,65.07
11663,ORD006669,PROD0055,3,0.0,2285.04,725.4
11664,ORD006669,PROD0024,1,0.0,295.9,119.79
11665,ORD006669,PROD0062,4,0.0,142.0,56.64
11666,ORD006670,PROD0122,1,0.0,118.42,37.82
11667,ORD006671,PROD0035,5,0.05,3425.8,1328.95
11668,ORD006671,PROD0137,5,0.05,391.02,111.87
11669,ORD006672,PROD0126,3,0.1,542.43,203.73
11670,ORD006672,PROD0120,5,0.0,635.8,188.6
11671,ORD006673,PROD0014,3,0.1,3259.39,802.99
11672,ORD006674,PROD0005,1,0.05,828.12,207.15
11673,ORD006674,PROD0077,2,0.0,56.72,24.26
11674,ORD006675,PROD0059,1,0.0,98.52,40.81
11675,ORD006675,PROD0104,4,0.1,928.91,207.55
11676,ORD006676,PROD0064,2,0.0,214.28,83.06
11677,ORD006677,PROD0108,1,0.0,32.86,11.29
11678,ORD006677,PROD0068,1,0.0,83.78,31.64
11679,ORD006678,PROD0044,4,0.0,1981.68,534.84
11680,ORD006678,PROD0007,3,0.0,3300.12,1236.9
11681,ORD006679,PROD0133,3,0.0,703.41,328.5
11682,ORD006679,PROD0145,1,0.15,36.61,7.45
11683,ORD006680,PROD0143,1,0.15,61.58,8.61
11684,ORD006680,PROD0030,5,0.05,6034.11,2255.01
11685,ORD006681,PROD0117,4,0.15,845.89,102.45
11686,ORD006682,PROD0099,4,0.0,628.2,223.4
11687,ORD006682,PROD0107,3,0.05,161.22,40.2
11688,ORD006683,PROD0117,5,0.15,1057.36,128.06
11689,ORD006683,PROD0068,2,0.1,150.8,46.52
11690,ORD006684,PROD0139,4,0.0,639.08,275.2
11691,ORD006684,PROD0080,2,0.15,111.52,29.68
11692,ORD006685,PROD0145,5,0.15,183.05,37.25
11693,ORD006686,PROD0012,2,0.0,1703.8,691.98
11694,ORD006687,PROD0137,3,0.15,209.92,42.43
11695,ORD006687,PROD0003,2,0.0,2888.26,1020.26
11696,ORD006688,PROD0011,5,0.05,5634.17,2000.82
11697,ORD006688,PROD0021,4,0.0,4749.76,1349.28
11698,ORD006688,PROD0141,2,0.05,174.4,55.7
11699,ORD006689,PROD0023,1,0.0,1362.55,348.07
11700,ORD006690,PROD0129,5,0.0,316.4,110.2
11701,ORD006690,PROD0015,5,0.15,1162.88,235.43
11702,ORD006690,PROD0088,5,0.1,192.38,32.08
11703,ORD006691,PROD0048,3,0.0,348.96,88.68
11704,ORD006691,PROD0127,1,0.05,69.65,21.97
11705,ORD006692,PROD0077,1,0.05,26.94,10.71
11706,ORD006692,PROD0079,5,0.15,269.07,95.37
11707,ORD006693,PROD0060,1,0.2,674.03,96.79
11708,ORD006694,PROD0025,4,0.2,1557.25,344.01
11709,ORD006695,PROD0034,1,0.0,318.99,104.07
11710,ORD006695,PROD0136,1,0.0,24.36,11.81
11711,ORD006695,PROD0090,5,0.0,476.6,210.05
11712,ORD006696,PROD0102,5,0.0,1430.35,598.15
11713,ORD006696,PROD0095,1,0.0,101.01,43.75
11714,ORD006697,PROD0018,4,0.0,792.96,379.16
11715,ORD006698,PROD0027,1,0.0,573.63,151.41
11716,ORD006699,PROD0054,2,0.0,331.46,131.26
11717,ORD006700,PROD0064,2,0.1,192.85,61.63
11718,ORD006701,PROD0038,5,0.0,4307.3,1656.55
11719,ORD006701,PROD0135,4,0.1,68.11,28.99
11720,ORD006702,PROD0134,4,0.0,403.48,132.84
11721,ORD006702,PROD0140,1,0.05,128.4,53.95
11722,ORD006702,PROD0130,5,0.05,401.14,184.24
11723,ORD006703,PROD0088,4,0.15,145.35,17.11
11724,ORD006704,PROD0137,3,0.1,222.26,54.77
11725,ORD006705,PROD0125,3,0.0,559.65,230.64
11726,ORD006706,PROD0039,3,0.1,1186.73,431.39
11727,ORD006706,PROD0010,3,0.0,4364.79,1826.25
11728,ORD006706,PROD0075,4,0.0,208.84,94.72
11729,ORD006707,PROD0096,1,0.0,57.96,18.11
11730,ORD006708,PROD0117,3,0.05,709.05,151.47
11731,ORD006709,PROD0123,5,0.15,982.52,226.52
11732,ORD006709,PROD0148,4,0.1,161.39,36.71
11733,ORD006710,PROD0113,3,0.0,103.5,35.55
11734,ORD006710,PROD0017,5,0.1,258.88,92.88
11735,ORD006710,PROD0015,1,0.1,246.26,60.77
11736,ORD006710,PROD0107,4,0.05,214.97,53.61
11737,ORD006711,PROD0106,4,0.0,441.6,189.48
11738,ORD006711,PROD0134,5,0.0,504.35,166.05
11739,ORD006712,PROD0022,2,0.05,1235.04,331.78
11740,ORD006713,PROD0102,3,0.15,729.48,230.16
11741,ORD006713,PROD0082,4,0.05,72.54,33.78
11742,ORD006714,PROD0116,3,0.05,471.5,168.11
11743,ORD006714,PROD0147,1,0.0,199.0,63.64
11744,ORD006714,PROD0040,3,0.1,2029.18,453.37
11745,ORD006715,PROD0128,2,0.0,163.92,43.38
11746,ORD006716,PROD0137,3,0.0,246.96,79.47
11747,ORD006717,PROD0003,5,0.0,7220.65,2550.65
11748,ORD006718,PROD0064,2,0.1,192.85,61.63
11749,ORD006719,PROD0084,1,0.15,81.5,20.0
11750,ORD006720,PROD0087,1,0.05,66.59,14.19
11751,ORD006721,PROD0028,3,0.1,2076.06,567.06
11752,ORD006721,PROD0027,4,0.0,2294.52,605.64
11753,ORD006721,PROD0005,3,0.0,2615.13,752.22
11754,ORD006722,PROD0065,5,0.15,44.58,15.53
11755,ORD006722,PROD0122,5,0.15,503.29,100.29
11756,ORD006723,PROD0093,4,0.0,982.08,351.08
11757,ORD006724,PROD0014,1,0.05,1146.82,328.02
11758,ORD006725,PROD0027,4,0.05,2179.79,490.91
11759,ORD006725,PROD0025,1,0.1,437.98,134.67
11760,ORD006726,PROD0121,2,0.0,62.16,22.32
11761,ORD006727,PROD0017,2,0.0,115.06,48.66
11762,ORD006727,PROD0023,4,0.0,5450.2,1392.28
11763,ORD006727,PROD0014,4,0.15,4104.41,829.21
11764,ORD006728,PROD0125,5,0.15,792.84,244.49
11765,ORD006728,PROD0037,5,0.05,4264.36,1818.06
11766,ORD006729,PROD0034,4,0.05,1212.16,352.48
11767,ORD006730,PROD0054,2,0.2,265.17,64.97
11768,ORD006731,PROD0116,2,0.1,297.79,95.53
11769,ORD006731,PROD0121,2,0.0,62.16,22.32
11770,ORD006732,PROD0144,2,0.2,254.22,90.96
11771,ORD006732,PROD0136,4,0.0,97.44,47.24
11772,ORD006732,PROD0012,3,0.1,2300.13,782.4
11773,ORD006733,PROD0074,3,0.0,198.57,78.51
11774,ORD006733,PROD0032,4,0.15,651.51,206.83
11775,ORD006733,PROD0097,5,0.0,1489.5,421.9
11776,ORD006734,PROD0146,4,0.0,214.0,56.0
11777,ORD006735,PROD0002,1,0.0,1004.26,457.1
11778,ORD006735,PROD0043,5,0.0,4461.85,1696.35
11779,ORD006736,PROD0019,2,0.05,1629.5,552.12
11780,ORD006737,PROD0137,1,0.05,78.2,22.37
11781,ORD006738,PROD0065,1,0.05,9.97,4.16
11782,ORD006738,PROD0146,1,0.0,53.5,14.0
11783,ORD006739,PROD0034,2,0.0,637.98,208.14
11784,ORD006739,PROD0075,2,0.05,99.2,42.14
11785,ORD006739,PROD0013,1,0.15,764.59,229.36
11786,ORD006740,PROD0140,5,0.05,642.01,269.76
11787,ORD006740,PROD0018,3,0.2,475.78,165.43
11788,ORD006741,PROD0015,2,0.05,519.88,148.9
11789,ORD006742,PROD0099,4,0.0,628.2,223.4
11790,ORD006743,PROD0133,5,0.1,1055.12,430.27
11791,ORD006743,PROD0101,1,0.05,156.15,62.53
11792,ORD006743,PROD0111,4,0.0,1068.0,453.4
11793,ORD006744,PROD0069,4,0.0,302.68,105.08
11794,ORD006745,PROD0020,2,0.0,359.9,130.08
11795,ORD006746,PROD0104,2,0.0,516.06,155.38
11796,ORD006747,PROD0031,5,0.0,1772.4,524.85
11797,ORD006747,PROD0110,3,0.0,60.57,15.78
11798,ORD006748,PROD0046,2,0.15,963.78,137.64
11799,ORD006748,PROD0023,4,0.2,4360.16,302.24
11800,ORD006748,PROD0030,1,0.15,1079.79,323.97
11801,ORD006748,PROD0091,2,0.0,425.92,121.28
11802,ORD006749,PROD0138,1,0.05,170.93,77.26
11803,ORD006750,PROD0037,4,0.1,3231.94,1274.9
11804,ORD006751,PROD0134,1,0.0,100.87,33.21
11805,ORD006752,PROD0088,1,0.0,42.75,10.69
11806,ORD006752,PROD0143,5,0.0,362.25,97.4
11807,ORD006752,PROD0064,3,0.0,321.42,124.59
11808,ORD006753,PROD0025,4,0.15,1654.58,441.34
11809,ORD006753,PROD0039,1,0.2,351.62,99.84
11810,ORD006754,PROD0091,4,0.05,809.25,199.97
11811,ORD006754,PROD0026,2,0.0,1360.56,537.04
11812,ORD006755,PROD0125,4,0.2,596.96,158.28
11813,ORD006755,PROD0006,1,0.05,504.46,138.65
11814,ORD006755,PROD0039,4,0.0,1758.12,751.0
11815,ORD006755,PROD0096,3,0.1,156.49,36.94
11816,ORD006756,PROD0059,1,0.05,93.59,35.88
11817,ORD006757,PROD0025,1,0.0,486.64,183.33
11818,ORD006758,PROD0033,2,0.0,945.58,430.8
11819,ORD006758,PROD0041,1,0.0,194.13,82.37
11820,ORD006759,PROD0049,3,0.0,2618.37,1092.12
11821,ORD006759,PROD0017,5,0.1,258.88,92.88
11822,ORD006759,PROD0084,4,0.05,364.34,118.34
11823,ORD006759,PROD0032,5,0.1,862.29,306.44
11824,ORD006760,PROD0126,2,0.0,401.8,176.0
11825,ORD006761,PROD0083,2,0.0,27.2,12.08
11826,ORD006761,PROD0019,2,0.0,1715.26,637.88
11827,ORD006761,PROD0081,5,0.0,278.6,80.8
11828,ORD006762,PROD0128,3,0.0,245.88,65.07
11829,ORD006762,PROD0099,1,0.0,157.05,55.85
11830,ORD006762,PROD0138,2,0.05,341.87,154.53
11831,ORD006762,PROD0091,3,0.0,638.88,181.92
11832,ORD006763,PROD0129,1,0.05,60.12,18.88
11833,ORD006764,PROD0113,5,0.0,172.5,59.25
11834,ORD006765,PROD0057,5,0.0,1828.05,869.4
11835,ORD006766,PROD0022,2,0.0,1300.04,396.78
11836,ORD006766,PROD0068,5,0.1,377.01,116.31
11837,ORD006767,PROD0140,3,0.2,324.38,101.03
11838,ORD006767,PROD0026,3,0.05,1938.8,703.52
11839,ORD006767,PROD0032,3,0.1,517.37,183.86
11840,ORD006768,PROD0024,4,0.0,1183.6,479.16
11841,ORD006769,PROD0025,4,0.2,1557.25,344.01
11842,ORD006769,PROD0129,5,0.05,300.58,94.38
11843,ORD006770,PROD0025,2,0.0,973.28,366.66
11844,ORD006771,PROD0139,3,0.2,383.45,110.54
11845,ORD006771,PROD0023,5,0.0,6812.75,1740.35
11846,ORD006772,PROD0001,3,0.05,2970.9,1188.06
11847,ORD006773,PROD0011,1,0.0,1186.14,459.47
11848,ORD006774,PROD0095,5,0.05,479.8,193.5
11849,ORD006775,PROD0051,3,0.0,1612.65,529.08
11850,ORD006775,PROD0121,4,0.0,124.32,44.64
11851,ORD006775,PROD0067,2,0.1,90.43,35.23
11852,ORD006776,PROD0042,2,0.0,1332.98,403.54
11853,ORD006776,PROD0034,4,0.1,1148.36,288.68
11854,ORD006777,PROD0001,2,0.0,2084.84,896.28
11855,ORD006778,PROD0064,5,0.2,428.56,100.51
11856,ORD006779,PROD0106,4,0.0,441.6,189.48
11857,ORD006780,PROD0041,5,0.0,970.65,411.85
11858,ORD006780,PROD0072,4,0.15,254.73,54.53
11859,ORD006781,PROD0098,1,0.05,85.41,24.46
11860,ORD006782,PROD0111,5,0.0,1335.0,566.75
11861,ORD006783,PROD0090,3,0.0,285.96,126.03
11862,ORD006784,PROD0050,3,0.0,265.95,115.77
11863,ORD006784,PROD0076,4,0.2,276.1,47.86
11864,ORD006784,PROD0018,3,0.05,564.98,254.63
11865,ORD006785,PROD0126,2,0.0,401.8,176.0
11866,ORD006785,PROD0037,3,0.0,2693.28,1225.5
11867,ORD006786,PROD0051,2,0.1,967.59,245.21
11868,ORD006787,PROD0074,4,0.0,264.76,104.68
11869,ORD006787,PROD0055,1,0.0,761.68,241.8
11870,ORD006788,PROD0076,1,0.0,86.28,29.22
11871,ORD006788,PROD0056,5,0.0,1806.55,549.05
11872,ORD006789,PROD0022,4,0.0,2600.08,793.56
11873,ORD006789,PROD0119,1,0.05,46.45,17.51
11874,ORD006789,PROD0019,5,0.0,4288.15,1594.7
11875,ORD006790,PROD0125,2,0.0,373.1,153.76
11876,ORD006791,PROD0031,5,0.15,1506.54,258.99
11877,ORD006791,PROD0107,4,0.05,214.97,53.61
11878,ORD006791,PROD0115,3,0.0,239.28,114.99
11879,ORD006792,PROD0089,4,0.15,164.36,28.2
11880,ORD006793,PROD0087,5,0.05,332.97,70.97
11881,ORD006793,PROD0067,1,0.0,50.24,22.64
11882,ORD006794,PROD0013,1,0.0,899.52,364.29
11883,ORD006794,PROD0011,1,0.0,1186.14,459.47
11884,ORD006794,PROD0033,1,0.0,472.79,215.4
11885,ORD006795,PROD0126,1,0.0,200.9,88.0
11886,ORD006795,PROD0127,5,0.0,366.6,128.2
11887,ORD006796,PROD0076,4,0.0,345.12,116.88
11888,ORD006797,PROD0047,2,0.0,1238.46,509.32
11889,ORD006797,PROD0008,4,0.15,651.58,223.82
11890,ORD006798,PROD0034,5,0.15,1355.71,281.11
11891,ORD006799,PROD0117,5,0.0,1243.95,314.65
11892,ORD006800,PROD0121,1,0.05,29.53,9.61
11893,ORD006801,PROD0109,2,0.0,109.58,31.3
11894,ORD006801,PROD0145,1,0.05,40.92,11.76
11895,ORD006801,PROD0001,1,0.15,886.06,291.78
11896,ORD006802,PROD0014,4,0.0,4828.72,1553.52
11897,ORD006802,PROD0098,1,0.0,89.91,28.96
11898,ORD006802,PROD0056,1,0.0,361.31,109.81
11899,ORD006803,PROD0032,5,0.0,958.1,402.25
11900,ORD006804,PROD0031,1,0.0,354.48,104.97
11901,ORD006804,PROD0029,1,0.15,209.49,85.84
11902,ORD006804,PROD0089,3,0.0,145.02,42.9
11903,ORD006804,PROD0135,4,0.0,75.68,36.56
11904,ORD006805,PROD0127,1,0.0,73.32,25.64
11905,ORD006806,PROD0106,3,0.0,331.2,142.11
11906,ORD006806,PROD0082,2,0.1,34.36,14.98
11907,ORD006807,PROD0056,4,0.05,1372.98,366.98
11908,ORD006807,PROD0092,2,0.15,113.0,41.9
11909,ORD006808,PROD0117,3,0.0,746.37,188.79
11910,ORD006809,PROD0091,1,0.1,191.66,39.34
11911,ORD006810,PROD0080,3,0.15,167.28,44.52
11912,ORD006810,PROD0066,4,0.15,249.93,44.13
11913,ORD006810,PROD0004,2,0.0,2793.74,1187.84
11914,ORD006810,PROD0093,5,0.0,1227.6,438.85
11915,ORD006811,PROD0044,4,0.15,1684.43,237.59
11916,ORD006811,PROD0065,3,0.0,31.47,14.04
11917,ORD006811,PROD0049,1,0.1,785.51,276.76
11918,ORD006812,PROD0022,4,0.0,2600.08,793.56
11919,ORD006812,PROD0128,5,0.1,368.82,67.47
11920,ORD006813,PROD0100,1,0.05,118.8,53.91
11921,ORD006813,PROD0033,3,0.05,1347.45,575.28
11922,ORD006813,PROD0062,2,0.0,71.0,28.32
11923,ORD006814,PROD0038,2,0.0,1722.92,662.62
11924,ORD006815,PROD0042,3,0.0,1999.47,605.31
11925,ORD006816,PROD0110,4,0.1,72.68,12.96
11926,ORD006817,PROD0145,1,0.0,43.07,13.91
11927,ORD006817,PROD0084,3,0.05,273.26,88.76
11928,ORD006818,PROD0125,2,0.0,373.1,153.76
11929,ORD006819,PROD0042,2,0.05,1266.33,336.89
11930,ORD006819,PROD0065,3,0.05,29.9,12.47
11931,ORD006820,PROD0092,1,0.1,59.82,24.27
11932,ORD006820,PROD0116,1,0.15,140.62,39.49
11933,ORD006821,PROD0145,1,0.05,40.92,11.76
11934,ORD006821,PROD0071,5,0.0,497.55,160.95
11935,ORD006821,PROD0042,3,0.0,1999.47,605.31
11936,ORD006822,PROD0031,5,0.0,1772.4,524.85
11937,ORD006823,PROD0124,3,0.05,100.8,45.09
11938,ORD006824,PROD0040,4,0.0,3006.2,905.12
11939,ORD006824,PROD0081,4,0.0,222.88,64.64
11940,ORD006825,PROD0015,5,0.0,1368.1,440.65
11941,ORD006826,PROD0123,1,0.0,231.18,79.98
11942,ORD006826,PROD0051,4,0.05,2042.69,597.93
11943,ORD006827,PROD0132,3,0.1,85.56,16.89
11944,ORD006827,PROD0051,1,0.05,510.67,149.48
11945,ORD006827,PROD0049,4,0.1,3142.04,1107.04
11946,ORD006828,PROD0022,1,0.1,585.02,133.39
11947,ORD006829,PROD0120,1,0.05,120.8,31.36
11948,ORD006830,PROD0132,4,0.0,126.76,35.2
11949,ORD006830,PROD0068,1,0.1,75.4,23.26
11950,ORD006831,PROD0130,3,0.1,228.02,97.88
11951,ORD006831,PROD0015,3,0.0,820.86,264.39
11952,ORD006832,PROD0046,2,0.05,1077.17,251.03
11953,ORD006832,PROD0036,5,0.0,1896.55,506.35
11954,ORD006832,PROD0037,2,0.0,1795.52,817.0
11955,ORD006833,PROD0022,2,0.1,1170.04,266.78
11956,ORD006834,PROD0135,2,0.0,37.84,18.28
11957,ORD006834,PROD0001,4,0.15,3544.23,1167.11
11958,ORD006835,PROD0058,3,0.0,1024.53,435.36
11959,ORD006835,PROD0002,4,0.0,4017.04,1828.4
11960,ORD006836,PROD0012,5,0.0,4259.5,1729.95
11961,ORD006836,PROD0144,5,0.2,635.56,227.41
11962,ORD006837,PROD0102,5,0.1,1287.32,455.12
11963,ORD006838,PROD0038,1,0.0,861.46,331.31
11964,ORD006839,PROD0144,5,0.0,794.45,386.3
11965,ORD006839,PROD0120,2,0.0,254.32,75.44
11966,ORD006840,PROD0049,4,0.0,3491.16,1456.16
11967,ORD006841,PROD0130,2,0.05,160.45,73.69
11968,ORD006842,PROD0011,4,0.0,4744.56,1837.88
11969,ORD006842,PROD0067,2,0.05,95.46,40.26
11970,ORD006843,PROD0103,3,0.0,673.98,259.74
11971,ORD006843,PROD0017,3,0.1,155.33,55.73
11972,ORD006843,PROD0105,4,0.05,1106.1,283.86
11973,ORD006843,PROD0109,4,0.0,219.16,62.6
11974,ORD006844,PROD0031,2,0.05,673.51,174.49
11975,ORD006844,PROD0085,3,0.0,198.57,70.86
11976,ORD006845,PROD0021,3,0.1,3206.09,655.73
11977,ORD006845,PROD0094,1,0.05,177.76,76.32
11978,ORD006846,PROD0140,2,0.15,229.77,80.87
11979,ORD006847,PROD0075,5,0.0,261.05,118.4
11980,ORD006848,PROD0037,2,0.0,1795.52,817.0
11981,ORD006848,PROD0018,3,0.2,475.78,165.43
11982,ORD006849,PROD0120,3,0.0,381.48,113.16
11983,ORD006849,PROD0067,1,0.15,42.7,15.1
11984,ORD006849,PROD0009,5,0.0,4637.45,1607.05
11985,ORD006849,PROD0098,5,0.0,449.55,144.8
11986,ORD006850,PROD0061,5,0.0,353.55,147.5
11987,ORD006850,PROD0115,3,0.05,227.32,103.03
11988,ORD006850,PROD0091,2,0.0,425.92,121.28
11989,ORD006850,PROD0107,4,0.05,214.97,53.61
11990,ORD006851,PROD0056,1,0.0,361.31,109.81
11991,ORD006852,PROD0059,2,0.05,187.19,71.77
11992,ORD006852,PROD0130,1,0.0,84.45,41.07
11993,ORD006852,PROD0082,1,0.0,19.09,9.4
11994,ORD006853,PROD0005,2,0.0,1743.42,501.48
11995,ORD006854,PROD0061,3,0.15,180.31,56.68
11996,ORD006855,PROD0137,3,0.0,246.96,79.47
11997,ORD006856,PROD0059,3,0.1,266.0,92.87
11998,ORD006856,PROD0004,1,0.0,1396.87,593.92
11999,ORD006856,PROD0118,2,0.1,276.77,105.41
12000,ORD006856,PROD0098,2,0.0,179.82,57.92
12001,ORD006857,PROD0086,5,0.0,502.8,205.3
12002,ORD006857,PROD0014,2,0.05,2293.64,656.04
12003,ORD006857,PROD0098,3,0.15,229.27,46.42
12004,ORD006858,PROD0060,5,0.0,4212.7,1326.5
12005,ORD006859,PROD0127,2,0.0,146.64,51.28
12006,ORD006859,PROD0097,5,0.2,1191.6,124.0
12007,ORD006859,PROD0049,5,0.15,3709.36,1165.61
12008,ORD006860,PROD0084,5,0.0,479.4,171.9
12009,ORD006861,PROD0133,4,0.1,844.09,344.21
12010,ORD006861,PROD0115,5,0.0,398.8,191.65
12011,ORD006861,PROD0051,4,0.05,2042.69,597.93
12012,ORD006861,PROD0093,5,0.0,1227.6,438.85
12013,ORD006862,PROD0053,4,0.0,2584.64,1194.92
12014,ORD006862,PROD0118,1,0.05,146.07,60.39
12015,ORD006863,PROD0025,5,0.0,2433.2,916.65
12016,ORD006864,PROD0065,2,0.05,19.93,8.31
12017,ORD006864,PROD0097,2,0.0,595.8,168.76
12018,ORD006865,PROD0143,2,0.05,137.66,31.72
12019,ORD006865,PROD0111,1,0.0,267.0,113.35
12020,ORD006866,PROD0118,3,0.05,438.22,181.18
12021,ORD006867,PROD0131,3,0.0,317.04,139.41
12022,ORD006868,PROD0031,1,0.0,354.48,104.97
12023,ORD006868,PROD0027,2,0.15,975.17,130.73
12024,ORD006868,PROD0077,3,0.05,80.83,32.14
12025,ORD006869,PROD0036,2,0.15,644.83,88.75
12026,ORD006870,PROD0088,1,0.1,38.48,6.42
12027,ORD006871,PROD0075,2,0.05,99.2,42.14
12028,ORD006871,PROD0091,2,0.05,404.62,99.98
12029,ORD006872,PROD0125,2,0.1,335.79,116.45
12030,ORD006872,PROD0057,5,0.0,1828.05,869.4
12031,ORD006872,PROD0056,4,0.05,1372.98,366.98
12032,ORD006873,PROD0085,3,0.05,188.64,60.93
12033,ORD006874,PROD0021,1,0.2,949.95,99.83
12034,ORD006875,PROD0052,3,0.15,986.29,271.78
12035,ORD006876,PROD0048,1,0.0,116.32,29.56
12036,ORD006877,PROD0018,4,0.0,792.96,379.16
12037,ORD006878,PROD0009,2,0.1,1669.48,457.32
12038,ORD006878,PROD0056,2,0.0,722.62,219.62
12039,ORD006879,PROD0065,4,0.05,39.86,16.62
12040,ORD006879,PROD0066,1,0.2,58.81,7.36
12041,ORD006879,PROD0135,5,0.0,94.6,45.7
12042,ORD006879,PROD0045,2,0.0,1051.58,317.92
12043,ORD006880,PROD0010,1,0.1,1309.44,463.26
12044,ORD006881,PROD0027,4,0.0,2294.52,605.64
12045,ORD006882,PROD0002,2,0.0,2008.52,914.2
12046,ORD006883,PROD0130,4,0.0,337.8,164.28
12047,ORD006884,PROD0047,1,0.15,526.35,161.78
12048,ORD006885,PROD0006,5,0.0,2655.05,826.0
12049,ORD006885,PROD0120,4,0.0,508.64,150.88
12050,ORD006885,PROD0002,1,0.0,1004.26,457.1
12051,ORD006886,PROD0081,3,0.0,167.16,48.48
12052,ORD006887,PROD0083,4,0.0,54.4,24.16
12053,ORD006888,PROD0142,3,0.0,263.67,102.99
12054,ORD006888,PROD0084,4,0.15,325.99,79.99
12055,ORD006889,PROD0021,5,0.0,5937.2,1686.6
12056,ORD006889,PROD0082,2,0.0,38.18,18.8
12057,ORD006890,PROD0017,1,0.0,57.53,24.33
12058,ORD006891,PROD0096,1,0.05,55.06,15.21
12059,ORD006891,PROD0026,4,0.05,2585.06,938.02
12060,ORD006891,PROD0064,5,0.0,535.7,207.65
12061,ORD006891,PROD0051,2,0.0,1075.1,352.72
12062,ORD006892,PROD0150,5,0.0,690.55,299.9
12063,ORD006893,PROD0022,4,0.05,2470.08,663.56
12064,ORD006893,PROD0014,3,0.0,3621.54,1165.14
12065,ORD006893,PROD0073,4,0.0,144.96,68.24
12066,ORD006894,PROD0084,5,0.1,431.46,123.96
12067,ORD006894,PROD0052,4,0.0,1547.12,594.44
12068,ORD006894,PROD0149,2,0.0,392.58,193.4
12069,ORD006894,PROD0068,3,0.0,251.34,94.92
12070,ORD006895,PROD0123,1,0.2,184.94,33.74
12071,ORD006895,PROD0149,3,0.15,500.54,201.77
12072,ORD006896,PROD0145,3,0.0,129.21,41.73
12073,ORD006897,PROD0067,4,0.05,190.91,80.51
12074,ORD006898,PROD0120,5,0.05,604.01,156.81
12075,ORD006898,PROD0059,1,0.15,83.74,26.03
12076,ORD006899,PROD0127,3,0.15,186.97,43.93
12077,ORD006900,PROD0019,3,0.1,2315.6,699.53
12078,ORD006900,PROD0022,5,0.0,3250.1,991.95
12079,ORD006900,PROD0137,4,0.0,329.28,105.96
12080,ORD006901,PROD0081,3,0.2,133.73,15.05
12081,ORD006902,PROD0141,1,0.2,73.43,14.08
12082,ORD006902,PROD0080,1,0.0,65.6,24.68
12083,ORD006903,PROD0034,4,0.0,1275.96,416.28
12084,ORD006904,PROD0035,4,0.05,2740.64,1063.16
12085,ORD006904,PROD0086,2,0.0,201.12,82.12
12086,ORD006905,PROD0112,3,0.0,609.84,266.76
12087,ORD006905,PROD0070,4,0.0,193.08,55.72
12088,ORD006905,PROD0022,5,0.05,3087.59,829.44
12089,ORD006906,PROD0135,4,0.0,75.68,36.56
12090,ORD006907,PROD0017,2,0.05,109.31,42.91
12091,ORD006908,PROD0038,1,0.0,861.46,331.31
12092,ORD006908,PROD0070,5,0.0,241.35,69.65
12093,ORD006909,PROD0064,4,0.0,428.56,166.12
12094,ORD006910,PROD0118,5,0.05,730.36,301.96
12095,ORD006911,PROD0130,1,0.0,84.45,41.07
12096,ORD006912,PROD0132,4,0.15,107.75,16.19
12097,ORD006912,PROD0035,1,0.1,649.1,229.73
12098,ORD006912,PROD0048,3,0.0,348.96,88.68
12099,ORD006913,PROD0101,4,0.15,558.86,184.38
12100,ORD006914,PROD0135,2,0.1,34.06,14.5
12101,ORD006914,PROD0074,1,0.05,62.88,22.86
12102,ORD006915,PROD0090,2,0.1,171.58,64.96
12103,ORD006915,PROD0119,1,0.05,46.45,17.51
12104,ORD006915,PROD0055,4,0.0,3046.72,967.2
12105,ORD006916,PROD0090,4,0.0,381.28,168.04
12106,ORD006917,PROD0004,3,0.0,4190.61,1781.76
12107,ORD006917,PROD0053,4,0.0,2584.64,1194.92
12108,ORD006917,PROD0033,5,0.05,2245.75,958.8
12109,ORD006918,PROD0032,3,0.0,574.86,241.35
12110,ORD006919,PROD0144,5,0.15,675.28,267.13
12111,ORD006920,PROD0067,2,0.15,85.41,30.21
12112,ORD006921,PROD0087,3,0.1,189.27,32.07
12113,ORD006922,PROD0077,2,0.1,51.05,18.59
12114,ORD006922,PROD0018,4,0.1,713.66,299.86
12115,ORD006923,PROD0076,3,0.15,220.01,48.83
12116,ORD006923,PROD0016,3,0.2,2694.0,743.64
12117,ORD006924,PROD0118,3,0.0,461.28,204.24
12118,ORD006924,PROD0087,1,0.05,66.59,14.19
12119,ORD006925,PROD0004,5,0.0,6984.35,2969.6
12120,ORD006926,PROD0085,5,0.0,330.95,118.1
12121,ORD006926,PROD0121,3,0.05,88.58,28.82
12122,ORD006926,PROD0011,5,0.0,5930.7,2297.35
12123,ORD006927,PROD0009,2,0.0,1854.98,642.82
12124,ORD006927,PROD0147,4,0.0,796.0,254.56
12125,ORD006927,PROD0102,3,0.15,729.48,230.16
12126,ORD006927,PROD0017,4,0.15,195.6,62.8
12127,ORD006928,PROD0070,2,0.0,96.54,27.86
12128,ORD006929,PROD0055,1,0.15,647.43,127.55
12129,ORD006930,PROD0102,5,0.05,1358.83,526.63
12130,ORD006931,PROD0053,4,0.0,2584.64,1194.92
12131,ORD006932,PROD0084,1,0.05,91.09,29.59
12132,ORD006933,PROD0006,2,0.15,902.72,171.1
12133,ORD006934,PROD0072,2,0.0,149.84,49.74
12134,ORD006934,PROD0027,5,0.0,2868.15,757.05
12135,ORD006934,PROD0149,4,0.0,785.16,386.8
12136,ORD006935,PROD0006,1,0.05,504.46,138.65
12137,ORD006935,PROD0077,3,0.0,85.08,36.39
12138,ORD006935,PROD0019,4,0.0,3430.52,1275.76
12139,ORD006936,PROD0134,4,0.1,363.13,92.49
12140,ORD006936,PROD0117,2,0.1,447.82,76.1
12141,ORD006937,PROD0070,4,0.0,193.08,55.72
12142,ORD006937,PROD0108,3,0.15,83.79,19.08
12143,ORD006938,PROD0111,4,0.15,907.8,293.2
12144,ORD006939,PROD0108,3,0.1,88.72,24.01
12145,ORD006940,PROD0085,1,0.0,66.19,23.62
12146,ORD006941,PROD0074,1,0.05,62.88,22.86
12147,ORD006941,PROD0139,3,0.0,479.31,206.4
12148,ORD006941,PROD0030,3,0.0,3811.02,1543.56
12149,ORD006941,PROD0097,3,0.0,893.7,253.14
12150,ORD006942,PROD0108,5,0.15,139.66,31.81
12151,ORD006942,PROD0097,3,0.0,893.7,253.14
12152,ORD006943,PROD0125,2,0.0,373.1,153.76
12153,ORD006944,PROD0109,5,0.0,273.95,78.25
12154,ORD006945,PROD0078,4,0.0,410.48,141.68
12155,ORD006946,PROD0130,4,0.0,337.8,164.28
12156,ORD006946,PROD0072,3,0.05,213.52,63.37
12157,ORD006947,PROD0084,3,0.0,287.64,103.14
12158,ORD006948,PROD0082,2,0.1,34.36,14.98
12159,ORD006949,PROD0005,4,0.0,3486.84,1002.96
12160,ORD006950,PROD0093,2,0.0,491.04,175.54
12161,ORD006950,PROD0032,5,0.0,958.1,402.25
12162,ORD006951,PROD0141,1,0.15,78.02,18.67
12163,ORD006951,PROD0020,5,0.05,854.76,280.21
12164,ORD006952,PROD0103,2,0.1,404.39,128.23
12165,ORD006952,PROD0080,4,0.1,236.16,72.48
12166,ORD006952,PROD0119,1,0.0,48.9,19.96
12167,ORD006953,PROD0057,5,0.0,1828.05,869.4
12168,ORD006953,PROD0007,2,0.1,1980.07,604.59
12169,ORD006953,PROD0061,4,0.05,268.7,103.86
12170,ORD006954,PROD0018,5,0.2,792.96,275.71
12171,ORD006954,PROD0079,3,0.0,189.93,85.71
12172,ORD006955,PROD0068,4,0.05,318.36,109.8
12173,ORD006956,PROD0096,3,0.0,173.88,54.33
12174,ORD006957,PROD0061,5,0.0,353.55,147.5
12175,ORD006957,PROD0091,3,0.0,638.88,181.92
12176,ORD006958,PROD0019,1,0.05,814.75,276.06
12177,ORD006959,PROD0013,4,0.05,3418.18,1277.26
12178,ORD006959,PROD0070,1,0.15,41.03,6.69
12179,ORD006959,PROD0145,4,0.1,155.05,38.41
12180,ORD006960,PROD0026,1,0.0,680.28,268.52
12181,ORD006961,PROD0074,5,0.0,330.95,130.85
12182,ORD006962,PROD0150,2,0.0,276.22,119.96
12183,ORD006962,PROD0025,4,0.05,1849.23,635.99
12184,ORD006963,PROD0070,2,0.1,86.89,18.21
12185,ORD006964,PROD0056,5,0.0,1806.55,549.05
12186,ORD006964,PROD0076,2,0.15,146.68,32.56
12187,ORD006964,PROD0013,4,0.0,3598.08,1457.16
12188,ORD006965,PROD0011,5,0.15,5041.1,1407.75
12189,ORD006965,PROD0042,2,0.1,1199.68,270.24
12190,ORD006965,PROD0053,3,0.05,1841.56,799.27
12191,ORD006965,PROD0138,1,0.05,170.93,77.26
12192,ORD006966,PROD0049,5,0.05,4145.75,1602.0
12193,ORD006967,PROD0002,1,0.05,954.05,406.89
12194,ORD006967,PROD0050,2,0.05,168.44,68.32
12195,ORD006968,PROD0010,1,0.0,1454.93,608.75
12196,ORD006968,PROD0102,1,0.05,271.77,105.33
12197,ORD006968,PROD0073,5,0.0,181.2,85.3
12198,ORD006969,PROD0001,4,0.15,3544.23,1167.11
12199,ORD006970,PROD0046,1,0.05,538.58,125.51
12200,ORD006971,PROD0071,2,0.05,189.07,54.43
12201,ORD006972,PROD0068,3,0.05,238.77,82.35
12202,ORD006972,PROD0150,4,0.2,441.95,129.43
12203,ORD006972,PROD0047,4,0.05,2353.07,894.79
12204,ORD006972,PROD0134,3,0.0,302.61,99.63
12205,ORD006973,PROD0054,2,0.05,314.89,114.69
12206,ORD006973,PROD0040,2,0.1,1352.79,302.25
12207,ORD006973,PROD0009,3,0.15,2365.1,546.86
12208,ORD006974,PROD0145,3,0.15,109.83,22.35
12209,ORD006974,PROD0009,5,0.05,4405.58,1375.18
12210,ORD006974,PROD0119,4,0.0,195.6,79.84
12211,ORD006975,PROD0048,5,0.05,552.52,118.72
12212,ORD006976,PROD0036,1,0.1,341.38,63.34
12213,ORD006976,PROD0079,2,0.15,107.63,38.15
12214,ORD006977,PROD0030,1,0.2,1016.27,260.45
12215,ORD006978,PROD0049,4,0.0,3491.16,1456.16
12216,ORD006978,PROD0127,1,0.15,62.32,14.64
12217,ORD006978,PROD0070,3,0.0,144.81,41.79
12218,ORD006979,PROD0037,5,0.0,4488.8,2042.5
12219,ORD006980,PROD0065,3,0.05,29.9,12.47
12220,ORD006980,PROD0122,5,0.0,592.1,189.1
12221,ORD006981,PROD0111,5,0.1,1201.5,433.25
12222,ORD006982,PROD0022,2,0.1,1170.04,266.78
12223,ORD006983,PROD0098,3,0.15,229.27,46.42
12224,ORD006983,PROD0015,1,0.1,246.26,60.77
12225,ORD006984,PROD0131,4,0.0,422.72,185.88
12226,ORD006984,PROD0077,4,0.0,113.44,48.52
12227,ORD006984,PROD0123,4,0.1,832.25,227.45
12228,ORD006984,PROD0080,4,0.15,223.04,59.36
12229,ORD006985,PROD0103,4,0.0,898.64,346.32
12230,ORD006986,PROD0107,5,0.0,282.85,81.15
12231,ORD006986,PROD0134,5,0.2,403.48,65.18
12232,ORD006987,PROD0148,3,0.0,134.49,40.98
12233,ORD006988,PROD0100,5,0.0,625.25,300.8
12234,ORD006989,PROD0114,1,0.1,126.16,52.87
12235,ORD006990,PROD0077,5,0.0,141.8,60.65
12236,ORD006990,PROD0051,5,0.1,2418.97,613.02
12237,ORD006990,PROD0045,3,0.0,1577.37,476.88
12238,ORD006991,PROD0002,2,0.0,2008.52,914.2
12239,ORD006992,PROD0044,3,0.05,1411.95,326.82
12240,ORD006992,PROD0114,2,0.1,252.32,105.74
12241,ORD006992,PROD0056,3,0.0,1083.93,329.43
12242,ORD006993,PROD0026,1,0.05,646.27,234.51
12243,ORD006994,PROD0028,3,0.05,2191.39,682.39
12244,ORD006995,PROD0046,2,0.2,907.09,80.95
12245,ORD006996,PROD0140,1,0.05,128.4,53.95
12246,ORD006997,PROD0073,4,0.0,144.96,68.24
12247,ORD006997,PROD0001,2,0.0,2084.84,896.28
12248,ORD006998,PROD0092,1,0.1,59.82,24.27
12249,ORD006999,PROD0146,1,0.1,48.15,8.65
12250,ORD007000,PROD0110,4,0.0,80.76,21.04
12251,ORD007000,PROD0139,2,0.0,319.54,137.6
12252,ORD007000,PROD0095,5,0.0,505.05,218.75
12253,ORD007000,PROD0107,1,0.0,56.57,16.23
12254,ORD007001,PROD0009,3,0.05,2643.35,825.11
12255,ORD007002,PROD0032,5,0.05,910.19,354.34
12256,ORD007003,PROD0145,3,0.0,129.21,41.73
12257,ORD007003,PROD0099,1,0.0,157.05,55.85
12258,ORD007003,PROD0012,2,0.05,1618.61,606.79
12259,ORD007004,PROD0053,5,0.0,3230.8,1493.65
12260,ORD007004,PROD0140,4,0.0,540.64,242.84
12261,ORD007004,PROD0008,3,0.15,488.68,167.86
12262,ORD007005,PROD0058,3,0.05,973.3,384.13
12263,ORD007006,PROD0130,4,0.0,337.8,164.28
12264,ORD007007,PROD0149,1,0.2,157.03,57.44
12265,ORD007007,PROD0137,1,0.2,65.86,10.03
12266,ORD007008,PROD0136,3,0.1,65.77,28.12
12267,ORD007009,PROD0016,5,0.15,4770.62,1520.02
12268,ORD007009,PROD0059,5,0.2,394.08,105.53
12269,ORD007010,PROD0134,4,0.0,403.48,132.84
12270,ORD007010,PROD0022,2,0.0,1300.04,396.78
12271,ORD007010,PROD0104,5,0.1,1161.13,259.43
12272,ORD007011,PROD0068,3,0.1,226.21,69.79
12273,ORD007011,PROD0048,4,0.2,372.22,25.18
12274,ORD007012,PROD0055,3,0.0,2285.04,725.4
12275,ORD007013,PROD0142,4,0.0,351.56,137.32
12276,ORD007013,PROD0143,4,0.0,289.8,77.92
12277,ORD007013,PROD0095,3,0.0,303.03,131.25
12278,ORD007014,PROD0082,1,0.0,19.09,9.4
12279,ORD007014,PROD0075,3,0.05,148.8,63.21
12280,ORD007014,PROD0017,5,0.0,287.65,121.65
12281,ORD007015,PROD0140,4,0.0,540.64,242.84
12282,ORD007015,PROD0089,3,0.15,123.27,21.15
12283,ORD007016,PROD0073,4,0.0,144.96,68.24
12284,ORD007017,PROD0105,1,0.0,291.08,85.52
12285,ORD007017,PROD0135,3,0.2,45.41,16.07
12286,ORD007018,PROD0044,4,0.05,1882.6,435.76
12287,ORD007019,PROD0100,4,0.0,500.2,240.64
12288,ORD007020,PROD0121,5,0.0,155.4,55.8
12289,ORD007021,PROD0024,3,0.0,887.7,359.37
12290,ORD007021,PROD0082,3,0.0,57.27,28.2
12291,ORD007021,PROD0020,3,0.15,458.87,114.14
12292,ORD007022,PROD0148,3,0.1,121.04,27.53
12293,ORD007023,PROD0043,1,0.05,847.75,294.65
12294,ORD007024,PROD0146,1,0.0,53.5,14.0
12295,ORD007025,PROD0081,5,0.05,264.67,66.87
12296,ORD007026,PROD0088,4,0.05,162.45,34.21
12297,ORD007026,PROD0036,5,0.15,1612.07,221.87
12298,ORD007026,PROD0045,4,0.0,2103.16,635.84
12299,ORD007027,PROD0139,5,0.05,758.91,304.06
12300,ORD007028,PROD0058,1,0.0,341.51,145.12
12301,ORD007029,PROD0095,4,0.05,383.84,154.8
12302,ORD007029,PROD0077,1,0.0,28.36,12.13
12303,ORD007030,PROD0110,4,0.0,80.76,21.04
12304,ORD007031,PROD0076,2,0.05,163.93,49.81
12305,ORD007031,PROD0084,4,0.0,383.52,137.52
12306,ORD007032,PROD0045,3,0.0,1577.37,476.88
12307,ORD007032,PROD0022,4,0.1,2340.07,533.55
12308,ORD007033,PROD0028,4,0.0,3075.64,1063.64
12309,ORD007034,PROD0013,4,0.0,3598.08,1457.16
12310,ORD007034,PROD0092,1,0.1,59.82,24.27
12311,ORD007034,PROD0127,5,0.15,311.61,73.21
12312,ORD007035,PROD0001,4,0.05,3961.2,1584.08
12313,ORD007036,PROD0009,3,0.0,2782.47,964.23
12314,ORD007037,PROD0125,4,0.15,634.27,195.59
12315,ORD007037,PROD0114,4,0.1,504.65,211.49
12316,ORD007038,PROD0022,1,0.05,617.52,165.89
12317,ORD007039,PROD0064,5,0.1,482.13,154.08
12318,ORD007039,PROD0129,3,0.05,180.35,56.63
12319,ORD007039,PROD0097,1,0.0,297.9,84.38
12320,ORD007040,PROD0067,2,0.0,100.48,45.28
12321,ORD007040,PROD0008,2,0.0,383.28,169.4
12322,ORD007041,PROD0061,4,0.05,268.7,103.86
12323,ORD007042,PROD0041,4,0.15,660.04,213.0
12324,ORD007042,PROD0139,3,0.1,431.38,158.47
12325,ORD007042,PROD0125,1,0.15,158.57,48.9
12326,ORD007042,PROD0012,5,0.0,4259.5,1729.95
12327,ORD007043,PROD0139,5,0.05,758.91,304.06
12328,ORD007044,PROD0029,4,0.05,936.55,441.95
12329,ORD007045,PROD0090,5,0.2,381.28,114.73
12330,ORD007045,PROD0131,5,0.0,528.4,232.35
12331,ORD007046,PROD0116,3,0.1,446.69,143.3
12332,ORD007046,PROD0004,2,0.0,2793.74,1187.84
12333,ORD007047,PROD0079,1,0.15,53.81,19.07
12334,ORD007048,PROD0047,4,0.1,2229.23,770.95
12335,ORD007049,PROD0069,4,0.15,257.28,59.68
12336,ORD007050,PROD0125,4,0.1,671.58,232.9
12337,ORD007051,PROD0074,3,0.15,168.78,48.72
12338,ORD007052,PROD0012,5,0.0,4259.5,1729.95
12339,ORD007052,PROD0141,1,0.0,91.79,32.44
12340,ORD007052,PROD0048,4,0.1,418.75,71.71
12341,ORD007053,PROD0084,5,0.0,479.4,171.9
12342,ORD007054,PROD0093,4,0.15,834.77,203.77
12343,ORD007055,PROD0096,1,0.0,57.96,18.11
12344,ORD007056,PROD0086,4,0.05,382.13,144.13
12345,ORD007056,PROD0041,2,0.15,330.02,106.5
12346,ORD007056,PROD0053,1,0.05,613.85,266.42
12347,ORD007056,PROD0070,2,0.0,96.54,27.86
12348,ORD007057,PROD0127,5,0.2,293.28,54.88
12349,ORD007058,PROD0070,3,0.0,144.81,41.79
12350,ORD007059,PROD0054,4,0.1,596.63,196.23
12351,ORD007059,PROD0081,5,0.0,278.6,80.8
12352,ORD007059,PROD0076,1,0.1,77.65,20.59
12353,ORD007060,PROD0023,3,0.15,3474.5,431.06
12354,ORD007061,PROD0080,1,0.0,65.6,24.68
12355,ORD007061,PROD0098,3,0.05,256.24,73.39
12356,ORD007061,PROD0063,5,0.0,402.25,157.65
12357,ORD007061,PROD0096,2,0.15,98.53,18.83
12358,ORD007062,PROD0109,2,0.2,87.66,9.38
12359,ORD007062,PROD0149,1,0.0,196.29,96.7
12360,ORD007063,PROD0045,3,0.1,1419.63,319.14
12361,ORD007063,PROD0134,4,0.0,403.48,132.84
12362,ORD007064,PROD0092,4,0.15,226.0,83.8
12363,ORD007064,PROD0016,4,0.0,4490.0,1889.52
12364,ORD007065,PROD0029,4,0.0,985.84,491.24
12365,ORD007065,PROD0119,1,0.0,48.9,19.96
12366,ORD007066,PROD0032,1,0.05,182.04,70.87
12367,ORD007066,PROD0045,3,0.1,1419.63,319.14
12368,ORD007067,PROD0062,4,0.0,142.0,56.64
12369,ORD007068,PROD0057,1,0.0,365.61,173.88
12370,ORD007068,PROD0051,4,0.0,2150.2,705.44
12371,ORD007069,PROD0114,1,0.05,133.17,59.88
12372,ORD007069,PROD0035,1,0.0,721.22,301.85
12373,ORD007069,PROD0143,1,0.15,61.58,8.61
12374,ORD007069,PROD0102,1,0.15,243.16,76.72
12375,ORD007070,PROD0131,4,0.0,422.72,185.88
12376,ORD007070,PROD0032,4,0.0,766.48,321.8
12377,ORD007070,PROD0022,5,0.05,3087.59,829.44
12378,ORD007070,PROD0087,1,0.05,66.59,14.19
12379,ORD007071,PROD0087,4,0.0,280.4,70.8
12380,ORD007072,PROD0059,1,0.0,98.52,40.81
12381,ORD007073,PROD0008,1,0.0,191.64,84.7
12382,ORD007074,PROD0094,1,0.0,187.12,85.68
12383,ORD007074,PROD0041,3,0.15,495.03,159.75
12384,ORD007075,PROD0090,3,0.0,285.96,126.03
12385,ORD007076,PROD0131,5,0.0,528.4,232.35
12386,ORD007077,PROD0052,1,0.1,348.1,109.93
12387,ORD007077,PROD0081,1,0.0,55.72,16.16
12388,ORD007078,PROD0118,1,0.15,130.7,45.02
12389,ORD007078,PROD0017,3,0.0,172.59,72.99
12390,ORD007079,PROD0016,3,0.0,3367.5,1417.14
12391,ORD007079,PROD0037,1,0.2,718.21,228.95
12392,ORD007080,PROD0143,3,0.05,206.48,47.57
12393,ORD007081,PROD0119,3,0.0,146.7,59.88
12394,ORD007082,PROD0089,2,0.0,96.68,28.6
12395,ORD007082,PROD0065,2,0.0,20.98,9.36
12396,ORD007083,PROD0149,4,0.05,745.9,347.54
12397,ORD007084,PROD0007,4,0.0,4400.16,1649.2
12398,ORD007084,PROD0075,4,0.1,187.96,73.84
12399,ORD007085,PROD0007,2,0.05,2090.08,714.6
12400,ORD007085,PROD0057,2,0.15,621.54,238.08
12401,ORD007086,PROD0001,1,0.0,1042.42,448.14
12402,ORD007087,PROD0120,4,0.0,508.64,150.88
12403,ORD007087,PROD0048,3,0.1,314.06,53.78
12404,ORD007087,PROD0113,1,0.0,34.5,11.85
12405,ORD007088,PROD0140,5,0.0,675.8,303.55
12406,ORD007088,PROD0122,3,0.05,337.5,95.7
12407,ORD007088,PROD0111,1,0.05,253.65,100.0
12408,ORD007089,PROD0143,3,0.15,184.75,25.84
12409,ORD007090,PROD0005,4,0.0,3486.84,1002.96
12410,ORD007091,PROD0096,3,0.15,147.8,28.25
12411,ORD007092,PROD0066,5,0.2,294.04,36.79
12412,ORD007092,PROD0018,3,0.0,594.72,284.37
12413,ORD007093,PROD0056,3,0.0,1083.93,329.43
12414,ORD007093,PROD0087,5,0.05,332.97,70.97
12415,ORD007094,PROD0075,4,0.1,187.96,73.84
12416,ORD007094,PROD0026,1,0.05,646.27,234.51
12417,ORD007094,PROD0050,5,0.05,421.09,170.79
12418,ORD007095,PROD0003,2,0.0,2888.26,1020.26
12419,ORD007096,PROD0148,2,0.0,89.66,27.32
12420,ORD007097,PROD0102,2,0.1,514.93,182.05
12421,ORD007097,PROD0101,5,0.05,780.76,312.66
12422,ORD007097,PROD0079,2,0.0,126.62,57.14
12423,ORD007098,PROD0004,2,0.0,2793.74,1187.84
12424,ORD007099,PROD0072,2,0.0,149.84,49.74
12425,ORD007099,PROD0050,3,0.0,265.95,115.77
12426,ORD007100,PROD0119,5,0.15,207.82,63.12
12427,ORD007101,PROD0034,3,0.0,956.97,312.21
12428,ORD007102,PROD0126,4,0.0,803.6,352.0
12429,ORD007102,PROD0007,2,0.0,2200.08,824.6
12430,ORD007103,PROD0026,4,0.2,2176.9,529.86
12431,ORD007103,PROD0076,2,0.0,172.56,58.44
12432,ORD007104,PROD0139,4,0.0,639.08,275.2
12433,ORD007105,PROD0006,5,0.2,2124.04,294.99
12434,ORD007105,PROD0036,2,0.0,758.62,202.54
12435,ORD007106,PROD0089,4,0.0,193.36,57.2
12436,ORD007107,PROD0003,5,0.0,7220.65,2550.65
12437,ORD007107,PROD0040,4,0.0,3006.2,905.12
12438,ORD007107,PROD0037,4,0.0,3591.04,1634.0
12439,ORD007107,PROD0028,5,0.05,3652.32,1137.32
12440,ORD007108,PROD0028,5,0.05,3652.32,1137.32
12441,ORD007109,PROD0120,4,0.1,457.78,100.02
12442,ORD007109,PROD0013,4,0.0,3598.08,1457.16
12443,ORD007110,PROD0022,5,0.05,3087.59,829.44
12444,ORD007110,PROD0058,1,0.15,290.28,93.89
12445,ORD007111,PROD0051,1,0.0,537.55,176.36
12446,ORD007111,PROD0148,4,0.15,152.42,27.74
12447,ORD007112,PROD0070,1,0.15,41.03,6.69
12448,ORD007112,PROD0100,2,0.0,250.1,120.32
12449,ORD007112,PROD0073,1,0.0,36.24,17.06
12450,ORD007113,PROD0010,5,0.05,6910.92,2680.02
12451,ORD007114,PROD0008,1,0.0,191.64,84.7
12452,ORD007114,PROD0053,1,0.05,613.85,266.42
12453,ORD007115,PROD0013,3,0.0,2698.56,1092.87
12454,ORD007116,PROD0023,5,0.0,6812.75,1740.35
12455,ORD007116,PROD0121,2,0.0,62.16,22.32
12456,ORD007117,PROD0144,3,0.05,452.84,207.95
12457,ORD007117,PROD0041,1,0.05,184.42,72.66
12458,ORD007118,PROD0099,3,0.0,471.15,167.55
12459,ORD007119,PROD0028,5,0.0,3844.55,1329.55
12460,ORD007120,PROD0140,5,0.0,675.8,303.55
12461,ORD007120,PROD0014,3,0.0,3621.54,1165.14
12462,ORD007120,PROD0112,3,0.05,579.35,236.27
12463,ORD007121,PROD0094,2,0.0,374.24,171.36
12464,ORD007122,PROD0002,5,0.05,4770.23,2034.43
12465,ORD007123,PROD0035,4,0.0,2884.88,1207.4
12466,ORD007124,PROD0048,5,0.0,581.6,147.8
12467,ORD007124,PROD0031,3,0.0,1063.44,314.91
12468,ORD007125,PROD0123,5,0.0,1155.9,399.9
12469,ORD007126,PROD0007,2,0.15,1870.07,494.59
12470,ORD007127,PROD0046,2,0.0,1133.86,307.72
12471,ORD007128,PROD0037,5,0.05,4264.36,1818.06
12472,ORD007128,PROD0136,1,0.0,24.36,11.81
12473,ORD007129,PROD0067,3,0.0,150.72,67.92
12474,ORD007130,PROD0057,4,0.0,1462.44,695.52
12475,ORD007131,PROD0014,1,0.1,1086.46,267.66
12476,ORD007131,PROD0102,3,0.0,858.21,358.89
12477,ORD007131,PROD0123,2,0.0,462.36,159.96
12478,ORD007132,PROD0065,3,0.0,31.47,14.04
12479,ORD007133,PROD0113,5,0.0,172.5,59.25
12480,ORD007134,PROD0122,3,0.05,337.5,95.7
12481,ORD007134,PROD0081,5,0.0,278.6,80.8
12482,ORD007134,PROD0027,4,0.0,2294.52,605.64
12483,ORD007135,PROD0050,4,0.05,336.87,136.63
12484,ORD007135,PROD0036,4,0.0,1517.24,405.08
12485,ORD007135,PROD0058,1,0.1,307.36,110.97
12486,ORD007136,PROD0078,4,0.2,328.38,59.58
12487,ORD007137,PROD0019,4,0.05,3258.99,1104.23
12488,ORD007137,PROD0057,3,0.1,987.15,411.96
12489,ORD007138,PROD0090,3,0.05,271.66,111.73
12490,ORD007139,PROD0035,5,0.1,3245.49,1148.64
12491,ORD007140,PROD0133,2,0.05,445.49,195.55
12492,ORD007141,PROD0067,2,0.2,80.38,25.18
12493,ORD007142,PROD0072,1,0.0,74.92,24.87
12494,ORD007142,PROD0109,1,0.0,54.79,15.65
12495,ORD007143,PROD0093,2,0.05,466.49,150.99
12496,ORD007144,PROD0044,2,0.05,941.3,217.88
12497,ORD007144,PROD0060,5,0.05,4002.06,1115.86
12498,ORD007144,PROD0086,2,0.05,191.06,72.06
12499,ORD007145,PROD0046,5,0.05,2692.92,627.57
12500,ORD007145,PROD0026,2,0.0,1360.56,537.04
12501,ORD007145,PROD0120,3,0.0,381.48,113.16
12502,ORD007146,PROD0103,5,0.0,1123.3,432.9
12503,ORD007147,PROD0136,2,0.0,48.72,23.62
12504,ORD007148,PROD0122,5,0.0,592.1,189.1
12505,ORD007149,PROD0067,1,0.1,45.22,17.62
12506,ORD007150,PROD0148,4,0.0,179.32,54.64
12507,ORD007150,PROD0104,2,0.05,490.26,129.58
12508,ORD007151,PROD0131,1,0.1,95.11,35.9
12509,ORD007152,PROD0035,3,0.15,1839.11,581.0
12510,ORD007153,PROD0028,4,0.0,3075.64,1063.64
12511,ORD007154,PROD0123,1,0.0,231.18,79.98
12512,ORD007155,PROD0011,3,0.1,3202.58,1022.57
12513,ORD007156,PROD0124,3,0.15,90.19,34.48
12514,ORD007157,PROD0084,1,0.0,95.88,34.38
12515,ORD007158,PROD0012,4,0.0,3407.6,1383.96
12516,ORD007158,PROD0081,4,0.1,200.59,42.35
12517,ORD007158,PROD0127,2,0.1,131.98,36.62
12518,ORD007159,PROD0140,2,0.1,243.29,94.39
12519,ORD007159,PROD0033,2,0.0,945.58,430.8
12520,ORD007160,PROD0075,4,0.05,198.4,84.28
12521,ORD007160,PROD0007,2,0.0,2200.08,824.6
12522,ORD007161,PROD0091,1,0.0,212.96,60.64
12523,ORD007162,PROD0092,4,0.05,252.59,110.39
12524,ORD007162,PROD0048,1,0.0,116.32,29.56
12525,ORD007162,PROD0144,4,0.0,635.56,309.04
12526,ORD007163,PROD0049,1,0.15,741.87,233.12
12527,ORD007163,PROD0025,4,0.0,1946.56,733.32
12528,ORD007164,PROD0108,2,0.0,65.72,22.58
12529,ORD007165,PROD0115,2,0.0,159.52,76.66
12530,ORD007166,PROD0066,3,0.0,220.53,66.18
12531,ORD007167,PROD0089,4,0.0,193.36,57.2
12532,ORD007167,PROD0149,4,0.05,745.9,347.54
12533,ORD007168,PROD0042,3,0.2,1599.58,205.42
12534,ORD007169,PROD0024,3,0.0,887.7,359.37
12535,ORD007169,PROD0011,4,0.0,4744.56,1837.88
12536,ORD007169,PROD0007,5,0.0,5500.2,2061.5
12537,ORD007170,PROD0013,5,0.05,4272.72,1596.57
12538,ORD007171,PROD0083,5,0.0,68.0,30.2
12539,ORD007172,PROD0072,2,0.0,149.84,49.74
12540,ORD007172,PROD0139,1,0.05,151.78,60.81
12541,ORD007172,PROD0045,3,0.0,1577.37,476.88
12542,ORD007173,PROD0086,2,0.1,181.01,62.01
12543,ORD007173,PROD0062,1,0.1,31.95,10.61
12544,ORD007174,PROD0012,3,0.1,2300.13,782.4
12545,ORD007174,PROD0125,1,0.15,158.57,48.9
12546,ORD007174,PROD0110,2,0.05,38.36,8.5
12547,ORD007175,PROD0046,4,0.0,2267.72,615.44
12548,ORD007175,PROD0008,3,0.0,574.92,254.1
12549,ORD007176,PROD0113,2,0.05,65.55,20.25
12550,ORD007177,PROD0059,5,0.0,492.6,204.05
12551,ORD007177,PROD0016,4,0.05,4265.5,1665.02
12552,ORD007178,PROD0086,1,0.0,100.56,41.06
12553,ORD007178,PROD0019,4,0.15,2915.94,761.18
12554,ORD007178,PROD0064,2,0.0,214.28,83.06
12555,ORD007179,PROD0134,3,0.15,257.22,54.24
12556,ORD007180,PROD0042,5,0.0,3332.45,1008.85
12557,ORD007180,PROD0146,3,0.0,160.5,42.0
12558,ORD007181,PROD0142,1,0.0,87.89,34.33
12559,ORD007182,PROD0146,3,0.0,160.5,42.0
12560,ORD007183,PROD0116,5,0.05,785.84,280.19
12561,ORD007183,PROD0117,1,0.0,248.79,62.93
12562,ORD007184,PROD0099,5,0.0,785.25,279.25
12563,ORD007185,PROD0064,5,0.0,535.7,207.65
12564,ORD007186,PROD0006,2,0.0,1062.02,330.4
12565,ORD007186,PROD0093,5,0.0,1227.6,438.85
12566,ORD007186,PROD0033,3,0.05,1347.45,575.28
12567,ORD007186,PROD0144,4,0.05,603.78,277.26
12568,ORD007187,PROD0071,5,0.1,447.8,111.2
12569,ORD007188,PROD0081,3,0.15,142.09,23.41
12570,ORD007188,PROD0044,3,0.2,1189.01,103.88
12571,ORD007189,PROD0046,2,0.0,1133.86,307.72
12572,ORD007189,PROD0092,3,0.0,199.41,92.76
12573,ORD007189,PROD0058,4,0.05,1297.74,512.18
12574,ORD007189,PROD0124,5,0.1,159.16,66.31
12575,ORD007190,PROD0103,1,0.15,190.96,52.88
12576,ORD007190,PROD0138,2,0.05,341.87,154.53
12577,ORD007191,PROD0005,3,0.15,2222.86,359.95
12578,ORD007192,PROD0102,3,0.15,729.48,230.16
12579,ORD007192,PROD0033,5,0.0,2363.95,1077.0
12580,ORD007193,PROD0150,1,0.0,138.11,59.98
12581,ORD007193,PROD0148,2,0.0,89.66,27.32
12582,ORD007193,PROD0081,1,0.1,50.15,10.59
12583,ORD007193,PROD0118,2,0.0,307.52,136.16
12584,ORD007194,PROD0091,5,0.0,1064.8,303.2
12585,ORD007195,PROD0076,5,0.05,409.83,124.53
12586,ORD007195,PROD0010,2,0.1,2618.87,926.51
12587,ORD007196,PROD0001,4,0.0,4169.68,1792.56
12588,ORD007197,PROD0140,5,0.0,675.8,303.55
12589,ORD007198,PROD0072,4,0.15,254.73,54.53
12590,ORD007199,PROD0013,4,0.0,3598.08,1457.16
12591,ORD007200,PROD0009,2,0.0,1854.98,642.82
12592,ORD007200,PROD0061,3,0.0,212.13,88.5
12593,ORD007201,PROD0086,5,0.05,477.66,180.16
12594,ORD007201,PROD0120,3,0.1,343.33,75.01
12595,ORD007202,PROD0052,2,0.0,773.56,297.22
12596,ORD007202,PROD0075,5,0.0,261.05,118.4
12597,ORD007203,PROD0039,2,0.05,835.11,331.55
12598,ORD007204,PROD0135,2,0.0,37.84,18.28
12599,ORD007204,PROD0024,1,0.1,266.31,90.2
12600,ORD007204,PROD0096,3,0.0,173.88,54.33
12601,ORD007205,PROD0096,5,0.05,275.31,76.06
12602,ORD007205,PROD0030,2,0.2,2032.54,520.9
12603,ORD007205,PROD0103,3,0.0,673.98,259.74
12604,ORD007206,PROD0046,5,0.0,2834.65,769.3
12605,ORD007206,PROD0059,2,0.1,177.34,61.92
12606,ORD007207,PROD0074,3,0.0,198.57,78.51
12607,ORD007208,PROD0143,2,0.0,144.9,38.96
12608,ORD007208,PROD0032,3,0.0,574.86,241.35
12609,ORD007209,PROD0106,4,0.2,353.28,101.16
12610,ORD007209,PROD0111,3,0.05,760.95,300.0
12611,ORD007209,PROD0123,2,0.0,462.36,159.96
12612,ORD007210,PROD0006,4,0.05,2017.84,554.6
12613,ORD007210,PROD0077,2,0.0,56.72,24.26
12614,ORD007210,PROD0079,2,0.05,120.29,50.81
12615,ORD007210,PROD0074,4,0.0,264.76,104.68
12616,ORD007211,PROD0072,4,0.1,269.71,69.51
12617,ORD007212,PROD0011,1,0.0,1186.14,459.47
12618,ORD007213,PROD0051,1,0.0,537.55,176.36
12619,ORD007213,PROD0006,5,0.0,2655.05,826.0
12620,ORD007213,PROD0060,5,0.1,3791.43,905.23
12621,ORD007214,PROD0049,5,0.05,4145.75,1602.0
12622,ORD007214,PROD0068,4,0.0,335.12,126.56
12623,ORD007214,PROD0004,1,0.0,1396.87,593.92
12624,ORD007215,PROD0091,2,0.05,404.62,99.98
12625,ORD007215,PROD0130,1,0.15,71.78,28.4
12626,ORD007215,PROD0092,4,0.0,265.88,123.68
12627,ORD007216,PROD0031,2,0.15,602.62,103.6
12628,ORD007217,PROD0029,5,0.0,1232.3,614.05
12629,ORD007218,PROD0097,5,0.15,1266.08,198.48
12630,ORD007219,PROD0049,4,0.0,3491.16,1456.16
12631,ORD007219,PROD0122,4,0.1,426.31,103.91
12632,ORD007220,PROD0099,5,0.0,785.25,279.25
12633,ORD007220,PROD0139,2,0.0,319.54,137.6
12634,ORD007220,PROD0076,3,0.0,258.84,87.66
12635,ORD007221,PROD0077,5,0.0,141.8,60.65
12636,ORD007221,PROD0048,1,0.0,116.32,29.56
12637,ORD007222,PROD0044,1,0.0,495.42,133.71
12638,ORD007223,PROD0012,5,0.0,4259.5,1729.95
12639,ORD007224,PROD0009,5,0.0,4637.45,1607.05
12640,ORD007225,PROD0082,5,0.2,76.36,27.91
12641,ORD007225,PROD0109,4,0.0,219.16,62.6
12642,ORD007225,PROD0103,3,0.05,640.28,226.04
12643,ORD007225,PROD0017,5,0.0,287.65,121.65
12644,ORD007226,PROD0118,2,0.1,276.77,105.41
12645,ORD007226,PROD0098,4,0.15,305.69,61.89
12646,ORD007226,PROD0048,1,0.1,104.69,17.93
12647,ORD007227,PROD0014,4,0.05,4587.28,1312.08
12648,ORD007227,PROD0119,1,0.05,46.45,17.51
12649,ORD007227,PROD0139,1,0.0,159.77,68.8
12650,ORD007228,PROD0033,3,0.0,1418.37,646.2
12651,ORD007228,PROD0105,1,0.1,261.97,56.41
12652,ORD007229,PROD0038,5,0.0,4307.3,1656.55
12653,ORD007230,PROD0050,3,0.05,252.65,102.47
12654,ORD007231,PROD0018,3,0.0,594.72,284.37
12655,ORD007231,PROD0096,1,0.05,55.06,15.21
12656,ORD007231,PROD0024,4,0.1,1065.24,360.8
12657,ORD007232,PROD0002,1,0.1,903.83,356.67
12658,ORD007232,PROD0073,1,0.1,32.62,13.44
12659,ORD007233,PROD0150,1,0.0,138.11,59.98
12660,ORD007233,PROD0139,2,0.0,319.54,137.6
12661,ORD007233,PROD0084,3,0.0,287.64,103.14
12662,ORD007233,PROD0042,4,0.05,2532.66,673.78
12663,ORD007234,PROD0036,4,0.0,1517.24,405.08
12664,ORD007235,PROD0009,2,0.05,1762.23,550.07
12665,ORD007236,PROD0020,1,0.1,161.95,47.04
12666,ORD007236,PROD0008,3,0.0,574.92,254.1
12667,ORD007236,PROD0081,5,0.0,278.6,80.8
12668,ORD007236,PROD0100,1,0.1,112.55,47.66
12669,ORD007237,PROD0035,2,0.0,1442.44,603.7
12670,ORD007238,PROD0129,4,0.1,227.81,62.85
12671,ORD007238,PROD0115,2,0.0,159.52,76.66
12672,ORD007238,PROD0091,4,0.05,809.25,199.97
12673,ORD007239,PROD0088,4,0.2,136.8,8.56
12674,ORD007239,PROD0059,3,0.0,295.56,122.43
12675,ORD007239,PROD0148,4,0.0,179.32,54.64
12676,ORD007240,PROD0059,2,0.1,177.34,61.92
12677,ORD007241,PROD0075,5,0.0,261.05,118.4
12678,ORD007242,PROD0099,4,0.0,628.2,223.4
12679,ORD007242,PROD0053,2,0.0,1292.32,597.46
12680,ORD007243,PROD0003,1,0.0,1444.13,510.13
12681,ORD007243,PROD0053,1,0.0,646.16,298.73
12682,ORD007244,PROD0015,4,0.0,1094.48,352.52
12683,ORD007245,PROD0106,4,0.0,441.6,189.48
12684,ORD007246,PROD0117,1,0.0,248.79,62.93
12685,ORD007247,PROD0026,4,0.0,2721.12,1074.08
12686,ORD007247,PROD0055,4,0.05,2894.38,814.86
12687,ORD007248,PROD0050,3,0.0,265.95,115.77
12688,ORD007248,PROD0024,1,0.05,281.1,104.99
12689,ORD007249,PROD0146,5,0.0,267.5,70.0
12690,ORD007249,PROD0141,5,0.0,458.95,162.2
12691,ORD007250,PROD0102,5,0.15,1215.8,383.6
12692,ORD007251,PROD0014,4,0.05,4587.28,1312.08
12693,ORD007252,PROD0113,5,0.05,163.88,50.63
12694,ORD007253,PROD0137,2,0.0,164.64,52.98
12695,ORD007254,PROD0123,4,0.05,878.48,273.68
12696,ORD007254,PROD0017,4,0.2,184.1,51.3
12697,ORD007254,PROD0131,4,0.2,338.18,101.34
12698,ORD007254,PROD0008,5,0.0,958.2,423.5
12699,ORD007255,PROD0087,1,0.05,66.59,14.19
12700,ORD007256,PROD0095,3,0.0,303.03,131.25
12701,ORD007256,PROD0076,3,0.05,245.9,74.72
12702,ORD007256,PROD0098,3,0.0,269.73,86.88
12703,ORD007257,PROD0069,2,0.0,151.34,52.54
12704,ORD007258,PROD0150,1,0.0,138.11,59.98
12705,ORD007258,PROD0075,3,0.0,156.63,71.04
12706,ORD007259,PROD0074,1,0.0,66.19,26.17
12707,ORD007259,PROD0128,5,0.0,409.8,108.45
12708,ORD007260,PROD0082,4,0.0,76.36,37.6
12709,ORD007260,PROD0122,5,0.05,562.5,159.5
12710,ORD007260,PROD0037,1,0.05,852.87,363.61
12711,ORD007261,PROD0101,3,0.0,493.11,212.25
12712,ORD007262,PROD0002,2,0.05,1908.09,813.77
12713,ORD007262,PROD0062,3,0.15,90.52,26.5
12714,ORD007263,PROD0044,5,0.0,2477.1,668.55
12715,ORD007264,PROD0060,5,0.0,4212.7,1326.5
12716,ORD007264,PROD0010,1,0.05,1382.18,536.0
12717,ORD007264,PROD0100,1,0.1,112.55,47.66
12718,ORD007265,PROD0094,1,0.0,187.12,85.68
12719,ORD007265,PROD0097,4,0.05,1132.02,277.94
12720,ORD007266,PROD0050,3,0.05,252.65,102.47
12721,ORD007266,PROD0080,1,0.1,59.04,18.12
12722,ORD007267,PROD0023,3,0.0,4087.65,1044.21
12723,ORD007267,PROD0110,2,0.05,38.36,8.5
12724,ORD007268,PROD0133,5,0.15,996.5,371.65
12725,ORD007269,PROD0027,1,0.05,544.95,122.73
12726,ORD007269,PROD0020,2,0.0,359.9,130.08
12727,ORD007270,PROD0113,1,0.05,32.77,10.12
12728,ORD007270,PROD0134,4,0.2,322.78,52.14
12729,ORD007271,PROD0068,5,0.0,418.9,158.2
12730,ORD007272,PROD0109,1,0.0,54.79,15.65
12731,ORD007273,PROD0090,4,0.0,381.28,168.04
12732,ORD007273,PROD0019,4,0.1,3087.47,932.71
12733,ORD007273,PROD0013,2,0.1,1619.14,548.68
12734,ORD007274,PROD0120,4,0.15,432.34,74.58
12735,ORD007274,PROD0052,4,0.0,1547.12,594.44
12736,ORD007274,PROD0082,1,0.0,19.09,9.4
12737,ORD007274,PROD0012,5,0.1,3833.55,1304.0
12738,ORD007275,PROD0083,1,0.0,13.6,6.04
12739,ORD007276,PROD0077,5,0.2,113.44,32.29
12740,ORD007277,PROD0046,3,0.2,1360.63,121.42
12741,ORD007278,PROD0094,1,0.0,187.12,85.68
12742,ORD007279,PROD0081,4,0.0,222.88,64.64
12743,ORD007279,PROD0065,3,0.05,29.9,12.47
12744,ORD007280,PROD0029,2,0.05,468.27,220.97
12745,ORD007281,PROD0064,4,0.0,428.56,166.12
12746,ORD007281,PROD0009,1,0.05,881.12,275.04
12747,ORD007282,PROD0122,5,0.15,503.29,100.29
12748,ORD007282,PROD0021,2,0.2,1899.9,199.66
12749,ORD007282,PROD0063,1,0.05,76.43,27.51
12750,ORD007283,PROD0046,4,0.0,2267.72,615.44
12751,ORD007284,PROD0047,2,0.2,990.77,261.63
12752,ORD007284,PROD0121,4,0.15,105.67,25.99
12753,ORD007285,PROD0121,1,0.05,29.53,9.61
12754,ORD007285,PROD0046,5,0.0,2834.65,769.3
12755,ORD007286,PROD0113,2,0.0,69.0,23.7
12756,ORD007287,PROD0065,3,0.0,31.47,14.04
12757,ORD007288,PROD0038,2,0.0,1722.92,662.62
12758,ORD007289,PROD0006,1,0.0,531.01,165.2
12759,ORD007290,PROD0017,5,0.0,287.65,121.65
12760,ORD007291,PROD0033,1,0.0,472.79,215.4
12761,ORD007291,PROD0028,5,0.1,3460.09,945.09
12762,ORD007291,PROD0095,3,0.2,242.42,70.64
12763,ORD007291,PROD0089,2,0.0,96.68,28.6
12764,ORD007292,PROD0055,1,0.05,723.6,203.72
12765,ORD007293,PROD0020,1,0.0,179.95,65.04
12766,ORD007294,PROD0122,2,0.05,225.0,63.8
12767,ORD007294,PROD0025,2,0.0,973.28,366.66
12768,ORD007294,PROD0037,2,0.0,1795.52,817.0
12769,ORD007295,PROD0107,5,0.0,282.85,81.15
12770,ORD007295,PROD0078,4,0.1,369.43,100.63
12771,ORD007296,PROD0116,4,0.0,661.76,257.24
12772,ORD007297,PROD0131,2,0.0,211.36,92.94
12773,ORD007298,PROD0038,3,0.1,2325.94,735.49
12774,ORD007298,PROD0150,5,0.0,690.55,299.9
12775,ORD007299,PROD0112,2,0.05,386.23,157.51
12776,ORD007299,PROD0124,3,0.0,106.11,50.4
12777,ORD007300,PROD0008,5,0.0,958.2,423.5
12778,ORD007300,PROD0088,3,0.1,115.42,19.24
12779,ORD007301,PROD0097,5,0.0,1489.5,421.9
12780,ORD007301,PROD0012,4,0.0,3407.6,1383.96
12781,ORD007302,PROD0124,3,0.15,90.19,34.48
12782,ORD007302,PROD0013,4,0.1,3238.27,1097.35
12783,ORD007303,PROD0088,3,0.0,128.25,32.07
12784,ORD007303,PROD0082,2,0.1,34.36,14.98
12785,ORD007304,PROD0047,2,0.15,1052.69,323.55
12786,ORD007305,PROD0116,4,0.0,661.76,257.24
12787,ORD007305,PROD0003,1,0.0,1444.13,510.13
12788,ORD007305,PROD0052,3,0.0,1160.34,445.83
12789,ORD007305,PROD0074,2,0.05,125.76,45.72
12790,ORD007306,PROD0114,2,0.1,252.32,105.74
12791,ORD007307,PROD0053,3,0.15,1647.71,605.42
12792,ORD007307,PROD0086,4,0.0,402.24,164.24
12793,ORD007307,PROD0113,3,0.1,93.15,25.2
12794,ORD007308,PROD0138,4,0.0,719.72,345.04
12795,ORD007308,PROD0141,4,0.0,367.16,129.76
12796,ORD007309,PROD0099,5,0.05,745.99,239.99
12797,ORD007309,PROD0124,1,0.05,33.6,15.03
12798,ORD007309,PROD0136,3,0.0,73.08,35.43
12799,ORD007309,PROD0023,2,0.05,2588.84,559.88
12800,ORD007310,PROD0122,1,0.1,106.58,25.98
12801,ORD007310,PROD0055,2,0.05,1447.19,407.43
12802,ORD007311,PROD0017,5,0.0,287.65,121.65
12803,ORD007311,PROD0149,3,0.0,588.87,290.1
12804,ORD007311,PROD0014,3,0.1,3259.39,802.99
12805,ORD007311,PROD0142,4,0.1,316.4,102.16
12806,ORD007312,PROD0052,3,0.0,1160.34,445.83
12807,ORD007312,PROD0135,3,0.15,48.25,18.91
12808,ORD007312,PROD0113,2,0.15,58.65,13.35
12809,ORD007313,PROD0121,2,0.1,55.94,16.1
12810,ORD007313,PROD0039,4,0.1,1582.31,575.19
12811,ORD007314,PROD0146,2,0.05,101.65,22.65
12812,ORD007314,PROD0103,4,0.0,898.64,346.32
12813,ORD007315,PROD0079,5,0.05,300.72,127.02
12814,ORD007316,PROD0036,4,0.05,1441.38,329.22
12815,ORD007317,PROD0144,5,0.0,794.45,386.3
12816,ORD007318,PROD0011,5,0.0,5930.7,2297.35
12817,ORD007318,PROD0100,2,0.05,237.59,107.81
12818,ORD007318,PROD0134,1,0.0,100.87,33.21
12819,ORD007318,PROD0066,5,0.05,349.17,91.92
12820,ORD007319,PROD0004,2,0.0,2793.74,1187.84
12821,ORD007320,PROD0027,1,0.1,516.27,94.05
12822,ORD007321,PROD0127,1,0.0,73.32,25.64
12823,ORD007321,PROD0029,5,0.0,1232.3,614.05
12824,ORD007322,PROD0063,2,0.0,160.9,63.06
12825,ORD007322,PROD0016,1,0.05,1066.38,416.26
12826,ORD007323,PROD0009,2,0.0,1854.98,642.82
12827,ORD007324,PROD0129,5,0.05,300.58,94.38
12828,ORD007324,PROD0027,1,0.05,544.95,122.73
12829,ORD007325,PROD0146,5,0.15,227.38,29.88
12830,ORD007325,PROD0116,1,0.05,157.17,56.04
12831,ORD007325,PROD0030,1,0.15,1079.79,323.97
12832,ORD007326,PROD0150,5,0.1,621.5,230.85
12833,ORD007327,PROD0078,4,0.0,410.48,141.68
12834,ORD007328,PROD0145,1,0.05,40.92,11.76
12835,ORD007329,PROD0106,5,0.0,552.0,236.85
12836,ORD007329,PROD0039,3,0.0,1318.59,563.25
12837,ORD007330,PROD0101,1,0.1,147.93,54.31
12838,ORD007331,PROD0069,4,0.2,242.14,44.54
12839,ORD007331,PROD0072,4,0.0,299.68,99.48
12840,ORD007331,PROD0070,5,0.1,217.22,45.52
12841,ORD007332,PROD0128,5,0.0,409.8,108.45
12842,ORD007332,PROD0150,5,0.0,690.55,299.9
12843,ORD007332,PROD0009,3,0.0,2782.47,964.23
12844,ORD007333,PROD0094,1,0.1,168.41,66.97
12845,ORD007333,PROD0037,4,0.05,3411.49,1454.45
12846,ORD007334,PROD0006,4,0.05,2017.84,554.6
12847,ORD007334,PROD0144,3,0.0,476.67,231.78
12848,ORD007334,PROD0025,5,0.0,2433.2,916.65
12849,ORD007334,PROD0046,1,0.0,566.93,153.86
12850,ORD007335,PROD0111,3,0.0,801.0,340.05
12851,ORD007335,PROD0051,5,0.0,2687.75,881.8
12852,ORD007336,PROD0132,1,0.0,31.69,8.8
12853,ORD007336,PROD0066,4,0.0,294.04,88.24
12854,ORD007336,PROD0089,4,0.0,193.36,57.2
12855,ORD007337,PROD0105,2,0.0,582.16,171.04
12856,ORD007338,PROD0040,4,0.1,2705.58,604.5
12857,ORD007338,PROD0094,1,0.0,187.12,85.68
12858,ORD007339,PROD0094,4,0.15,636.21,230.45
12859,ORD007339,PROD0136,5,0.05,115.71,52.96
12860,ORD007339,PROD0051,1,0.15,456.92,95.73
12861,ORD007340,PROD0129,2,0.0,126.56,44.08
12862,ORD007340,PROD0081,2,0.0,111.44,32.32
12863,ORD007341,PROD0116,2,0.15,281.25,78.99
12864,ORD007342,PROD0133,5,0.15,996.5,371.65
12865,ORD007343,PROD0130,2,0.0,168.9,82.14
12866,ORD007343,PROD0030,1,0.0,1270.34,514.52
12867,ORD007344,PROD0069,5,0.05,359.43,112.43
12868,ORD007345,PROD0022,2,0.0,1300.04,396.78
12869,ORD007346,PROD0091,5,0.05,1011.56,249.96
12870,ORD007347,PROD0012,1,0.0,851.9,345.99
12871,ORD007347,PROD0149,5,0.05,932.38,434.43
12872,ORD007348,PROD0134,5,0.0,504.35,166.05
12873,ORD007348,PROD0072,1,0.15,63.68,13.63
12874,ORD007348,PROD0119,3,0.0,146.7,59.88
12875,ORD007349,PROD0127,2,0.1,131.98,36.62
12876,ORD007349,PROD0049,1,0.15,741.87,233.12
12877,ORD007349,PROD0099,4,0.0,628.2,223.4
12878,ORD007350,PROD0006,3,0.0,1593.03,495.6
12879,ORD007351,PROD0048,5,0.0,581.6,147.8
12880,ORD007351,PROD0112,2,0.05,386.23,157.51
12881,ORD007352,PROD0128,2,0.2,131.14,10.6
12882,ORD007353,PROD0041,4,0.1,698.87,251.83
12883,ORD007354,PROD0010,1,0.0,1454.93,608.75
12884,ORD007355,PROD0044,4,0.15,1684.43,237.59
12885,ORD007355,PROD0146,4,0.0,214.0,56.0
12886,ORD007356,PROD0142,1,0.1,79.1,25.54
12887,ORD007357,PROD0053,2,0.05,1227.7,532.84
12888,ORD007358,PROD0006,2,0.0,1062.02,330.4
12889,ORD007359,PROD0087,2,0.0,140.2,35.4
12890,ORD007359,PROD0039,1,0.0,439.53,187.75
12891,ORD007360,PROD0106,3,0.05,314.64,125.55
12892,ORD007360,PROD0058,4,0.0,1366.04,580.48
12893,ORD007360,PROD0019,2,0.0,1715.26,637.88
12894,ORD007361,PROD0142,2,0.05,166.99,59.87
12895,ORD007361,PROD0038,5,0.2,3445.84,795.09
12896,ORD007362,PROD0033,2,0.05,898.3,383.52
12897,ORD007363,PROD0020,1,0.1,161.95,47.04
12898,ORD007363,PROD0083,1,0.1,12.24,4.68
12899,ORD007363,PROD0113,3,0.0,103.5,35.55
12900,ORD007364,PROD0063,3,0.0,241.35,94.59
12901,ORD007365,PROD0066,2,0.05,139.67,36.77
12902,ORD007366,PROD0018,1,0.0,198.24,94.79
12903,ORD007367,PROD0067,3,0.15,128.11,45.31
12904,ORD007367,PROD0047,3,0.05,1764.81,671.1
12905,ORD007368,PROD0042,3,0.0,1999.47,605.31
12906,ORD007368,PROD0005,3,0.05,2484.37,621.46
12907,ORD007369,PROD0091,5,0.0,1064.8,303.2
12908,ORD007369,PROD0137,2,0.0,164.64,52.98
12909,ORD007370,PROD0074,1,0.05,62.88,22.86
12910,ORD007370,PROD0103,5,0.15,954.8,264.4
12911,ORD007370,PROD0114,1,0.0,140.18,66.89
12912,ORD007370,PROD0132,1,0.1,28.52,5.63
12913,ORD007371,PROD0107,3,0.0,169.71,48.69
12914,ORD007372,PROD0134,5,0.15,428.7,90.4
12915,ORD007373,PROD0025,4,0.05,1849.23,635.99
12916,ORD007373,PROD0098,1,0.0,89.91,28.96
12917,ORD007373,PROD0137,1,0.15,69.97,14.14
12918,ORD007374,PROD0143,5,0.05,344.14,79.29
12919,ORD007374,PROD0070,3,0.2,115.85,12.83
12920,ORD007375,PROD0087,3,0.0,210.3,53.1
12921,ORD007375,PROD0035,5,0.1,3245.49,1148.64
12922,ORD007376,PROD0018,2,0.0,396.48,189.58
12923,ORD007376,PROD0112,1,0.0,203.28,88.92
12924,ORD007377,PROD0114,4,0.0,560.72,267.56
12925,ORD007377,PROD0117,1,0.1,223.91,38.05
12926,ORD007378,PROD0070,2,0.0,96.54,27.86
12927,ORD007378,PROD0007,4,0.1,3960.14,1209.18
12928,ORD007379,PROD0018,2,0.1,356.83,149.93
12929,ORD007380,PROD0062,1,0.05,33.73,12.39
12930,ORD007380,PROD0038,5,0.15,3661.2,1010.45
12931,ORD007381,PROD0038,1,0.15,732.24,202.09
12932,ORD007382,PROD0135,1,0.2,15.14,5.36
12933,ORD007383,PROD0020,5,0.15,764.79,190.24
12934,ORD007384,PROD0117,3,0.0,746.37,188.79
12935,ORD007384,PROD0017,2,0.2,92.05,25.65
12936,ORD007385,PROD0018,2,0.1,356.83,149.93
12937,ORD007385,PROD0130,2,0.05,160.45,73.69
12938,ORD007385,PROD0136,2,0.0,48.72,23.62
12939,ORD007386,PROD0067,5,0.0,251.2,113.2
12940,ORD007386,PROD0094,5,0.15,795.26,288.06
12941,ORD007386,PROD0071,3,0.0,298.53,96.57
12942,ORD007386,PROD0090,5,0.0,476.6,210.05
12943,ORD007387,PROD0028,4,0.0,3075.64,1063.64
12944,ORD007387,PROD0066,2,0.0,147.02,44.12
12945,ORD007388,PROD0055,1,0.1,685.51,165.63
12946,ORD007389,PROD0129,2,0.0,126.56,44.08
12947,ORD007390,PROD0076,1,0.0,86.28,29.22
12948,ORD007391,PROD0111,2,0.2,427.2,119.9
12949,ORD007392,PROD0069,3,0.0,227.01,78.81
12950,ORD007392,PROD0078,1,0.0,102.62,35.42
12951,ORD007392,PROD0112,3,0.05,579.35,236.27
12952,ORD007393,PROD0076,4,0.05,327.86,99.62
12953,ORD007394,PROD0015,5,0.0,1368.1,440.65
12954,ORD007394,PROD0108,1,0.0,32.86,11.29
12955,ORD007395,PROD0057,5,0.1,1645.25,686.6
12956,ORD007396,PROD0062,1,0.1,31.95,10.61
12957,ORD007396,PROD0020,5,0.0,899.75,325.2
12958,ORD007396,PROD0104,5,0.0,1290.15,388.45
12959,ORD007397,PROD0059,1,0.0,98.52,40.81
12960,ORD007398,PROD0143,4,0.0,289.8,77.92
12961,ORD007398,PROD0112,3,0.1,548.86,205.78
12962,ORD007398,PROD0032,4,0.0,766.48,321.8
12963,ORD007399,PROD0048,4,0.0,465.28,118.24
12964,ORD007399,PROD0012,1,0.05,809.3,303.39
12965,ORD007399,PROD0081,3,0.0,167.16,48.48
12966,ORD007400,PROD0029,3,0.0,739.38,368.43
12967,ORD007400,PROD0075,5,0.05,248.0,105.35
12968,ORD007401,PROD0016,1,0.15,954.12,304.0
12969,ORD007402,PROD0112,4,0.0,813.12,355.68
12970,ORD007403,PROD0136,3,0.1,65.77,28.12
12971,ORD007404,PROD0078,2,0.0,205.24,70.84
12972,ORD007405,PROD0140,2,0.15,229.77,80.87
12973,ORD007406,PROD0075,4,0.0,208.84,94.72
12974,ORD007406,PROD0068,5,0.0,418.9,158.2
12975,ORD007407,PROD0055,5,0.1,3427.56,828.16
12976,ORD007408,PROD0093,2,0.05,466.49,150.99
12977,ORD007408,PROD0102,2,0.1,514.93,182.05
12978,ORD007409,PROD0149,3,0.0,588.87,290.1
12979,ORD007409,PROD0097,4,0.0,1191.6,337.52
12980,ORD007409,PROD0031,1,0.1,319.03,69.52
12981,ORD007410,PROD0068,2,0.05,159.18,54.9
12982,ORD007410,PROD0058,5,0.0,1707.55,725.6
12983,ORD007410,PROD0022,1,0.1,585.02,133.39
12984,ORD007411,PROD0102,4,0.05,1087.07,421.31
12985,ORD007412,PROD0099,5,0.15,667.46,161.46
12986,ORD007412,PROD0144,1,0.1,143.0,61.37
12987,ORD007412,PROD0130,3,0.0,253.35,123.21
12988,ORD007413,PROD0027,4,0.0,2294.52,605.64
12989,ORD007414,PROD0084,3,0.0,287.64,103.14
12990,ORD007415,PROD0075,4,0.05,198.4,84.28
12991,ORD007416,PROD0100,3,0.0,375.15,180.48
12992,ORD007417,PROD0109,2,0.05,104.1,25.82
12993,ORD007418,PROD0036,3,0.1,1024.14,190.02
12994,ORD007419,PROD0040,5,0.0,3757.75,1131.4
12995,ORD007420,PROD0011,5,0.0,5930.7,2297.35
12996,ORD007420,PROD0018,4,0.0,792.96,379.16
12997,ORD007421,PROD0026,3,0.15,1734.71,499.43
12998,ORD007422,PROD0059,5,0.0,492.6,204.05
12999,ORD007423,PROD0127,4,0.0,293.28,102.56
13000,ORD007424,PROD0110,1,0.15,17.16,2.23
13001,ORD007424,PROD0108,3,0.0,98.58,33.87
13002,ORD007424,PROD0111,2,0.0,534.0,226.7
13003,ORD007425,PROD0033,5,0.05,2245.75,958.8
13004,ORD007426,PROD0045,5,0.0,2628.95,794.8
13005,ORD007426,PROD0103,5,0.0,1123.3,432.9
13006,ORD007426,PROD0112,4,0.0,813.12,355.68
13007,ORD007427,PROD0016,1,0.05,1066.38,416.26
13008,ORD007427,PROD0020,4,0.1,647.82,188.18
13009,ORD007428,PROD0054,2,0.0,331.46,131.26
13010,ORD007429,PROD0078,2,0.0,205.24,70.84
13011,ORD007430,PROD0010,1,0.05,1382.18,536.0
13012,ORD007431,PROD0142,2,0.0,175.78,68.66
13013,ORD007432,PROD0020,4,0.1,647.82,188.18
13014,ORD007432,PROD0135,2,0.0,37.84,18.28
13015,ORD007433,PROD0068,3,0.0,251.34,94.92
13016,ORD007433,PROD0015,2,0.0,547.24,176.26
13017,ORD007434,PROD0059,4,0.15,334.97,104.13
13018,ORD007435,PROD0116,3,0.0,496.32,192.93
13019,ORD007435,PROD0029,3,0.15,628.47,257.52
13020,ORD007436,PROD0044,3,0.0,1486.26,401.13
13021,ORD007437,PROD0102,1,0.1,257.46,91.02
13022,ORD007438,PROD0126,2,0.0,401.8,176.0
13023,ORD007439,PROD0143,1,0.0,72.45,19.48
13024,ORD007439,PROD0124,5,0.15,150.32,57.47
13025,ORD007440,PROD0124,1,0.0,35.37,16.8
13026,ORD007440,PROD0061,5,0.05,335.87,129.82
13027,ORD007441,PROD0018,1,0.0,198.24,94.79
13028,ORD007441,PROD0145,4,0.0,172.28,55.64
13029,ORD007442,PROD0126,3,0.15,512.3,173.6
13030,ORD007443,PROD0014,2,0.0,2414.36,776.76
13031,ORD007443,PROD0086,4,0.1,362.02,124.02
13032,ORD007444,PROD0064,2,0.0,214.28,83.06
13033,ORD007444,PROD0032,4,0.0,766.48,321.8
13034,ORD007445,PROD0076,5,0.0,431.4,146.1
13035,ORD007446,PROD0100,2,0.0,250.1,120.32
13036,ORD007447,PROD0150,5,0.0,690.55,299.9
13037,ORD007447,PROD0106,4,0.15,375.36,123.24
13038,ORD007448,PROD0050,2,0.05,168.44,68.32
13039,ORD007448,PROD0042,1,0.0,666.49,201.77
13040,ORD007449,PROD0078,5,0.1,461.79,125.79
13041,ORD007450,PROD0111,1,0.0,267.0,113.35
13042,ORD007450,PROD0052,4,0.0,1547.12,594.44
13043,ORD007451,PROD0111,2,0.05,507.3,200.0
13044,ORD007451,PROD0026,4,0.05,2585.06,938.02
13045,ORD007452,PROD0129,4,0.05,240.46,75.5
13046,ORD007452,PROD0114,2,0.05,266.34,119.76
13047,ORD007452,PROD0149,5,0.0,981.45,483.5
13048,ORD007453,PROD0063,2,0.05,152.85,55.01
13049,ORD007454,PROD0127,5,0.0,366.6,128.2
13050,ORD007454,PROD0057,2,0.0,731.22,347.76
13051,ORD007455,PROD0145,1,0.05,40.92,11.76
13052,ORD007456,PROD0038,4,0.1,3101.26,980.66
13053,ORD007457,PROD0100,5,0.0,625.25,300.8
13054,ORD007458,PROD0047,2,0.0,1238.46,509.32
13055,ORD007459,PROD0012,5,0.0,4259.5,1729.95
13056,ORD007460,PROD0086,5,0.0,502.8,205.3
13057,ORD007461,PROD0038,5,0.05,4091.93,1441.18
13058,ORD007462,PROD0135,2,0.05,35.95,16.39
13059,ORD007462,PROD0150,5,0.0,690.55,299.9
13060,ORD007463,PROD0085,1,0.1,59.57,17.0
13061,ORD007464,PROD0016,2,0.1,2020.5,720.26
13062,ORD007464,PROD0088,5,0.0,213.75,53.45
13063,ORD007464,PROD0002,4,0.05,3816.19,1627.55
13064,ORD007464,PROD0080,2,0.05,124.64,42.8
13065,ORD007465,PROD0085,5,0.05,314.4,101.55
13066,ORD007465,PROD0086,2,0.0,201.12,82.12
13067,ORD007466,PROD0003,4,0.0,5776.52,2040.52
13068,ORD007467,PROD0041,1,0.15,165.01,53.25
13069,ORD007467,PROD0114,1,0.0,140.18,66.89
13070,ORD007468,PROD0124,2,0.0,70.74,33.6
13071,ORD007468,PROD0027,1,0.1,516.27,94.05
13072,ORD007469,PROD0043,1,0.05,847.75,294.65
13073,ORD007469,PROD0104,3,0.0,774.09,233.07
13074,ORD007470,PROD0041,1,0.1,174.72,62.96
13075,ORD007471,PROD0144,3,0.0,476.67,231.78
13076,ORD007471,PROD0046,1,0.2,453.54,40.47
13077,ORD007471,PROD0085,2,0.0,132.38,47.24
13078,ORD007471,PROD0115,5,0.0,398.8,191.65
13079,ORD007472,PROD0084,4,0.0,383.52,137.52
13080,ORD007473,PROD0058,4,0.05,1297.74,512.18
13081,ORD007474,PROD0094,1,0.0,187.12,85.68
13082,ORD007475,PROD0082,4,0.0,76.36,37.6
13083,ORD007475,PROD0027,4,0.0,2294.52,605.64
13084,ORD007475,PROD0004,4,0.2,4469.98,1258.18
13085,ORD007476,PROD0051,3,0.05,1532.02,448.45
13086,ORD007476,PROD0020,2,0.0,359.9,130.08
13087,ORD007476,PROD0034,5,0.15,1355.71,281.11
13088,ORD007477,PROD0047,4,0.0,2476.92,1018.64
13089,ORD007478,PROD0063,3,0.05,229.28,82.52
13090,ORD007478,PROD0079,4,0.0,253.24,114.28
13091,ORD007479,PROD0086,4,0.1,362.02,124.02
13092,ORD007479,PROD0051,3,0.0,1612.65,529.08
13093,ORD007480,PROD0095,3,0.0,303.03,131.25
13094,ORD007480,PROD0050,3,0.0,265.95,115.77
13095,ORD007480,PROD0069,4,0.1,272.41,74.81
13096,ORD007481,PROD0142,2,0.05,166.99,59.87
13097,ORD007482,PROD0082,2,0.0,38.18,18.8
13098,ORD007483,PROD0002,5,0.15,4268.11,1532.31
13099,ORD007483,PROD0007,2,0.0,2200.08,824.6
13100,ORD007484,PROD0031,2,0.0,708.96,209.94
13101,ORD007484,PROD0142,5,0.15,373.53,105.73
13102,ORD007484,PROD0039,4,0.0,1758.12,751.0
13103,ORD007485,PROD0020,1,0.0,179.95,65.04
13104,ORD007486,PROD0002,1,0.0,1004.26,457.1
13105,ORD007487,PROD0058,2,0.05,648.87,256.09
13106,ORD007487,PROD0110,5,0.05,95.9,21.25
13107,ORD007487,PROD0076,1,0.15,73.34,16.28
13108,ORD007488,PROD0018,2,0.0,396.48,189.58
13109,ORD007488,PROD0099,4,0.0,628.2,223.4
13110,ORD007489,PROD0054,2,0.1,298.31,98.11
13111,ORD007490,PROD0022,1,0.0,650.02,198.39
13112,ORD007490,PROD0020,4,0.0,719.8,260.16
13113,ORD007490,PROD0070,2,0.0,96.54,27.86
13114,ORD007491,PROD0025,1,0.05,462.31,159.0
13115,ORD007491,PROD0064,4,0.0,428.56,166.12
13116,ORD007492,PROD0073,4,0.1,130.46,53.74
13117,ORD007493,PROD0133,4,0.15,797.2,297.32
13118,ORD007493,PROD0021,1,0.15,1009.32,159.2
13119,ORD007493,PROD0101,5,0.0,821.85,353.75
13120,ORD007494,PROD0146,2,0.0,107.0,28.0
13121,ORD007494,PROD0150,3,0.0,414.33,179.94
13122,ORD007495,PROD0032,5,0.0,958.1,402.25
13123,ORD007495,PROD0018,3,0.15,505.51,195.16
13124,ORD007496,PROD0096,3,0.0,173.88,54.33
13125,ORD007496,PROD0091,3,0.0,638.88,181.92
13126,ORD007496,PROD0014,3,0.05,3440.46,984.06
13127,ORD007497,PROD0134,1,0.2,80.7,13.04
13128,ORD007498,PROD0054,1,0.1,149.16,49.06
13129,ORD007498,PROD0004,4,0.0,5587.48,2375.68
13130,ORD007499,PROD0122,4,0.0,473.68,151.28
13131,ORD007499,PROD0050,3,0.0,265.95,115.77
13132,ORD007499,PROD0028,5,0.0,3844.55,1329.55
13133,ORD007499,PROD0107,1,0.1,50.91,10.57
13134,ORD007500,PROD0003,4,0.15,4910.04,1174.04
13135,ORD007500,PROD0089,1,0.05,45.92,11.88
13136,ORD007500,PROD0114,2,0.2,224.29,77.71
13137,ORD007501,PROD0011,2,0.0,2372.28,918.94
13138,ORD007502,PROD0080,4,0.1,236.16,72.48
13139,ORD007503,PROD0075,2,0.0,104.42,47.36
13140,ORD007504,PROD0017,4,0.15,195.6,62.8
13141,ORD007504,PROD0018,4,0.0,792.96,379.16
13142,ORD007504,PROD0143,3,0.1,195.62,36.71
13143,ORD007505,PROD0046,1,0.0,566.93,153.86
13144,ORD007506,PROD0030,2,0.0,2540.68,1029.04
13145,ORD007506,PROD0067,3,0.0,150.72,67.92
13146,ORD007507,PROD0111,3,0.05,760.95,300.0
13147,ORD007507,PROD0002,5,0.2,4017.04,1281.24
13148,ORD007508,PROD0104,1,0.05,245.13,64.79
13149,ORD007509,PROD0045,1,0.05,499.5,132.67
13150,ORD007509,PROD0060,3,0.05,2401.24,669.52
13151,ORD007509,PROD0075,1,0.0,52.21,23.68
13152,ORD007510,PROD0031,4,0.2,1134.34,136.3
13153,ORD007511,PROD0069,3,0.0,227.01,78.81
13154,ORD007511,PROD0023,2,0.1,2452.59,423.63
13155,ORD007512,PROD0054,2,0.15,281.74,81.54
13156,ORD007512,PROD0015,5,0.0,1368.1,440.65
13157,ORD007512,PROD0128,2,0.0,163.92,43.38
13158,ORD007513,PROD0032,1,0.05,182.04,70.87
13159,ORD007513,PROD0135,3,0.0,56.76,27.42
13160,ORD007514,PROD0070,2,0.0,96.54,27.86
13161,ORD007515,PROD0015,3,0.0,820.86,264.39
13162,ORD007515,PROD0116,4,0.05,628.67,224.15
13163,ORD007515,PROD0110,5,0.0,100.95,26.3
13164,ORD007515,PROD0052,1,0.0,386.78,148.61
13165,ORD007516,PROD0006,5,0.0,2655.05,826.0
13166,ORD007517,PROD0003,2,0.15,2455.02,587.02
13167,ORD007518,PROD0056,2,0.0,722.62,219.62
13168,ORD007518,PROD0089,1,0.05,45.92,11.88
13169,ORD007518,PROD0044,3,0.0,1486.26,401.13
13170,ORD007519,PROD0096,2,0.0,115.92,36.22
13171,ORD007520,PROD0020,4,0.05,683.81,224.17
13172,ORD007520,PROD0065,5,0.05,49.83,20.78
13173,ORD007520,PROD0058,2,0.1,614.72,221.94
13174,ORD007520,PROD0102,2,0.0,572.14,239.26
13175,ORD007521,PROD0079,4,0.0,253.24,114.28
13176,ORD007522,PROD0018,4,0.05,753.31,339.51
13177,ORD007523,PROD0062,5,0.0,177.5,70.8
13178,ORD007524,PROD0030,2,0.05,2413.65,902.01
13179,ORD007525,PROD0081,3,0.0,167.16,48.48
13180,ORD007525,PROD0080,5,0.0,328.0,123.4
13181,ORD007526,PROD0100,5,0.0,625.25,300.8
13182,ORD007527,PROD0065,4,0.0,41.96,18.72
13183,ORD007527,PROD0035,5,0.05,3425.8,1328.95
13184,ORD007528,PROD0139,5,0.0,798.85,344.0
13185,ORD007528,PROD0069,1,0.05,71.89,22.49
13186,ORD007529,PROD0095,5,0.15,429.29,142.99
13187,ORD007530,PROD0129,5,0.05,300.58,94.38
13188,ORD007531,PROD0059,5,0.0,492.6,204.05
13189,ORD007532,PROD0133,3,0.0,703.41,328.5
13190,ORD007533,PROD0021,4,0.0,4749.76,1349.28
13191,ORD007534,PROD0140,2,0.0,270.32,121.42
13192,ORD007535,PROD0016,3,0.0,3367.5,1417.14
13193,ORD007536,PROD0125,4,0.0,746.2,307.52
13194,ORD007537,PROD0048,1,0.15,98.87,12.11
13195,ORD007538,PROD0046,3,0.0,1700.79,461.58
13196,ORD007539,PROD0050,2,0.2,141.84,41.72
13197,ORD007540,PROD0120,3,0.0,381.48,113.16
13198,ORD007541,PROD0004,1,0.05,1327.03,524.08
13199,ORD007541,PROD0124,1,0.05,33.6,15.03
13200,ORD007542,PROD0083,4,0.0,54.4,24.16
13201,ORD007542,PROD0044,4,0.0,1981.68,534.84
13202,ORD007543,PROD0149,5,0.0,981.45,483.5
13203,ORD007543,PROD0148,5,0.05,212.94,57.09
13204,ORD007544,PROD0022,4,0.1,2340.07,533.55
13205,ORD007545,PROD0004,4,0.05,5308.11,2096.31
13206,ORD007545,PROD0125,3,0.1,503.69,174.68
13207,ORD007545,PROD0010,4,0.1,5237.75,1853.03
13208,ORD007545,PROD0038,1,0.1,775.31,245.16
13209,ORD007546,PROD0125,5,0.0,932.75,384.4
13210,ORD007547,PROD0018,5,0.0,991.2,473.95
13211,ORD007547,PROD0004,4,0.15,4749.36,1537.56
13212,ORD007548,PROD0119,4,0.0,195.6,79.84
13213,ORD007548,PROD0130,5,0.0,422.25,205.35
13214,ORD007549,PROD0135,4,0.0,75.68,36.56
13215,ORD007550,PROD0034,4,0.0,1275.96,416.28
13216,ORD007550,PROD0105,5,0.0,1455.4,427.6
13217,ORD007551,PROD0077,3,0.05,80.83,32.14
13218,ORD007551,PROD0146,4,0.0,214.0,56.0
13219,ORD007551,PROD0052,3,0.0,1160.34,445.83
13220,ORD007552,PROD0126,2,0.1,361.62,135.82
13221,ORD007552,PROD0078,5,0.05,487.44,151.44
13222,ORD007552,PROD0034,3,0.0,956.97,312.21
13223,ORD007552,PROD0124,1,0.05,33.6,15.03
13224,ORD007553,PROD0002,5,0.05,4770.23,2034.43
13225,ORD007554,PROD0103,5,0.05,1067.13,376.73
13226,ORD007554,PROD0149,3,0.15,500.54,201.77
13227,ORD007555,PROD0076,1,0.1,77.65,20.59
13228,ORD007556,PROD0082,3,0.0,57.27,28.2
13229,ORD007556,PROD0035,4,0.0,2884.88,1207.4
13230,ORD007556,PROD0028,3,0.05,2191.39,682.39
13231,ORD007557,PROD0005,4,0.05,3312.5,828.62
13232,ORD007558,PROD0079,2,0.15,107.63,38.15
13233,ORD007559,PROD0048,3,0.0,348.96,88.68
13234,ORD007559,PROD0093,3,0.0,736.56,263.31
13235,ORD007560,PROD0073,3,0.05,103.28,45.74
13236,ORD007560,PROD0107,3,0.05,161.22,40.2
13237,ORD007560,PROD0124,3,0.05,100.8,45.09
13238,ORD007560,PROD0097,2,0.0,595.8,168.76
13239,ORD007561,PROD0066,1,0.05,69.83,18.38
13240,ORD007561,PROD0114,2,0.0,280.36,133.78
13241,ORD007561,PROD0139,5,0.1,718.97,264.12
13242,ORD007561,PROD0037,2,0.1,1615.97,637.45
13243,ORD007562,PROD0002,4,0.15,3414.48,1225.84
13244,ORD007562,PROD0043,5,0.0,4461.85,1696.35
13245,ORD007562,PROD0116,2,0.0,330.88,128.62
13246,ORD007563,PROD0079,3,0.0,189.93,85.71
13247,ORD007564,PROD0015,2,0.15,465.15,94.17
13248,ORD007565,PROD0135,3,0.0,56.76,27.42
13249,ORD007565,PROD0124,4,0.0,141.48,67.2
13250,ORD007565,PROD0022,1,0.0,650.02,198.39
13251,ORD007566,PROD0053,4,0.15,2196.94,807.22
13252,ORD007567,PROD0089,3,0.1,130.52,28.4
13253,ORD007567,PROD0037,2,0.0,1795.52,817.0
13254,ORD007568,PROD0043,3,0.0,2677.11,1017.81
13255,ORD007569,PROD0063,1,0.0,80.45,31.53
13256,ORD007570,PROD0046,4,0.0,2267.72,615.44
13257,ORD007571,PROD0085,1,0.0,66.19,23.62
13258,ORD007572,PROD0013,5,0.05,4272.72,1596.57
13259,ORD007572,PROD0062,5,0.15,150.88,44.18
13260,ORD007572,PROD0080,1,0.15,55.76,14.84
13261,ORD007573,PROD0002,2,0.0,2008.52,914.2
13262,ORD007573,PROD0056,3,0.1,975.54,221.04
13263,ORD007573,PROD0101,3,0.05,468.45,187.59
13264,ORD007574,PROD0073,5,0.05,172.14,76.24
13265,ORD007575,PROD0107,1,0.0,56.57,16.23
13266,ORD007575,PROD0079,5,0.0,316.55,142.85
13267,ORD007576,PROD0002,5,0.0,5021.3,2285.5
13268,ORD007576,PROD0107,4,0.1,203.65,42.29
13269,ORD007577,PROD0150,3,0.1,372.9,138.51
13270,ORD007578,PROD0031,1,0.05,336.76,87.25
13271,ORD007579,PROD0133,5,0.15,996.5,371.65
13272,ORD007580,PROD0046,3,0.05,1615.75,376.54
13273,ORD007581,PROD0114,3,0.0,420.54,200.67
13274,ORD007582,PROD0102,4,0.0,1144.28,478.52
13275,ORD007582,PROD0021,5,0.15,5046.62,796.02
13276,ORD007583,PROD0089,4,0.0,193.36,57.2
13277,ORD007583,PROD0069,4,0.0,302.68,105.08
13278,ORD007584,PROD0129,1,0.0,63.28,22.04
13279,ORD007585,PROD0113,5,0.1,155.25,42.0
13280,ORD007586,PROD0048,2,0.05,221.01,47.49
13281,ORD007586,PROD0098,3,0.0,269.73,86.88
13282,ORD007586,PROD0080,1,0.0,65.6,24.68
13283,ORD007587,PROD0127,2,0.0,146.64,51.28
13284,ORD007587,PROD0053,3,0.15,1647.71,605.42
13285,ORD007588,PROD0020,4,0.0,719.8,260.16
13286,ORD007589,PROD0059,2,0.05,187.19,71.77
13287,ORD007590,PROD0043,3,0.05,2543.25,883.95
13288,ORD007591,PROD0108,2,0.1,59.15,16.01
13289,ORD007592,PROD0042,1,0.15,566.52,101.8
13290,ORD007593,PROD0060,3,0.1,2274.86,543.14
13291,ORD007593,PROD0034,4,0.1,1148.36,288.68
13292,ORD007594,PROD0112,4,0.0,813.12,355.68
13293,ORD007595,PROD0097,4,0.05,1132.02,277.94
13294,ORD007595,PROD0033,2,0.1,851.02,336.24
13295,ORD007596,PROD0056,5,0.05,1716.22,458.72
13296,ORD007596,PROD0138,3,0.0,539.79,258.78
13297,ORD007597,PROD0085,1,0.2,52.95,10.38
13298,ORD007597,PROD0034,5,0.05,1515.2,440.6
13299,ORD007598,PROD0095,5,0.15,429.29,142.99
13300,ORD007598,PROD0049,5,0.15,3709.36,1165.61
13301,ORD007599,PROD0056,3,0.0,1083.93,329.43
13302,ORD007599,PROD0028,5,0.0,3844.55,1329.55
13303,ORD007599,PROD0081,4,0.05,211.74,53.5
13304,ORD007600,PROD0034,5,0.05,1515.2,440.6
13305,ORD007600,PROD0001,4,0.1,3752.71,1375.59
13306,ORD007600,PROD0051,5,0.15,2284.59,478.64
13307,ORD007601,PROD0082,1,0.1,17.18,7.49
13308,ORD007602,PROD0024,4,0.0,1183.6,479.16
13309,ORD007603,PROD0037,4,0.0,3591.04,1634.0
13310,ORD007603,PROD0032,2,0.15,325.75,103.41
13311,ORD007604,PROD0022,5,0.0,3250.1,991.95
13312,ORD007604,PROD0108,5,0.0,164.3,56.45
13313,ORD007604,PROD0131,3,0.0,317.04,139.41
13314,ORD007605,PROD0082,2,0.0,38.18,18.8
13315,ORD007605,PROD0015,3,0.15,697.73,141.26
13316,ORD007605,PROD0074,2,0.0,132.38,52.34
13317,ORD007606,PROD0024,1,0.15,251.51,75.4
13318,ORD007606,PROD0056,3,0.0,1083.93,329.43
13319,ORD007606,PROD0038,1,0.05,818.39,288.24
13320,ORD007607,PROD0093,3,0.0,736.56,263.31
13321,ORD007607,PROD0133,4,0.0,937.88,438.0
13322,ORD007607,PROD0002,2,0.0,2008.52,914.2
13323,ORD007608,PROD0059,3,0.0,295.56,122.43
13324,ORD007608,PROD0031,4,0.0,1417.92,419.88
13325,ORD007609,PROD0017,5,0.05,273.27,107.27
13326,ORD007610,PROD0048,1,0.0,116.32,29.56
13327,ORD007611,PROD0139,4,0.15,543.22,179.34
13328,ORD007611,PROD0115,5,0.05,378.86,171.71
13329,ORD007612,PROD0128,5,0.1,368.82,67.47
13330,ORD007612,PROD0042,3,0.15,1699.55,305.39
13331,ORD007613,PROD0123,4,0.0,924.72,319.92
13332,ORD007614,PROD0001,1,0.0,1042.42,448.14
13333,ORD007615,PROD0069,4,0.0,302.68,105.08
13334,ORD007616,PROD0101,1,0.05,156.15,62.53
13335,ORD007616,PROD0070,1,0.2,38.62,4.28
13336,ORD007616,PROD0142,2,0.0,175.78,68.66
13337,ORD007616,PROD0018,1,0.0,198.24,94.79
13338,ORD007617,PROD0091,5,0.0,1064.8,303.2
13339,ORD007617,PROD0043,1,0.0,892.37,339.27
13340,ORD007618,PROD0079,1,0.1,56.98,22.24
13341,ORD007618,PROD0138,4,0.0,719.72,345.04
13342,ORD007618,PROD0120,4,0.15,432.34,74.58
13343,ORD007619,PROD0055,1,0.05,723.6,203.72
13344,ORD007620,PROD0131,5,0.15,449.14,153.09
13345,ORD007621,PROD0006,2,0.0,1062.02,330.4
13346,ORD007622,PROD0033,3,0.2,1134.7,362.53
13347,ORD007623,PROD0002,1,0.1,903.83,356.67
13348,ORD007624,PROD0054,2,0.0,331.46,131.26
13349,ORD007625,PROD0092,5,0.0,332.35,154.6
13350,ORD007625,PROD0012,3,0.0,2555.7,1037.97
13351,ORD007626,PROD0003,2,0.1,2599.43,731.43
13352,ORD007627,PROD0035,4,0.05,2740.64,1063.16
13353,ORD007627,PROD0150,5,0.1,621.5,230.85
13354,ORD007628,PROD0048,4,0.0,465.28,118.24
13355,ORD007628,PROD0039,3,0.1,1186.73,431.39
13356,ORD007629,PROD0038,4,0.1,3101.26,980.66
13357,ORD007629,PROD0082,5,0.05,90.68,42.23
13358,ORD007630,PROD0039,5,0.0,2197.65,938.75
13359,ORD007631,PROD0031,4,0.05,1347.02,348.98
13360,ORD007631,PROD0051,3,0.05,1532.02,448.45
13361,ORD007632,PROD0137,4,0.15,279.89,56.57
13362,ORD007632,PROD0052,1,0.1,348.1,109.93
13363,ORD007632,PROD0034,1,0.1,287.09,72.17
13364,ORD007633,PROD0139,5,0.1,718.97,264.12
13365,ORD007633,PROD0084,2,0.1,172.58,49.58
13366,ORD007634,PROD0083,5,0.1,61.2,23.4
13367,ORD007634,PROD0032,4,0.0,766.48,321.8
13368,ORD007635,PROD0031,1,0.0,354.48,104.97
13369,ORD007636,PROD0107,2,0.0,113.14,32.46
13370,ORD007637,PROD0010,1,0.1,1309.44,463.26
13371,ORD007637,PROD0143,1,0.0,72.45,19.48
13372,ORD007638,PROD0070,4,0.0,193.08,55.72
13373,ORD007638,PROD0117,3,0.0,746.37,188.79
13374,ORD007638,PROD0119,2,0.1,88.02,30.14
13375,ORD007638,PROD0054,5,0.0,828.65,328.15
13376,ORD007639,PROD0096,4,0.0,231.84,72.44
13377,ORD007639,PROD0149,2,0.0,392.58,193.4
13378,ORD007640,PROD0141,2,0.1,165.22,46.52
13379,ORD007640,PROD0003,2,0.0,2888.26,1020.26
13380,ORD007640,PROD0097,3,0.05,849.01,208.45
13381,ORD007641,PROD0047,2,0.2,990.77,261.63
13382,ORD007641,PROD0142,2,0.05,166.99,59.87
13383,ORD007641,PROD0099,1,0.05,149.2,48.0
13384,ORD007642,PROD0085,3,0.05,188.64,60.93
13385,ORD007642,PROD0132,1,0.05,30.11,7.22
13386,ORD007643,PROD0005,1,0.0,871.71,250.74
13387,ORD007643,PROD0108,3,0.05,93.65,28.94
13388,ORD007644,PROD0146,2,0.0,107.0,28.0
13389,ORD007644,PROD0108,3,0.05,93.65,28.94
13390,ORD007645,PROD0134,2,0.0,201.74,66.42
13391,ORD007645,PROD0082,2,0.0,38.18,18.8
13392,ORD007645,PROD0132,4,0.05,120.42,28.86
13393,ORD007646,PROD0045,1,0.2,420.63,53.8
13394,ORD007646,PROD0066,4,0.2,235.23,29.43
13395,ORD007647,PROD0122,3,0.0,355.26,113.46
13396,ORD007647,PROD0117,3,0.0,746.37,188.79
13397,ORD007647,PROD0048,4,0.0,465.28,118.24
13398,ORD007647,PROD0067,4,0.0,200.96,90.56
13399,ORD007648,PROD0033,4,0.05,1796.6,767.04
13400,ORD007648,PROD0035,5,0.05,3425.8,1328.95
13401,ORD007649,PROD0113,3,0.0,103.5,35.55
13402,ORD007649,PROD0080,4,0.15,223.04,59.36
13403,ORD007649,PROD0146,3,0.15,136.42,17.92
13404,ORD007649,PROD0098,3,0.0,269.73,86.88
13405,ORD007650,PROD0045,4,0.0,2103.16,635.84
13406,ORD007651,PROD0005,4,0.0,3486.84,1002.96
13407,ORD007652,PROD0099,5,0.05,745.99,239.99
13408,ORD007652,PROD0044,4,0.1,1783.51,336.67
13409,ORD007653,PROD0006,5,0.0,2655.05,826.0
13410,ORD007654,PROD0010,1,0.0,1454.93,608.75
13411,ORD007654,PROD0039,2,0.2,703.25,199.69
13412,ORD007654,PROD0133,2,0.05,445.49,195.55
13413,ORD007655,PROD0012,3,0.05,2427.91,910.18
13414,ORD007656,PROD0126,1,0.05,190.85,77.95
13415,ORD007656,PROD0091,1,0.0,212.96,60.64
13416,ORD007657,PROD0149,5,0.15,834.23,336.28
13417,ORD007658,PROD0086,2,0.0,201.12,82.12
13418,ORD007658,PROD0079,1,0.05,60.14,25.4
13419,ORD007659,PROD0079,3,0.1,170.94,66.72
13420,ORD007660,PROD0132,3,0.05,90.32,21.65
13421,ORD007660,PROD0071,5,0.2,398.04,61.44
13422,ORD007661,PROD0125,2,0.0,373.1,153.76
13423,ORD007661,PROD0140,5,0.1,608.22,235.97
13424,ORD007662,PROD0084,5,0.05,455.43,147.93
13425,ORD007663,PROD0012,4,0.0,3407.6,1383.96
13426,ORD007663,PROD0013,5,0.0,4497.6,1821.45
13427,ORD007664,PROD0150,4,0.0,552.44,239.92
13428,ORD007664,PROD0137,2,0.0,164.64,52.98
13429,ORD007665,PROD0024,3,0.15,754.54,226.21
13430,ORD007665,PROD0021,5,0.0,5937.2,1686.6
13431,ORD007666,PROD0144,5,0.0,794.45,386.3
13432,ORD007667,PROD0014,1,0.05,1146.82,328.02
13433,ORD007668,PROD0046,5,0.05,2692.92,627.57
13434,ORD007669,PROD0103,3,0.0,673.98,259.74
13435,ORD007669,PROD0066,3,0.15,187.45,33.1
13436,ORD007669,PROD0073,3,0.0,108.72,51.18
13437,ORD007670,PROD0053,1,0.1,581.54,234.11
13438,ORD007671,PROD0102,1,0.05,271.77,105.33
13439,ORD007672,PROD0082,5,0.05,90.68,42.23
13440,ORD007673,PROD0148,3,0.05,127.77,34.26
13441,ORD007673,PROD0118,1,0.05,146.07,60.39
13442,ORD007674,PROD0139,3,0.0,479.31,206.4
13443,ORD007675,PROD0128,5,0.0,409.8,108.45
13444,ORD007675,PROD0093,3,0.0,736.56,263.31
13445,ORD007676,PROD0009,2,0.0,1854.98,642.82
13446,ORD007677,PROD0031,2,0.0,708.96,209.94
13447,ORD007678,PROD0062,5,0.15,150.88,44.18
13448,ORD007678,PROD0091,4,0.2,681.47,72.19
13449,ORD007679,PROD0113,1,0.05,32.77,10.12
13450,ORD007680,PROD0022,3,0.15,1657.55,302.66
13451,ORD007680,PROD0041,4,0.0,776.52,329.48
13452,ORD007681,PROD0069,2,0.0,151.34,52.54
13453,ORD007681,PROD0149,5,0.0,981.45,483.5
13454,ORD007681,PROD0036,3,0.15,967.24,133.12
13455,ORD007682,PROD0070,1,0.0,48.27,13.93
13456,ORD007682,PROD0133,1,0.0,234.47,109.5
13457,ORD007683,PROD0104,2,0.05,490.26,129.58
13458,ORD007683,PROD0072,3,0.0,224.76,74.61
13459,ORD007684,PROD0043,3,0.0,2677.11,1017.81
13460,ORD007685,PROD0052,4,0.0,1547.12,594.44
13461,ORD007685,PROD0110,3,0.1,54.51,9.72
13462,ORD007685,PROD0091,1,0.0,212.96,60.64
13463,ORD007686,PROD0036,5,0.0,1896.55,506.35
13464,ORD007686,PROD0113,2,0.05,65.55,20.25
13465,ORD007687,PROD0054,4,0.0,662.92,262.52
13466,ORD007688,PROD0013,3,0.05,2563.63,957.94
13467,ORD007689,PROD0019,2,0.15,1457.97,380.59
13468,ORD007689,PROD0140,3,0.0,405.48,182.13
13469,ORD007690,PROD0114,5,0.05,665.86,299.41
13470,ORD007690,PROD0059,4,0.15,334.97,104.13
13471,ORD007690,PROD0027,2,0.15,975.17,130.73
13472,ORD007691,PROD0132,4,0.0,126.76,35.2
13473,ORD007692,PROD0047,1,0.1,557.31,192.74
13474,ORD007693,PROD0150,5,0.05,656.02,265.37
13475,ORD007693,PROD0129,1,0.05,60.12,18.88
13476,ORD007694,PROD0150,2,0.05,262.41,106.15
13477,ORD007694,PROD0144,1,0.05,150.95,69.32
13478,ORD007695,PROD0036,2,0.15,644.83,88.75
13479,ORD007695,PROD0147,3,0.05,567.15,161.07
13480,ORD007696,PROD0005,1,0.05,828.12,207.15
13481,ORD007696,PROD0098,2,0.0,179.82,57.92
13482,ORD007696,PROD0046,1,0.0,566.93,153.86
13483,ORD007696,PROD0035,4,0.2,2307.9,630.42
13484,ORD007697,PROD0116,4,0.05,628.67,224.15
13485,ORD007697,PROD0065,3,0.0,31.47,14.04
13486,ORD007697,PROD0014,5,0.0,6035.9,1941.9
13487,ORD007698,PROD0038,3,0.0,2584.38,993.93
13488,ORD007698,PROD0114,5,0.15,595.77,229.32
13489,ORD007699,PROD0063,1,0.05,76.43,27.51
13490,ORD007699,PROD0032,1,0.1,172.46,61.29
13491,ORD007699,PROD0126,5,0.05,954.27,389.77
13492,ORD007700,PROD0005,1,0.15,740.95,119.98
13493,ORD007700,PROD0027,3,0.1,1548.8,282.14
13494,ORD007701,PROD0028,3,0.05,2191.39,682.39
13495,ORD007701,PROD0123,3,0.0,693.54,239.94
13496,ORD007702,PROD0079,4,0.0,253.24,114.28
13497,ORD007703,PROD0086,3,0.05,286.6,108.1
13498,ORD007704,PROD0124,2,0.0,70.74,33.6
13499,ORD007704,PROD0022,4,0.0,2600.08,793.56
13500,ORD007705,PROD0053,1,0.05,613.85,266.42
13501,ORD007706,PROD0076,1,0.15,73.34,16.28
13502,ORD007706,PROD0069,5,0.05,359.43,112.43
13503,ORD007707,PROD0081,1,0.0,55.72,16.16
13504,ORD007708,PROD0021,5,0.2,4749.76,499.16
13505,ORD007708,PROD0094,5,0.1,842.04,334.84
13506,ORD007709,PROD0041,2,0.0,388.26,164.74
13507,ORD007709,PROD0121,2,0.0,62.16,22.32
13508,ORD007710,PROD0140,5,0.0,675.8,303.55
13509,ORD007710,PROD0088,4,0.05,162.45,34.21
13510,ORD007710,PROD0129,2,0.15,107.58,25.1
13511,ORD007710,PROD0044,2,0.15,842.21,118.79
13512,ORD007711,PROD0039,4,0.0,1758.12,751.0
13513,ORD007712,PROD0083,1,0.2,10.88,3.32
13514,ORD007713,PROD0122,1,0.1,106.58,25.98
13515,ORD007714,PROD0094,2,0.05,355.53,152.65
13516,ORD007715,PROD0036,5,0.0,1896.55,506.35
13517,ORD007715,PROD0093,2,0.05,466.49,150.99
13518,ORD007715,PROD0133,4,0.0,937.88,438.0
13519,ORD007716,PROD0103,3,0.05,640.28,226.04
13520,ORD007716,PROD0055,4,0.0,3046.72,967.2
13521,ORD007716,PROD0068,5,0.1,377.01,116.31
13522,ORD007717,PROD0136,3,0.05,69.43,31.78
13523,ORD007717,PROD0107,3,0.05,161.22,40.2
13524,ORD007718,PROD0116,2,0.15,281.25,78.99
13525,ORD007719,PROD0120,5,0.0,635.8,188.6
13526,ORD007719,PROD0059,2,0.15,167.48,52.06
13527,ORD007719,PROD0026,2,0.0,1360.56,537.04
13528,ORD007720,PROD0131,5,0.0,528.4,232.35
13529,ORD007720,PROD0001,4,0.0,4169.68,1792.56
13530,ORD007721,PROD0075,5,0.0,261.05,118.4
13531,ORD007722,PROD0066,2,0.05,139.67,36.77
13532,ORD007722,PROD0010,1,0.0,1454.93,608.75
13533,ORD007723,PROD0127,1,0.2,58.66,10.98
13534,ORD007723,PROD0090,5,0.0,476.6,210.05
13535,ORD007724,PROD0050,2,0.05,168.44,68.32
13536,ORD007724,PROD0142,2,0.0,175.78,68.66
13537,ORD007725,PROD0012,1,0.0,851.9,345.99
13538,ORD007725,PROD0061,3,0.15,180.31,56.68
13539,ORD007726,PROD0091,5,0.2,851.84,90.24
13540,ORD007727,PROD0062,3,0.0,106.5,42.48
13541,ORD007728,PROD0014,4,0.0,4828.72,1553.52
13542,ORD007728,PROD0026,3,0.0,2040.84,805.56
13543,ORD007729,PROD0143,4,0.0,289.8,77.92
13544,ORD007729,PROD0003,5,0.2,5776.52,1106.52
13545,ORD007729,PROD0073,3,0.1,97.85,40.31
13546,ORD007730,PROD0001,4,0.05,3961.2,1584.08
13547,ORD007730,PROD0141,1,0.1,82.61,23.26
13548,ORD007730,PROD0120,5,0.05,604.01,156.81
13549,ORD007730,PROD0078,1,0.0,102.62,35.42
13550,ORD007731,PROD0046,4,0.0,2267.72,615.44
13551,ORD007732,PROD0056,3,0.0,1083.93,329.43
13552,ORD007732,PROD0128,2,0.05,155.72,35.18
13553,ORD007733,PROD0011,3,0.15,3024.66,844.65
13554,ORD007734,PROD0066,5,0.0,367.55,110.3
13555,ORD007735,PROD0028,1,0.0,768.91,265.91
13556,ORD007735,PROD0039,5,0.0,2197.65,938.75
13557,ORD007736,PROD0107,2,0.0,113.14,32.46
13558,ORD007737,PROD0077,3,0.1,76.57,27.88
13559,ORD007737,PROD0085,1,0.0,66.19,23.62
13560,ORD007738,PROD0111,5,0.05,1268.25,500.0
13561,ORD007739,PROD0036,2,0.0,758.62,202.54
13562,ORD007739,PROD0027,3,0.1,1548.8,282.14
13563,ORD007740,PROD0100,4,0.05,475.19,215.63
13564,ORD007740,PROD0127,2,0.1,131.98,36.62
13565,ORD007740,PROD0005,5,0.0,4358.55,1253.7
13566,ORD007741,PROD0068,1,0.15,71.21,19.07
13567,ORD007742,PROD0054,2,0.05,314.89,114.69
13568,ORD007743,PROD0113,1,0.15,29.32,6.67
13569,ORD007743,PROD0101,1,0.0,164.37,70.75
13570,ORD007743,PROD0098,4,0.0,359.64,115.84
13571,ORD007744,PROD0116,1,0.05,157.17,56.04
13572,ORD007745,PROD0134,2,0.0,201.74,66.42
13573,ORD007745,PROD0059,2,0.0,197.04,81.62
13574,ORD007745,PROD0043,1,0.0,892.37,339.27
13575,ORD007746,PROD0142,3,0.0,263.67,102.99
13576,ORD007747,PROD0145,4,0.2,137.82,21.18
13577,ORD007747,PROD0086,2,0.15,170.95,51.95
13578,ORD007748,PROD0008,4,0.0,766.56,338.8
13579,ORD007749,PROD0039,5,0.0,2197.65,938.75
13580,ORD007750,PROD0022,5,0.0,3250.1,991.95
13581,ORD007751,PROD0041,4,0.0,776.52,329.48
13582,ORD007752,PROD0087,2,0.05,133.19,28.39
13583,ORD007753,PROD0008,4,0.0,766.56,338.8
13584,ORD007753,PROD0120,1,0.0,127.16,37.72
13585,ORD007753,PROD0134,2,0.0,201.74,66.42
13586,ORD007753,PROD0049,3,0.0,2618.37,1092.12
13587,ORD007754,PROD0097,2,0.0,595.8,168.76
13588,ORD007754,PROD0066,5,0.05,349.17,91.92
13589,ORD007754,PROD0010,2,0.05,2764.37,1072.01
13590,ORD007755,PROD0006,3,0.0,1593.03,495.6
13591,ORD007755,PROD0024,1,0.0,295.9,119.79
13592,ORD007755,PROD0035,1,0.05,685.16,265.79
13593,ORD007755,PROD0026,3,0.0,2040.84,805.56
13594,ORD007756,PROD0107,2,0.1,101.83,21.15
13595,ORD007756,PROD0046,4,0.0,2267.72,615.44
13596,ORD007757,PROD0031,1,0.15,301.31,51.8
13597,ORD007758,PROD0111,1,0.0,267.0,113.35
13598,ORD007758,PROD0060,4,0.15,2864.64,555.68
13599,ORD007759,PROD0105,3,0.05,829.58,212.9
13600,ORD007759,PROD0030,2,0.0,2540.68,1029.04
13601,ORD007760,PROD0066,2,0.0,147.02,44.12
13602,ORD007761,PROD0092,1,0.05,63.15,27.6
13603,ORD007762,PROD0135,4,0.1,68.11,28.99
13604,ORD007762,PROD0081,1,0.05,52.93,13.37
13605,ORD007762,PROD0096,1,0.1,52.16,12.31
13606,ORD007763,PROD0036,4,0.0,1517.24,405.08
13607,ORD007763,PROD0025,2,0.0,973.28,366.66
13608,ORD007764,PROD0073,1,0.15,30.8,11.62
13609,ORD007764,PROD0084,5,0.0,479.4,171.9
13610,ORD007765,PROD0029,3,0.0,739.38,368.43
13611,ORD007766,PROD0027,4,0.0,2294.52,605.64
13612,ORD007766,PROD0080,5,0.0,328.0,123.4
13613,ORD007767,PROD0122,4,0.05,450.0,127.6
13614,ORD007767,PROD0136,5,0.05,115.71,52.96
13615,ORD007768,PROD0057,1,0.0,365.61,173.88
13616,ORD007768,PROD0089,1,0.1,43.51,9.47
13617,ORD007769,PROD0049,4,0.0,3491.16,1456.16
13618,ORD007770,PROD0033,1,0.05,449.15,191.76
13619,ORD007771,PROD0077,4,0.05,107.77,42.85
13620,ORD007771,PROD0046,2,0.1,1020.47,194.33
13621,ORD007772,PROD0073,5,0.1,163.08,67.18
13622,ORD007773,PROD0062,3,0.0,106.5,42.48
13623,ORD007774,PROD0143,1,0.0,72.45,19.48
13624,ORD007774,PROD0114,4,0.0,560.72,267.56
13625,ORD007774,PROD0124,2,0.15,60.13,22.99
13626,ORD007774,PROD0029,5,0.1,1109.07,490.82
13627,ORD007775,PROD0108,3,0.05,93.65,28.94
13628,ORD007776,PROD0146,5,0.0,267.5,70.0
13629,ORD007777,PROD0018,2,0.0,396.48,189.58
13630,ORD007777,PROD0050,1,0.0,88.65,38.59
13631,ORD007777,PROD0016,4,0.05,4265.5,1665.02
13632,ORD007778,PROD0006,5,0.05,2522.3,693.25
13633,ORD007779,PROD0040,3,0.0,2254.65,678.84
13634,ORD007779,PROD0071,2,0.1,179.12,44.48
13635,ORD007780,PROD0020,2,0.0,359.9,130.08
13636,ORD007781,PROD0063,1,0.2,64.36,15.44
13637,ORD007781,PROD0077,2,0.0,56.72,24.26
13638,ORD007782,PROD0101,1,0.1,147.93,54.31
13639,ORD007783,PROD0034,4,0.0,1275.96,416.28
13640,ORD007783,PROD0105,2,0.0,582.16,171.04
13641,ORD007783,PROD0096,3,0.05,165.19,45.64
13642,ORD007784,PROD0053,2,0.0,1292.32,597.46
13643,ORD007785,PROD0097,4,0.0,1191.6,337.52
13644,ORD007786,PROD0006,5,0.1,2389.55,560.5
13645,ORD007787,PROD0059,4,0.0,394.08,163.24
13646,ORD007788,PROD0076,2,0.0,172.56,58.44
13647,ORD007789,PROD0099,4,0.2,502.56,97.76
13648,ORD007790,PROD0131,4,0.0,422.72,185.88
13649,ORD007790,PROD0017,4,0.05,218.61,85.81
13650,ORD007791,PROD0130,4,0.0,337.8,164.28
13651,ORD007791,PROD0115,2,0.0,159.52,76.66
13652,ORD007792,PROD0047,1,0.0,619.23,254.66
13653,ORD007792,PROD0144,2,0.15,270.11,106.85
13654,ORD007793,PROD0116,2,0.05,314.34,112.08
13655,ORD007794,PROD0013,3,0.0,2698.56,1092.87
13656,ORD007794,PROD0142,3,0.05,250.49,89.81
13657,ORD007794,PROD0017,2,0.0,115.06,48.66
13658,ORD007795,PROD0117,2,0.0,497.58,125.86
13659,ORD007795,PROD0022,4,0.0,2600.08,793.56
13660,ORD007796,PROD0134,3,0.15,257.22,54.24
13661,ORD007797,PROD0065,2,0.0,20.98,9.36
13662,ORD007797,PROD0059,4,0.15,334.97,104.13
13663,ORD007797,PROD0041,1,0.2,155.3,43.54
13664,ORD007798,PROD0026,3,0.05,1938.8,703.52
13665,ORD007799,PROD0008,3,0.1,517.43,196.61
13666,ORD007800,PROD0012,5,0.0,4259.5,1729.95
13667,ORD007801,PROD0122,2,0.0,236.84,75.64
13668,ORD007802,PROD0144,2,0.05,301.89,138.63
13669,ORD007803,PROD0055,2,0.05,1447.19,407.43
13670,ORD007804,PROD0118,4,0.0,615.04,272.32
13671,ORD007804,PROD0101,4,0.05,624.61,250.13
13672,ORD007805,PROD0020,3,0.0,539.85,195.12
13673,ORD007805,PROD0105,2,0.1,523.94,112.82
13674,ORD007805,PROD0046,2,0.15,963.78,137.64
13675,ORD007806,PROD0143,2,0.0,144.9,38.96
13676,ORD007806,PROD0139,4,0.0,639.08,275.2
13677,ORD007807,PROD0120,3,0.0,381.48,113.16
13678,ORD007808,PROD0054,4,0.1,596.63,196.23
13679,ORD007809,PROD0106,4,0.0,441.6,189.48
13680,ORD007810,PROD0054,5,0.05,787.22,286.72
13681,ORD007810,PROD0119,1,0.05,46.45,17.51
13682,ORD007811,PROD0092,5,0.0,332.35,154.6
13683,ORD007811,PROD0025,2,0.0,973.28,366.66
13684,ORD007811,PROD0048,2,0.0,232.64,59.12
13685,ORD007812,PROD0142,1,0.0,87.89,34.33
13686,ORD007813,PROD0097,1,0.1,268.11,54.59
13687,ORD007813,PROD0044,5,0.0,2477.1,668.55
13688,ORD007814,PROD0052,2,0.0,773.56,297.22
13689,ORD007814,PROD0113,2,0.0,69.0,23.7
13690,ORD007815,PROD0001,1,0.1,938.18,343.9
13691,ORD007815,PROD0024,2,0.1,532.62,180.4
13692,ORD007816,PROD0008,4,0.0,766.56,338.8
13693,ORD007817,PROD0107,5,0.0,282.85,81.15
13694,ORD007818,PROD0137,1,0.0,82.32,26.49
13695,ORD007818,PROD0086,2,0.05,191.06,72.06
13696,ORD007818,PROD0041,3,0.0,582.39,247.11
13697,ORD007818,PROD0088,2,0.0,85.5,21.38
13698,ORD007819,PROD0108,2,0.0,65.72,22.58
13699,ORD007820,PROD0044,1,0.0,495.42,133.71
13700,ORD007821,PROD0103,5,0.15,954.8,264.4
13701,ORD007822,PROD0104,2,0.0,516.06,155.38
13702,ORD007822,PROD0131,2,0.0,211.36,92.94
13703,ORD007823,PROD0077,5,0.0,141.8,60.65
13704,ORD007823,PROD0082,2,0.0,38.18,18.8
13705,ORD007823,PROD0147,2,0.05,378.1,107.38
13706,ORD007824,PROD0090,4,0.2,305.02,91.78
13707,ORD007825,PROD0135,5,0.0,94.6,45.7
13708,ORD007826,PROD0067,3,0.0,150.72,67.92
13709,ORD007826,PROD0143,5,0.1,326.03,61.18
13710,ORD007827,PROD0069,4,0.0,302.68,105.08
13711,ORD007827,PROD0139,3,0.0,479.31,206.4
13712,ORD007828,PROD0149,5,0.0,981.45,483.5
13713,ORD007829,PROD0063,1,0.0,80.45,31.53
13714,ORD007830,PROD0084,1,0.0,95.88,34.38
13715,ORD007831,PROD0119,3,0.0,146.7,59.88
13716,ORD007831,PROD0042,2,0.0,1332.98,403.54
13717,ORD007831,PROD0064,4,0.1,385.7,123.26
13718,ORD007832,PROD0101,2,0.05,312.3,125.06
13719,ORD007833,PROD0054,5,0.05,787.22,286.72
13720,ORD007833,PROD0051,4,0.15,1827.67,382.91
13721,ORD007833,PROD0143,2,0.05,137.66,31.72
13722,ORD007834,PROD0113,2,0.15,58.65,13.35
13723,ORD007834,PROD0043,2,0.0,1784.74,678.54
13724,ORD007835,PROD0005,2,0.0,1743.42,501.48
13725,ORD007835,PROD0130,2,0.15,143.56,56.8
13726,ORD007836,PROD0125,1,0.0,186.55,76.88
13727,ORD007837,PROD0001,2,0.0,2084.84,896.28
13728,ORD007838,PROD0103,2,0.0,449.32,173.16
13729,ORD007839,PROD0088,3,0.15,109.01,12.83
13730,ORD007839,PROD0107,1,0.15,48.08,7.74
13731,ORD007840,PROD0110,3,0.0,60.57,15.78
13732,ORD007840,PROD0041,3,0.0,582.39,247.11
13733,ORD007840,PROD0073,2,0.0,72.48,34.12
13734,ORD007840,PROD0128,2,0.0,163.92,43.38
13735,ORD007841,PROD0136,1,0.05,23.14,10.59
13736,ORD007842,PROD0096,5,0.1,260.82,61.57
13737,ORD007842,PROD0109,3,0.0,164.37,46.95
13738,ORD007843,PROD0041,5,0.05,922.12,363.32
13739,ORD007844,PROD0139,3,0.0,479.31,206.4
13740,ORD007844,PROD0076,2,0.15,146.68,32.56
13741,ORD007844,PROD0042,5,0.1,2999.2,675.6
13742,ORD007844,PROD0083,2,0.0,27.2,12.08
13743,ORD007845,PROD0147,5,0.0,995.0,318.2
13744,ORD007845,PROD0022,5,0.0,3250.1,991.95
13745,ORD007846,PROD0034,1,0.0,318.99,104.07
13746,ORD007846,PROD0010,1,0.05,1382.18,536.0
13747,ORD007846,PROD0027,3,0.0,1720.89,454.23
13748,ORD007847,PROD0033,1,0.05,449.15,191.76
13749,ORD007847,PROD0112,2,0.0,406.56,177.84
13750,ORD007848,PROD0003,2,0.1,2599.43,731.43
13751,ORD007849,PROD0050,4,0.0,354.6,154.36
13752,ORD007850,PROD0041,5,0.0,970.65,411.85
13753,ORD007850,PROD0001,3,0.05,2970.9,1188.06
13754,ORD007850,PROD0111,3,0.0,801.0,340.05
13755,ORD007851,PROD0068,3,0.0,251.34,94.92
13756,ORD007852,PROD0091,2,0.1,383.33,78.69
13757,ORD007853,PROD0078,3,0.0,307.86,106.26
13758,ORD007854,PROD0044,2,0.05,941.3,217.88
13759,ORD007855,PROD0040,1,0.1,676.39,151.12
13760,ORD007855,PROD0030,3,0.1,3429.92,1162.46
13761,ORD007855,PROD0133,3,0.1,633.07,258.16
13762,ORD007856,PROD0103,1,0.1,202.19,64.11
13763,ORD007856,PROD0081,1,0.15,47.36,7.8
13764,ORD007857,PROD0077,4,0.0,113.44,48.52
13765,ORD007858,PROD0084,4,0.05,364.34,118.34
13766,ORD007859,PROD0059,5,0.0,492.6,204.05
13767,ORD007859,PROD0004,5,0.1,6285.91,2271.16
13768,ORD007859,PROD0064,1,0.1,96.43,30.82
13769,ORD007860,PROD0011,1,0.0,1186.14,459.47
13770,ORD007861,PROD0116,3,0.1,446.69,143.3
13771,ORD007862,PROD0079,2,0.0,126.62,57.14
13772,ORD007863,PROD0098,2,0.0,179.82,57.92
13773,ORD007863,PROD0103,4,0.05,853.71,301.39
13774,ORD007863,PROD0027,3,0.2,1376.71,110.05
13775,ORD007864,PROD0007,2,0.0,2200.08,824.6
13776,ORD007865,PROD0114,3,0.0,420.54,200.67
13777,ORD007865,PROD0108,1,0.0,32.86,11.29
13778,ORD007865,PROD0067,1,0.0,50.24,22.64
13779,ORD007866,PROD0136,2,0.05,46.28,21.18
13780,ORD007867,PROD0116,3,0.0,496.32,192.93
13781,ORD007867,PROD0110,1,0.1,18.17,3.24
13782,ORD007867,PROD0005,2,0.0,1743.42,501.48
13783,ORD007868,PROD0131,4,0.0,422.72,185.88
13784,ORD007868,PROD0065,4,0.0,41.96,18.72
13785,ORD007869,PROD0039,4,0.05,1670.21,663.09
13786,ORD007870,PROD0115,2,0.05,151.54,68.68
13787,ORD007871,PROD0022,1,0.0,650.02,198.39
13788,ORD007871,PROD0028,1,0.0,768.91,265.91
13789,ORD007871,PROD0086,1,0.1,90.5,31.0
13790,ORD007872,PROD0056,1,0.0,361.31,109.81
13791,ORD007872,PROD0106,3,0.05,314.64,125.55
13792,ORD007873,PROD0112,3,0.15,518.36,175.28
13793,ORD007874,PROD0033,4,0.0,1891.16,861.6
13794,ORD007874,PROD0015,5,0.05,1299.69,372.24
13795,ORD007875,PROD0014,1,0.1,1086.46,267.66
13796,ORD007876,PROD0009,1,0.0,927.49,321.41
13797,ORD007876,PROD0023,2,0.05,2588.84,559.88
13798,ORD007877,PROD0131,5,0.0,528.4,232.35
13799,ORD007877,PROD0106,1,0.0,110.4,47.37
13800,ORD007877,PROD0100,5,0.0,625.25,300.8
13801,ORD007878,PROD0095,1,0.15,85.86,28.6
13802,ORD007879,PROD0004,4,0.0,5587.48,2375.68
13803,ORD007880,PROD0091,2,0.0,425.92,121.28
13804,ORD007880,PROD0057,3,0.0,1096.83,521.64
13805,ORD007881,PROD0130,5,0.05,401.14,184.24
13806,ORD007882,PROD0088,4,0.0,171.0,42.76
13807,ORD007883,PROD0148,3,0.05,127.77,34.26
13808,ORD007883,PROD0137,3,0.0,246.96,79.47
13809,ORD007883,PROD0149,5,0.0,981.45,483.5
13810,ORD007883,PROD0028,1,0.0,768.91,265.91
13811,ORD007884,PROD0002,3,0.1,2711.5,1070.02
13812,ORD007885,PROD0014,2,0.0,2414.36,776.76
13813,ORD007886,PROD0106,1,0.0,110.4,47.37
13814,ORD007886,PROD0102,3,0.0,858.21,358.89
13815,ORD007887,PROD0034,2,0.15,542.28,112.44
13816,ORD007887,PROD0128,4,0.1,295.06,53.98
13817,ORD007888,PROD0144,5,0.0,794.45,386.3
13818,ORD007888,PROD0073,1,0.0,36.24,17.06
13819,ORD007889,PROD0098,3,0.0,269.73,86.88
13820,ORD007889,PROD0105,3,0.2,698.59,81.91
13821,ORD007889,PROD0119,4,0.0,195.6,79.84
13822,ORD007890,PROD0075,1,0.0,52.21,23.68
13823,ORD007891,PROD0111,2,0.0,534.0,226.7
13824,ORD007892,PROD0051,5,0.05,2553.36,747.41
13825,ORD007892,PROD0142,3,0.0,263.67,102.99
13826,ORD007893,PROD0094,1,0.05,177.76,76.32
13827,ORD007894,PROD0090,5,0.0,476.6,210.05
13828,ORD007894,PROD0059,5,0.0,492.6,204.05
13829,ORD007895,PROD0086,2,0.0,201.12,82.12
13830,ORD007896,PROD0121,5,0.1,139.86,40.26
13831,ORD007897,PROD0076,1,0.1,77.65,20.59
13832,ORD007898,PROD0039,3,0.1,1186.73,431.39
13833,ORD007899,PROD0119,5,0.0,244.5,99.8
13834,ORD007899,PROD0093,5,0.0,1227.6,438.85
13835,ORD007900,PROD0075,5,0.0,261.05,118.4
13836,ORD007900,PROD0101,2,0.05,312.3,125.06
13837,ORD007900,PROD0008,4,0.15,651.58,223.82
13838,ORD007900,PROD0013,3,0.1,2428.7,823.01
13839,ORD007901,PROD0115,3,0.05,227.32,103.03
13840,ORD007901,PROD0067,3,0.0,150.72,67.92
13841,ORD007902,PROD0026,1,0.0,680.28,268.52
13842,ORD007902,PROD0052,4,0.0,1547.12,594.44
13843,ORD007903,PROD0006,4,0.05,2017.84,554.6
13844,ORD007904,PROD0100,3,0.05,356.39,161.72
13845,ORD007904,PROD0027,1,0.0,573.63,151.41
13846,ORD007904,PROD0111,1,0.2,213.6,59.95
13847,ORD007905,PROD0020,2,0.05,341.9,112.08
13848,ORD007905,PROD0037,4,0.0,3591.04,1634.0
13849,ORD007906,PROD0048,4,0.0,465.28,118.24
13850,ORD007907,PROD0081,4,0.0,222.88,64.64
13851,ORD007907,PROD0002,5,0.0,5021.3,2285.5
13852,ORD007908,PROD0059,2,0.0,197.04,81.62
13853,ORD007908,PROD0094,1,0.05,177.76,76.32
13854,ORD007909,PROD0053,1,0.1,581.54,234.11
13855,ORD007909,PROD0104,2,0.0,516.06,155.38
13856,ORD007910,PROD0074,4,0.05,251.52,91.44
13857,ORD007910,PROD0059,1,0.05,93.59,35.88
13858,ORD007910,PROD0113,2,0.1,62.1,16.8
13859,ORD007910,PROD0071,4,0.0,398.04,128.76
13860,ORD007911,PROD0064,1,0.0,107.14,41.53
13861,ORD007911,PROD0062,2,0.05,67.45,24.77
13862,ORD007912,PROD0052,2,0.0,773.56,297.22
13863,ORD007912,PROD0114,4,0.0,560.72,267.56
13864,ORD007913,PROD0044,4,0.2,1585.34,138.5
13865,ORD007913,PROD0073,4,0.1,130.46,53.74
13866,ORD007913,PROD0018,1,0.15,168.5,65.05
13867,ORD007914,PROD0010,2,0.05,2764.37,1072.01
13868,ORD007915,PROD0120,4,0.0,508.64,150.88
13869,ORD007916,PROD0020,1,0.1,161.95,47.04
13870,ORD007916,PROD0071,4,0.0,398.04,128.76
13871,ORD007917,PROD0115,5,0.05,378.86,171.71
13872,ORD007918,PROD0117,4,0.1,895.64,152.2
13873,ORD007919,PROD0095,1,0.1,90.91,33.65
13874,ORD007920,PROD0043,1,0.05,847.75,294.65
13875,ORD007921,PROD0145,5,0.0,215.35,69.55
13876,ORD007921,PROD0149,2,0.0,392.58,193.4
13877,ORD007921,PROD0096,5,0.0,289.8,90.55
13878,ORD007922,PROD0087,5,0.1,315.45,53.45
13879,ORD007922,PROD0072,3,0.2,179.81,29.66
13880,ORD007923,PROD0066,3,0.0,220.53,66.18
13881,ORD007923,PROD0087,1,0.05,66.59,14.19
13882,ORD007923,PROD0071,3,0.1,268.68,66.72
13883,ORD007924,PROD0089,4,0.0,193.36,57.2
13884,ORD007925,PROD0035,2,0.05,1370.32,531.58
13885,ORD007926,PROD0139,1,0.0,159.77,68.8
13886,ORD007926,PROD0057,1,0.05,347.33,155.6
13887,ORD007927,PROD0051,3,0.05,1532.02,448.45
13888,ORD007927,PROD0010,5,0.0,7274.65,3043.75
13889,ORD007928,PROD0131,1,0.0,105.68,46.47
13890,ORD007929,PROD0087,4,0.0,280.4,70.8
13891,ORD007930,PROD0013,1,0.1,809.57,274.34
13892,ORD007930,PROD0113,4,0.0,138.0,47.4
13893,ORD007931,PROD0112,1,0.0,203.28,88.92
13894,ORD007931,PROD0081,4,0.0,222.88,64.64
13895,ORD007931,PROD0053,2,0.1,1163.09,468.23
13896,ORD007931,PROD0062,1,0.0,35.5,14.16
13897,ORD007932,PROD0018,2,0.15,337.01,130.11
13898,ORD007932,PROD0032,5,0.0,958.1,402.25
13899,ORD007933,PROD0009,5,0.0,4637.45,1607.05
13900,ORD007934,PROD0140,1,0.0,135.16,60.71
13901,ORD007934,PROD0075,4,0.0,208.84,94.72
13902,ORD007934,PROD0030,4,0.0,5081.36,2058.08
13903,ORD007935,PROD0142,3,0.15,224.12,63.44
13904,ORD007936,PROD0096,1,0.15,49.27,9.42
13905,ORD007937,PROD0137,4,0.0,329.28,105.96
13906,ORD007937,PROD0048,5,0.15,494.36,60.56
13907,ORD007938,PROD0059,2,0.0,197.04,81.62
13908,ORD007938,PROD0008,5,0.0,958.2,423.5
13909,ORD007939,PROD0071,4,0.05,378.14,108.86
13910,ORD007940,PROD0024,2,0.05,562.21,209.99
13911,ORD007941,PROD0104,2,0.1,464.45,103.77
13912,ORD007942,PROD0075,4,0.0,208.84,94.72
13913,ORD007943,PROD0078,4,0.0,410.48,141.68
13914,ORD007944,PROD0064,3,0.0,321.42,124.59
13915,ORD007944,PROD0075,4,0.0,208.84,94.72
13916,ORD007945,PROD0141,4,0.0,367.16,129.76
13917,ORD007946,PROD0077,3,0.0,85.08,36.39
13918,ORD007946,PROD0120,5,0.0,635.8,188.6
13919,ORD007947,PROD0111,4,0.1,961.2,346.6
13920,ORD007947,PROD0106,4,0.2,353.28,101.16
13921,ORD007947,PROD0072,2,0.0,149.84,49.74
13922,ORD007948,PROD0080,4,0.0,262.4,98.72
13923,ORD007949,PROD0120,1,0.0,127.16,37.72
13924,ORD007950,PROD0026,2,0.05,1292.53,469.01
13925,ORD007950,PROD0130,3,0.15,215.35,85.21
13926,ORD007951,PROD0044,5,0.0,2477.1,668.55
13927,ORD007951,PROD0058,1,0.1,307.36,110.97
13928,ORD007952,PROD0138,5,0.1,809.69,341.34
13929,ORD007953,PROD0081,5,0.05,264.67,66.87
13930,ORD007953,PROD0107,2,0.1,101.83,21.15
13931,ORD007953,PROD0113,5,0.0,172.5,59.25
13932,ORD007954,PROD0021,5,0.2,4749.76,499.16
13933,ORD007955,PROD0119,5,0.0,244.5,99.8
13934,ORD007956,PROD0126,3,0.0,602.7,264.0
13935,ORD007957,PROD0076,2,0.05,163.93,49.81
13936,ORD007957,PROD0066,4,0.15,249.93,44.13
13937,ORD007958,PROD0066,1,0.05,69.83,18.38
13938,ORD007958,PROD0149,1,0.05,186.48,86.89
13939,ORD007959,PROD0030,4,0.05,4827.29,1804.01
13940,ORD007960,PROD0141,1,0.05,87.2,27.85
13941,ORD007960,PROD0021,2,0.05,2256.14,555.9
13942,ORD007961,PROD0098,1,0.0,89.91,28.96
13943,ORD007961,PROD0035,5,0.0,3606.1,1509.25
13944,ORD007962,PROD0019,3,0.0,2572.89,956.82
13945,ORD007962,PROD0107,2,0.0,113.14,32.46
13946,ORD007962,PROD0022,1,0.0,650.02,198.39
13947,ORD007963,PROD0068,2,0.0,167.56,63.28
13948,ORD007963,PROD0003,4,0.0,5776.52,2040.52
13949,ORD007963,PROD0036,1,0.1,341.38,63.34
13950,ORD007964,PROD0143,1,0.0,72.45,19.48
13951,ORD007965,PROD0034,3,0.05,909.12,264.36
13952,ORD007966,PROD0039,2,0.1,791.15,287.59
13953,ORD007966,PROD0126,2,0.1,361.62,135.82
13954,ORD007967,PROD0069,2,0.1,136.21,37.41
13955,ORD007968,PROD0132,3,0.1,85.56,16.89
13956,ORD007968,PROD0045,1,0.05,499.5,132.67
13957,ORD007968,PROD0077,3,0.1,76.57,27.88
13958,ORD007969,PROD0072,2,0.15,127.36,27.26
13959,ORD007970,PROD0030,2,0.1,2286.61,774.97
13960,ORD007971,PROD0105,4,0.05,1106.1,283.86
13961,ORD007971,PROD0003,1,0.05,1371.92,437.92
13962,ORD007971,PROD0009,3,0.0,2782.47,964.23
13963,ORD007972,PROD0089,2,0.05,91.85,23.77
13964,ORD007972,PROD0138,4,0.1,647.75,273.07
13965,ORD007972,PROD0011,2,0.0,2372.28,918.94
13966,ORD007972,PROD0137,5,0.1,370.44,91.29
13967,ORD007973,PROD0016,2,0.0,2245.0,944.76
13968,ORD007974,PROD0132,1,0.05,30.11,7.22
13969,ORD007974,PROD0045,3,0.1,1419.63,319.14
13970,ORD007974,PROD0128,4,0.05,311.45,70.37
13971,ORD007975,PROD0055,1,0.05,723.6,203.72
13972,ORD007976,PROD0013,2,0.15,1529.18,458.72
13973,ORD007976,PROD0080,3,0.1,177.12,54.36
13974,ORD007976,PROD0104,1,0.0,258.03,77.69
13975,ORD007977,PROD0086,3,0.0,301.68,123.18
13976,ORD007977,PROD0016,1,0.05,1066.38,416.26
13977,ORD007978,PROD0049,5,0.0,4363.95,1820.2
13978,ORD007979,PROD0060,3,0.0,2527.62,795.9
13979,ORD007979,PROD0028,3,0.0,2306.73,797.73
13980,ORD007980,PROD0113,5,0.1,155.25,42.0
13981,ORD007981,PROD0047,3,0.1,1671.92,578.21
13982,ORD007982,PROD0015,1,0.0,273.62,88.13
13983,ORD007982,PROD0091,4,0.0,851.84,242.56
13984,ORD007983,PROD0064,1,0.1,96.43,30.82
13985,ORD007984,PROD0148,4,0.1,161.39,36.71
13986,ORD007984,PROD0131,4,0.1,380.45,143.61
13987,ORD007985,PROD0042,4,0.0,2665.96,807.08
13988,ORD007986,PROD0018,2,0.2,317.18,110.28
13989,ORD007987,PROD0150,3,0.1,372.9,138.51
13990,ORD007988,PROD0120,2,0.0,254.32,75.44
13991,ORD007989,PROD0055,1,0.05,723.6,203.72
13992,ORD007990,PROD0092,2,0.2,106.35,35.25
13993,ORD007990,PROD0074,3,0.05,188.64,68.58
13994,ORD007991,PROD0047,1,0.0,619.23,254.66
13995,ORD007991,PROD0105,2,0.05,553.05,141.93
13996,ORD007992,PROD0022,4,0.0,2600.08,793.56
13997,ORD007992,PROD0141,4,0.0,367.16,129.76
13998,ORD007993,PROD0129,1,0.0,63.28,22.04
13999,ORD007994,PROD0092,4,0.0,265.88,123.68
14000,ORD007995,PROD0021,5,0.0,5937.2,1686.6
14001,ORD007996,PROD0078,2,0.15,174.45,40.05
14002,ORD007996,PROD0130,3,0.15,215.35,85.21
14003,ORD007997,PROD0025,2,0.0,973.28,366.66
14004,ORD007998,PROD0030,5,0.0,6351.7,2572.6
14005,ORD007998,PROD0145,4,0.0,172.28,55.64
14006,ORD007998,PROD0070,3,0.0,144.81,41.79
14007,ORD007999,PROD0013,4,0.1,3238.27,1097.35
14008,ORD007999,PROD0138,3,0.0,539.79,258.78
14009,ORD007999,PROD0016,2,0.0,2245.0,944.76
14010,ORD008000,PROD0131,2,0.05,200.79,82.37
