order_id,customer_id,order_date,ship_date,ship_mode,order_total
ORD000001,CUST00244,2023-11-01,2023-11-03,Express,1933.9
ORD000002,CUST00699,2024-10-04,2024-10-09,Standard,177.96
ORD000003,CUST00711,2023-02-13,2023-02-15,Express,422.25
ORD000004,CUST01145,2023-01-22,2023-01-24,Express,231.18
ORD000005,CUST00817,2024-07-21,2024-07-26,Standard,245.13
ORD000006,CUST00651,2023-07-25,2023-07-25,Same Day,1924.9
ORD000007,CUST01152,2024-03-25,2024-03-27,Express,544.95
ORD000008,CUST00634,2024-12-16,2024-12-21,Standard,2823.74
ORD000009,CUST00942,2023-07-07,2023-07-07,Same Day,257.28
ORD000010,CUST01156,2023-04-09,2023-04-11,Express,95.83
ORD000011,CUST00061,2024-07-09,2024-07-14,Standard,5343.48
ORD000012,CUST00364,2023-06-14,2023-06-16,Express,1841.56
ORD000013,CUST00854,2024-10-24,2024-10-29,Standard,928.53
ORD000014,CUST01165,2023-03-04,2023-03-09,Standard,851.84
ORD000015,CUST00503,2024-08-20,2024-08-25,Standard,208.74
ORD000016,CUST00432,2024-02-18,2024-02-23,Standard,1443.15
ORD000017,CUST01187,2024-03-30,2024-04-04,Standard,2126.04
ORD000018,CUST00756,2023-03-07,2023-03-09,Express,42.59
ORD000019,CUST00606,2023-12-26,2023-12-31,Standard,1322.47
ORD000020,CUST00230,2023-12-25,2023-12-27,Express,1096.83
ORD000021,CUST00474,2023-08-21,2023-08-26,Standard,1970.89
ORD000022,CUST00804,2024-04-24,2024-04-26,Express,231.18
ORD000023,CUST00725,2023-04-26,2023-05-01,Standard,625.25
ORD000024,CUST00662,2024-12-13,2024-12-15,Express,1462.44
ORD000025,CUST00707,2023-12-02,2023-12-07,Standard,277.07
ORD000026,CUST00360,2024-09-09,2024-09-11,Express,2615.13
ORD000027,CUST00022,2023-05-22,2023-05-24,Express,4309.67
ORD000028,CUST00139,2024-12-11,2024-12-16,Standard,360.06
ORD000029,CUST00217,2024-10-09,2024-10-14,Standard,533.48
ORD000030,CUST00066,2023-06-06,2023-06-08,Express,2583.78
ORD000031,CUST01173,2023-10-20,2023-10-25,Standard,3585.72
ORD000032,CUST00589,2023-05-15,2023-05-15,Same Day,828.65
ORD000033,CUST00571,2024-11-10,2024-11-12,Express,348.8
ORD000034,CUST00714,2024-12-15,2024-12-20,Standard,330.88
ORD000035,CUST00836,2023-06-04,2023-06-09,Standard,115.71
ORD000036,CUST01158,2023-05-30,2023-06-04,Standard,1950.34
ORD000037,CUST01031,2023-09-28,2023-10-03,Standard,1275.96
ORD000038,CUST00564,2023-01-27,2023-02-01,Standard,4997.38
ORD000039,CUST00766,2024-10-03,2024-10-08,Standard,3930.31
ORD000040,CUST00330,2024-07-07,2024-07-12,Standard,137.57
ORD000041,CUST00365,2023-02-25,2023-03-02,Standard,7229.95
ORD000042,CUST00495,2024-03-10,2024-03-10,Same Day,85.5
ORD000043,CUST00306,2024-01-12,2024-01-14,Express,619.95
ORD000044,CUST00408,2024-10-15,2024-10-17,Express,2369.19
ORD000045,CUST01039,2024-11-05,2024-11-10,Standard,5048.6
ORD000046,CUST00471,2023-11-23,2023-11-25,Express,1420.91
ORD000047,CUST00629,2023-04-02,2023-04-04,Express,1981.68
ORD000048,CUST00641,2023-11-24,2023-11-24,Same Day,236.84
ORD000049,CUST00839,2023-12-13,2023-12-18,Standard,1502.75
ORD000050,CUST00264,2024-10-20,2024-10-22,Express,580.91
ORD000051,CUST00374,2024-10-13,2024-10-18,Standard,3338.96
ORD000052,CUST00790,2024-03-04,2024-03-04,Same Day,771.94
ORD000053,CUST00965,2023-10-25,2023-10-25,Same Day,650.07
ORD000054,CUST00618,2024-09-24,2024-09-26,Express,143.57
ORD000055,CUST00501,2023-08-08,2023-08-08,Same Day,3625.58
ORD000056,CUST00917,2024-02-16,2024-02-18,Express,8782.65
ORD000057,CUST00129,2024-12-04,2024-12-06,Express,1160.34
ORD000058,CUST00947,2024-09-22,2024-09-24,Express,3300.12
ORD000059,CUST00633,2024-07-18,2024-07-23,Standard,1122.5
ORD000060,CUST00763,2023-03-28,2023-03-30,Express,432.26
ORD000061,CUST00141,2024-10-13,2024-10-15,Express,4744.56
ORD000062,CUST00149,2023-08-09,2023-08-14,Standard,4314.5
ORD000063,CUST01169,2023-09-29,2023-10-04,Standard,3270.12
ORD000064,CUST01175,2023-10-27,2023-11-01,Standard,1068.0
ORD000065,CUST00340,2024-10-23,2024-10-28,Standard,820.78
ORD000066,CUST00874,2023-02-23,2023-02-25,Express,1468.16
ORD000067,CUST00952,2023-01-21,2023-01-21,Same Day,1740.51
ORD000068,CUST00994,2024-11-15,2024-11-17,Express,887.7
ORD000069,CUST00013,2024-12-08,2024-12-13,Standard,1161.13
ORD000070,CUST00119,2024-10-30,2024-11-04,Standard,289.8
ORD000071,CUST00139,2024-12-14,2024-12-16,Express,1165.75
ORD000072,CUST00336,2023-12-24,2023-12-26,Express,3763.05
ORD000073,CUST01183,2023-07-21,2023-07-26,Standard,473.68
ORD000074,CUST00778,2023-07-24,2023-07-29,Standard,141.48
ORD000075,CUST00409,2023-11-28,2023-11-30,Express,211.78
ORD000076,CUST00794,2023-07-17,2023-07-22,Standard,172.73
ORD000077,CUST00956,2023-04-10,2023-04-12,Express,332.97
ORD000078,CUST01052,2024-04-01,2024-04-01,Same Day,2391.74
ORD000079,CUST01075,2024-11-30,2024-12-02,Express,205.45
ORD000080,CUST00375,2024-04-17,2024-04-19,Express,1175.32
ORD000081,CUST00424,2024-01-04,2024-01-04,Same Day,8068.19
ORD000082,CUST00431,2024-07-26,2024-07-31,Standard,827.51
ORD000083,CUST01038,2023-07-23,2023-07-28,Standard,1752.88
ORD000084,CUST00796,2023-07-02,2023-07-07,Standard,1888.39
ORD000085,CUST00409,2024-08-02,2024-08-07,Standard,518.36
ORD000086,CUST00712,2023-05-15,2023-05-17,Express,3698.81
ORD000087,CUST00702,2024-05-21,2024-05-26,Standard,168.62
ORD000088,CUST00836,2023-08-08,2023-08-13,Standard,2170.79
ORD000089,CUST00395,2024-08-08,2024-08-13,Standard,318.88
ORD000090,CUST00319,2024-07-05,2024-07-10,Standard,618.32
ORD000091,CUST01112,2024-10-28,2024-11-02,Standard,713.66
ORD000092,CUST00366,2023-11-02,2023-11-07,Standard,433.1
ORD000093,CUST00516,2023-11-15,2023-11-15,Same Day,1029.85
ORD000094,CUST00316,2024-09-09,2024-09-11,Express,5746.67
ORD000095,CUST01022,2024-07-19,2024-07-21,Express,2641.53
ORD000096,CUST00891,2023-08-31,2023-09-05,Standard,87.89
ORD000097,CUST00857,2024-05-26,2024-05-26,Same Day,2719.64
ORD000098,CUST01111,2023-08-22,2023-08-24,Express,153.76
ORD000099,CUST00921,2023-04-29,2023-05-04,Standard,629.77
ORD000100,CUST00880,2024-09-24,2024-09-29,Standard,861.27
ORD000101,CUST00745,2024-09-11,2024-09-13,Express,319.04
ORD000102,CUST00895,2024-01-07,2024-01-09,Express,1403.26
ORD000103,CUST00596,2024-11-17,2024-11-22,Standard,62.32
ORD000104,CUST01123,2024-01-05,2024-01-05,Same Day,1284.46
ORD000105,CUST01138,2024-07-11,2024-07-16,Standard,485.81
ORD000106,CUST00964,2024-07-19,2024-07-21,Express,1805.43
ORD000107,CUST00616,2024-01-22,2024-01-27,Standard,1532.02
ORD000108,CUST00125,2023-06-14,2023-06-16,Express,486.64
ORD000109,CUST00339,2023-11-13,2023-11-13,Same Day,5689.42
ORD000110,CUST00172,2023-07-13,2023-07-13,Same Day,981.18
ORD000111,CUST00687,2023-11-16,2023-11-21,Standard,516.27
ORD000112,CUST00628,2023-06-26,2023-06-28,Express,175.62
ORD000113,CUST00332,2024-01-21,2024-01-21,Same Day,329.28
ORD000114,CUST00970,2024-05-03,2024-05-05,Express,4736.57
ORD000115,CUST00917,2024-12-12,2024-12-17,Standard,317.03
ORD000116,CUST01024,2024-11-13,2024-11-15,Express,2260.09
ORD000117,CUST01173,2024-11-20,2024-11-25,Standard,1973.1
ORD000118,CUST00069,2023-11-14,2023-11-16,Express,1772.4
ORD000119,CUST01050,2023-12-05,2023-12-07,Express,785.84
ORD000120,CUST00075,2023-12-18,2023-12-20,Express,156.41
ORD000121,CUST00656,2023-06-08,2023-06-10,Express,801.0
ORD000122,CUST00960,2024-06-30,2024-07-02,Express,516.06
ORD000123,CUST00211,2023-11-21,2023-11-21,Same Day,3255.59
ORD000124,CUST00134,2023-09-21,2023-09-21,Same Day,525.79
ORD000125,CUST00723,2023-12-22,2023-12-27,Standard,747.19
ORD000126,CUST01189,2024-06-26,2024-06-28,Express,899.75
ORD000127,CUST00746,2024-01-30,2024-02-04,Standard,381.28
ORD000128,CUST01145,2024-06-04,2024-06-09,Standard,2094.7
ORD000129,CUST00025,2023-06-15,2023-06-17,Express,406.48
ORD000130,CUST00740,2024-01-21,2024-01-26,Standard,5374.81
ORD000131,CUST00445,2024-10-21,2024-10-26,Standard,66.19
ORD000132,CUST00049,2023-02-07,2023-02-12,Standard,566.08
ORD000133,CUST00849,2023-10-31,2023-10-31,Same Day,3569.48
ORD000134,CUST01000,2024-09-13,2024-09-18,Standard,3370.51
ORD000135,CUST00071,2024-12-06,2024-12-11,Standard,672.85
ORD000136,CUST00574,2024-10-13,2024-10-15,Express,1434.69
ORD000137,CUST01166,2024-08-31,2024-09-02,Express,135.16
ORD000138,CUST01126,2024-08-08,2024-08-13,Standard,289.13
ORD000139,CUST00446,2023-11-16,2023-11-18,Express,18.14
ORD000140,CUST00074,2023-12-08,2023-12-13,Standard,341.25
ORD000141,CUST00912,2024-05-26,2024-05-28,Express,573.63
ORD000142,CUST00505,2024-07-06,2024-07-08,Express,774.73
ORD000143,CUST00897,2024-04-26,2024-05-01,Standard,786.01
ORD000144,CUST00312,2023-05-15,2023-05-17,Express,164.64
ORD000145,CUST00018,2023-06-26,2023-06-28,Express,7511.16
ORD000146,CUST00818,2024-08-17,2024-08-19,Express,1040.7
ORD000147,CUST00809,2024-09-13,2024-09-18,Standard,873.24
ORD000148,CUST00905,2024-03-24,2024-03-26,Express,100.56
ORD000149,CUST00787,2023-08-17,2023-08-19,Express,182.17
ORD000150,CUST00649,2023-06-17,2023-06-22,Standard,2878.46
ORD000151,CUST00405,2024-10-16,2024-10-21,Standard,228.56
ORD000152,CUST00591,2024-12-18,2024-12-23,Standard,162.45
ORD000153,CUST00975,2024-11-01,2024-11-06,Standard,534.0
ORD000154,CUST00315,2024-01-13,2024-01-15,Express,220.8
ORD000155,CUST01184,2024-07-25,2024-07-25,Same Day,163.88
ORD000156,CUST00939,2024-12-09,2024-12-14,Standard,54.41
ORD000157,CUST00008,2024-10-31,2024-11-02,Express,10190.98
ORD000158,CUST00881,2023-08-24,2023-08-29,Standard,316.85
ORD000159,CUST00754,2024-03-02,2024-03-07,Standard,704.57
ORD000160,CUST00231,2024-05-19,2024-05-21,Express,3620.47
ORD000161,CUST00149,2024-11-30,2024-12-02,Express,205.45
ORD000162,CUST00417,2023-07-12,2023-07-14,Express,364.12
ORD000163,CUST00513,2024-10-19,2024-10-24,Standard,131.2
ORD000164,CUST00431,2024-08-04,2024-08-09,Standard,4190.61
ORD000165,CUST01143,2024-06-01,2024-06-06,Standard,2023.07
ORD000166,CUST00560,2023-03-25,2023-03-27,Express,195.6
ORD000167,CUST00317,2024-04-11,2024-04-16,Standard,88.65
ORD000168,CUST00407,2024-11-05,2024-11-10,Standard,886.03
ORD000169,CUST00683,2024-02-11,2024-02-13,Express,814.58
ORD000170,CUST00553,2024-10-11,2024-10-13,Express,5274.05
ORD000171,CUST01041,2023-12-05,2023-12-10,Standard,1611.39
ORD000172,CUST01025,2023-08-10,2023-08-10,Same Day,700.9
ORD000173,CUST00284,2023-10-29,2023-11-03,Standard,1738.71
ORD000174,CUST00555,2023-07-18,2023-07-23,Standard,2107.36
ORD000175,CUST00251,2023-07-22,2023-07-27,Standard,7623.43
ORD000176,CUST00349,2024-12-17,2024-12-22,Standard,726.27
ORD000177,CUST00803,2023-12-15,2023-12-20,Standard,1877.49
ORD000178,CUST00562,2024-09-02,2024-09-07,Standard,5434.71
ORD000179,CUST00794,2023-09-11,2023-09-16,Standard,1062.92
ORD000180,CUST00047,2024-10-15,2024-10-17,Express,739.32
ORD000181,CUST00467,2023-06-17,2023-06-19,Express,3285.52
ORD000182,CUST00554,2024-11-12,2024-11-17,Standard,262.81
ORD000183,CUST00795,2024-06-05,2024-06-07,Express,4677.29
ORD000184,CUST00437,2023-05-20,2023-05-22,Express,7945.55
ORD000185,CUST00308,2023-09-03,2023-09-08,Standard,573.63
ORD000186,CUST00722,2024-04-20,2024-04-22,Express,209.5
ORD000187,CUST00135,2024-06-05,2024-06-10,Standard,774.09
ORD000188,CUST00844,2023-07-11,2023-07-16,Standard,54.4
ORD000189,CUST00978,2023-10-02,2023-10-04,Express,1101.14
ORD000190,CUST01157,2023-04-19,2023-04-24,Standard,1025.83
ORD000191,CUST00187,2024-05-07,2024-05-12,Standard,3951.0
ORD000192,CUST00202,2023-03-17,2023-03-17,Same Day,3221.44
ORD000193,CUST00366,2024-11-08,2024-11-13,Standard,667.75
ORD000194,CUST00361,2024-11-02,2024-11-07,Standard,1204.39
ORD000195,CUST00819,2024-02-08,2024-02-13,Standard,359.9
ORD000196,CUST00569,2024-10-03,2024-10-03,Same Day,3135.84
ORD000197,CUST00356,2024-08-03,2024-08-08,Standard,472.33
ORD000198,CUST00847,2024-08-30,2024-08-30,Same Day,1347.36
ORD000199,CUST00986,2023-09-09,2023-09-14,Standard,105.87
ORD000200,CUST00708,2023-09-23,2023-09-28,Standard,6910.92
ORD000201,CUST00322,2024-07-03,2024-07-03,Same Day,2788.94
ORD000202,CUST00610,2023-06-17,2023-06-22,Standard,405.48
ORD000203,CUST00881,2024-07-23,2024-07-25,Express,98.32
ORD000204,CUST00509,2024-08-06,2024-08-11,Standard,3353.4
ORD000205,CUST00367,2024-08-04,2024-08-06,Express,17.16
ORD000206,CUST00029,2023-01-02,2023-01-07,Standard,7054.55
ORD000207,CUST00418,2024-01-24,2024-01-29,Standard,1009.5
ORD000208,CUST00666,2023-03-19,2023-03-21,Express,110.4
ORD000209,CUST00416,2023-11-16,2023-11-18,Express,4530.99
ORD000210,CUST00158,2023-02-26,2023-03-03,Standard,471.15
ORD000211,CUST00569,2023-06-06,2023-06-08,Express,6213.55
ORD000212,CUST00617,2023-12-23,2023-12-25,Express,7274.65
ORD000213,CUST00662,2024-12-15,2024-12-17,Express,1207.18
ORD000214,CUST00432,2023-03-09,2023-03-09,Same Day,116.32
ORD000215,CUST00834,2023-12-14,2023-12-19,Standard,260.82
ORD000216,CUST00237,2024-12-27,2024-12-29,Express,359.86
ORD000217,CUST00179,2024-02-13,2024-02-15,Express,1119.62
ORD000218,CUST00255,2023-03-12,2023-03-17,Standard,2071.92
ORD000219,CUST00367,2023-03-25,2023-03-25,Same Day,2611.16
ORD000220,CUST01180,2023-10-29,2023-11-03,Standard,3451.6
ORD000221,CUST00653,2023-09-10,2023-09-15,Standard,138.11
ORD000222,CUST00817,2024-03-01,2024-03-06,Standard,4413.89
ORD000223,CUST00290,2023-07-12,2023-07-14,Express,831.56
ORD000224,CUST00636,2024-11-18,2024-11-23,Standard,450.13
ORD000225,CUST00742,2023-12-11,2023-12-16,Standard,428.56
ORD000226,CUST00360,2024-10-08,2024-10-13,Standard,523.1
ORD000227,CUST00056,2023-07-02,2023-07-04,Express,100.87
ORD000228,CUST00504,2023-05-27,2023-05-29,Express,3061.33
ORD000229,CUST00773,2023-09-03,2023-09-05,Express,6473.07
ORD000230,CUST00394,2023-08-01,2023-08-06,Standard,995.0
ORD000231,CUST00742,2023-06-01,2023-06-03,Express,827.29
ORD000232,CUST00428,2023-12-17,2023-12-22,Standard,4677.21
ORD000233,CUST00446,2023-08-11,2023-08-13,Express,3021.42
ORD000234,CUST01028,2024-05-23,2024-05-23,Same Day,4276.36
ORD000235,CUST01101,2023-11-07,2023-11-12,Standard,811.7
ORD000236,CUST00065,2024-02-21,2024-02-23,Express,722.92
ORD000237,CUST00497,2024-06-30,2024-07-05,Standard,1685.6
ORD000238,CUST00808,2024-08-28,2024-09-02,Standard,433.11
ORD000239,CUST00753,2024-12-18,2024-12-23,Standard,1276.94
ORD000240,CUST00842,2023-11-05,2023-11-10,Standard,638.88
ORD000241,CUST00992,2023-09-06,2023-09-11,Standard,4072.97
ORD000242,CUST00998,2023-06-18,2023-06-23,Standard,1690.92
ORD000243,CUST00778,2024-03-21,2024-03-23,Express,72.48
ORD000244,CUST00166,2023-11-28,2023-12-03,Standard,1366.04
ORD000245,CUST00550,2024-07-30,2024-08-04,Standard,751.35
ORD000246,CUST00262,2023-10-02,2023-10-07,Standard,378.35
ORD000247,CUST00185,2024-11-06,2024-11-11,Standard,572.88
ORD000248,CUST01082,2024-03-17,2024-03-22,Standard,1067.13
ORD000249,CUST00412,2023-01-08,2023-01-10,Express,730.39
ORD000250,CUST00613,2024-08-12,2024-08-12,Same Day,863.07
ORD000251,CUST00655,2023-11-26,2023-12-01,Standard,926.28
ORD000252,CUST00258,2023-12-29,2024-01-03,Standard,226.28
ORD000253,CUST00768,2023-10-03,2023-10-08,Standard,665.86
ORD000254,CUST00264,2024-06-21,2024-06-23,Express,486.81
ORD000255,CUST00620,2024-03-15,2024-03-17,Express,520.87
ORD000256,CUST00800,2024-10-29,2024-11-03,Standard,3391.01
ORD000257,CUST00824,2024-05-05,2024-05-10,Standard,635.8
ORD000258,CUST00120,2023-05-14,2023-05-14,Same Day,124.32
ORD000259,CUST00468,2023-09-25,2023-09-27,Express,3217.58
ORD000260,CUST00466,2023-11-11,2023-11-16,Standard,5128.3
ORD000261,CUST00253,2024-02-13,2024-02-15,Express,1243.95
ORD000262,CUST00217,2023-09-08,2023-09-13,Standard,285.97
ORD000263,CUST00795,2024-01-12,2024-01-14,Express,4497.6
ORD000264,CUST00894,2024-01-02,2024-01-07,Standard,323.68
ORD000265,CUST01073,2024-05-18,2024-05-23,Standard,707.47
ORD000266,CUST01029,2024-11-12,2024-11-17,Standard,671.73
ORD000267,CUST01038,2024-09-30,2024-10-05,Standard,348.1
ORD000268,CUST00444,2023-09-19,2023-09-24,Standard,228.9
ORD000269,CUST00288,2023-08-06,2023-08-11,Standard,1687.73
ORD000270,CUST00988,2024-07-02,2024-07-04,Express,995.0
ORD000271,CUST00383,2024-04-19,2024-04-24,Standard,60.14
ORD000272,CUST00397,2024-04-30,2024-05-02,Express,5197.45
ORD000273,CUST00343,2024-06-04,2024-06-06,Express,280.4
ORD000274,CUST00439,2024-04-26,2024-05-01,Standard,372.01
ORD000275,CUST00123,2023-02-10,2023-02-15,Standard,3457.5
ORD000276,CUST00841,2024-09-26,2024-09-28,Express,2264.84
ORD000277,CUST00440,2024-08-18,2024-08-20,Express,1146.82
ORD000278,CUST00044,2023-11-22,2023-11-24,Express,918.68
ORD000279,CUST00606,2024-11-16,2024-11-16,Same Day,278.62
ORD000280,CUST00402,2023-04-25,2023-04-30,Standard,219.62
ORD000281,CUST00403,2024-04-05,2024-04-10,Standard,161.94
ORD000282,CUST00823,2023-08-02,2023-08-02,Same Day,2181.28
ORD000283,CUST00068,2023-12-01,2023-12-06,Standard,5487.69
ORD000284,CUST00768,2023-07-29,2023-07-31,Express,410.86
ORD000285,CUST00502,2023-12-26,2023-12-31,Standard,2191.39
ORD000286,CUST00004,2023-03-23,2023-03-28,Standard,1094.59
ORD000287,CUST00282,2023-06-15,2023-06-15,Same Day,196.8
ORD000288,CUST00461,2024-04-04,2024-04-09,Standard,1062.02
ORD000289,CUST00408,2023-11-04,2023-11-09,Standard,4494.73
ORD000290,CUST00259,2023-07-08,2023-07-10,Express,57.53
ORD000291,CUST00173,2024-07-03,2024-07-08,Standard,6673.75
ORD000292,CUST00684,2023-07-12,2023-07-12,Same Day,694.76
ORD000293,CUST00270,2024-12-08,2024-12-13,Standard,2981.27
ORD000294,CUST00944,2024-04-17,2024-04-22,Standard,5656.96
ORD000295,CUST00412,2024-02-06,2024-02-11,Standard,407.59
ORD000296,CUST00790,2023-10-07,2023-10-09,Express,1857.69
ORD000297,CUST00653,2023-08-29,2023-09-03,Standard,731.59
ORD000298,CUST00335,2024-08-13,2024-08-15,Express,508.64
ORD000299,CUST00215,2024-01-26,2024-01-31,Standard,300.72
ORD000300,CUST01189,2023-11-18,2023-11-20,Express,6283.82
ORD000301,CUST01179,2024-09-22,2024-09-24,Express,703.63
ORD000302,CUST00441,2023-12-17,2023-12-22,Standard,1760.56
ORD000303,CUST01094,2024-04-17,2024-04-19,Express,90.55
ORD000304,CUST00568,2024-06-27,2024-07-02,Standard,507.8
ORD000305,CUST01105,2024-05-09,2024-05-14,Standard,4920.61
ORD000306,CUST00113,2023-10-12,2023-10-14,Express,1641.44
ORD000307,CUST01146,2023-01-18,2023-01-20,Express,4723.53
ORD000308,CUST00370,2024-04-30,2024-05-02,Express,5752.15
ORD000309,CUST00198,2023-06-02,2023-06-07,Standard,144.45
ORD000310,CUST00848,2024-04-08,2024-04-10,Express,1751.9
ORD000311,CUST00029,2023-02-17,2023-02-17,Same Day,1903.32
ORD000312,CUST00907,2024-09-02,2024-09-04,Express,65.55
ORD000313,CUST00464,2023-03-19,2023-03-19,Same Day,3124.54
ORD000314,CUST01066,2023-09-30,2023-10-05,Standard,8514.76
ORD000315,CUST00447,2023-11-27,2023-11-29,Express,289.8
ORD000316,CUST00511,2024-03-11,2024-03-16,Standard,177.3
ORD000317,CUST00724,2023-12-23,2023-12-25,Express,26.75
ORD000318,CUST01086,2023-05-06,2023-05-11,Standard,3644.93
ORD000319,CUST00496,2023-02-04,2023-02-09,Standard,94.6
ORD000320,CUST00005,2023-11-21,2023-11-26,Standard,595.0
ORD000321,CUST00121,2024-02-16,2024-02-21,Standard,328.94
ORD000322,CUST00350,2023-02-11,2023-02-16,Standard,1309.86
ORD000323,CUST00971,2023-03-23,2023-03-25,Express,190.91
ORD000324,CUST01057,2023-11-07,2023-11-09,Express,131.44
ORD000325,CUST00403,2024-11-28,2024-11-30,Express,4497.12
ORD000326,CUST00608,2023-05-20,2023-05-25,Standard,1464.22
ORD000327,CUST01029,2024-04-26,2024-05-01,Standard,62.43
ORD000328,CUST00287,2024-06-18,2024-06-20,Express,2669.52
ORD000329,CUST00593,2024-11-12,2024-11-17,Standard,871.39
ORD000330,CUST00944,2023-11-19,2023-11-21,Express,461.28
ORD000331,CUST00944,2023-07-11,2023-07-16,Standard,411.78
ORD000332,CUST00720,2023-04-10,2023-04-12,Express,662.21
ORD000333,CUST00933,2024-06-21,2024-06-26,Standard,281.25
ORD000334,CUST00779,2023-08-05,2023-08-10,Standard,3089.7
ORD000335,CUST00020,2023-06-27,2023-06-29,Express,1758.12
ORD000336,CUST00701,2023-12-17,2023-12-19,Express,200.59
ORD000337,CUST00071,2024-05-09,2024-05-14,Standard,1528.16
ORD000338,CUST00592,2023-02-22,2023-02-22,Same Day,62.32
ORD000339,CUST00507,2024-11-11,2024-11-11,Same Day,1120.8
ORD000340,CUST00870,2023-01-29,2023-02-03,Standard,446.09
ORD000341,CUST00925,2023-12-05,2023-12-10,Standard,75.35
ORD000342,CUST00001,2023-12-26,2023-12-31,Standard,785.16
ORD000343,CUST00035,2024-12-04,2024-12-09,Standard,666.49
ORD000344,CUST00586,2024-05-24,2024-05-29,Standard,1226.68
ORD000345,CUST00321,2024-04-06,2024-04-11,Standard,707.2
ORD000346,CUST00374,2024-04-26,2024-04-28,Express,904.11
ORD000347,CUST00703,2023-12-01,2023-12-06,Standard,2131.28
ORD000348,CUST00929,2024-11-26,2024-12-01,Standard,1799.04
ORD000349,CUST00824,2023-12-11,2023-12-16,Standard,1152.99
ORD000350,CUST00322,2023-03-31,2023-04-05,Standard,766.48
ORD000351,CUST01007,2023-10-03,2023-10-05,Express,840.29
ORD000352,CUST01175,2024-09-11,2024-09-16,Standard,504.35
ORD000353,CUST01183,2023-11-07,2023-11-12,Standard,343.33
ORD000354,CUST00643,2024-09-11,2024-09-16,Standard,914.07
ORD000355,CUST00978,2024-12-10,2024-12-15,Standard,279.74
ORD000356,CUST00160,2024-12-14,2024-12-19,Standard,1769.82
ORD000357,CUST01075,2023-12-02,2023-12-07,Standard,276.22
ORD000358,CUST00103,2024-11-29,2024-12-04,Standard,594.37
ORD000359,CUST00817,2023-12-10,2023-12-12,Express,191.92
ORD000360,CUST00425,2024-06-12,2024-06-12,Same Day,4955.82
ORD000361,CUST00050,2023-06-18,2023-06-20,Express,431.4
ORD000362,CUST01049,2024-06-16,2024-06-21,Standard,198.57
ORD000363,CUST00705,2024-06-25,2024-06-30,Standard,6834.67
ORD000364,CUST00811,2023-04-28,2023-05-03,Standard,434.55
ORD000365,CUST00723,2023-03-30,2023-04-04,Standard,1350.88
ORD000366,CUST00837,2024-02-16,2024-02-21,Standard,134.35
ORD000367,CUST00305,2023-03-14,2023-03-19,Standard,1088.45
ORD000368,CUST00210,2023-07-31,2023-07-31,Same Day,679.07
ORD000369,CUST01156,2024-11-12,2024-11-17,Standard,2471.55
ORD000370,CUST00622,2024-10-12,2024-10-14,Express,2431.79
ORD000371,CUST00123,2023-11-22,2023-11-27,Standard,118.8
ORD000372,CUST00069,2023-04-10,2023-04-10,Same Day,264.96
ORD000373,CUST00194,2024-06-01,2024-06-06,Standard,123.09
ORD000374,CUST00626,2024-03-11,2024-03-16,Standard,1139.66
ORD000375,CUST00704,2023-04-04,2023-04-09,Standard,675.8
ORD000376,CUST00507,2024-03-18,2024-03-23,Standard,398.8
ORD000377,CUST01052,2023-05-05,2023-05-05,Same Day,517.5
ORD000378,CUST00956,2023-10-19,2023-10-21,Express,1308.46
ORD000379,CUST00518,2023-11-07,2023-11-09,Express,253.21
ORD000380,CUST00339,2023-03-12,2023-03-17,Standard,629.75
ORD000381,CUST00882,2024-09-20,2024-09-22,Express,4766.35
ORD000382,CUST00292,2024-11-26,2024-12-01,Standard,246.48
ORD000383,CUST00256,2023-12-18,2023-12-20,Express,2825.92
ORD000384,CUST01044,2023-11-29,2023-12-04,Standard,170.35
ORD000385,CUST00869,2023-07-07,2023-07-12,Standard,361.31
ORD000386,CUST01038,2024-07-14,2024-07-19,Standard,360.88
ORD000387,CUST00129,2024-11-08,2024-11-10,Express,1417.92
ORD000388,CUST00751,2023-07-28,2023-08-02,Standard,2428.7
ORD000389,CUST00902,2024-12-02,2024-12-07,Standard,1424.07
ORD000390,CUST00878,2024-01-28,2024-02-02,Standard,1155.93
ORD000391,CUST00301,2024-03-03,2024-03-03,Same Day,96.68
ORD000392,CUST01177,2023-03-05,2023-03-05,Same Day,2285.04
ORD000393,CUST00034,2023-01-18,2023-01-20,Express,231.18
ORD000394,CUST00892,2023-10-10,2023-10-12,Express,2527.62
ORD000395,CUST00718,2024-11-01,2024-11-03,Express,2103.16
ORD000396,CUST00263,2024-09-16,2024-09-21,Standard,1463.93
ORD000397,CUST00262,2024-02-29,2024-03-05,Standard,246.45
ORD000398,CUST00441,2024-07-23,2024-07-23,Same Day,298.86
ORD000399,CUST00033,2023-05-31,2023-06-02,Express,185.82
ORD000400,CUST00087,2024-10-07,2024-10-12,Standard,1411.95
ORD000401,CUST00880,2023-11-20,2023-11-20,Same Day,1100.04
ORD000402,CUST01184,2023-10-04,2023-10-06,Express,4932.52
ORD000403,CUST01161,2024-05-28,2024-06-02,Standard,273.27
ORD000404,CUST00137,2024-09-05,2024-09-10,Standard,485.36
ORD000405,CUST00232,2024-05-03,2024-05-03,Same Day,253.24
ORD000406,CUST00105,2024-11-08,2024-11-13,Standard,150.72
ORD000407,CUST00172,2024-01-16,2024-01-21,Standard,2141.97
ORD000408,CUST00452,2024-10-02,2024-10-02,Same Day,1960.72
ORD000409,CUST01074,2024-01-30,2024-02-01,Express,3273.55
ORD000410,CUST00616,2024-12-21,2024-12-23,Express,4327.91
ORD000411,CUST00929,2023-07-20,2023-07-25,Standard,2971.69
ORD000412,CUST01131,2023-02-24,2023-02-26,Express,5748.43
ORD000413,CUST00777,2023-07-22,2023-07-22,Same Day,183.05
ORD000414,CUST00228,2024-01-07,2024-01-12,Standard,220.85
ORD000415,CUST00520,2023-02-20,2023-02-22,Express,1966.54
ORD000416,CUST00559,2024-11-18,2024-11-23,Standard,44.01
ORD000417,CUST00643,2023-11-11,2023-11-13,Express,2692.92
ORD000418,CUST00142,2023-04-25,2023-04-30,Standard,79.76
ORD000419,CUST01148,2024-02-03,2024-02-05,Express,5432.31
ORD000420,CUST00997,2023-02-05,2023-02-10,Standard,2003.67
ORD000421,CUST01151,2024-07-30,2024-08-04,Standard,3212.53
ORD000422,CUST00472,2023-11-22,2023-11-27,Standard,2150.2
ORD000423,CUST00919,2024-03-05,2024-03-07,Express,1722.92
ORD000424,CUST00875,2023-04-25,2023-04-25,Same Day,3486.81
ORD000425,CUST00054,2023-12-03,2023-12-05,Express,4025.11
ORD000426,CUST00604,2024-08-12,2024-08-17,Standard,2114.59
ORD000427,CUST00406,2024-07-20,2024-07-25,Standard,1142.95
ORD000428,CUST00873,2023-01-05,2023-01-05,Same Day,138.0
ORD000429,CUST00094,2024-01-03,2024-01-08,Standard,3337.4
ORD000430,CUST00098,2023-08-14,2023-08-14,Same Day,410.48
ORD000431,CUST00563,2023-06-27,2023-07-02,Standard,540.43
ORD000432,CUST00614,2023-05-11,2023-05-13,Express,4169.68
ORD000433,CUST00899,2023-07-28,2023-08-02,Standard,803.74
ORD000434,CUST00677,2024-05-18,2024-05-23,Standard,1170.04
ORD000435,CUST00955,2024-01-11,2024-01-16,Standard,163.67
ORD000436,CUST00062,2023-07-04,2023-07-09,Standard,705.43
ORD000437,CUST00472,2023-10-04,2023-10-09,Standard,606.57
ORD000438,CUST00121,2024-09-17,2024-09-22,Standard,356.04
ORD000439,CUST00827,2024-08-04,2024-08-04,Same Day,534.0
ORD000440,CUST01123,2023-09-16,2023-09-21,Standard,1287.32
ORD000441,CUST00773,2024-01-08,2024-01-13,Standard,2353.07
ORD000442,CUST00757,2024-05-25,2024-05-30,Standard,3044.8
ORD000443,CUST00201,2024-03-15,2024-03-17,Express,1896.55
ORD000444,CUST00519,2024-01-11,2024-01-13,Express,1147.06
ORD000445,CUST00067,2023-03-27,2023-03-29,Express,401.9
ORD000446,CUST00862,2023-05-08,2023-05-13,Standard,533.29
ORD000447,CUST00465,2023-12-14,2023-12-16,Express,1578.34
ORD000448,CUST00752,2023-08-15,2023-08-20,Standard,2163.66
ORD000449,CUST00635,2023-01-06,2023-01-08,Express,1285.43
ORD000450,CUST00382,2024-11-19,2024-11-21,Express,4587.28
ORD000451,CUST00101,2024-09-08,2024-09-10,Express,2058.3
ORD000452,CUST00803,2023-12-09,2023-12-14,Standard,317.61
ORD000453,CUST00413,2024-03-30,2024-04-04,Standard,937.82
ORD000454,CUST00768,2024-02-26,2024-02-28,Express,55.86
ORD000455,CUST00970,2024-11-23,2024-11-28,Standard,126.62
ORD000456,CUST00130,2023-07-26,2023-07-31,Standard,164.73
ORD000457,CUST00099,2023-06-05,2023-06-05,Same Day,461.28
ORD000458,CUST00598,2024-11-26,2024-11-28,Express,490.26
ORD000459,CUST00717,2023-11-11,2023-11-16,Standard,973.3
ORD000460,CUST00589,2023-12-04,2023-12-09,Standard,1857.69
ORD000461,CUST00218,2024-09-29,2024-10-01,Express,1421.41
ORD000462,CUST00081,2023-09-17,2023-09-22,Standard,3294.1
ORD000463,CUST00284,2024-09-21,2024-09-23,Express,742.88
ORD000464,CUST00315,2024-06-25,2024-06-30,Standard,1169.77
ORD000465,CUST00223,2023-11-13,2023-11-18,Standard,3046.5
ORD000466,CUST00548,2024-03-30,2024-04-04,Standard,7311.49
ORD000467,CUST00613,2023-11-03,2023-11-08,Standard,633.07
ORD000468,CUST00779,2023-06-08,2023-06-13,Standard,5819.72
ORD000469,CUST00817,2023-02-24,2023-02-26,Express,241.35
ORD000470,CUST00280,2023-08-05,2023-08-10,Standard,649.1
ORD000471,CUST00398,2024-11-07,2024-11-07,Same Day,138.38
ORD000472,CUST00184,2024-02-24,2024-02-24,Same Day,2365.1
ORD000473,CUST00837,2024-12-01,2024-12-03,Express,1337.13
ORD000474,CUST00781,2024-08-24,2024-08-24,Same Day,579.34
ORD000475,CUST00493,2024-03-06,2024-03-08,Express,377.96
ORD000476,CUST00574,2024-02-09,2024-02-14,Standard,674.02
ORD000477,CUST00776,2024-03-03,2024-03-08,Standard,284.17
ORD000478,CUST00557,2023-12-18,2023-12-23,Standard,331.2
ORD000479,CUST00982,2023-11-23,2023-11-28,Standard,486.64
ORD000480,CUST01200,2023-08-02,2023-08-07,Standard,332.97
ORD000481,CUST00121,2024-02-08,2024-02-13,Standard,1882.54
ORD000482,CUST00802,2023-07-14,2023-07-16,Express,273.54
ORD000483,CUST01087,2023-04-16,2023-04-21,Standard,13.6
ORD000484,CUST00733,2024-01-16,2024-01-18,Express,246.46
ORD000485,CUST00276,2024-11-13,2024-11-18,Standard,2646.7
ORD000486,CUST00464,2024-04-01,2024-04-06,Standard,1641.44
ORD000487,CUST00217,2024-06-27,2024-06-27,Same Day,1366.04
ORD000488,CUST00948,2023-12-08,2023-12-10,Express,5993.1
ORD000489,CUST00016,2024-05-30,2024-06-01,Express,263.67
ORD000490,CUST00329,2024-08-15,2024-08-17,Express,601.44
ORD000491,CUST00953,2023-07-03,2023-07-08,Standard,2084.84
ORD000492,CUST00523,2023-06-20,2023-06-25,Standard,3406.6
ORD000493,CUST00781,2023-02-16,2023-02-18,Express,2659.75
ORD000494,CUST00762,2024-04-14,2024-04-16,Express,664.17
ORD000495,CUST01126,2024-06-12,2024-06-14,Express,107.77
ORD000496,CUST00885,2023-10-11,2023-10-16,Standard,1097.81
ORD000497,CUST00317,2024-07-21,2024-07-23,Express,2860.98
ORD000498,CUST00280,2023-12-28,2024-01-02,Standard,3037.93
ORD000499,CUST01032,2023-11-25,2023-11-27,Express,1526.68
ORD000500,CUST00315,2023-11-05,2023-11-10,Standard,198.57
ORD000501,CUST00540,2023-12-08,2023-12-10,Express,526.85
ORD000502,CUST00534,2023-08-08,2023-08-13,Standard,918.78
ORD000503,CUST00907,2023-03-20,2023-03-25,Standard,6702.24
ORD000504,CUST00097,2024-04-13,2024-04-18,Standard,1300.72
ORD000505,CUST00353,2024-10-03,2024-10-08,Standard,179.32
ORD000506,CUST00458,2023-11-05,2023-11-10,Standard,113.14
ORD000507,CUST00639,2024-11-07,2024-11-12,Standard,51.08
ORD000508,CUST00636,2024-05-05,2024-05-10,Standard,2706.69
ORD000509,CUST00499,2023-11-12,2023-11-12,Same Day,1629.5
ORD000510,CUST00294,2024-04-07,2024-04-12,Standard,183.05
ORD000511,CUST00700,2024-02-09,2024-02-11,Express,878.48
ORD000512,CUST00679,2023-06-17,2023-06-22,Standard,2888.26
ORD000513,CUST00011,2024-08-29,2024-09-03,Standard,131.98
ORD000514,CUST00603,2023-06-30,2023-07-05,Standard,4114.94
ORD000515,CUST00210,2023-04-10,2023-04-15,Standard,5807.03
ORD000516,CUST01102,2024-02-05,2024-02-05,Same Day,1620.68
ORD000517,CUST00078,2023-04-26,2023-05-01,Standard,303.04
ORD000518,CUST00012,2023-04-23,2023-04-28,Standard,7181.28
ORD000519,CUST00835,2024-01-31,2024-02-05,Standard,1087.07
ORD000520,CUST00889,2024-11-11,2024-11-16,Standard,169.71
ORD000521,CUST00680,2023-12-04,2023-12-09,Standard,1145.54
ORD000522,CUST00496,2024-08-23,2024-08-28,Standard,983.21
ORD000523,CUST00728,2023-06-05,2023-06-10,Standard,290.28
ORD000524,CUST00551,2024-04-26,2024-05-01,Standard,56.76
ORD000525,CUST00789,2024-10-09,2024-10-14,Standard,379.56
ORD000526,CUST00832,2024-06-17,2024-06-19,Express,20.98
ORD000527,CUST00344,2024-05-27,2024-05-29,Express,348.33
ORD000528,CUST00117,2023-02-18,2023-02-23,Standard,553.05
ORD000529,CUST00665,2024-07-05,2024-07-07,Express,1837.61
ORD000530,CUST00154,2024-10-16,2024-10-18,Express,3202.58
ORD000531,CUST00440,2024-11-02,2024-11-07,Standard,508.64
ORD000532,CUST00372,2023-04-22,2023-04-27,Standard,2851.57
ORD000533,CUST00257,2024-03-18,2024-03-23,Standard,280.4
ORD000534,CUST00889,2024-12-22,2024-12-27,Standard,1066.45
ORD000535,CUST00767,2023-12-02,2023-12-02,Same Day,471.15
ORD000536,CUST00826,2024-11-13,2024-11-18,Standard,1227.6
ORD000537,CUST00525,2023-09-21,2023-09-23,Express,2161.47
ORD000538,CUST00472,2023-04-18,2023-04-20,Express,505.05
ORD000539,CUST00011,2023-12-09,2023-12-14,Standard,329.28
ORD000540,CUST01032,2023-03-06,2023-03-11,Standard,443.63
ORD000541,CUST00250,2024-07-15,2024-07-20,Standard,172.5
ORD000542,CUST00069,2023-06-14,2023-06-14,Same Day,205.71
ORD000543,CUST00060,2024-07-24,2024-07-29,Standard,2513.29
ORD000544,CUST00739,2023-01-09,2023-01-11,Express,284.7
ORD000545,CUST00154,2023-11-22,2023-11-27,Standard,429.0
ORD000546,CUST00892,2024-11-10,2024-11-12,Express,808.53
ORD000547,CUST00695,2024-12-29,2025-01-03,Standard,751.55
ORD000548,CUST00032,2024-03-21,2024-03-23,Express,179.93
ORD000549,CUST01174,2024-11-13,2024-11-13,Same Day,212.04
ORD000550,CUST00887,2024-03-19,2024-03-21,Express,168.5
ORD000551,CUST00448,2024-10-20,2024-10-22,Express,286.07
ORD000552,CUST00014,2023-09-02,2023-09-04,Express,402.62
ORD000553,CUST00099,2024-02-06,2024-02-11,Standard,327.84
ORD000554,CUST01107,2024-03-30,2024-04-01,Express,2481.78
ORD000555,CUST00377,2023-02-19,2023-02-21,Express,3944.28
ORD000556,CUST00194,2023-07-18,2023-07-20,Express,89.87
ORD000557,CUST01107,2023-09-02,2023-09-02,Same Day,198.57
ORD000558,CUST00550,2024-04-07,2024-04-09,Express,2583.4
ORD000559,CUST00667,2024-04-28,2024-05-03,Standard,5308.11
ORD000560,CUST01059,2023-04-03,2023-04-08,Standard,184.42
ORD000561,CUST00877,2023-11-30,2023-12-05,Standard,673.63
ORD000562,CUST00038,2023-05-03,2023-05-08,Standard,94.6
ORD000563,CUST00859,2024-12-08,2024-12-13,Standard,2779.6
ORD000564,CUST01030,2023-10-11,2023-10-16,Standard,364.93
ORD000565,CUST00825,2024-04-06,2024-04-11,Standard,330.95
ORD000566,CUST00553,2023-04-13,2023-04-15,Express,1115.38
ORD000567,CUST00706,2024-02-24,2024-02-29,Standard,367.55
ORD000568,CUST00167,2024-06-13,2024-06-15,Express,92.91
ORD000569,CUST00343,2024-09-07,2024-09-07,Same Day,780.49
ORD000570,CUST00720,2024-06-08,2024-06-13,Standard,935.6
ORD000571,CUST01099,2023-07-16,2023-07-18,Express,4744.56
ORD000572,CUST00204,2023-03-05,2023-03-05,Same Day,436.14
ORD000573,CUST01134,2023-12-11,2023-12-16,Standard,24.36
ORD000574,CUST00313,2023-11-05,2023-11-07,Express,273.26
ORD000575,CUST00621,2023-06-24,2023-06-29,Standard,1868.75
ORD000576,CUST00923,2024-06-28,2024-07-03,Standard,1098.47
ORD000577,CUST00069,2023-08-09,2023-08-11,Express,3400.22
ORD000578,CUST00239,2024-05-17,2024-05-22,Standard,920.18
ORD000579,CUST00350,2023-03-20,2023-03-22,Express,1606.27
ORD000580,CUST00987,2023-11-23,2023-11-25,Express,198.57
ORD000581,CUST00499,2023-07-25,2023-07-30,Standard,71.93
ORD000582,CUST00410,2023-09-22,2023-09-22,Same Day,635.28
ORD000583,CUST01196,2023-05-12,2023-05-14,Express,534.0
ORD000584,CUST00817,2024-09-17,2024-09-22,Standard,4402.59
ORD000585,CUST00579,2023-07-26,2023-07-31,Standard,820.86
ORD000586,CUST00923,2024-12-12,2024-12-14,Express,1091.69
ORD000587,CUST00666,2023-11-13,2023-11-18,Standard,913.29
ORD000588,CUST00231,2024-12-24,2024-12-26,Express,1532.19
ORD000589,CUST01185,2024-08-12,2024-08-17,Standard,1032.53
ORD000590,CUST00996,2023-09-19,2023-09-21,Express,1442.44
ORD000591,CUST00354,2024-02-04,2024-02-09,Standard,319.04
ORD000592,CUST00396,2024-08-17,2024-08-17,Same Day,924.72
ORD000593,CUST01176,2023-11-04,2023-11-09,Standard,867.14
ORD000594,CUST00084,2024-10-08,2024-10-13,Standard,6984.35
ORD000595,CUST00068,2023-10-10,2023-10-15,Standard,3199.76
ORD000596,CUST00626,2023-04-19,2023-04-21,Express,3287.51
ORD000597,CUST01020,2024-07-04,2024-07-06,Express,5212.1
ORD000598,CUST00430,2024-12-13,2024-12-13,Same Day,1031.24
ORD000599,CUST00177,2023-02-25,2023-03-02,Standard,970.65
ORD000600,CUST00898,2024-03-14,2024-03-14,Same Day,1216.34
ORD000601,CUST00259,2023-01-02,2023-01-04,Express,996.55
ORD000602,CUST00776,2024-07-19,2024-07-21,Express,851.84
ORD000603,CUST00388,2024-10-18,2024-10-23,Standard,2196.94
ORD000604,CUST00612,2024-08-01,2024-08-06,Standard,56.57
ORD000605,CUST00867,2024-11-26,2024-11-28,Express,611.76
ORD000606,CUST00549,2023-08-15,2023-08-17,Express,54.4
ORD000607,CUST00442,2023-08-11,2023-08-16,Standard,2400.43
ORD000608,CUST00339,2023-04-09,2023-04-11,Express,231.18
ORD000609,CUST00204,2024-03-02,2024-03-04,Express,1619.88
ORD000610,CUST01146,2024-12-17,2024-12-19,Express,442.71
ORD000611,CUST00988,2023-12-18,2023-12-23,Standard,569.55
ORD000612,CUST00745,2024-03-07,2024-03-12,Standard,2782.47
ORD000613,CUST00496,2024-09-15,2024-09-20,Standard,232.64
ORD000614,CUST00379,2024-11-12,2024-11-17,Standard,3514.03
ORD000615,CUST00256,2023-10-07,2023-10-09,Express,878.89
ORD000616,CUST00216,2024-12-03,2024-12-08,Standard,1950.06
ORD000617,CUST00901,2024-12-01,2024-12-06,Standard,1814.43
ORD000618,CUST00507,2023-02-01,2023-02-06,Standard,332.35
ORD000619,CUST00204,2023-06-05,2023-06-07,Express,962.24
ORD000620,CUST00608,2024-06-09,2024-06-14,Standard,721.22
ORD000621,CUST00311,2024-11-10,2024-11-15,Standard,2517.25
ORD000622,CUST00549,2023-03-25,2023-03-27,Express,1612.07
ORD000623,CUST00717,2023-02-24,2023-03-01,Standard,48.9
ORD000624,CUST00829,2023-11-25,2023-11-30,Standard,4615.38
ORD000625,CUST00573,2023-01-05,2023-01-07,Express,1464.22
ORD000626,CUST01148,2024-11-22,2024-11-27,Standard,216.17
ORD000627,CUST00703,2023-11-15,2023-11-20,Standard,1673.8
ORD000628,CUST00797,2024-02-26,2024-03-02,Standard,33.57
ORD000629,CUST00464,2024-07-11,2024-07-13,Express,402.25
ORD000630,CUST01163,2023-09-22,2023-09-22,Same Day,1765.7
ORD000631,CUST00591,2023-06-07,2023-06-12,Standard,155.72
ORD000632,CUST00146,2024-11-22,2024-11-27,Standard,106.11
ORD000633,CUST00856,2024-05-07,2024-05-12,Standard,3877.48
ORD000634,CUST00697,2023-05-09,2023-05-14,Standard,4810.23
ORD000635,CUST00574,2023-06-06,2023-06-08,Express,352.99
ORD000636,CUST00178,2023-12-07,2023-12-12,Standard,1039.76
ORD000637,CUST00184,2023-10-27,2023-11-01,Standard,106.5
ORD000638,CUST01139,2024-03-15,2024-03-17,Express,4372.06
ORD000639,CUST01199,2023-04-29,2023-05-04,Standard,668.75
ORD000640,CUST00312,2024-09-15,2024-09-20,Standard,375.15
ORD000641,CUST01046,2023-11-06,2023-11-08,Express,1183.6
ORD000642,CUST00571,2024-06-03,2024-06-08,Standard,2967.49
ORD000643,CUST00876,2023-02-23,2023-02-28,Standard,4055.36
ORD000644,CUST00283,2023-12-27,2024-01-01,Standard,1257.26
ORD000645,CUST00466,2024-02-06,2024-02-11,Standard,1946.56
ORD000646,CUST00679,2024-12-17,2024-12-22,Standard,2974.88
ORD000647,CUST00918,2023-11-17,2023-11-22,Standard,8832.16
ORD000648,CUST00271,2023-08-17,2023-08-19,Express,2714.86
ORD000649,CUST00969,2024-07-23,2024-07-28,Standard,734.14
ORD000650,CUST00139,2024-07-21,2024-07-26,Standard,4803.22
ORD000651,CUST00842,2024-11-29,2024-11-29,Same Day,7321.82
ORD000652,CUST00170,2024-11-10,2024-11-15,Standard,7753.26
ORD000653,CUST00440,2023-08-13,2023-08-18,Standard,230.98
ORD000654,CUST00031,2024-10-09,2024-10-14,Standard,217.35
ORD000655,CUST00198,2024-06-20,2024-06-25,Standard,966.29
ORD000656,CUST00042,2024-06-04,2024-06-09,Standard,932.31
ORD000657,CUST00616,2024-03-27,2024-03-29,Express,3119.16
ORD000658,CUST01199,2024-12-20,2024-12-25,Standard,3295.4
ORD000659,CUST01151,2023-11-26,2023-11-26,Same Day,1523.36
ORD000660,CUST01174,2023-11-27,2023-12-02,Standard,314.4
ORD000661,CUST00417,2024-11-11,2024-11-13,Express,230.54
ORD000662,CUST00237,2023-04-02,2023-04-02,Same Day,82.18
ORD000663,CUST00116,2023-01-05,2023-01-10,Standard,1577.37
ORD000664,CUST01001,2024-12-16,2024-12-21,Standard,1947.03
ORD000665,CUST00961,2024-09-19,2024-09-21,Express,582.16
ORD000666,CUST00213,2024-01-11,2024-01-16,Standard,4591.87
ORD000667,CUST01040,2024-08-29,2024-09-03,Standard,1097.49
ORD000668,CUST00030,2024-01-15,2024-01-20,Standard,692.02
ORD000669,CUST00096,2024-07-01,2024-07-03,Express,663.25
ORD000670,CUST00937,2023-04-26,2023-05-01,Standard,406.7
ORD000671,CUST00771,2024-05-09,2024-05-11,Express,6977.05
ORD000672,CUST00282,2024-04-16,2024-04-18,Express,2321.14
ORD000673,CUST00902,2023-01-02,2023-01-07,Standard,537.28
ORD000674,CUST00720,2023-03-13,2023-03-13,Same Day,537.33
ORD000675,CUST00778,2023-03-09,2023-03-14,Standard,1636.77
ORD000676,CUST00531,2024-09-24,2024-09-29,Standard,618.45
ORD000677,CUST00311,2024-01-23,2024-01-28,Standard,2170.79
ORD000678,CUST00616,2024-12-10,2024-12-15,Standard,234.47
ORD000679,CUST00618,2023-11-23,2023-11-28,Standard,676.92
ORD000680,CUST01086,2023-03-22,2023-03-24,Express,76.42
ORD000681,CUST00392,2024-02-08,2024-02-10,Express,3742.25
ORD000682,CUST00559,2023-05-26,2023-05-28,Express,270.32
ORD000683,CUST00492,2023-03-24,2023-03-26,Express,2848.75
ORD000684,CUST00009,2024-04-28,2024-04-30,Express,1314.54
ORD000685,CUST01179,2024-05-13,2024-05-15,Express,2897.8
ORD000686,CUST00555,2023-08-27,2023-09-01,Standard,18.92
ORD000687,CUST01134,2024-06-01,2024-06-06,Standard,458.16
ORD000688,CUST00637,2024-07-07,2024-07-12,Standard,359.86
ORD000689,CUST00126,2024-11-24,2024-11-26,Express,49.83
ORD000690,CUST00579,2023-12-28,2023-12-30,Express,3280.42
ORD000691,CUST00710,2023-11-30,2023-12-02,Express,385.21
ORD000692,CUST00409,2024-08-04,2024-08-06,Express,1283.12
ORD000693,CUST00452,2024-07-30,2024-08-01,Express,222.88
ORD000694,CUST00845,2024-07-14,2024-07-19,Standard,198.24
ORD000695,CUST00672,2023-03-13,2023-03-15,Express,2231.32
ORD000696,CUST00392,2024-04-08,2024-04-13,Standard,8594.7
ORD000697,CUST00708,2024-04-28,2024-05-03,Standard,1460.93
ORD000698,CUST01074,2024-11-16,2024-11-21,Standard,76.72
ORD000699,CUST00226,2023-05-15,2023-05-20,Standard,6680.74
ORD000700,CUST00367,2024-02-05,2024-02-07,Express,231.18
ORD000701,CUST00369,2024-06-29,2024-06-29,Same Day,281.1
ORD000702,CUST00904,2024-11-22,2024-11-27,Standard,295.51
ORD000703,CUST00566,2023-04-06,2023-04-11,Standard,7274.65
ORD000704,CUST00410,2023-10-19,2023-10-24,Standard,1581.6
ORD000705,CUST00802,2023-02-04,2023-02-04,Same Day,1417.92
ORD000706,CUST00821,2023-08-29,2023-09-03,Standard,146.64
ORD000707,CUST00884,2023-08-23,2023-08-28,Standard,481.92
ORD000708,CUST01125,2024-12-23,2024-12-28,Standard,31.05
ORD000709,CUST00607,2024-07-16,2024-07-21,Standard,158.89
ORD000710,CUST00586,2024-11-11,2024-11-16,Standard,6175.4
ORD000711,CUST00198,2024-12-08,2024-12-13,Standard,1064.8
ORD000712,CUST00482,2023-12-13,2023-12-18,Standard,5137.53
ORD000713,CUST00073,2023-03-24,2023-03-29,Standard,2267.72
ORD000714,CUST00433,2024-11-11,2024-11-16,Standard,376.57
ORD000715,CUST00678,2024-11-07,2024-11-12,Standard,560.72
ORD000716,CUST00099,2023-06-06,2023-06-06,Same Day,5236.29
ORD000717,CUST00047,2023-02-27,2023-03-01,Express,1837.47
ORD000718,CUST00074,2023-07-18,2023-07-23,Standard,1718.85
ORD000719,CUST01181,2024-04-01,2024-04-03,Express,353.32
ORD000720,CUST00660,2024-03-11,2024-03-16,Standard,179.82
ORD000721,CUST01008,2024-11-08,2024-11-10,Express,1122.5
ORD000722,CUST01006,2023-12-02,2023-12-07,Standard,976.19
ORD000723,CUST00593,2024-11-26,2024-12-01,Standard,915.13
ORD000724,CUST00148,2024-06-02,2024-06-07,Standard,1895.33
ORD000725,CUST00108,2024-11-01,2024-11-06,Standard,1787.69
ORD000726,CUST01011,2023-10-02,2023-10-04,Express,4637.93
ORD000727,CUST00987,2023-12-04,2023-12-04,Same Day,4926.3
ORD000728,CUST00706,2024-04-03,2024-04-05,Express,85.79
ORD000729,CUST00922,2023-08-27,2023-09-01,Standard,1662.29
ORD000730,CUST00728,2023-12-18,2023-12-23,Standard,3917.29
ORD000731,CUST00233,2023-09-13,2023-09-18,Standard,3725.94
ORD000732,CUST01100,2023-12-26,2023-12-28,Express,1291.0
ORD000733,CUST01057,2024-11-10,2024-11-12,Express,411.6
ORD000734,CUST00529,2023-11-22,2023-11-24,Express,696.05
ORD000735,CUST01024,2023-09-24,2023-09-29,Standard,378.92
ORD000736,CUST00804,2024-10-07,2024-10-09,Express,327.86
ORD000737,CUST01078,2023-03-24,2023-03-26,Express,1175.22
ORD000738,CUST00063,2023-03-11,2023-03-13,Express,428.09
ORD000739,CUST00436,2024-08-28,2024-08-30,Express,2186.2
ORD000740,CUST00973,2023-09-02,2023-09-07,Standard,69.83
ORD000741,CUST00772,2024-04-03,2024-04-08,Standard,168.9
ORD000742,CUST01083,2024-08-14,2024-08-19,Standard,4288.15
ORD000743,CUST01198,2024-07-31,2024-08-05,Standard,978.35
ORD000744,CUST00731,2023-01-04,2023-01-09,Standard,232.64
ORD000745,CUST00921,2024-11-28,2024-11-30,Express,855.18
ORD000746,CUST00016,2023-04-28,2023-04-28,Same Day,263.63
ORD000747,CUST00326,2024-04-25,2024-04-25,Same Day,4204.34
ORD000748,CUST00710,2023-07-13,2023-07-13,Same Day,970.65
ORD000749,CUST00979,2023-08-31,2023-09-02,Express,1072.44
ORD000750,CUST00504,2023-03-28,2023-04-02,Standard,1722.92
ORD000751,CUST00436,2023-09-10,2023-09-12,Express,1744.66
ORD000752,CUST00075,2023-08-01,2023-08-03,Express,555.61
ORD000753,CUST01183,2023-12-23,2023-12-28,Standard,477.6
ORD000754,CUST00822,2023-07-05,2023-07-10,Standard,2372.28
ORD000755,CUST00186,2023-07-15,2023-07-17,Express,72.45
ORD000756,CUST01041,2024-03-18,2024-03-20,Express,1847.87
ORD000757,CUST00010,2023-12-29,2024-01-03,Standard,8984.65
ORD000758,CUST00122,2024-01-01,2024-01-03,Express,888.82
ORD000759,CUST00806,2023-07-09,2023-07-14,Standard,103.5
ORD000760,CUST00433,2023-11-07,2023-11-09,Express,141.42
ORD000761,CUST01184,2023-02-23,2023-02-28,Standard,6193.74
ORD000762,CUST00641,2023-01-28,2023-02-02,Standard,48.72
ORD000763,CUST00159,2024-07-04,2024-07-04,Same Day,87.97
ORD000764,CUST01000,2024-07-30,2024-08-04,Standard,4604.95
ORD000765,CUST00654,2023-04-21,2023-04-26,Standard,3182.75
ORD000766,CUST01116,2023-12-15,2023-12-20,Standard,1466.0
ORD000767,CUST00696,2023-03-10,2023-03-15,Standard,943.71
ORD000768,CUST00893,2023-07-04,2023-07-06,Express,179.93
ORD000769,CUST01148,2024-12-01,2024-12-06,Standard,1734.15
ORD000770,CUST00073,2023-10-30,2023-10-30,Same Day,244.5
ORD000771,CUST00644,2024-09-02,2024-09-02,Same Day,275.31
ORD000772,CUST01076,2024-12-09,2024-12-11,Express,187.12
ORD000773,CUST00006,2023-07-06,2023-07-11,Standard,6433.21
ORD000774,CUST00885,2024-03-07,2024-03-12,Standard,5677.35
ORD000775,CUST00796,2024-03-19,2024-03-24,Standard,1242.77
ORD000776,CUST00977,2023-09-30,2023-10-05,Standard,1547.12
ORD000777,CUST00325,2024-11-24,2024-11-26,Express,657.48
ORD000778,CUST00544,2024-05-10,2024-05-12,Express,1323.4
ORD000779,CUST00564,2023-10-20,2023-10-20,Same Day,5752.36
ORD000780,CUST00109,2024-05-28,2024-06-02,Standard,188.64
ORD000781,CUST00197,2024-12-01,2024-12-06,Standard,3595.51
ORD000782,CUST00891,2024-11-09,2024-11-14,Standard,3507.33
ORD000783,CUST00138,2024-08-08,2024-08-13,Standard,360.73
ORD000784,CUST00638,2023-12-20,2023-12-22,Express,2588.84
ORD000785,CUST00979,2023-07-13,2023-07-18,Standard,321.8
ORD000786,CUST00601,2023-12-09,2023-12-14,Standard,100.4
ORD000787,CUST00005,2023-04-27,2023-05-02,Standard,607.13
ORD000788,CUST00544,2024-06-21,2024-06-26,Standard,137.57
ORD000789,CUST00402,2023-04-15,2023-04-17,Express,262.4
ORD000790,CUST00001,2023-07-27,2023-08-01,Standard,899.52
ORD000791,CUST00235,2023-03-09,2023-03-11,Express,289.62
ORD000792,CUST00398,2023-01-20,2023-01-25,Standard,423.89
ORD000793,CUST00152,2023-03-18,2023-03-20,Express,1025.71
ORD000794,CUST00273,2024-09-14,2024-09-16,Express,2452.15
ORD000795,CUST01182,2023-05-28,2023-05-28,Same Day,417.54
ORD000796,CUST00082,2023-05-07,2023-05-09,Express,187.37
ORD000797,CUST00442,2023-09-16,2023-09-21,Standard,1294.42
ORD000798,CUST00757,2024-01-16,2024-01-21,Standard,3391.01
ORD000799,CUST00492,2024-04-16,2024-04-18,Express,121.8
ORD000800,CUST00872,2024-02-01,2024-02-06,Standard,1417.92
ORD000801,CUST01074,2024-05-16,2024-05-21,Standard,2330.41
ORD000802,CUST00436,2024-06-16,2024-06-21,Standard,562.92
ORD000803,CUST00352,2023-05-23,2023-05-25,Express,3238.27
ORD000804,CUST00156,2024-04-11,2024-04-13,Express,1387.89
ORD000805,CUST00872,2024-04-19,2024-04-24,Standard,676.04
ORD000806,CUST01194,2024-11-05,2024-11-10,Standard,1290.15
ORD000807,CUST00654,2023-08-31,2023-09-05,Standard,2334.47
ORD000808,CUST00820,2024-08-20,2024-08-25,Standard,1075.1
ORD000809,CUST00067,2024-12-19,2024-12-24,Standard,2885.53
ORD000810,CUST00458,2024-05-03,2024-05-05,Express,843.98
ORD000811,CUST01200,2024-05-09,2024-05-14,Standard,3678.88
ORD000812,CUST00503,2024-07-21,2024-07-23,Express,717.76
ORD000813,CUST00168,2024-11-08,2024-11-13,Standard,287.13
ORD000814,CUST00162,2023-03-23,2023-03-28,Standard,100.95
ORD000815,CUST00072,2023-09-20,2023-09-25,Standard,3756.24
ORD000816,CUST00385,2023-11-24,2023-11-29,Standard,958.2
ORD000817,CUST00804,2024-01-11,2024-01-16,Standard,319.73
ORD000818,CUST00765,2023-06-15,2023-06-17,Express,3062.26
ORD000819,CUST00814,2024-04-10,2024-04-12,Express,3793.06
ORD000820,CUST01089,2024-04-18,2024-04-18,Same Day,136.05
ORD000821,CUST00222,2023-01-11,2023-01-11,Same Day,1533.25
ORD000822,CUST00433,2024-07-28,2024-08-02,Standard,673.63
ORD000823,CUST00284,2023-04-27,2023-05-02,Standard,1066.32
ORD000824,CUST00713,2024-11-19,2024-11-24,Standard,231.18
ORD000825,CUST00153,2024-01-16,2024-01-18,Express,1172.35
ORD000826,CUST00708,2024-07-08,2024-07-13,Standard,1105.44
ORD000827,CUST00331,2023-11-14,2023-11-16,Express,2540.68
ORD000828,CUST00937,2024-06-08,2024-06-13,Standard,4105.82
ORD000829,CUST00480,2024-12-29,2025-01-03,Standard,1045.86
ORD000830,CUST00490,2024-05-02,2024-05-07,Standard,4634.56
ORD000831,CUST00934,2023-09-04,2023-09-06,Express,5739.49
ORD000832,CUST00572,2023-04-10,2023-04-12,Express,2436.3
ORD000833,CUST00151,2023-11-29,2023-12-04,Standard,642.01
ORD000834,CUST00534,2023-12-25,2023-12-30,Standard,2455.02
ORD000835,CUST00140,2023-08-10,2023-08-12,Express,3457.04
ORD000836,CUST00107,2024-05-31,2024-06-02,Express,2834.65
ORD000837,CUST01172,2023-12-08,2023-12-10,Express,260.03
ORD000838,CUST01193,2023-01-05,2023-01-10,Standard,1974.12
ORD000839,CUST00039,2024-07-21,2024-07-23,Express,725.71
ORD000840,CUST00079,2024-03-10,2024-03-10,Same Day,168.41
ORD000841,CUST00444,2024-03-04,2024-03-09,Standard,956.09
ORD000842,CUST00099,2024-03-22,2024-03-27,Standard,241.34
ORD000843,CUST00520,2024-11-13,2024-11-15,Express,4385.71
ORD000844,CUST00488,2023-05-02,2023-05-04,Express,924.38
ORD000845,CUST00911,2024-06-02,2024-06-07,Standard,241.42
ORD000846,CUST01074,2024-04-21,2024-04-26,Standard,299.68
ORD000847,CUST00421,2024-09-24,2024-09-29,Standard,5683.16
ORD000848,CUST00628,2023-02-12,2023-02-17,Standard,1185.17
ORD000849,CUST00745,2023-03-29,2023-03-31,Express,3658.31
ORD000850,CUST00101,2024-06-28,2024-07-03,Standard,3724.51
ORD000851,CUST00708,2024-08-18,2024-08-23,Standard,4637.45
ORD000852,CUST00389,2024-10-23,2024-10-23,Same Day,335.18
ORD000853,CUST00802,2023-04-29,2023-05-04,Standard,321.42
ORD000854,CUST00907,2024-10-22,2024-10-27,Standard,809.57
ORD000855,CUST00073,2023-12-12,2023-12-17,Standard,1363.22
ORD000856,CUST00285,2024-11-05,2024-11-10,Standard,4621.77
ORD000857,CUST00621,2024-08-23,2024-08-28,Standard,6620.71
ORD000858,CUST00507,2023-01-15,2023-01-17,Express,999.0
ORD000859,CUST00346,2023-07-04,2023-07-09,Standard,661.76
ORD000860,CUST00318,2023-05-19,2023-05-21,Express,1358.83
ORD000861,CUST00568,2024-06-08,2024-06-13,Standard,851.84
ORD000862,CUST00478,2023-06-30,2023-07-05,Standard,938.1
ORD000863,CUST00023,2023-12-06,2023-12-08,Express,95.02
ORD000864,CUST00027,2024-12-10,2024-12-15,Standard,3070.23
ORD000865,CUST00482,2023-08-03,2023-08-08,Standard,3127.12
ORD000866,CUST00988,2024-02-25,2024-03-01,Standard,5086.16
ORD000867,CUST00457,2024-07-09,2024-07-14,Standard,4592.2
ORD000868,CUST00052,2024-12-08,2024-12-13,Standard,40.61
ORD000869,CUST00610,2024-03-14,2024-03-19,Standard,439.53
ORD000870,CUST00881,2024-12-12,2024-12-12,Same Day,1516.73
ORD000871,CUST00748,2023-10-23,2023-10-25,Express,927.49
ORD000872,CUST00098,2024-06-24,2024-06-29,Standard,1950.34
ORD000873,CUST00219,2023-10-11,2023-10-13,Express,358.2
ORD000874,CUST01148,2023-11-22,2023-11-27,Standard,1232.3
ORD000875,CUST00486,2023-05-21,2023-05-26,Standard,4587.28
ORD000876,CUST01044,2023-03-23,2023-03-28,Standard,93.14
ORD000877,CUST00784,2023-03-21,2023-03-26,Standard,1065.13
ORD000878,CUST00264,2024-11-16,2024-11-18,Express,449.55
ORD000879,CUST00997,2024-10-09,2024-10-14,Standard,1873.39
ORD000880,CUST00487,2024-07-19,2024-07-19,Same Day,6362.9
ORD000881,CUST00821,2024-12-11,2024-12-16,Standard,3808.4
ORD000882,CUST00078,2023-05-10,2023-05-10,Same Day,1183.6
ORD000883,CUST00049,2024-11-28,2024-12-03,Standard,1806.91
ORD000884,CUST00027,2024-05-12,2024-05-17,Standard,1268.25
ORD000885,CUST00223,2024-07-06,2024-07-11,Standard,599.84
ORD000886,CUST00050,2023-10-18,2023-10-20,Express,6011.93
ORD000887,CUST01075,2024-11-24,2024-11-24,Same Day,768.09
ORD000888,CUST00504,2024-09-09,2024-09-14,Standard,1362.66
ORD000889,CUST01098,2024-04-13,2024-04-18,Standard,50.82
ORD000890,CUST00249,2023-03-23,2023-03-28,Standard,2632.19
ORD000891,CUST00011,2023-09-02,2023-09-04,Express,4686.72
ORD000892,CUST00013,2024-10-28,2024-11-02,Standard,20.19
ORD000893,CUST00476,2023-11-17,2023-11-22,Standard,1444.13
ORD000894,CUST01158,2024-01-16,2024-01-21,Standard,173.88
ORD000895,CUST00235,2024-07-15,2024-07-17,Express,456.35
ORD000896,CUST00648,2024-07-21,2024-07-26,Standard,6812.75
ORD000897,CUST00438,2024-02-13,2024-02-18,Standard,1306.42
ORD000898,CUST00559,2023-05-02,2023-05-07,Standard,126.92
ORD000899,CUST00848,2023-11-26,2023-11-28,Express,653.48
ORD000900,CUST01063,2024-12-03,2024-12-05,Express,291.97
ORD000901,CUST00925,2024-12-11,2024-12-13,Express,1001.17
ORD000902,CUST00409,2024-07-21,2024-07-26,Standard,479.04
ORD000903,CUST00251,2024-11-07,2024-11-07,Same Day,7274.65
ORD000904,CUST01151,2023-03-20,2023-03-25,Standard,714.65
ORD000905,CUST00286,2023-03-25,2023-03-30,Standard,405.48
ORD000906,CUST00797,2024-12-22,2024-12-27,Standard,161.62
ORD000907,CUST00615,2024-07-08,2024-07-13,Standard,374.24
ORD000908,CUST00376,2024-01-18,2024-01-23,Standard,70.1
ORD000909,CUST00808,2023-04-16,2023-04-21,Standard,548.86
ORD000910,CUST00256,2023-01-20,2023-01-25,Standard,3202.58
ORD000911,CUST00697,2023-09-20,2023-09-22,Express,6057.11
ORD000912,CUST00926,2023-05-11,2023-05-13,Express,1189.98
ORD000913,CUST01049,2023-11-01,2023-11-06,Standard,5003.59
ORD000914,CUST00260,2023-11-13,2023-11-15,Express,71.89
ORD000915,CUST00613,2023-09-26,2023-10-01,Standard,264.76
ORD000916,CUST01162,2023-06-13,2023-06-15,Express,4690.89
ORD000917,CUST00281,2024-04-16,2024-04-18,Express,227.92
ORD000918,CUST00078,2023-05-29,2023-05-31,Express,938.74
ORD000919,CUST00003,2024-02-12,2024-02-17,Standard,55.72
ORD000920,CUST00333,2023-07-02,2023-07-04,Express,197.52
ORD000921,CUST00998,2024-07-01,2024-07-06,Standard,932.75
ORD000922,CUST01182,2024-03-04,2024-03-09,Standard,1604.26
ORD000923,CUST00216,2023-03-26,2023-03-26,Same Day,704.41
ORD000924,CUST00204,2024-06-14,2024-06-19,Standard,164.37
ORD000925,CUST00616,2023-05-31,2023-05-31,Same Day,3075.01
ORD000926,CUST01174,2024-12-01,2024-12-06,Standard,106.11
ORD000927,CUST00443,2024-04-12,2024-04-17,Standard,4113.62
ORD000928,CUST00319,2023-12-18,2023-12-23,Standard,3868.74
ORD000929,CUST00224,2024-07-31,2024-08-05,Standard,307.02
ORD000930,CUST00443,2023-02-01,2023-02-06,Standard,2274.86
ORD000931,CUST00820,2023-05-21,2023-05-26,Standard,102.62
ORD000932,CUST00470,2023-12-03,2023-12-08,Standard,857.63
ORD000933,CUST01141,2023-05-25,2023-05-30,Standard,222.78
ORD000934,CUST00500,2023-09-29,2023-10-04,Standard,237.3
ORD000935,CUST01138,2023-02-24,2023-03-01,Standard,2248.47
ORD000936,CUST00495,2024-07-21,2024-07-21,Same Day,183.58
ORD000937,CUST01076,2023-03-23,2023-03-25,Express,201.74
ORD000938,CUST00783,2023-10-06,2023-10-11,Standard,749.77
ORD000939,CUST00438,2024-11-03,2024-11-05,Express,160.9
ORD000940,CUST00198,2023-06-12,2023-06-17,Standard,330.95
ORD000941,CUST00482,2023-12-12,2023-12-14,Express,5853.17
ORD000942,CUST01147,2024-12-16,2024-12-21,Standard,6317.21
ORD000943,CUST00493,2023-10-16,2023-10-21,Standard,3033.14
ORD000944,CUST00342,2024-06-15,2024-06-17,Express,2768.08
ORD000945,CUST00778,2024-10-26,2024-10-28,Express,427.88
ORD000946,CUST00490,2024-09-16,2024-09-21,Standard,782.08
ORD000947,CUST00818,2023-05-26,2023-05-26,Same Day,683.22
ORD000948,CUST01101,2024-04-05,2024-04-10,Standard,146.44
ORD000949,CUST00561,2023-04-18,2023-04-23,Standard,633.96
ORD000950,CUST00173,2023-04-05,2023-04-10,Standard,100.56
ORD000951,CUST01117,2024-11-25,2024-11-27,Express,508.64
ORD000952,CUST01116,2024-04-11,2024-04-16,Standard,3012.78
ORD000953,CUST00004,2023-10-17,2023-10-22,Standard,857.63
ORD000954,CUST00089,2024-05-20,2024-05-25,Standard,851.72
ORD000955,CUST00075,2024-09-02,2024-09-07,Standard,1743.42
ORD000956,CUST00464,2023-01-23,2023-01-25,Express,746.37
ORD000957,CUST00657,2023-06-03,2023-06-05,Express,6183.45
ORD000958,CUST00101,2024-01-27,2024-02-01,Standard,517.37
ORD000959,CUST00382,2023-05-07,2023-05-12,Standard,85.14
ORD000960,CUST00048,2024-02-17,2024-02-22,Standard,211.72
ORD000961,CUST01069,2023-01-06,2023-01-08,Express,5734.11
ORD000962,CUST00879,2024-04-23,2024-04-28,Standard,2267.72
ORD000963,CUST01015,2023-03-11,2023-03-16,Standard,5750.13
ORD000964,CUST00761,2023-03-11,2023-03-16,Standard,2725.1
ORD000965,CUST00219,2023-03-30,2023-04-01,Express,258.84
ORD000966,CUST00076,2023-09-16,2023-09-21,Standard,593.58
ORD000967,CUST00910,2023-07-11,2023-07-16,Standard,1042.59
ORD000968,CUST00258,2024-11-03,2024-11-03,Same Day,6416.31
ORD000969,CUST00695,2023-10-10,2023-10-10,Same Day,144.96
ORD000970,CUST00481,2023-01-13,2023-01-18,Standard,4115.77
ORD000971,CUST00449,2023-02-10,2023-02-15,Standard,1297.17
ORD000972,CUST00606,2023-05-07,2023-05-12,Standard,628.2
ORD000973,CUST00378,2023-12-01,2023-12-06,Standard,819.58
ORD000974,CUST00475,2024-10-21,2024-10-26,Standard,1017.43
ORD000975,CUST00144,2024-10-10,2024-10-15,Standard,3414.45
ORD000976,CUST00073,2024-06-03,2024-06-08,Standard,474.78
ORD000977,CUST01029,2023-07-28,2023-08-02,Standard,8161.22
ORD000978,CUST00803,2023-07-12,2023-07-17,Standard,5169.07
ORD000979,CUST01128,2023-09-11,2023-09-13,Express,3857.75
ORD000980,CUST00965,2023-10-14,2023-10-19,Standard,1880.09
ORD000981,CUST00964,2024-02-01,2024-02-06,Standard,211.37
ORD000982,CUST00068,2023-01-29,2023-01-31,Express,193.12
ORD000983,CUST01089,2023-12-31,2024-01-02,Express,76.36
ORD000984,CUST00941,2023-04-01,2023-04-03,Express,1593.03
ORD000985,CUST00836,2024-08-30,2024-09-04,Standard,238.95
ORD000986,CUST00116,2023-12-30,2024-01-04,Standard,62.88
ORD000987,CUST00280,2024-11-27,2024-11-29,Express,177.12
ORD000988,CUST00432,2023-08-14,2023-08-16,Express,566.93
ORD000989,CUST00305,2023-07-25,2023-07-27,Express,383.52
ORD000990,CUST00112,2023-11-06,2023-11-11,Standard,622.82
ORD000991,CUST00407,2023-08-15,2023-08-17,Express,526.15
ORD000992,CUST01134,2023-01-29,2023-01-31,Express,685.16
ORD000993,CUST00009,2023-11-06,2023-11-11,Standard,181.57
ORD000994,CUST00103,2023-02-15,2023-02-17,Express,1710.27
ORD000995,CUST01073,2023-01-30,2023-02-01,Express,1362.21
ORD000996,CUST01086,2024-01-11,2024-01-16,Standard,2245.0
ORD000997,CUST01158,2023-04-09,2023-04-14,Standard,200.96
ORD000998,CUST00525,2023-06-27,2023-07-02,Standard,1022.7
ORD000999,CUST00101,2024-11-10,2024-11-15,Standard,3793.95
ORD001000,CUST00626,2024-12-17,2024-12-17,Same Day,4400.16
ORD001001,CUST00474,2024-10-31,2024-11-05,Standard,582.16
ORD001002,CUST00689,2024-04-03,2024-04-05,Express,191.76
ORD001003,CUST00536,2023-10-19,2023-10-24,Standard,4479.09
ORD001004,CUST00891,2023-12-09,2023-12-14,Standard,1759.18
ORD001005,CUST01075,2023-03-09,2023-03-09,Same Day,754.57
ORD001006,CUST00644,2024-09-06,2024-09-08,Express,177.22
ORD001007,CUST01079,2024-09-27,2024-10-02,Standard,191.06
ORD001008,CUST01061,2024-01-22,2024-01-24,Express,45.92
ORD001009,CUST00760,2023-05-23,2023-05-25,Express,1276.13
ORD001010,CUST00760,2024-07-27,2024-07-29,Express,169.71
ORD001011,CUST01031,2023-07-19,2023-07-24,Standard,318.99
ORD001012,CUST00818,2024-07-08,2024-07-10,Express,1710.39
ORD001013,CUST01096,2024-07-10,2024-07-10,Same Day,1050.21
ORD001014,CUST00837,2023-11-29,2023-12-04,Standard,316.4
ORD001015,CUST01107,2023-12-10,2023-12-10,Same Day,727.42
ORD001016,CUST00473,2024-08-16,2024-08-21,Standard,4081.93
ORD001017,CUST00784,2023-01-14,2023-01-16,Express,3844.55
ORD001018,CUST00516,2023-12-08,2023-12-10,Express,1722.92
ORD001019,CUST00775,2023-12-26,2023-12-31,Standard,137.77
ORD001020,CUST00914,2024-11-17,2024-11-17,Same Day,540.64
ORD001021,CUST00530,2023-01-25,2023-01-25,Same Day,2414.36
ORD001022,CUST00886,2024-12-17,2024-12-22,Standard,596.74
ORD001023,CUST01059,2024-03-14,2024-03-19,Standard,4972.52
ORD001024,CUST00987,2023-02-11,2023-02-16,Standard,1441.38
ORD001025,CUST00930,2023-11-27,2023-12-02,Standard,327.84
ORD001026,CUST01034,2023-10-08,2023-10-08,Same Day,246.56
ORD001027,CUST00614,2024-12-20,2024-12-25,Standard,972.64
ORD001028,CUST00912,2023-10-10,2023-10-10,Same Day,3407.6
ORD001029,CUST00999,2023-08-14,2023-08-14,Same Day,170.37
ORD001030,CUST00235,2023-04-18,2023-04-23,Standard,994.65
ORD001031,CUST00887,2024-09-02,2024-09-07,Standard,292.59
ORD001032,CUST00614,2023-11-27,2023-12-02,Standard,331.51
ORD001033,CUST00560,2024-11-03,2024-11-05,Express,3453.08
ORD001034,CUST00206,2024-11-15,2024-11-20,Standard,253.12
ORD001035,CUST01033,2023-03-04,2023-03-06,Express,253.65
ORD001036,CUST00430,2024-06-06,2024-06-06,Same Day,1366.04
ORD001037,CUST00943,2024-04-17,2024-04-22,Standard,8753.51
ORD001038,CUST00099,2023-06-18,2023-06-23,Standard,1186.54
ORD001039,CUST01134,2023-11-28,2023-12-03,Standard,547.35
ORD001040,CUST00804,2024-03-05,2024-03-10,Standard,298.31
ORD001041,CUST00381,2023-06-06,2023-06-11,Standard,279.34
ORD001042,CUST00595,2024-12-27,2024-12-29,Express,1805.29
ORD001043,CUST01017,2023-02-03,2023-02-08,Standard,1122.5
ORD001044,CUST00490,2023-01-25,2023-01-27,Express,46.99
ORD001045,CUST00669,2024-12-09,2024-12-11,Express,4744.56
ORD001046,CUST00448,2023-04-25,2023-04-25,Same Day,27.2
ORD001047,CUST00184,2024-01-23,2024-01-28,Standard,110.4
ORD001048,CUST00492,2023-08-01,2023-08-06,Standard,768.91
ORD001049,CUST00988,2024-12-28,2025-01-02,Standard,6469.42
ORD001050,CUST00669,2024-06-07,2024-06-07,Same Day,1080.44
ORD001051,CUST00821,2023-12-06,2023-12-11,Standard,670.68
ORD001052,CUST01133,2024-07-30,2024-08-01,Express,544.22
ORD001053,CUST00500,2023-04-10,2023-04-12,Express,6511.8
ORD001054,CUST00871,2024-05-22,2024-05-27,Standard,2034.16
ORD001055,CUST00158,2023-07-29,2023-07-31,Express,1733.66
ORD001056,CUST00179,2024-12-04,2024-12-09,Standard,1615.75
ORD001057,CUST00415,2024-12-29,2025-01-03,Standard,193.81
ORD001058,CUST00554,2024-10-13,2024-10-18,Standard,1253.81
ORD001059,CUST00581,2024-09-05,2024-09-07,Express,3108.61
ORD001060,CUST00508,2024-09-21,2024-09-26,Standard,6667.88
ORD001061,CUST00755,2023-10-20,2023-10-25,Standard,535.7
ORD001062,CUST00593,2023-12-09,2023-12-14,Standard,801.65
ORD001063,CUST00783,2024-05-19,2024-05-19,Same Day,1980.27
ORD001064,CUST01078,2024-12-14,2024-12-14,Same Day,6064.21
ORD001065,CUST00479,2023-11-02,2023-11-02,Same Day,831.86
ORD001066,CUST00105,2024-10-09,2024-10-11,Express,821.46
ORD001067,CUST00824,2023-11-22,2023-11-27,Standard,1024.53
ORD001068,CUST00496,2023-11-30,2023-12-05,Standard,905.08
ORD001069,CUST00631,2024-07-08,2024-07-10,Express,164.37
ORD001070,CUST01129,2023-01-31,2023-02-05,Standard,157.05
ORD001071,CUST00773,2023-07-05,2023-07-10,Standard,255.23
ORD001072,CUST00795,2024-11-06,2024-11-11,Standard,170.83
ORD001073,CUST00378,2024-08-21,2024-08-23,Express,335.12
ORD001074,CUST00919,2023-06-05,2023-06-07,Express,1755.05
ORD001075,CUST00162,2023-09-14,2023-09-19,Standard,4637.45
ORD001076,CUST00418,2023-09-03,2023-09-05,Express,1588.12
ORD001077,CUST01139,2024-11-07,2024-11-09,Express,445.6
ORD001078,CUST00796,2024-02-26,2024-02-28,Express,134.86
ORD001079,CUST00424,2023-01-30,2023-01-30,Same Day,78.02
ORD001080,CUST00395,2024-05-24,2024-05-26,Express,3391.1
ORD001081,CUST00515,2024-09-01,2024-09-06,Standard,3206.09
ORD001082,CUST00735,2023-11-24,2023-11-29,Standard,3556.33
ORD001083,CUST01097,2024-11-29,2024-12-04,Standard,178.71
ORD001084,CUST00957,2023-02-04,2023-02-09,Standard,3605.58
ORD001085,CUST00621,2024-12-16,2024-12-21,Standard,24.48
ORD001086,CUST01030,2024-03-22,2024-03-27,Standard,366.37
ORD001087,CUST00080,2023-11-29,2023-12-01,Express,3855.79
ORD001088,CUST00962,2023-02-11,2023-02-16,Standard,822.8
ORD001089,CUST00110,2023-09-11,2023-09-16,Standard,328.74
ORD001090,CUST00380,2023-09-04,2023-09-09,Standard,3144.74
ORD001091,CUST00006,2023-11-27,2023-11-27,Same Day,1371.85
ORD001092,CUST01117,2024-12-31,2025-01-02,Express,36.24
ORD001093,CUST00399,2024-11-10,2024-11-15,Standard,5218.87
ORD001094,CUST01036,2023-01-24,2023-01-29,Standard,287.09
ORD001095,CUST00653,2023-06-22,2023-06-27,Standard,41.96
ORD001096,CUST00762,2023-09-08,2023-09-13,Standard,251.2
ORD001097,CUST00605,2024-10-30,2024-11-01,Express,3381.97
ORD001098,CUST00051,2023-08-03,2023-08-05,Express,3243.69
ORD001099,CUST00400,2024-06-17,2024-06-19,Express,480.62
ORD001100,CUST00730,2023-12-30,2024-01-04,Standard,330.95
ORD001101,CUST00125,2023-10-01,2023-10-06,Standard,1290.15
ORD001102,CUST00662,2024-08-07,2024-08-12,Standard,1266.96
ORD001103,CUST00374,2023-01-06,2023-01-11,Standard,607.47
ORD001104,CUST00680,2023-02-09,2023-02-14,Standard,1425.97
ORD001105,CUST00255,2024-04-13,2024-04-18,Standard,1561.64
ORD001106,CUST00681,2023-11-09,2023-11-14,Standard,255.63
ORD001107,CUST01148,2024-09-17,2024-09-19,Express,150.72
ORD001108,CUST00937,2024-06-05,2024-06-07,Express,828.65
ORD001109,CUST00230,2024-08-19,2024-08-24,Standard,1163.59
ORD001110,CUST00743,2024-06-30,2024-07-05,Standard,669.8
ORD001111,CUST00843,2024-11-08,2024-11-10,Express,2534.42
ORD001112,CUST00461,2023-03-14,2023-03-19,Standard,1155.9
ORD001113,CUST00952,2023-07-24,2023-07-29,Standard,5450.87
ORD001114,CUST00646,2024-12-07,2024-12-12,Standard,3012.78
ORD001115,CUST00014,2024-12-24,2024-12-26,Express,295.9
ORD001116,CUST01044,2024-03-05,2024-03-05,Same Day,18.17
ORD001117,CUST00597,2024-09-13,2024-09-18,Standard,5534.4
ORD001118,CUST00415,2024-06-11,2024-06-16,Standard,3777.6
ORD001119,CUST00649,2024-11-14,2024-11-19,Standard,282.84
ORD001120,CUST00347,2023-12-30,2024-01-01,Express,2107.31
ORD001121,CUST00770,2024-02-17,2024-02-22,Standard,3927.55
ORD001122,CUST00962,2024-03-07,2024-03-09,Express,404.59
ORD001123,CUST00698,2024-11-07,2024-11-12,Standard,480.93
ORD001124,CUST00300,2024-03-15,2024-03-20,Standard,202.59
ORD001125,CUST00642,2023-06-12,2023-06-14,Express,369.77
ORD001126,CUST00093,2024-12-15,2024-12-17,Express,2645.59
ORD001127,CUST00854,2024-09-24,2024-09-26,Express,85.45
ORD001128,CUST01134,2024-11-19,2024-11-24,Standard,3800.3
ORD001129,CUST00027,2024-03-10,2024-03-15,Standard,753.1
ORD001130,CUST00610,2024-03-07,2024-03-09,Express,627.14
ORD001131,CUST00082,2024-12-18,2024-12-20,Express,260.82
ORD001132,CUST00886,2023-11-26,2023-11-28,Express,2692.92
ORD001133,CUST00527,2024-05-24,2024-05-29,Standard,67.2
ORD001134,CUST00887,2023-01-04,2023-01-06,Express,420.59
ORD001135,CUST00438,2023-09-29,2023-10-04,Standard,1625.1
ORD001136,CUST00947,2023-12-05,2023-12-07,Express,3278.04
ORD001137,CUST00119,2024-02-09,2024-02-14,Standard,1340.76
ORD001138,CUST00568,2024-07-17,2024-07-17,Same Day,1169.07
ORD001139,CUST00249,2023-05-12,2023-05-17,Standard,1275.96
ORD001140,CUST00953,2024-08-07,2024-08-12,Standard,270.32
ORD001141,CUST00219,2023-02-10,2023-02-15,Standard,201.12
ORD001142,CUST00292,2024-07-16,2024-07-21,Standard,24.11
ORD001143,CUST00024,2023-11-25,2023-11-30,Standard,1709.4
ORD001144,CUST00169,2023-02-01,2023-02-06,Standard,5826.82
ORD001145,CUST00357,2023-10-16,2023-10-21,Standard,422.61
ORD001146,CUST00995,2024-11-08,2024-11-10,Express,1459.92
ORD001147,CUST00273,2024-09-02,2024-09-07,Standard,1682.63
ORD001148,CUST00812,2024-03-01,2024-03-01,Same Day,1831.33
ORD001149,CUST00641,2023-03-02,2023-03-02,Same Day,618.35
ORD001150,CUST00366,2024-03-07,2024-03-12,Standard,998.8
ORD001151,CUST00535,2023-06-02,2023-06-07,Standard,473.68
ORD001152,CUST00357,2023-12-18,2023-12-23,Standard,541.4
ORD001153,CUST01166,2023-07-21,2023-07-26,Standard,1274.42
ORD001154,CUST00602,2024-06-15,2024-06-20,Standard,289.24
ORD001155,CUST00319,2024-09-30,2024-10-05,Standard,996.24
ORD001156,CUST01000,2023-12-25,2023-12-25,Same Day,991.2
ORD001157,CUST01081,2024-08-11,2024-08-13,Express,5937.2
ORD001158,CUST00184,2024-01-03,2024-01-05,Express,1160.34
ORD001159,CUST00301,2023-02-20,2023-02-25,Standard,1396.87
ORD001160,CUST01143,2023-07-20,2023-07-25,Standard,170.86
ORD001161,CUST00603,2024-10-28,2024-11-02,Standard,2101.52
ORD001162,CUST00186,2024-08-15,2024-08-20,Standard,1188.18
ORD001163,CUST00616,2023-01-08,2023-01-13,Standard,1506.56
ORD001164,CUST00338,2024-03-24,2024-03-26,Express,417.48
ORD001165,CUST00399,2023-12-13,2023-12-18,Standard,135.61
ORD001166,CUST00270,2024-08-17,2024-08-22,Standard,498.35
ORD001167,CUST01122,2023-12-04,2023-12-09,Standard,229.62
ORD001168,CUST00586,2024-02-21,2024-02-26,Standard,60.21
ORD001169,CUST00191,2024-06-17,2024-06-22,Standard,932.98
ORD001170,CUST01017,2023-12-26,2023-12-31,Standard,4189.68
ORD001171,CUST00382,2024-08-29,2024-09-03,Standard,739.67
ORD001172,CUST00326,2023-10-16,2023-10-21,Standard,1799.04
ORD001173,CUST00147,2023-02-16,2023-02-16,Same Day,103.55
ORD001174,CUST01182,2023-01-06,2023-01-11,Standard,1324.84
ORD001175,CUST00253,2023-12-22,2023-12-27,Standard,1018.02
ORD001176,CUST00562,2023-11-11,2023-11-16,Standard,6393.26
ORD001177,CUST00890,2024-08-12,2024-08-14,Express,3989.34
ORD001178,CUST00912,2024-11-28,2024-12-03,Standard,110.5
ORD001179,CUST00821,2023-10-11,2023-10-16,Standard,2367.11
ORD001180,CUST00356,2024-12-17,2024-12-22,Standard,4669.4
ORD001181,CUST00481,2024-05-27,2024-05-29,Express,2511.75
ORD001182,CUST00638,2024-09-09,2024-09-09,Same Day,408.35
ORD001183,CUST00746,2024-09-04,2024-09-09,Standard,1371.92
ORD001184,CUST00586,2024-02-05,2024-02-05,Same Day,2806.28
ORD001185,CUST00759,2024-02-06,2024-02-11,Standard,5841.22
ORD001186,CUST00614,2024-07-24,2024-07-29,Standard,1729.65
ORD001187,CUST00728,2024-12-08,2024-12-13,Standard,657.48
ORD001188,CUST00702,2024-09-22,2024-09-27,Standard,1745.58
ORD001189,CUST00281,2023-04-07,2023-04-12,Standard,211.28
ORD001190,CUST00654,2023-02-11,2023-02-13,Express,3916.24
ORD001191,CUST00937,2024-12-31,2025-01-05,Standard,3125.47
ORD001192,CUST00636,2024-12-14,2024-12-16,Express,203.28
ORD001193,CUST01012,2024-07-19,2024-07-24,Standard,1437.94
ORD001194,CUST00323,2024-06-06,2024-06-06,Same Day,2553.21
ORD001195,CUST01119,2024-08-09,2024-08-11,Express,3066.24
ORD001196,CUST00243,2024-01-12,2024-01-14,Express,872.79
ORD001197,CUST00331,2024-08-27,2024-09-01,Standard,1379.94
ORD001198,CUST01111,2023-12-10,2023-12-15,Standard,2693.28
ORD001199,CUST00453,2024-09-16,2024-09-18,Express,66.47
ORD001200,CUST00919,2024-11-27,2024-11-27,Same Day,1700.79
ORD001201,CUST00487,2023-12-18,2023-12-20,Express,64.32
ORD001202,CUST00984,2023-12-02,2023-12-04,Express,273.95
ORD001203,CUST00353,2024-02-04,2024-02-09,Standard,29.9
ORD001204,CUST00436,2023-02-11,2023-02-16,Standard,5011.41
ORD001205,CUST01038,2024-04-14,2024-04-16,Express,4551.26
ORD001206,CUST00066,2024-09-20,2024-09-20,Same Day,286.07
ORD001207,CUST01179,2023-05-25,2023-05-30,Standard,4960.59
ORD001208,CUST01024,2024-12-30,2024-12-30,Same Day,1825.97
ORD001209,CUST01065,2024-06-06,2024-06-11,Standard,1238.34
ORD001210,CUST00824,2024-05-25,2024-05-30,Standard,691.92
ORD001211,CUST00119,2023-12-16,2023-12-18,Express,98.52
ORD001212,CUST00956,2024-10-14,2024-10-19,Standard,3927.17
ORD001213,CUST01157,2024-12-28,2024-12-30,Express,1446.2
ORD001214,CUST00058,2023-06-08,2023-06-13,Standard,1001.52
ORD001215,CUST01139,2024-05-04,2024-05-06,Express,62.88
ORD001216,CUST01023,2024-04-15,2024-04-20,Standard,646.27
ORD001217,CUST00923,2023-05-11,2023-05-16,Standard,863.78
ORD001218,CUST00743,2024-04-08,2024-04-13,Standard,1211.91
ORD001219,CUST00157,2024-06-28,2024-07-03,Standard,1137.93
ORD001220,CUST00416,2023-04-16,2023-04-18,Express,48.9
ORD001221,CUST01124,2024-03-06,2024-03-08,Express,1077.17
ORD001222,CUST00860,2023-05-30,2023-06-04,Standard,1686.93
ORD001223,CUST00037,2023-04-05,2023-04-10,Standard,5090.58
ORD001224,CUST00956,2023-10-14,2023-10-19,Standard,402.24
ORD001225,CUST01008,2023-11-18,2023-11-20,Express,463.15
ORD001226,CUST00832,2023-02-18,2023-02-20,Express,404.04
ORD001227,CUST00954,2023-06-10,2023-06-12,Express,405.48
ORD001228,CUST00990,2023-05-31,2023-06-02,Express,1393.25
ORD001229,CUST00939,2024-01-02,2024-01-07,Standard,321.96
ORD001230,CUST00337,2024-12-25,2024-12-30,Standard,2136.42
ORD001231,CUST00253,2023-05-17,2023-05-22,Standard,4630.82
ORD001232,CUST01174,2023-01-12,2023-01-17,Standard,768.8
ORD001233,CUST00489,2024-01-08,2024-01-10,Express,5343.48
ORD001234,CUST00431,2024-03-14,2024-03-19,Standard,570.16
ORD001235,CUST00816,2024-06-30,2024-07-05,Standard,1654.18
ORD001236,CUST01095,2023-06-02,2023-06-07,Standard,1283.94
ORD001237,CUST01022,2023-07-19,2023-07-24,Standard,1927.07
ORD001238,CUST00737,2024-11-18,2024-11-18,Same Day,540.8
ORD001239,CUST00484,2024-04-01,2024-04-03,Express,4939.12
ORD001240,CUST00292,2023-08-23,2023-08-23,Same Day,137.77
ORD001241,CUST00681,2024-01-12,2024-01-17,Standard,796.0
ORD001242,CUST00328,2023-12-31,2024-01-05,Standard,3391.01
ORD001243,CUST01052,2023-02-10,2023-02-15,Standard,164.3
ORD001244,CUST00992,2024-05-04,2024-05-09,Standard,3034.06
ORD001245,CUST00213,2023-12-31,2023-12-31,Same Day,533.29
ORD001246,CUST00624,2024-12-04,2024-12-06,Express,68.83
ORD001247,CUST00508,2023-04-05,2023-04-10,Standard,33.73
ORD001248,CUST00290,2024-03-21,2024-03-23,Express,1841.26
ORD001249,CUST00433,2023-06-30,2023-07-02,Express,125.76
ORD001250,CUST00138,2024-02-20,2024-02-22,Express,3418.18
ORD001251,CUST00287,2023-01-09,2023-01-14,Standard,3822.96
ORD001252,CUST00202,2023-11-29,2023-12-04,Standard,55.76
ORD001253,CUST00272,2023-11-17,2023-11-17,Same Day,201.81
ORD001254,CUST00922,2024-11-09,2024-11-09,Same Day,473.68
ORD001255,CUST00777,2024-03-19,2024-03-24,Standard,4893.52
ORD001256,CUST00468,2024-04-23,2024-04-28,Standard,3972.95
ORD001257,CUST01089,2024-01-29,2024-01-29,Same Day,1870.07
ORD001258,CUST00837,2024-03-25,2024-03-25,Same Day,1092.94
ORD001259,CUST01183,2023-09-30,2023-10-05,Standard,1263.32
ORD001260,CUST01055,2024-01-28,2024-02-02,Standard,2256.14
ORD001261,CUST01007,2023-08-03,2023-08-08,Standard,1941.79
ORD001262,CUST00687,2024-04-11,2024-04-16,Standard,5308.11
ORD001263,CUST00581,2023-02-17,2023-02-19,Express,1577.65
ORD001264,CUST00556,2023-08-22,2023-08-24,Express,2990.31
ORD001265,CUST00724,2024-12-12,2024-12-14,Express,1383.97
ORD001266,CUST00062,2023-03-21,2023-03-23,Express,2333.75
ORD001267,CUST00932,2024-11-12,2024-11-17,Standard,719.72
ORD001268,CUST00289,2023-01-08,2023-01-13,Standard,253.12
ORD001269,CUST01075,2024-08-17,2024-08-22,Standard,114.32
ORD001270,CUST01008,2023-12-02,2023-12-07,Standard,5043.74
ORD001271,CUST00493,2023-12-13,2023-12-18,Standard,2731.48
ORD001272,CUST00111,2023-06-06,2023-06-11,Standard,2836.28
ORD001273,CUST00470,2023-12-01,2023-12-03,Express,2182.48
ORD001274,CUST00439,2024-11-29,2024-12-01,Express,1294.42
ORD001275,CUST01076,2024-08-20,2024-08-25,Standard,390.11
ORD001276,CUST00677,2023-12-31,2024-01-05,Standard,630.81
ORD001277,CUST00755,2023-11-20,2023-11-22,Express,3962.73
ORD001278,CUST00883,2024-11-22,2024-11-27,Standard,253.12
ORD001279,CUST00338,2023-08-17,2023-08-19,Express,1568.39
ORD001280,CUST00080,2023-12-06,2023-12-11,Standard,496.32
ORD001281,CUST00092,2024-10-19,2024-10-19,Same Day,1806.81
ORD001282,CUST00071,2023-11-11,2023-11-16,Standard,1020.67
ORD001283,CUST00232,2024-04-03,2024-04-03,Same Day,713.66
ORD001284,CUST00623,2024-11-25,2024-11-27,Express,641.05
ORD001285,CUST01096,2023-12-15,2023-12-20,Standard,7490.17
ORD001286,CUST00700,2024-09-30,2024-10-02,Express,1463.89
ORD001287,CUST00771,2024-03-29,2024-04-03,Standard,195.6
ORD001288,CUST00479,2024-05-07,2024-05-09,Express,1231.29
ORD001289,CUST00964,2023-09-02,2023-09-02,Same Day,1183.6
ORD001290,CUST00082,2024-04-29,2024-05-01,Express,7333.91
ORD001291,CUST00942,2023-05-01,2023-05-03,Express,468.27
ORD001292,CUST00565,2023-06-20,2023-06-22,Express,717.29
ORD001293,CUST00615,2023-02-14,2023-02-19,Standard,374.24
ORD001294,CUST01143,2023-07-13,2023-07-18,Standard,20.98
ORD001295,CUST00146,2024-12-27,2025-01-01,Standard,246.46
ORD001296,CUST00854,2024-11-10,2024-11-12,Express,792.96
ORD001297,CUST00799,2023-09-25,2023-09-30,Standard,2135.76
ORD001298,CUST01035,2024-10-17,2024-10-19,Express,76.06
ORD001299,CUST01042,2023-03-16,2023-03-21,Standard,3320.67
ORD001300,CUST01099,2024-09-12,2024-09-12,Same Day,85.41
ORD001301,CUST01076,2024-03-11,2024-03-16,Standard,853.96
ORD001302,CUST01013,2024-11-29,2024-12-04,Standard,147.93
ORD001303,CUST01053,2024-01-25,2024-01-25,Same Day,126.76
ORD001304,CUST00203,2024-02-07,2024-02-12,Standard,485.29
ORD001305,CUST00301,2023-06-23,2023-06-23,Same Day,994.92
ORD001306,CUST00658,2024-10-26,2024-10-28,Express,1378.34
ORD001307,CUST00128,2023-03-09,2023-03-14,Standard,1504.59
ORD001308,CUST01004,2023-05-18,2023-05-23,Standard,4332.39
ORD001309,CUST01187,2024-01-10,2024-01-12,Express,422.94
ORD001310,CUST00368,2024-05-21,2024-05-21,Same Day,1981.68
ORD001311,CUST00852,2023-12-05,2023-12-07,Express,260.79
ORD001312,CUST00304,2023-02-26,2023-02-28,Express,220.8
ORD001313,CUST01190,2024-12-07,2024-12-12,Standard,2766.36
ORD001314,CUST00600,2024-09-02,2024-09-07,Standard,2040.84
ORD001315,CUST01036,2024-11-02,2024-11-07,Standard,301.89
ORD001316,CUST00162,2024-04-26,2024-05-01,Standard,4231.55
ORD001317,CUST00041,2023-11-02,2023-11-04,Express,1285.98
ORD001318,CUST00783,2023-12-31,2024-01-05,Standard,337.8
ORD001319,CUST00958,2024-03-01,2024-03-01,Same Day,105.68
ORD001320,CUST01118,2023-03-01,2023-03-03,Express,2823.2
ORD001321,CUST01081,2024-11-11,2024-11-13,Express,621.29
ORD001322,CUST00792,2023-05-12,2023-05-12,Same Day,1237.09
ORD001323,CUST01095,2023-12-04,2023-12-09,Standard,1192.22
ORD001324,CUST00622,2023-02-22,2023-02-27,Standard,4033.05
ORD001325,CUST00214,2023-07-31,2023-08-05,Standard,138.0
ORD001326,CUST00490,2023-04-15,2023-04-17,Express,1767.04
ORD001327,CUST01072,2023-11-25,2023-11-30,Standard,3249.54
ORD001328,CUST00406,2024-08-06,2024-08-06,Same Day,776.37
ORD001329,CUST00769,2023-11-03,2023-11-08,Standard,1370.02
ORD001330,CUST01136,2024-12-13,2024-12-18,Standard,589.51
ORD001331,CUST00264,2023-10-23,2023-10-25,Express,1564.31
ORD001332,CUST01166,2023-07-05,2023-07-07,Express,5265.06
ORD001333,CUST00792,2024-10-12,2024-10-14,Express,694.66
ORD001334,CUST01200,2023-01-16,2023-01-21,Standard,1442.44
ORD001335,CUST00461,2023-09-21,2023-09-26,Standard,3942.58
ORD001336,CUST00139,2024-11-07,2024-11-12,Standard,485.81
ORD001337,CUST00431,2024-11-11,2024-11-13,Express,1667.88
ORD001338,CUST00582,2023-09-16,2023-09-18,Express,2091.99
ORD001339,CUST00815,2024-10-05,2024-10-07,Express,1447.15
ORD001340,CUST00146,2024-07-27,2024-08-01,Standard,3258.99
ORD001341,CUST00987,2023-05-18,2023-05-23,Standard,282.85
ORD001342,CUST01148,2024-12-02,2024-12-07,Standard,3757.75
ORD001343,CUST01157,2023-09-22,2023-09-27,Standard,263.67
ORD001344,CUST00062,2023-05-23,2023-05-25,Express,1522.48
ORD001345,CUST00551,2023-08-11,2023-08-16,Standard,500.52
ORD001346,CUST00610,2023-11-30,2023-12-02,Express,3250.54
ORD001347,CUST00748,2024-04-09,2024-04-11,Express,4096.8
ORD001348,CUST00567,2024-08-25,2024-08-27,Express,4552.16
ORD001349,CUST00026,2023-03-26,2023-03-31,Standard,2289.88
ORD001350,CUST00484,2024-07-29,2024-07-31,Express,1526.89
ORD001351,CUST00439,2023-11-22,2023-11-27,Standard,42.59
ORD001352,CUST00751,2024-01-20,2024-01-25,Standard,742.25
ORD001353,CUST00828,2023-07-10,2023-07-15,Standard,638.03
ORD001354,CUST01077,2023-07-09,2023-07-14,Standard,768.91
ORD001355,CUST00802,2024-01-30,2024-02-04,Standard,589.5
ORD001356,CUST00558,2024-08-29,2024-08-31,Express,945.37
ORD001357,CUST01140,2023-11-12,2023-11-14,Express,2842.66
ORD001358,CUST00945,2024-11-18,2024-11-20,Express,1381.58
ORD001359,CUST00001,2023-01-23,2023-01-25,Express,117.3
ORD001360,CUST00863,2024-02-01,2024-02-03,Express,4169.68
ORD001361,CUST00433,2024-06-01,2024-06-06,Standard,6426.54
ORD001362,CUST00499,2024-11-02,2024-11-02,Same Day,3024.33
ORD001363,CUST00907,2024-12-13,2024-12-18,Standard,1740.66
ORD001364,CUST00768,2023-03-22,2023-03-27,Standard,625.95
ORD001365,CUST00474,2024-03-04,2024-03-09,Standard,4973.22
ORD001366,CUST00266,2023-02-12,2023-02-17,Standard,3432.5
ORD001367,CUST00430,2023-02-09,2023-02-14,Standard,1238.46
ORD001368,CUST00003,2023-04-12,2023-04-17,Standard,2677.11
ORD001369,CUST00254,2023-09-15,2023-09-20,Standard,1677.68
ORD001370,CUST00999,2024-08-16,2024-08-18,Express,785.51
ORD001371,CUST00927,2024-01-11,2024-01-16,Standard,677.23
ORD001372,CUST00314,2023-02-19,2023-02-24,Standard,3917.78
ORD001373,CUST00240,2024-09-06,2024-09-06,Same Day,554.76
ORD001374,CUST00476,2023-09-15,2023-09-20,Standard,3591.29
ORD001375,CUST00745,2024-05-27,2024-06-01,Standard,4827.29
ORD001376,CUST00647,2024-01-24,2024-01-29,Standard,2049.49
ORD001377,CUST00999,2023-12-31,2024-01-02,Express,198.57
ORD001378,CUST01006,2023-08-23,2023-08-28,Standard,69.67
ORD001379,CUST00505,2024-05-02,2024-05-07,Standard,6366.4
ORD001380,CUST00990,2023-05-07,2023-05-09,Express,4227.32
ORD001381,CUST00319,2024-07-25,2024-07-27,Express,552.44
ORD001382,CUST00350,2024-07-17,2024-07-19,Express,505.05
ORD001383,CUST01046,2023-12-19,2023-12-24,Standard,246.46
ORD001384,CUST01057,2023-11-12,2023-11-17,Standard,936.55
ORD001385,CUST00419,2024-04-13,2024-04-15,Express,6472.11
ORD001386,CUST01184,2023-11-23,2023-11-25,Express,1427.94
ORD001387,CUST00594,2023-11-15,2023-11-20,Standard,1713.89
ORD001388,CUST00523,2023-02-23,2023-02-25,Express,199.0
ORD001389,CUST00698,2023-09-01,2023-09-03,Express,386.78
ORD001390,CUST00100,2024-04-19,2024-04-24,Standard,398.8
ORD001391,CUST00187,2024-06-24,2024-06-29,Standard,54.4
ORD001392,CUST01018,2023-08-06,2023-08-11,Standard,1172.35
ORD001393,CUST00390,2023-12-12,2023-12-14,Express,316.4
ORD001394,CUST00482,2023-10-02,2023-10-07,Standard,252.32
ORD001395,CUST00882,2023-07-14,2023-07-16,Express,794.45
ORD001396,CUST00676,2024-07-02,2024-07-07,Standard,93.06
ORD001397,CUST00137,2024-03-19,2024-03-24,Standard,647.12
ORD001398,CUST01069,2023-05-15,2023-05-17,Express,198.57
ORD001399,CUST00987,2024-12-16,2024-12-21,Standard,414.33
ORD001400,CUST00998,2023-11-14,2023-11-16,Express,534.98
ORD001401,CUST00781,2024-03-27,2024-04-01,Standard,654.21
ORD001402,CUST00378,2023-10-24,2023-10-26,Express,3521.96
ORD001403,CUST00897,2023-12-12,2023-12-17,Standard,1155.99
ORD001404,CUST00745,2023-09-12,2023-09-14,Express,1638.88
ORD001405,CUST00471,2023-12-16,2023-12-21,Standard,963.34
ORD001406,CUST00232,2024-11-11,2024-11-11,Same Day,1852.5
ORD001407,CUST00648,2024-06-16,2024-06-21,Standard,1194.27
ORD001408,CUST00299,2023-12-10,2023-12-15,Standard,1270.34
ORD001409,CUST00155,2023-10-01,2023-10-03,Express,77.23
ORD001410,CUST00987,2023-12-30,2024-01-01,Express,2002.27
ORD001411,CUST00734,2023-04-14,2023-04-19,Standard,1575.44
ORD001412,CUST00360,2024-08-01,2024-08-03,Express,6737.65
ORD001413,CUST00023,2024-07-23,2024-07-28,Standard,858.21
ORD001414,CUST00761,2024-10-12,2024-10-14,Express,358.92
ORD001415,CUST00536,2023-10-30,2023-11-04,Standard,1064.48
ORD001416,CUST01128,2023-07-31,2023-08-05,Standard,376.76
ORD001417,CUST00215,2023-06-02,2023-06-07,Standard,996.67
ORD001418,CUST00037,2024-01-02,2024-01-07,Standard,240.42
ORD001419,CUST00118,2023-07-04,2023-07-06,Express,835.33
ORD001420,CUST01161,2023-03-21,2023-03-23,Express,246.46
ORD001421,CUST00987,2024-11-22,2024-11-27,Standard,324.66
ORD001422,CUST01131,2024-12-15,2024-12-20,Standard,417.27
ORD001423,CUST00556,2023-05-08,2023-05-13,Standard,887.44
ORD001424,CUST00391,2023-07-12,2023-07-14,Express,1041.51
ORD001425,CUST00115,2023-06-29,2023-07-04,Standard,163.92
ORD001426,CUST01076,2024-05-18,2024-05-20,Express,621.5
ORD001427,CUST00697,2023-09-10,2023-09-15,Standard,157.95
ORD001428,CUST00890,2023-03-11,2023-03-16,Standard,1014.57
ORD001429,CUST01181,2024-09-28,2024-10-03,Standard,379.21
ORD001430,CUST00637,2023-12-06,2023-12-11,Standard,1270.34
ORD001431,CUST00355,2023-06-15,2023-06-20,Standard,924.72
ORD001432,CUST00856,2024-01-11,2024-01-13,Express,2183.41
ORD001433,CUST00400,2024-08-18,2024-08-20,Express,442.63
ORD001434,CUST00653,2023-06-10,2023-06-15,Standard,2540.68
ORD001435,CUST01081,2024-03-18,2024-03-23,Standard,426.78
ORD001436,CUST00631,2024-11-01,2024-11-06,Standard,439.45
ORD001437,CUST00362,2024-12-09,2024-12-14,Standard,2768.27
ORD001438,CUST00463,2023-06-13,2023-06-18,Standard,55.72
ORD001439,CUST00698,2024-05-22,2024-05-27,Standard,122.75
ORD001440,CUST00761,2023-04-27,2023-04-29,Express,4093.25
ORD001441,CUST00328,2023-04-21,2023-04-23,Express,2598.73
ORD001442,CUST00302,2024-06-25,2024-06-27,Express,7531.92
ORD001443,CUST00458,2024-10-05,2024-10-10,Standard,4477.09
ORD001444,CUST00453,2024-03-18,2024-03-23,Standard,505.05
ORD001445,CUST00801,2023-04-15,2023-04-20,Standard,1392.52
ORD001446,CUST00509,2023-01-18,2023-01-23,Standard,1737.56
ORD001447,CUST00674,2023-11-30,2023-12-02,Express,68.38
ORD001448,CUST00735,2024-08-06,2024-08-11,Standard,146.64
ORD001449,CUST01018,2023-12-21,2023-12-23,Express,2724.96
ORD001450,CUST00169,2024-06-30,2024-06-30,Same Day,486.99
ORD001451,CUST00933,2024-12-23,2024-12-28,Standard,4333.74
ORD001452,CUST00956,2024-07-20,2024-07-25,Standard,4122.37
ORD001453,CUST01097,2024-01-25,2024-01-27,Express,1343.35
ORD001454,CUST00349,2023-10-11,2023-10-13,Express,262.4
ORD001455,CUST00317,2024-10-24,2024-10-24,Same Day,361.31
ORD001456,CUST00693,2024-08-19,2024-08-21,Express,297.79
ORD001457,CUST00727,2023-03-17,2023-03-22,Standard,212.71
ORD001458,CUST00107,2024-12-31,2025-01-05,Standard,4847.06
ORD001459,CUST00773,2024-01-08,2024-01-13,Standard,582.16
ORD001460,CUST00476,2024-04-22,2024-04-27,Standard,64.36
ORD001461,CUST00250,2023-01-24,2023-01-29,Standard,538.85
ORD001462,CUST00380,2023-04-12,2023-04-17,Standard,2845.13
ORD001463,CUST00755,2024-12-09,2024-12-11,Express,1294.42
ORD001464,CUST00689,2023-01-19,2023-01-24,Standard,3702.22
ORD001465,CUST00566,2024-12-22,2024-12-27,Standard,1616.53
ORD001466,CUST00105,2024-08-18,2024-08-23,Standard,473.68
ORD001467,CUST00876,2023-06-03,2023-06-08,Standard,172.5
ORD001468,CUST00469,2024-03-09,2024-03-11,Express,2452.15
ORD001469,CUST00862,2023-06-03,2023-06-08,Standard,60.57
ORD001470,CUST00424,2023-12-25,2023-12-30,Standard,715.04
ORD001471,CUST00627,2023-06-10,2023-06-15,Standard,216.17
ORD001472,CUST00938,2024-03-23,2024-03-28,Standard,546.76
ORD001473,CUST00633,2023-05-24,2023-05-26,Express,4719.56
ORD001474,CUST00133,2024-09-07,2024-09-07,Same Day,80.45
ORD001475,CUST00427,2024-04-01,2024-04-01,Same Day,1084.03
ORD001476,CUST00980,2024-02-18,2024-02-23,Standard,7768.46
ORD001477,CUST00553,2024-01-14,2024-01-16,Express,126.62
ORD001478,CUST00906,2023-07-23,2023-07-25,Express,4659.28
ORD001479,CUST00589,2024-03-30,2024-04-04,Standard,551.86
ORD001480,CUST00949,2024-02-24,2024-02-26,Express,53.87
ORD001481,CUST00326,2024-08-22,2024-08-27,Standard,5217.92
ORD001482,CUST00058,2023-12-13,2023-12-18,Standard,3430.52
ORD001483,CUST00208,2023-07-24,2023-07-29,Standard,1629.18
ORD001484,CUST00969,2024-09-05,2024-09-10,Standard,337.14
ORD001485,CUST00049,2023-06-29,2023-07-04,Standard,220.97
ORD001486,CUST00544,2023-05-13,2023-05-18,Standard,187.12
ORD001487,CUST00234,2023-01-12,2023-01-14,Express,3810.73
ORD001488,CUST00896,2024-03-05,2024-03-10,Standard,825.92
ORD001489,CUST00756,2024-02-27,2024-02-27,Same Day,3161.69
ORD001490,CUST00429,2023-11-11,2023-11-13,Express,4837.13
ORD001491,CUST00659,2024-04-28,2024-04-30,Express,3779.68
ORD001492,CUST00804,2023-12-07,2023-12-12,Standard,1971.99
ORD001493,CUST00875,2024-10-14,2024-10-19,Standard,236.81
ORD001494,CUST00234,2023-05-12,2023-05-17,Standard,2228.66
ORD001495,CUST00251,2024-12-20,2024-12-25,Standard,5632.14
ORD001496,CUST00708,2023-05-13,2023-05-18,Standard,609.84
ORD001497,CUST00924,2024-04-23,2024-04-28,Standard,3483.88
ORD001498,CUST00290,2023-03-28,2023-03-30,Express,2764.37
ORD001499,CUST00091,2024-07-05,2024-07-10,Standard,3580.79
ORD001500,CUST00160,2023-08-06,2023-08-06,Same Day,182.9
ORD001501,CUST00189,2023-10-22,2023-10-27,Standard,3937.63
ORD001502,CUST01027,2023-03-19,2023-03-24,Standard,429.34
ORD001503,CUST00190,2023-05-17,2023-05-22,Standard,190.92
ORD001504,CUST00018,2023-10-14,2023-10-19,Standard,44.01
ORD001505,CUST00936,2023-03-12,2023-03-17,Standard,2588.84
ORD001506,CUST00913,2023-03-24,2023-03-29,Standard,196.63
ORD001507,CUST00057,2023-12-28,2024-01-02,Standard,5565.39
ORD001508,CUST00898,2023-12-04,2023-12-06,Express,48.9
ORD001509,CUST00294,2024-06-24,2024-06-29,Standard,3909.2
ORD001510,CUST00834,2024-12-05,2024-12-07,Express,543.53
ORD001511,CUST00487,2023-01-04,2023-01-09,Standard,494.47
ORD001512,CUST00074,2023-04-28,2023-04-30,Express,645.83
ORD001513,CUST00278,2023-11-03,2023-11-05,Express,144.81
ORD001514,CUST00859,2024-04-19,2024-04-21,Express,51.54
ORD001515,CUST00255,2024-08-11,2024-08-13,Express,757.1
ORD001516,CUST00438,2024-07-15,2024-07-20,Standard,2084.84
ORD001517,CUST00336,2024-12-08,2024-12-10,Express,965.34
ORD001518,CUST00223,2024-07-29,2024-07-31,Express,529.41
ORD001519,CUST00105,2024-03-27,2024-03-29,Express,263.95
ORD001520,CUST01077,2023-10-07,2023-10-09,Express,629.77
ORD001521,CUST00266,2023-04-22,2023-04-24,Express,287.88
ORD001522,CUST00044,2024-06-09,2024-06-11,Express,359.63
ORD001523,CUST00746,2024-05-21,2024-05-26,Standard,402.24
ORD001524,CUST00411,2024-09-14,2024-09-19,Standard,260.82
ORD001525,CUST00819,2023-12-30,2024-01-04,Standard,1370.95
ORD001526,CUST00996,2024-01-13,2024-01-15,Express,3617.98
ORD001527,CUST00688,2023-06-13,2023-06-18,Standard,1274.45
ORD001528,CUST00617,2024-02-28,2024-03-04,Standard,1489.5
ORD001529,CUST00851,2024-02-27,2024-03-03,Standard,378.35
ORD001530,CUST01006,2024-08-31,2024-09-05,Standard,803.89
ORD001531,CUST00070,2024-04-29,2024-05-04,Standard,72.67
ORD001532,CUST00984,2024-12-11,2024-12-16,Standard,3808.4
ORD001533,CUST00982,2023-12-29,2024-01-03,Standard,37.84
ORD001534,CUST00541,2024-02-11,2024-02-16,Standard,2843.26
ORD001535,CUST00995,2024-09-01,2024-09-06,Standard,419.14
ORD001536,CUST01111,2024-05-09,2024-05-14,Standard,2604.82
ORD001537,CUST00179,2024-10-24,2024-10-29,Standard,4814.26
ORD001538,CUST00073,2023-04-05,2023-04-07,Express,89.91
ORD001539,CUST00281,2023-06-10,2023-06-15,Standard,316.55
ORD001540,CUST00808,2023-07-19,2023-07-24,Standard,4265.5
ORD001541,CUST00277,2024-07-07,2024-07-12,Standard,5796.06
ORD001542,CUST00544,2023-12-02,2023-12-02,Same Day,2819.72
ORD001543,CUST01177,2023-01-21,2023-01-26,Standard,160.5
ORD001544,CUST00825,2023-04-01,2023-04-06,Standard,34.06
ORD001545,CUST00606,2023-07-20,2023-07-20,Same Day,328.74
ORD001546,CUST00120,2024-05-11,2024-05-11,Same Day,631.91
ORD001547,CUST01045,2023-11-01,2023-11-06,Standard,2491.28
ORD001548,CUST00708,2024-09-05,2024-09-07,Express,758.91
ORD001549,CUST00992,2024-09-08,2024-09-10,Express,225.09
ORD001550,CUST01134,2024-07-05,2024-07-07,Express,243.92
ORD001551,CUST00971,2023-03-27,2023-03-29,Express,5588.35
ORD001552,CUST00443,2023-12-14,2023-12-19,Standard,1104.57
ORD001553,CUST01127,2024-07-08,2024-07-13,Standard,2699.32
ORD001554,CUST01113,2024-12-13,2024-12-18,Standard,861.27
ORD001555,CUST00521,2024-07-16,2024-07-18,Express,472.33
ORD001556,CUST01068,2023-03-30,2023-04-04,Standard,1544.94
ORD001557,CUST00929,2024-05-11,2024-05-11,Same Day,1772.4
ORD001558,CUST00760,2024-12-13,2024-12-18,Standard,2224.88
ORD001559,CUST00495,2024-12-19,2024-12-24,Standard,1513.72
ORD001560,CUST00003,2024-11-06,2024-11-08,Express,1213.69
ORD001561,CUST01127,2024-09-14,2024-09-19,Standard,2793.74
ORD001562,CUST00217,2024-10-25,2024-10-27,Express,1748.2
ORD001563,CUST00381,2024-08-20,2024-08-25,Standard,2147.38
ORD001564,CUST00231,2023-04-13,2023-04-18,Standard,402.25
ORD001565,CUST01098,2024-05-15,2024-05-17,Express,4945.43
ORD001566,CUST00058,2023-11-23,2023-11-23,Same Day,934.05
ORD001567,CUST00920,2024-12-30,2025-01-04,Standard,708.96
ORD001568,CUST00743,2023-11-16,2023-11-18,Express,190.64
ORD001569,CUST00703,2023-11-25,2023-11-30,Standard,892.37
ORD001570,CUST00057,2024-07-06,2024-07-08,Express,3370.16
ORD001571,CUST01110,2024-05-05,2024-05-10,Standard,2197.65
ORD001572,CUST01061,2024-01-08,2024-01-10,Express,569.75
ORD001573,CUST00279,2023-10-11,2023-10-16,Standard,2265.25
ORD001574,CUST00457,2023-02-18,2023-02-20,Express,6908.66
ORD001575,CUST01040,2023-10-17,2023-10-22,Standard,220.53
ORD001576,CUST00992,2024-02-04,2024-02-06,Express,847.65
ORD001577,CUST00856,2023-09-28,2023-10-03,Standard,635.92
ORD001578,CUST00169,2024-12-21,2024-12-26,Standard,26.42
ORD001579,CUST00425,2023-07-16,2023-07-16,Same Day,230.69
ORD001580,CUST00138,2023-12-13,2023-12-15,Express,2693.28
ORD001581,CUST00408,2023-09-29,2023-10-04,Standard,274.1
ORD001582,CUST00039,2023-03-20,2023-03-22,Express,2065.07
ORD001583,CUST00554,2024-03-17,2024-03-19,Express,806.87
ORD001584,CUST00348,2024-11-06,2024-11-08,Express,679.96
ORD001585,CUST00190,2024-05-28,2024-05-30,Express,163.67
ORD001586,CUST00224,2023-03-21,2023-03-26,Standard,100.95
ORD001587,CUST00610,2023-10-07,2023-10-09,Express,773.29
ORD001588,CUST00021,2023-12-08,2023-12-13,Standard,3642.99
ORD001589,CUST00311,2023-05-31,2023-06-05,Standard,95.88
ORD001590,CUST00784,2024-07-18,2024-07-23,Standard,494.03
ORD001591,CUST00083,2024-12-19,2024-12-24,Standard,2455.41
ORD001592,CUST00712,2024-10-06,2024-10-08,Express,1098.31
ORD001593,CUST00547,2023-03-15,2023-03-20,Standard,76.01
ORD001594,CUST00065,2024-06-25,2024-06-27,Express,212.13
ORD001595,CUST00222,2023-10-11,2023-10-13,Express,3088.86
ORD001596,CUST01027,2024-02-05,2024-02-10,Standard,321.42
ORD001597,CUST00934,2024-10-03,2024-10-08,Standard,491.04
ORD001598,CUST00958,2024-02-26,2024-03-02,Standard,5084.3
ORD001599,CUST01032,2023-09-06,2023-09-11,Standard,371.19
ORD001600,CUST00926,2023-04-10,2023-04-10,Same Day,1137.93
ORD001601,CUST00368,2024-07-10,2024-07-12,Express,429.06
ORD001602,CUST00613,2023-05-08,2023-05-13,Standard,1294.42
ORD001603,CUST00129,2023-07-27,2023-07-29,Express,2921.86
ORD001604,CUST00710,2023-08-11,2023-08-16,Standard,1553.84
ORD001605,CUST01021,2024-12-29,2025-01-03,Standard,257.22
ORD001606,CUST00051,2024-11-18,2024-11-23,Standard,129.21
ORD001607,CUST00588,2023-04-03,2023-04-03,Same Day,103.5
ORD001608,CUST00864,2023-09-13,2023-09-18,Standard,196.29
ORD001609,CUST00072,2023-04-24,2023-04-26,Express,1737.79
ORD001610,CUST00944,2024-01-04,2024-01-09,Standard,4332.39
ORD001611,CUST01134,2023-11-28,2023-12-03,Standard,57.04
ORD001612,CUST00356,2023-11-29,2023-11-29,Same Day,1803.35
ORD001613,CUST00821,2024-12-21,2024-12-26,Standard,1479.5
ORD001614,CUST00778,2023-04-13,2023-04-18,Standard,1144.17
ORD001615,CUST00631,2024-03-03,2024-03-08,Standard,40.19
ORD001616,CUST00274,2024-05-27,2024-06-01,Standard,250.14
ORD001617,CUST01014,2024-03-21,2024-03-23,Express,731.22
ORD001618,CUST00162,2023-06-16,2023-06-21,Standard,70.74
ORD001619,CUST00116,2023-09-29,2023-10-01,Express,914.76
ORD001620,CUST00963,2024-10-27,2024-11-01,Standard,1593.03
ORD001621,CUST01044,2023-12-15,2023-12-20,Standard,32.45
ORD001622,CUST01053,2023-05-03,2023-05-05,Express,1119.56
ORD001623,CUST00945,2024-11-18,2024-11-23,Standard,234.39
ORD001624,CUST00174,2024-02-18,2024-02-23,Standard,366.6
ORD001625,CUST00490,2023-11-09,2023-11-11,Express,70.74
ORD001626,CUST00230,2023-04-29,2023-05-04,Standard,6126.49
ORD001627,CUST00827,2024-03-15,2024-03-20,Standard,4749.76
ORD001628,CUST00647,2024-01-22,2024-01-27,Standard,491.04
ORD001629,CUST00149,2023-08-09,2023-08-14,Standard,5667.3
ORD001630,CUST00523,2023-04-07,2023-04-09,Express,1454.93
ORD001631,CUST00324,2024-12-11,2024-12-13,Express,2522.47
ORD001632,CUST01017,2024-12-10,2024-12-15,Standard,3152.52
ORD001633,CUST00778,2023-06-02,2023-06-07,Standard,1128.07
ORD001634,CUST00814,2023-09-25,2023-09-27,Express,121.04
ORD001635,CUST00970,2024-07-23,2024-07-25,Express,3607.84
ORD001636,CUST00590,2023-07-21,2023-07-23,Express,157.05
ORD001637,CUST00656,2023-07-25,2023-07-25,Same Day,3527.54
ORD001638,CUST01147,2024-12-31,2025-01-05,Standard,1096.83
ORD001639,CUST00864,2023-12-15,2023-12-17,Express,71.78
ORD001640,CUST00818,2024-07-26,2024-07-28,Express,137.57
ORD001641,CUST01166,2023-07-03,2023-07-05,Express,220.53
ORD001642,CUST00197,2023-03-16,2023-03-21,Standard,241.35
ORD001643,CUST00417,2023-05-11,2023-05-16,Standard,128.4
ORD001644,CUST00915,2024-07-28,2024-08-02,Standard,1243.95
ORD001645,CUST00099,2023-11-25,2023-11-27,Express,941.7
ORD001646,CUST00888,2024-08-07,2024-08-09,Express,642.01
ORD001647,CUST00030,2024-08-25,2024-08-30,Standard,191.62
ORD001648,CUST00199,2024-07-27,2024-07-27,Same Day,283.04
ORD001649,CUST00374,2023-11-12,2023-11-14,Express,124.32
ORD001650,CUST00774,2023-08-09,2023-08-09,Same Day,1299.72
ORD001651,CUST00522,2023-08-12,2023-08-17,Standard,312.3
ORD001652,CUST00985,2023-09-06,2023-09-06,Same Day,2973.6
ORD001653,CUST00019,2023-05-24,2023-05-29,Standard,1283.46
ORD001654,CUST00979,2024-02-15,2024-02-17,Express,455.43
ORD001655,CUST00771,2024-03-21,2024-03-23,Express,2242.88
ORD001656,CUST00300,2023-01-14,2023-01-19,Standard,1593.03
ORD001657,CUST00344,2023-01-14,2023-01-19,Standard,2658.09
ORD001658,CUST00274,2024-01-29,2024-01-31,Express,1014.6
ORD001659,CUST00352,2023-07-02,2023-07-07,Standard,215.35
ORD001660,CUST01032,2023-05-10,2023-05-15,Standard,1517.24
ORD001661,CUST00807,2023-03-10,2023-03-12,Express,910.19
ORD001662,CUST00345,2023-05-26,2023-05-28,Express,504.46
ORD001663,CUST00741,2023-07-31,2023-08-05,Standard,218.61
ORD001664,CUST00190,2024-01-28,2024-02-02,Standard,3808.4
ORD001665,CUST01138,2024-06-19,2024-06-24,Standard,1417.92
ORD001666,CUST00033,2024-09-25,2024-09-27,Express,127.77
ORD001667,CUST00832,2023-01-23,2023-01-28,Standard,1706.15
ORD001668,CUST00399,2023-04-27,2023-05-02,Standard,827.38
ORD001669,CUST00933,2024-08-21,2024-08-26,Standard,2360.23
ORD001670,CUST00590,2024-01-13,2024-01-18,Standard,1458.5
ORD001671,CUST00491,2023-10-02,2023-10-04,Express,2691.04
ORD001672,CUST00250,2023-08-24,2023-08-26,Express,746.2
ORD001673,CUST00065,2024-08-04,2024-08-04,Same Day,492.92
ORD001674,CUST00787,2023-07-26,2023-07-31,Standard,1643.08
ORD001675,CUST00797,2024-08-20,2024-08-25,Standard,1845.37
ORD001676,CUST00503,2023-03-22,2023-03-22,Same Day,2482.05
ORD001677,CUST00315,2023-10-03,2023-10-08,Standard,842.08
ORD001678,CUST00087,2024-12-16,2024-12-18,Express,1784.21
ORD001679,CUST00042,2024-12-04,2024-12-09,Standard,62.16
ORD001680,CUST01090,2024-07-20,2024-07-20,Same Day,2905.1
ORD001681,CUST01069,2024-03-04,2024-03-09,Standard,3047.92
ORD001682,CUST00394,2023-10-26,2023-10-31,Standard,1536.8
ORD001683,CUST00063,2024-08-29,2024-08-31,Express,358.24
ORD001684,CUST00523,2023-09-03,2023-09-08,Standard,653.28
ORD001685,CUST00996,2024-12-09,2024-12-09,Same Day,9019.63
ORD001686,CUST01082,2024-01-07,2024-01-12,Standard,3267.46
ORD001687,CUST01105,2024-07-30,2024-08-01,Express,3629.27
ORD001688,CUST00844,2024-07-07,2024-07-09,Express,350.02
ORD001689,CUST01173,2023-11-12,2023-11-17,Standard,751.96
ORD001690,CUST00913,2023-02-24,2023-03-01,Standard,218.33
ORD001691,CUST00810,2023-09-07,2023-09-09,Express,5819.72
ORD001692,CUST00882,2023-11-09,2023-11-14,Standard,393.61
ORD001693,CUST00297,2023-11-18,2023-11-20,Express,471.15
ORD001694,CUST01049,2023-11-26,2023-11-28,Express,965.15
ORD001695,CUST00789,2023-03-10,2023-03-15,Standard,395.12
ORD001696,CUST00372,2024-02-28,2024-03-04,Standard,27.2
ORD001697,CUST00026,2023-07-30,2023-08-04,Standard,1368.1
ORD001698,CUST00703,2023-11-07,2023-11-12,Standard,5728.82
ORD001699,CUST00598,2024-11-07,2024-11-07,Same Day,3373.09
ORD001700,CUST00778,2024-11-19,2024-11-24,Standard,6311.78
ORD001701,CUST00015,2023-12-24,2023-12-24,Same Day,703.41
ORD001702,CUST00327,2024-11-01,2024-11-06,Standard,1098.23
ORD001703,CUST00816,2024-02-03,2024-02-08,Standard,379.33
ORD001704,CUST00081,2023-12-18,2023-12-20,Express,100.87
ORD001705,CUST00975,2024-09-28,2024-10-03,Standard,196.29
ORD001706,CUST00125,2023-02-04,2023-02-04,Same Day,1487.06
ORD001707,CUST00733,2023-03-19,2023-03-24,Standard,3602.0
ORD001708,CUST01147,2024-10-17,2024-10-17,Same Day,3562.32
ORD001709,CUST00555,2023-04-15,2023-04-20,Standard,1995.27
ORD001710,CUST00949,2024-11-07,2024-11-12,Standard,1220.98
ORD001711,CUST01184,2024-06-08,2024-06-13,Standard,211.03
ORD001712,CUST00465,2024-08-14,2024-08-19,Standard,7274.65
ORD001713,CUST00615,2023-12-28,2024-01-02,Standard,552.11
ORD001714,CUST00189,2024-08-26,2024-08-31,Standard,7003.85
ORD001715,CUST00145,2023-03-02,2023-03-02,Same Day,401.58
ORD001716,CUST00321,2024-04-28,2024-05-03,Standard,2433.2
ORD001717,CUST00761,2023-04-20,2023-04-25,Standard,744.76
ORD001718,CUST00967,2024-05-21,2024-05-23,Express,531.02
ORD001719,CUST00670,2023-07-03,2023-07-08,Standard,4767.66
ORD001720,CUST00941,2023-06-26,2023-07-01,Standard,2713.66
ORD001721,CUST00626,2023-06-10,2023-06-12,Express,52.45
ORD001722,CUST00239,2024-10-10,2024-10-12,Express,742.25
ORD001723,CUST00593,2024-05-03,2024-05-08,Standard,716.41
ORD001724,CUST00850,2024-12-11,2024-12-13,Express,959.92
ORD001725,CUST00448,2024-04-29,2024-05-01,Express,3862.41
ORD001726,CUST00056,2024-02-23,2024-02-25,Express,1537.82
ORD001727,CUST00845,2024-09-13,2024-09-15,Express,5521.18
ORD001728,CUST00427,2024-10-15,2024-10-15,Same Day,41.96
ORD001729,CUST01033,2024-09-22,2024-09-24,Express,7975.18
ORD001730,CUST00490,2024-09-08,2024-09-13,Standard,487.44
ORD001731,CUST00426,2023-12-01,2023-12-06,Standard,1064.8
ORD001732,CUST01153,2023-09-15,2023-09-20,Standard,70.74
ORD001733,CUST00923,2024-11-19,2024-11-24,Standard,950.8
ORD001734,CUST00714,2024-12-13,2024-12-18,Standard,3024.79
ORD001735,CUST00729,2023-11-08,2023-11-13,Standard,597.49
ORD001736,CUST00711,2023-03-06,2023-03-08,Express,7078.32
ORD001737,CUST00542,2024-01-14,2024-01-19,Standard,2405.09
ORD001738,CUST00469,2024-10-09,2024-10-14,Standard,608.13
ORD001739,CUST00263,2024-11-19,2024-11-24,Standard,1026.81
ORD001740,CUST00578,2023-11-15,2023-11-15,Same Day,1977.88
ORD001741,CUST00436,2023-06-04,2023-06-09,Standard,321.8
ORD001742,CUST01126,2024-07-16,2024-07-18,Express,3600.6
ORD001743,CUST00362,2023-11-19,2023-11-24,Standard,4511.76
ORD001744,CUST01089,2023-12-23,2023-12-25,Express,4647.82
ORD001745,CUST00812,2024-03-13,2024-03-18,Standard,1982.93
ORD001746,CUST01114,2023-11-10,2023-11-12,Express,156.63
ORD001747,CUST00075,2024-01-30,2024-02-01,Express,1097.4
ORD001748,CUST00196,2024-02-09,2024-02-11,Express,1572.37
ORD001749,CUST00426,2024-02-16,2024-02-21,Standard,344.66
ORD001750,CUST00387,2024-02-20,2024-02-25,Standard,3109.55
ORD001751,CUST01076,2024-05-25,2024-05-30,Standard,458.95
ORD001752,CUST00412,2023-07-22,2023-07-24,Express,425.92
ORD001753,CUST01152,2023-10-06,2023-10-11,Standard,758.69
ORD001754,CUST00249,2024-10-18,2024-10-23,Standard,731.22
ORD001755,CUST00034,2023-02-08,2023-02-13,Standard,7211.92
ORD001756,CUST01039,2023-04-16,2023-04-16,Same Day,201.74
ORD001757,CUST01111,2023-06-28,2023-07-03,Standard,344.95
ORD001758,CUST00080,2023-06-13,2023-06-18,Standard,35.95
ORD001759,CUST01152,2023-01-13,2023-01-18,Standard,1097.69
ORD001760,CUST00480,2023-12-31,2024-01-02,Express,461.28
ORD001761,CUST00429,2023-12-22,2023-12-27,Standard,350.5
ORD001762,CUST00896,2024-03-07,2024-03-12,Standard,1445.24
ORD001763,CUST00363,2023-01-06,2023-01-11,Standard,248.79
ORD001764,CUST01098,2023-07-11,2023-07-11,Same Day,1452.3
ORD001765,CUST00031,2023-04-27,2023-04-29,Express,1138.71
ORD001766,CUST00654,2024-12-26,2024-12-28,Express,81.96
ORD001767,CUST00489,2023-10-31,2023-11-05,Standard,400.52
ORD001768,CUST00032,2023-09-17,2023-09-19,Express,3338.96
ORD001769,CUST00424,2024-11-18,2024-11-23,Standard,410.48
ORD001770,CUST00148,2024-07-08,2024-07-10,Express,824.35
ORD001771,CUST00729,2024-06-02,2024-06-07,Standard,701.2
ORD001772,CUST01035,2024-02-24,2024-02-29,Standard,403.25
ORD001773,CUST00642,2024-11-16,2024-11-18,Express,1292.52
ORD001774,CUST00649,2023-08-09,2023-08-14,Standard,751.55
ORD001775,CUST00291,2023-04-12,2023-04-17,Standard,4901.43
ORD001776,CUST00192,2023-05-11,2023-05-16,Standard,3757.75
ORD001777,CUST00586,2024-12-08,2024-12-10,Express,1617.99
ORD001778,CUST00469,2024-10-10,2024-10-15,Standard,232.64
ORD001779,CUST00605,2023-08-01,2023-08-06,Standard,995.16
ORD001780,CUST00159,2024-04-08,2024-04-10,Express,108.72
ORD001781,CUST00176,2024-10-28,2024-10-30,Express,1039.76
ORD001782,CUST00181,2024-07-10,2024-07-15,Standard,2587.87
ORD001783,CUST01186,2023-07-16,2023-07-21,Standard,581.54
ORD001784,CUST00919,2023-06-07,2023-06-09,Express,1034.13
ORD001785,CUST00492,2024-07-06,2024-07-11,Standard,640.17
ORD001786,CUST00652,2023-06-11,2023-06-16,Standard,378.35
ORD001787,CUST00604,2024-11-09,2024-11-09,Same Day,3384.2
ORD001788,CUST01196,2024-06-28,2024-07-03,Standard,1612.07
ORD001789,CUST00426,2024-10-29,2024-11-03,Standard,3766.13
ORD001790,CUST00989,2024-07-26,2024-07-28,Express,121.8
ORD001791,CUST00300,2023-06-19,2023-06-21,Express,76.7
ORD001792,CUST00718,2023-10-07,2023-10-12,Standard,363.64
ORD001793,CUST00582,2024-11-24,2024-11-29,Standard,407.08
ORD001794,CUST00199,2024-03-01,2024-03-06,Standard,8643.77
ORD001795,CUST00405,2023-09-14,2023-09-19,Standard,4465.15
ORD001796,CUST01193,2023-02-02,2023-02-07,Standard,418.9
ORD001797,CUST01008,2024-03-25,2024-03-30,Standard,1901.93
ORD001798,CUST00447,2024-12-18,2024-12-20,Express,2256.14
ORD001799,CUST00379,2024-01-12,2024-01-12,Same Day,270.32
ORD001800,CUST00228,2024-12-12,2024-12-12,Same Day,3493.71
ORD001801,CUST01176,2024-05-26,2024-05-31,Standard,2388.32
ORD001802,CUST00972,2023-03-13,2023-03-15,Express,2358.46
ORD001803,CUST00381,2024-11-25,2024-11-30,Standard,350.5
ORD001804,CUST00597,2024-05-22,2024-05-24,Express,2618.37
ORD001805,CUST01128,2024-12-20,2024-12-25,Standard,196.19
ORD001806,CUST00308,2024-10-23,2024-10-28,Standard,198.57
ORD001807,CUST01037,2024-05-24,2024-05-29,Standard,31.83
ORD001808,CUST00465,2023-11-30,2023-12-05,Standard,351.56
ORD001809,CUST00069,2024-06-04,2024-06-09,Standard,594.15
ORD001810,CUST00221,2024-10-30,2024-10-30,Same Day,673.98
ORD001811,CUST00808,2023-01-12,2023-01-17,Standard,272.57
ORD001812,CUST00285,2023-12-21,2023-12-26,Standard,5668.16
ORD001813,CUST00289,2024-02-08,2024-02-10,Express,1077.15
ORD001814,CUST00220,2024-11-18,2024-11-20,Express,700.42
ORD001815,CUST01000,2023-09-28,2023-09-30,Express,261.05
ORD001816,CUST00160,2023-01-22,2023-01-27,Standard,620.94
ORD001817,CUST01004,2023-02-10,2023-02-12,Express,982.52
ORD001818,CUST00183,2023-11-07,2023-11-09,Express,49.6
ORD001819,CUST00852,2023-03-06,2023-03-08,Express,4931.85
ORD001820,CUST00477,2024-03-13,2024-03-18,Standard,6995.6
ORD001821,CUST01075,2024-08-04,2024-08-09,Standard,1796.6
ORD001822,CUST00924,2023-01-03,2023-01-08,Standard,572.33
ORD001823,CUST00411,2023-01-28,2023-01-28,Same Day,703.28
ORD001824,CUST00718,2024-01-07,2024-01-07,Same Day,165.44
ORD001825,CUST00367,2023-02-16,2023-02-18,Express,3086.24
ORD001826,CUST00370,2024-07-22,2024-07-24,Express,239.08
ORD001827,CUST00474,2023-11-05,2023-11-07,Express,2797.94
ORD001828,CUST00240,2023-05-05,2023-05-07,Express,271.34
ORD001829,CUST01180,2024-07-10,2024-07-15,Standard,2721.0
ORD001830,CUST01163,2023-11-26,2023-12-01,Standard,785.25
ORD001831,CUST00958,2023-02-16,2023-02-21,Standard,2561.02
ORD001832,CUST00412,2023-02-05,2023-02-07,Express,680.28
ORD001833,CUST00078,2023-10-04,2023-10-09,Standard,2454.2
ORD001834,CUST00349,2023-07-26,2023-07-31,Standard,2543.25
ORD001835,CUST00027,2024-11-13,2024-11-13,Same Day,168.9
ORD001836,CUST00697,2023-05-25,2023-05-30,Standard,441.91
ORD001837,CUST00269,2024-08-03,2024-08-03,Same Day,115.06
ORD001838,CUST00250,2024-07-24,2024-07-26,Express,736.56
ORD001839,CUST00244,2024-07-16,2024-07-21,Standard,1547.76
ORD001840,CUST00529,2023-05-23,2023-05-28,Standard,311.6
ORD001841,CUST00500,2024-11-30,2024-12-02,Express,4777.84
ORD001842,CUST00279,2024-11-12,2024-11-17,Standard,1291.34
ORD001843,CUST00134,2024-01-26,2024-01-28,Express,493.74
ORD001844,CUST00509,2023-08-08,2023-08-10,Express,822.0
ORD001845,CUST00309,2024-11-17,2024-11-19,Express,643.81
ORD001846,CUST00122,2024-02-19,2024-02-24,Standard,492.6
ORD001847,CUST00098,2023-11-01,2023-11-06,Standard,144.9
ORD001848,CUST00954,2023-08-15,2023-08-20,Standard,375.62
ORD001849,CUST00813,2024-07-06,2024-07-11,Standard,3528.59
ORD001850,CUST00575,2024-10-30,2024-11-04,Standard,359.43
ORD001851,CUST00504,2024-09-29,2024-10-04,Standard,349.86
ORD001852,CUST00817,2023-02-14,2023-02-19,Standard,1310.24
ORD001853,CUST00131,2024-01-13,2024-01-18,Standard,3247.1
ORD001854,CUST00576,2024-07-16,2024-07-21,Standard,258.1
ORD001855,CUST00163,2023-01-29,2023-01-29,Same Day,520.41
ORD001856,CUST00022,2024-04-22,2024-04-22,Same Day,1531.17
ORD001857,CUST01101,2024-01-19,2024-01-24,Standard,18.92
ORD001858,CUST00399,2023-06-10,2023-06-15,Standard,956.97
ORD001859,CUST01070,2023-12-18,2023-12-23,Standard,191.76
ORD001860,CUST01115,2024-11-08,2024-11-10,Express,3231.94
ORD001861,CUST00874,2023-02-14,2023-02-19,Standard,3250.1
ORD001862,CUST01029,2023-09-21,2023-09-26,Standard,1711.63
ORD001863,CUST00070,2024-04-21,2024-04-26,Standard,1515.2
ORD001864,CUST00741,2024-06-08,2024-06-10,Express,1332.44
ORD001865,CUST00763,2023-11-30,2023-11-30,Same Day,1372.16
ORD001866,CUST00567,2023-10-03,2023-10-05,Express,225.09
ORD001867,CUST00303,2024-12-13,2024-12-18,Standard,499.17
ORD001868,CUST00229,2024-07-31,2024-08-05,Standard,4146.55
ORD001869,CUST00489,2023-05-06,2023-05-11,Standard,751.55
ORD001870,CUST00951,2024-12-10,2024-12-12,Express,12655.44
ORD001871,CUST00350,2023-06-29,2023-07-04,Standard,1068.0
ORD001872,CUST00316,2023-11-16,2023-11-21,Standard,369.43
ORD001873,CUST00154,2024-05-25,2024-05-25,Same Day,3642.75
ORD001874,CUST00270,2024-05-17,2024-05-19,Express,3080.04
ORD001875,CUST00423,2023-11-06,2023-11-11,Standard,211.36
ORD001876,CUST00601,2024-05-04,2024-05-06,Express,628.2
ORD001877,CUST00212,2024-03-08,2024-03-13,Standard,374.6
ORD001878,CUST00676,2023-05-30,2023-06-04,Standard,671.73
ORD001879,CUST00038,2024-03-16,2024-03-18,Express,145.02
ORD001880,CUST00853,2023-03-03,2023-03-08,Standard,3846.9
ORD001881,CUST01083,2024-03-02,2024-03-02,Same Day,210.94
ORD001882,CUST00357,2023-12-23,2023-12-28,Standard,377.97
ORD001883,CUST00383,2024-12-17,2024-12-19,Express,1498.36
ORD001884,CUST00027,2023-02-06,2023-02-11,Standard,2687.75
ORD001885,CUST00198,2024-01-22,2024-01-22,Same Day,181.02
ORD001886,CUST00148,2023-12-07,2023-12-12,Standard,1167.94
ORD001887,CUST00435,2023-09-17,2023-09-17,Same Day,536.27
ORD001888,CUST00780,2024-05-04,2024-05-06,Express,1212.16
ORD001889,CUST01015,2023-11-06,2023-11-08,Express,1329.04
ORD001890,CUST01159,2024-06-04,2024-06-09,Standard,103.55
ORD001891,CUST00971,2023-12-31,2024-01-05,Standard,2602.84
ORD001892,CUST00118,2024-02-11,2024-02-13,Express,56.57
ORD001893,CUST00066,2023-07-29,2023-07-29,Same Day,59.05
ORD001894,CUST00298,2024-05-07,2024-05-12,Standard,6158.5
ORD001895,CUST00863,2024-02-15,2024-02-20,Standard,100.56
ORD001896,CUST00476,2023-06-19,2023-06-21,Express,730.46
ORD001897,CUST00574,2023-09-05,2023-09-10,Standard,101.01
ORD001898,CUST00884,2024-08-23,2024-08-28,Standard,982.08
ORD001899,CUST00090,2024-05-20,2024-05-22,Express,1515.64
ORD001900,CUST00769,2024-09-08,2024-09-10,Express,524.03
ORD001901,CUST00719,2023-12-27,2023-12-29,Express,30.8
ORD001902,CUST01039,2023-06-06,2023-06-11,Standard,934.64
ORD001903,CUST00260,2024-10-10,2024-10-15,Standard,97.8
ORD001904,CUST00343,2023-06-07,2023-06-09,Express,124.32
ORD001905,CUST00822,2023-04-12,2023-04-17,Standard,1738.24
ORD001906,CUST00341,2024-02-25,2024-03-01,Standard,1171.09
ORD001907,CUST00038,2023-09-20,2023-09-25,Standard,3276.18
ORD001908,CUST01197,2024-04-08,2024-04-13,Standard,1611.57
ORD001909,CUST00370,2023-07-19,2023-07-24,Standard,5651.53
ORD001910,CUST00457,2023-12-09,2023-12-11,Express,1008.92
ORD001911,CUST01054,2023-09-13,2023-09-15,Express,422.72
ORD001912,CUST00677,2023-12-28,2023-12-30,Express,2698.56
ORD001913,CUST01185,2024-12-30,2025-01-04,Standard,3785.77
ORD001914,CUST00158,2023-12-10,2023-12-15,Standard,821.86
ORD001915,CUST00631,2023-03-03,2023-03-03,Same Day,3558.42
ORD001916,CUST00675,2024-07-17,2024-07-22,Standard,2710.18
ORD001917,CUST00050,2023-08-16,2023-08-21,Standard,5930.7
ORD001918,CUST00618,2023-01-25,2023-01-30,Standard,53.87
ORD001919,CUST00287,2024-09-07,2024-09-09,Express,2940.67
ORD001920,CUST00373,2024-04-22,2024-04-24,Express,160.5
ORD001921,CUST00078,2024-04-07,2024-04-12,Standard,1946.56
ORD001922,CUST01001,2023-07-26,2023-07-28,Express,4443.08
ORD001923,CUST00792,2023-11-10,2023-11-15,Standard,972.64
ORD001924,CUST00058,2024-11-02,2024-11-07,Standard,599.23
ORD001925,CUST00158,2023-09-07,2023-09-09,Express,5616.5
ORD001926,CUST00169,2023-02-16,2023-02-21,Standard,3006.2
ORD001927,CUST00820,2024-07-17,2024-07-19,Express,6172.03
ORD001928,CUST00587,2023-07-26,2023-07-28,Express,176.66
ORD001929,CUST01181,2024-05-10,2024-05-15,Standard,566.93
ORD001930,CUST01198,2024-03-28,2024-04-02,Standard,967.09
ORD001931,CUST00270,2023-11-20,2023-11-25,Standard,5089.16
ORD001932,CUST00862,2023-04-19,2023-04-24,Standard,856.54
ORD001933,CUST00850,2024-01-01,2024-01-03,Express,172.14
ORD001934,CUST00623,2023-03-28,2023-03-30,Express,325.25
ORD001935,CUST00594,2023-06-02,2023-06-04,Express,280.4
ORD001936,CUST01080,2024-01-31,2024-02-05,Standard,5451.82
ORD001937,CUST00811,2024-07-26,2024-07-28,Express,2681.78
ORD001938,CUST00423,2024-05-17,2024-05-22,Standard,1217.11
ORD001939,CUST00052,2023-10-08,2023-10-13,Standard,392.83
ORD001940,CUST01113,2023-04-26,2023-05-01,Standard,628.12
ORD001941,CUST00026,2023-11-22,2023-11-24,Express,147.02
ORD001942,CUST00007,2024-11-03,2024-11-08,Standard,130.64
ORD001943,CUST00916,2023-05-27,2023-05-27,Same Day,132.32
ORD001944,CUST00174,2024-03-13,2024-03-18,Standard,4541.86
ORD001945,CUST00820,2023-07-20,2023-07-20,Same Day,267.5
ORD001946,CUST00925,2023-09-05,2023-09-10,Standard,2676.57
ORD001947,CUST00459,2024-10-27,2024-11-01,Standard,6902.98
ORD001948,CUST00959,2023-04-05,2023-04-10,Standard,611.83
ORD001949,CUST00452,2023-06-20,2023-06-25,Standard,342.49
ORD001950,CUST00032,2023-01-13,2023-01-18,Standard,241.1
ORD001951,CUST00597,2024-04-15,2024-04-20,Standard,373.6
ORD001952,CUST00255,2023-04-12,2023-04-17,Standard,3474.5
ORD001953,CUST00025,2024-10-01,2024-10-03,Express,401.58
ORD001954,CUST00013,2024-10-17,2024-10-22,Standard,5759.34
ORD001955,CUST00398,2024-08-12,2024-08-14,Express,1068.7
ORD001956,CUST01128,2024-12-25,2024-12-30,Standard,1503.1
ORD001957,CUST00860,2023-11-09,2023-11-11,Express,497.55
ORD001958,CUST00113,2024-12-21,2024-12-23,Express,460.16
ORD001959,CUST00784,2023-05-06,2023-05-08,Express,4345.78
ORD001960,CUST00150,2023-09-18,2023-09-23,Standard,142.43
ORD001961,CUST00925,2023-09-27,2023-10-02,Standard,12.24
ORD001962,CUST00441,2023-11-22,2023-11-27,Standard,268.68
ORD001963,CUST01027,2023-12-20,2023-12-25,Standard,251.2
ORD001964,CUST01189,2024-03-18,2024-03-23,Standard,898.23
ORD001965,CUST00065,2023-12-01,2023-12-06,Standard,622.57
ORD001966,CUST01087,2024-11-18,2024-11-23,Standard,1128.07
ORD001967,CUST00839,2023-01-29,2023-01-31,Express,230.12
ORD001968,CUST00118,2024-08-10,2024-08-12,Express,883.3
ORD001969,CUST01156,2023-01-07,2023-01-07,Same Day,280.1
ORD001970,CUST00418,2023-12-08,2023-12-10,Express,1313.93
ORD001971,CUST00809,2024-11-26,2024-12-01,Standard,1946.56
ORD001972,CUST01146,2024-05-20,2024-05-20,Same Day,1232.3
ORD001973,CUST00262,2023-12-12,2023-12-14,Express,351.56
ORD001974,CUST00610,2024-06-10,2024-06-12,Express,803.01
ORD001975,CUST00894,2024-02-21,2024-02-26,Standard,3281.43
ORD001976,CUST01187,2023-03-07,2023-03-12,Standard,1278.46
ORD001977,CUST01049,2023-11-25,2023-11-30,Standard,269.73
ORD001978,CUST00007,2024-12-06,2024-12-11,Standard,271.51
ORD001979,CUST00708,2024-04-18,2024-04-20,Express,2909.86
ORD001980,CUST00309,2023-09-10,2023-09-12,Express,374.24
ORD001981,CUST00722,2023-10-30,2023-11-01,Express,158.89
ORD001982,CUST00907,2024-07-13,2024-07-18,Standard,820.86
ORD001983,CUST00135,2023-02-07,2023-02-12,Standard,2725.1
ORD001984,CUST00026,2024-02-02,2024-02-07,Standard,146.64
ORD001985,CUST00609,2023-10-07,2023-10-12,Standard,5592.05
ORD001986,CUST00085,2024-02-28,2024-03-04,Standard,151.34
ORD001987,CUST00315,2024-07-27,2024-07-27,Same Day,335.12
ORD001988,CUST00268,2024-10-09,2024-10-14,Standard,3842.57
ORD001989,CUST00871,2023-05-24,2023-05-29,Standard,3779.69
ORD001990,CUST00268,2024-08-12,2024-08-14,Express,1134.48
ORD001991,CUST00726,2023-06-01,2023-06-03,Express,226.0
ORD001992,CUST00411,2023-03-27,2023-04-01,Standard,2141.43
ORD001993,CUST00508,2023-01-27,2023-01-29,Express,5470.2
ORD001994,CUST00575,2024-03-01,2024-03-06,Standard,1223.27
ORD001995,CUST00076,2024-05-20,2024-05-22,Express,43.85
ORD001996,CUST00767,2024-10-25,2024-10-25,Same Day,54.41
ORD001997,CUST00261,2024-11-09,2024-11-14,Standard,4227.08
ORD001998,CUST00156,2024-12-27,2024-12-29,Express,2477.1
ORD001999,CUST00567,2023-07-18,2023-07-20,Express,81.96
ORD002000,CUST00773,2024-01-12,2024-01-17,Standard,50.82
ORD002001,CUST00771,2023-06-17,2023-06-19,Express,596.63
ORD002002,CUST00874,2023-04-06,2023-04-06,Same Day,51.68
ORD002003,CUST00229,2023-10-13,2023-10-18,Standard,1714.32
ORD002004,CUST00210,2023-04-14,2023-04-16,Express,999.0
ORD002005,CUST00512,2023-07-08,2023-07-13,Standard,16.08
ORD002006,CUST00776,2024-09-02,2024-09-07,Standard,517.43
ORD002007,CUST00177,2024-08-08,2024-08-13,Standard,240.58
ORD002008,CUST00221,2024-02-25,2024-03-01,Standard,954.05
ORD002009,CUST00767,2024-06-16,2024-06-21,Standard,914.53
ORD002010,CUST00406,2023-04-04,2023-04-06,Express,35.5
ORD002011,CUST00429,2024-02-19,2024-02-24,Standard,1360.56
ORD002012,CUST00802,2024-11-15,2024-11-20,Standard,666.49
ORD002013,CUST00033,2023-10-07,2023-10-09,Express,4307.3
ORD002014,CUST00644,2024-01-17,2024-01-22,Standard,529.61
ORD002015,CUST00945,2023-12-25,2023-12-30,Standard,375.15
ORD002016,CUST00522,2023-10-09,2023-10-14,Standard,674.33
ORD002017,CUST00090,2024-07-11,2024-07-16,Standard,175.83
ORD002018,CUST00112,2024-04-01,2024-04-06,Standard,1361.59
ORD002019,CUST00378,2023-07-09,2023-07-11,Express,453.0
ORD002020,CUST00030,2024-04-25,2024-04-30,Standard,127.25
ORD002021,CUST01049,2023-07-14,2023-07-19,Standard,2801.23
ORD002022,CUST00752,2024-08-23,2024-08-28,Standard,1948.34
ORD002023,CUST01018,2024-06-22,2024-06-27,Standard,3153.61
ORD002024,CUST00193,2023-12-31,2024-01-02,Express,456.96
ORD002025,CUST00382,2024-12-02,2024-12-04,Express,1046.67
ORD002026,CUST00383,2023-06-22,2023-06-27,Standard,186.08
ORD002027,CUST00423,2024-08-14,2024-08-19,Standard,575.4
ORD002028,CUST00716,2024-09-02,2024-09-07,Standard,201.31
ORD002029,CUST00712,2024-01-10,2024-01-15,Standard,6377.3
ORD002030,CUST01174,2024-11-03,2024-11-03,Same Day,402.25
ORD002031,CUST00477,2023-01-24,2023-01-24,Same Day,1687.9
ORD002032,CUST00758,2023-07-16,2023-07-18,Express,1389.5
ORD002033,CUST00999,2023-10-15,2023-10-20,Standard,4455.25
ORD002034,CUST01151,2023-10-15,2023-10-20,Standard,196.5
ORD002035,CUST00421,2023-06-22,2023-06-27,Standard,62.16
ORD002036,CUST00218,2023-12-31,2024-01-02,Express,1428.42
ORD002037,CUST00209,2024-01-20,2024-01-22,Express,7165.07
ORD002038,CUST01005,2023-06-05,2023-06-07,Express,619.23
ORD002039,CUST00877,2024-12-21,2024-12-26,Standard,330.44
ORD002040,CUST00949,2024-05-07,2024-05-12,Standard,4340.89
ORD002041,CUST00219,2024-11-09,2024-11-14,Standard,321.46
ORD002042,CUST00782,2023-05-23,2023-05-23,Same Day,377.01
ORD002043,CUST00630,2024-07-28,2024-08-02,Standard,4409.26
ORD002044,CUST00143,2024-07-25,2024-07-30,Standard,861.27
ORD002045,CUST00667,2024-01-21,2024-01-26,Standard,1137.93
ORD002046,CUST00804,2024-06-16,2024-06-21,Standard,132.03
ORD002047,CUST00304,2024-02-15,2024-02-20,Standard,4406.98
ORD002048,CUST00438,2023-12-31,2024-01-05,Standard,944.74
ORD002049,CUST01003,2023-01-16,2023-01-21,Standard,3451.23
ORD002050,CUST00462,2023-11-24,2023-11-26,Express,3185.28
ORD002051,CUST00359,2024-05-22,2024-05-27,Standard,6685.82
ORD002052,CUST00990,2024-06-23,2024-06-28,Standard,1410.0
ORD002053,CUST00536,2023-12-01,2023-12-03,Express,1382.64
ORD002054,CUST00716,2023-07-18,2023-07-23,Standard,2936.87
ORD002055,CUST00135,2024-05-31,2024-06-02,Express,1534.02
ORD002056,CUST00820,2023-11-05,2023-11-10,Standard,2767.0
ORD002057,CUST00066,2023-12-02,2023-12-07,Standard,1272.04
ORD002058,CUST00592,2024-03-09,2024-03-11,Express,1814.18
ORD002059,CUST00284,2024-07-11,2024-07-16,Standard,995.16
ORD002060,CUST00060,2024-09-08,2024-09-13,Standard,801.0
ORD002061,CUST00027,2024-12-17,2024-12-22,Standard,6534.84
ORD002062,CUST01050,2023-01-20,2023-01-25,Standard,2254.65
ORD002063,CUST00127,2023-03-14,2023-03-19,Standard,3101.26
ORD002064,CUST00202,2024-09-03,2024-09-05,Express,64.6
ORD002065,CUST00300,2024-01-26,2024-01-31,Standard,5277.23
ORD002066,CUST00099,2024-12-30,2025-01-04,Standard,63.31
ORD002067,CUST00294,2024-11-15,2024-11-17,Express,335.12
ORD002068,CUST00934,2023-03-01,2023-03-06,Standard,4250.6
ORD002069,CUST01005,2024-11-30,2024-12-02,Express,314.79
ORD002070,CUST01105,2024-10-01,2024-10-06,Standard,330.95
ORD002071,CUST01149,2024-06-02,2024-06-02,Same Day,528.82
ORD002072,CUST00848,2023-06-08,2023-06-13,Standard,4546.83
ORD002073,CUST00035,2023-12-04,2023-12-06,Express,3848.57
ORD002074,CUST00841,2024-08-09,2024-08-14,Standard,114.32
ORD002075,CUST00413,2023-03-23,2023-03-28,Standard,208.66
ORD002076,CUST00363,2024-09-01,2024-09-01,Same Day,205.24
ORD002077,CUST01112,2023-12-10,2023-12-12,Express,1986.2
ORD002078,CUST00016,2024-08-23,2024-08-28,Standard,2012.96
ORD002079,CUST00007,2024-01-22,2024-01-27,Standard,362.58
ORD002080,CUST00784,2024-01-03,2024-01-05,Express,834.23
ORD002081,CUST00305,2024-04-24,2024-04-24,Same Day,402.39
ORD002082,CUST01185,2023-02-03,2023-02-03,Same Day,2693.28
ORD002083,CUST00413,2023-11-21,2023-11-21,Same Day,5072.15
ORD002084,CUST00166,2023-05-07,2023-05-12,Standard,1981.68
ORD002085,CUST00188,2023-01-19,2023-01-24,Standard,224.36
ORD002086,CUST00032,2024-08-05,2024-08-10,Standard,1815.7
ORD002087,CUST01066,2023-01-27,2023-02-01,Standard,75.67
ORD002088,CUST00151,2024-03-16,2024-03-21,Standard,197.09
ORD002089,CUST00012,2023-12-14,2023-12-19,Standard,4603.36
ORD002090,CUST00731,2023-06-16,2023-06-21,Standard,852.48
ORD002091,CUST00127,2023-11-23,2023-11-25,Express,1744.63
ORD002092,CUST00982,2024-06-24,2024-06-29,Standard,4419.24
ORD002093,CUST00536,2023-12-29,2024-01-03,Standard,1613.27
ORD002094,CUST00817,2024-04-26,2024-05-01,Standard,842.54
ORD002095,CUST00047,2023-01-18,2023-01-23,Standard,445.88
ORD002096,CUST00663,2024-05-10,2024-05-12,Express,1446.02
ORD002097,CUST00878,2023-12-09,2023-12-11,Express,2997.1
ORD002098,CUST00238,2023-07-10,2023-07-15,Standard,4653.39
ORD002099,CUST00498,2023-10-10,2023-10-15,Standard,590.48
ORD002100,CUST00069,2024-03-23,2024-03-28,Standard,281.52
ORD002101,CUST00035,2024-11-04,2024-11-09,Standard,1205.61
ORD002102,CUST00327,2024-07-03,2024-07-08,Standard,1024.53
ORD002103,CUST00702,2024-03-17,2024-03-22,Standard,1825.66
ORD002104,CUST00833,2023-06-22,2023-06-27,Standard,383.26
ORD002105,CUST00250,2023-11-13,2023-11-15,Express,4563.7
ORD002106,CUST00111,2023-08-02,2023-08-07,Standard,3990.28
ORD002107,CUST00856,2023-04-06,2023-04-08,Express,299.68
ORD002108,CUST01177,2024-02-09,2024-02-14,Standard,4279.55
ORD002109,CUST00970,2024-06-08,2024-06-10,Express,2742.05
ORD002110,CUST00984,2024-12-30,2024-12-30,Same Day,349.43
ORD002111,CUST00128,2023-05-03,2023-05-08,Standard,168.01
ORD002112,CUST00276,2023-12-01,2023-12-06,Standard,1115.32
ORD002113,CUST00352,2024-08-19,2024-08-24,Standard,3491.16
ORD002114,CUST01133,2024-12-05,2024-12-10,Standard,537.3
ORD002115,CUST00239,2024-12-14,2024-12-14,Same Day,194.13
ORD002116,CUST00096,2023-06-15,2023-06-20,Standard,208.69
ORD002117,CUST00753,2024-12-30,2025-01-01,Express,1594.95
ORD002118,CUST00609,2023-06-23,2023-06-28,Standard,846.64
ORD002119,CUST00754,2023-05-26,2023-05-31,Standard,800.41
ORD002120,CUST00206,2024-03-03,2024-03-08,Standard,4490.0
ORD002121,CUST00342,2023-11-10,2023-11-12,Express,2623.93
ORD002122,CUST00675,2023-02-23,2023-02-25,Express,4507.33
ORD002123,CUST00065,2023-02-14,2023-02-16,Express,3093.33
ORD002124,CUST00008,2024-09-25,2024-09-30,Standard,945.58
ORD002125,CUST00937,2024-12-27,2024-12-29,Express,1517.24
ORD002126,CUST00217,2023-11-06,2023-11-08,Express,5051.25
ORD002127,CUST00266,2023-05-16,2023-05-21,Standard,3223.18
ORD002128,CUST01079,2024-03-31,2024-04-02,Express,646.16
ORD002129,CUST00186,2023-10-01,2023-10-03,Express,1825.61
ORD002130,CUST01050,2024-01-18,2024-01-20,Express,500.2
ORD002131,CUST00406,2024-02-03,2024-02-08,Standard,130.41
ORD002132,CUST01148,2024-03-24,2024-03-26,Express,342.85
ORD002133,CUST00445,2024-05-09,2024-05-11,Express,1216.75
ORD002134,CUST00648,2023-09-01,2023-09-06,Standard,2665.96
ORD002135,CUST00432,2023-01-20,2023-01-25,Standard,253.24
ORD002136,CUST00033,2023-12-22,2023-12-27,Standard,251.34
ORD002137,CUST01054,2023-12-27,2024-01-01,Standard,4373.7
ORD002138,CUST00750,2024-01-15,2024-01-17,Express,2372.28
ORD002139,CUST00255,2023-01-15,2023-01-17,Express,222.75
ORD002140,CUST00358,2024-10-29,2024-11-03,Standard,135.59
ORD002141,CUST01016,2024-10-16,2024-10-21,Standard,1447.23
ORD002142,CUST00257,2023-03-26,2023-03-28,Express,1403.92
ORD002143,CUST01135,2023-05-17,2023-05-19,Express,562.21
ORD002144,CUST00934,2023-08-06,2023-08-11,Standard,1332.66
ORD002145,CUST00411,2023-05-12,2023-05-14,Express,2652.33
ORD002146,CUST01157,2024-08-28,2024-09-02,Standard,4810.01
ORD002147,CUST00910,2024-04-26,2024-05-01,Standard,700.86
ORD002148,CUST00571,2023-12-11,2023-12-16,Standard,3833.55
ORD002149,CUST00721,2023-06-19,2023-06-24,Standard,406.56
ORD002150,CUST01045,2024-06-09,2024-06-11,Express,374.31
ORD002151,CUST00288,2024-02-06,2024-02-11,Standard,745.9
ORD002152,CUST00246,2023-08-31,2023-09-05,Standard,3730.21
ORD002153,CUST00872,2024-07-21,2024-07-26,Standard,1450.52
ORD002154,CUST00554,2023-12-30,2024-01-01,Express,3199.12
ORD002155,CUST00389,2024-02-29,2024-03-05,Standard,509.01
ORD002156,CUST01122,2023-01-22,2023-01-27,Standard,219.96
ORD002157,CUST00395,2024-02-27,2024-02-27,Same Day,321.42
ORD002158,CUST00280,2023-03-24,2023-03-29,Standard,102.62
ORD002159,CUST00474,2023-02-04,2023-02-06,Express,845.06
ORD002160,CUST00659,2023-02-09,2023-02-14,Standard,487.59
ORD002161,CUST01147,2024-10-14,2024-10-14,Same Day,1981.68
ORD002162,CUST00385,2024-12-22,2024-12-27,Standard,589.32
ORD002163,CUST00884,2024-09-13,2024-09-13,Same Day,472.79
ORD002164,CUST00811,2023-07-29,2023-07-29,Same Day,3824.63
ORD002165,CUST00884,2024-06-12,2024-06-17,Standard,3949.98
ORD002166,CUST00973,2024-01-03,2024-01-05,Express,23.14
ORD002167,CUST00051,2023-10-22,2023-10-24,Express,422.72
ORD002168,CUST00607,2023-06-11,2023-06-13,Express,1430.35
ORD002169,CUST00569,2024-11-11,2024-11-16,Standard,9824.37
ORD002170,CUST00396,2024-09-01,2024-09-06,Standard,4634.21
ORD002171,CUST00896,2024-11-03,2024-11-08,Standard,2204.05
ORD002172,CUST00447,2023-12-14,2023-12-16,Express,497.55
ORD002173,CUST00798,2023-06-09,2023-06-14,Standard,858.21
ORD002174,CUST00918,2023-10-15,2023-10-20,Standard,146.64
ORD002175,CUST00470,2023-03-11,2023-03-13,Express,6859.62
ORD002176,CUST00493,2023-11-23,2023-11-23,Same Day,100.87
ORD002177,CUST00523,2023-10-10,2023-10-15,Standard,1012.28
ORD002178,CUST01185,2023-02-16,2023-02-21,Standard,497.2
ORD002179,CUST00285,2024-08-02,2024-08-07,Standard,3756.89
ORD002180,CUST00554,2024-12-11,2024-12-16,Standard,8224.35
ORD002181,CUST00659,2023-11-10,2023-11-15,Standard,330.62
ORD002182,CUST00001,2023-09-27,2023-10-02,Standard,1216.54
ORD002183,CUST00118,2024-06-26,2024-06-28,Express,60.21
ORD002184,CUST01051,2024-03-21,2024-03-23,Express,2374.88
ORD002185,CUST00238,2023-12-17,2023-12-22,Standard,1358.83
ORD002186,CUST00578,2024-03-25,2024-03-30,Standard,1290.15
ORD002187,CUST01098,2024-05-27,2024-06-01,Standard,4910.04
ORD002188,CUST00971,2024-11-30,2024-12-02,Express,5025.01
ORD002189,CUST00928,2024-08-19,2024-08-24,Standard,164.37
ORD002190,CUST01086,2023-06-13,2023-06-18,Standard,3011.81
ORD002191,CUST00935,2023-10-05,2023-10-10,Standard,2793.74
ORD002192,CUST00758,2024-10-04,2024-10-09,Standard,841.5
ORD002193,CUST01008,2023-11-11,2023-11-16,Standard,5900.81
ORD002194,CUST00885,2023-12-19,2023-12-24,Standard,132.38
ORD002195,CUST00906,2024-09-14,2024-09-16,Express,574.74
ORD002196,CUST01026,2024-12-08,2024-12-10,Express,187.58
ORD002197,CUST01119,2024-01-24,2024-01-29,Standard,172.46
ORD002198,CUST00049,2024-09-27,2024-10-02,Standard,68.72
ORD002199,CUST00785,2023-07-21,2023-07-26,Standard,2543.25
ORD002200,CUST01193,2024-11-15,2024-11-20,Standard,5784.45
ORD002201,CUST01197,2024-08-06,2024-08-08,Express,297.7
ORD002202,CUST00929,2024-11-29,2024-12-01,Express,3414.48
ORD002203,CUST00786,2024-04-13,2024-04-18,Standard,2883.63
ORD002204,CUST01059,2023-07-27,2023-07-29,Express,2391.2
ORD002205,CUST00869,2024-11-19,2024-11-24,Standard,100.56
ORD002206,CUST00204,2023-03-12,2023-03-12,Same Day,245.52
ORD002207,CUST00567,2023-11-02,2023-11-07,Standard,127.28
ORD002208,CUST01131,2024-01-10,2024-01-15,Standard,226.08
ORD002209,CUST00268,2023-12-28,2024-01-02,Standard,559.02
ORD002210,CUST00666,2023-05-06,2023-05-11,Standard,685.51
ORD002211,CUST01157,2024-07-20,2024-07-22,Express,293.28
ORD002212,CUST00741,2024-01-11,2024-01-11,Same Day,588.32
ORD002213,CUST00379,2023-01-30,2023-02-01,Express,774.72
ORD002214,CUST00226,2023-09-13,2023-09-15,Express,1240.8
ORD002215,CUST00885,2024-11-07,2024-11-12,Standard,2888.26
ORD002216,CUST00202,2024-01-26,2024-01-28,Express,911.23
ORD002217,CUST00503,2024-07-09,2024-07-14,Standard,3242.39
ORD002218,CUST00249,2023-04-16,2023-04-18,Express,456.81
ORD002219,CUST00615,2024-10-19,2024-10-19,Same Day,433.22
ORD002220,CUST00249,2024-12-23,2024-12-25,Express,1304.88
ORD002221,CUST01154,2023-12-14,2023-12-19,Standard,44.83
ORD002222,CUST00616,2023-01-30,2023-02-01,Express,5252.75
ORD002223,CUST00065,2024-07-16,2024-07-21,Standard,725.95
ORD002224,CUST00314,2024-02-28,2024-03-04,Standard,855.89
ORD002225,CUST00178,2023-06-16,2023-06-21,Standard,771.87
ORD002226,CUST00244,2024-05-03,2024-05-08,Standard,7173.21
ORD002227,CUST00794,2024-11-25,2024-11-27,Express,94.6
ORD002228,CUST01200,2024-09-08,2024-09-10,Express,47.36
ORD002229,CUST00582,2024-07-19,2024-07-19,Same Day,348.96
ORD002230,CUST00634,2023-08-10,2023-08-12,Express,1183.6
ORD002231,CUST01048,2023-01-24,2023-01-26,Express,3523.79
ORD002232,CUST01077,2024-06-20,2024-06-25,Standard,4781.41
ORD002233,CUST00808,2023-12-05,2023-12-10,Standard,762.54
ORD002234,CUST00948,2023-09-24,2023-09-26,Express,201.74
ORD002235,CUST00333,2024-10-06,2024-10-08,Express,950.59
ORD002236,CUST00121,2024-06-28,2024-07-03,Standard,860.92
ORD002237,CUST01010,2023-06-09,2023-06-11,Express,2702.79
ORD002238,CUST00362,2024-05-31,2024-06-02,Express,708.61
ORD002239,CUST00687,2023-03-26,2023-03-28,Express,361.31
ORD002240,CUST00812,2023-05-28,2023-06-02,Standard,2086.48
ORD002241,CUST01114,2024-11-08,2024-11-10,Express,1236.81
ORD002242,CUST00065,2024-08-19,2024-08-24,Standard,273.27
ORD002243,CUST00674,2024-06-15,2024-06-17,Express,250.16
ORD002244,CUST00747,2023-06-24,2023-06-24,Same Day,5138.02
ORD002245,CUST00539,2024-04-15,2024-04-20,Standard,1630.42
ORD002246,CUST00224,2024-02-22,2024-02-22,Same Day,418.13
ORD002247,CUST00709,2023-06-17,2023-06-19,Express,93.59
ORD002248,CUST00337,2023-12-22,2023-12-27,Standard,2008.52
ORD002249,CUST00983,2023-01-03,2023-01-08,Standard,3018.46
ORD002250,CUST00536,2023-11-25,2023-11-27,Express,2127.56
ORD002251,CUST01119,2023-11-20,2023-11-25,Standard,3123.61
ORD002252,CUST00610,2024-07-02,2024-07-07,Standard,2402.34
ORD002253,CUST00994,2023-03-19,2023-03-24,Standard,609.84
ORD002254,CUST00864,2024-03-15,2024-03-17,Express,1185.68
ORD002255,CUST00470,2024-11-04,2024-11-06,Express,75.67
ORD002256,CUST00350,2024-05-16,2024-05-21,Standard,1611.37
ORD002257,CUST00842,2024-10-31,2024-10-31,Same Day,2762.59
ORD002258,CUST00280,2024-07-15,2024-07-17,Express,1236.28
ORD002259,CUST00147,2023-03-04,2023-03-06,Express,131.44
ORD002260,CUST00296,2023-07-31,2023-08-05,Standard,1324.04
ORD002261,CUST00570,2023-07-07,2023-07-09,Express,57.27
ORD002262,CUST00383,2023-11-08,2023-11-13,Standard,154.02
ORD002263,CUST00541,2024-08-05,2024-08-10,Standard,1980.6
ORD002264,CUST00155,2024-10-03,2024-10-08,Standard,2970.4
ORD002265,CUST00099,2023-11-22,2023-11-27,Standard,3008.7
ORD002266,CUST00181,2024-07-12,2024-07-17,Standard,4073.74
ORD002267,CUST00792,2024-02-03,2024-02-08,Standard,7293.73
ORD002268,CUST01023,2024-11-03,2024-11-08,Standard,1506.54
ORD002269,CUST00940,2023-08-15,2023-08-20,Standard,241.7
ORD002270,CUST00244,2024-03-21,2024-03-21,Same Day,159.57
ORD002271,CUST00540,2023-12-15,2023-12-17,Express,1277.91
ORD002272,CUST00239,2023-07-30,2023-08-04,Standard,1028.22
ORD002273,CUST00642,2024-11-16,2024-11-18,Express,597.12
ORD002274,CUST00937,2023-09-18,2023-09-23,Standard,455.23
ORD002275,CUST00881,2024-05-01,2024-05-06,Standard,2623.34
ORD002276,CUST00864,2023-02-20,2023-02-25,Standard,418.98
ORD002277,CUST00998,2024-12-04,2024-12-06,Express,894.5
ORD002278,CUST00682,2024-02-22,2024-02-27,Standard,1360.56
ORD002279,CUST00152,2024-03-16,2024-03-18,Express,190.91
ORD002280,CUST00012,2024-02-05,2024-02-10,Standard,1857.69
ORD002281,CUST00938,2023-02-10,2023-02-15,Standard,127.16
ORD002282,CUST00418,2024-03-14,2024-03-16,Express,410.48
ORD002283,CUST00774,2024-07-02,2024-07-04,Express,922.08
ORD002284,CUST00576,2024-04-06,2024-04-06,Same Day,337.8
ORD002285,CUST01001,2023-04-27,2023-04-27,Same Day,36.27
ORD002286,CUST00997,2024-12-21,2024-12-26,Standard,2550.09
ORD002287,CUST00631,2023-09-10,2023-09-12,Express,538.48
ORD002288,CUST00453,2023-12-17,2023-12-22,Standard,1132.75
ORD002289,CUST00558,2023-01-31,2023-02-05,Standard,788.67
ORD002290,CUST00644,2024-09-19,2024-09-24,Standard,2086.72
ORD002291,CUST00816,2023-09-10,2023-09-12,Express,2827.4
ORD002292,CUST00531,2024-05-04,2024-05-06,Express,5785.15
ORD002293,CUST00957,2024-08-11,2024-08-16,Standard,2725.1
ORD002294,CUST01180,2024-12-02,2024-12-04,Express,142.35
ORD002295,CUST00842,2024-01-03,2024-01-08,Standard,443.25
ORD002296,CUST01197,2023-05-11,2023-05-16,Standard,849.04
ORD002297,CUST00232,2024-09-17,2024-09-22,Standard,2051.48
ORD002298,CUST00403,2024-12-03,2024-12-08,Standard,353.55
ORD002299,CUST01074,2024-10-17,2024-10-17,Same Day,5177.94
ORD002300,CUST00798,2023-12-26,2023-12-31,Standard,3899.15
ORD002301,CUST00634,2023-08-22,2023-08-27,Standard,211.32
ORD002302,CUST01085,2023-03-30,2023-04-01,Express,1434.7
ORD002303,CUST00284,2024-07-13,2024-07-18,Standard,263.67
ORD002304,CUST00290,2023-06-14,2023-06-19,Standard,4461.85
ORD002305,CUST00100,2023-12-07,2023-12-12,Standard,1313.93
ORD002306,CUST01120,2024-12-17,2024-12-22,Standard,143.96
ORD002307,CUST00303,2023-10-15,2023-10-20,Standard,3043.46
ORD002308,CUST00436,2023-11-20,2023-11-25,Standard,1784.74
ORD002309,CUST00698,2023-05-04,2023-05-09,Standard,851.84
ORD002310,CUST00061,2023-06-30,2023-07-05,Standard,319.54
ORD002311,CUST00313,2024-11-12,2024-11-14,Express,868.41
ORD002312,CUST00892,2023-01-28,2023-02-02,Standard,2200.08
ORD002313,CUST01074,2024-12-24,2024-12-29,Standard,1993.58
ORD002314,CUST00041,2024-04-26,2024-05-01,Standard,720.69
ORD002315,CUST00187,2024-07-11,2024-07-16,Standard,3466.81
ORD002316,CUST00772,2024-07-18,2024-07-18,Same Day,1098.56
ORD002317,CUST00634,2023-06-16,2023-06-21,Standard,3156.52
ORD002318,CUST00252,2024-12-03,2024-12-08,Standard,651.93
ORD002319,CUST00946,2024-05-20,2024-05-22,Express,1186.26
ORD002320,CUST00598,2023-05-03,2023-05-08,Standard,289.68
ORD002321,CUST00038,2024-10-22,2024-10-27,Standard,104.88
ORD002322,CUST00325,2023-11-09,2023-11-11,Express,2163.0
ORD002323,CUST00805,2023-03-28,2023-04-02,Standard,767.74
ORD002324,CUST00904,2023-12-17,2023-12-22,Standard,594.98
ORD002325,CUST00154,2024-09-17,2024-09-22,Standard,1007.33
ORD002326,CUST01054,2023-04-07,2023-04-09,Express,450.47
ORD002327,CUST00062,2023-06-08,2023-06-13,Standard,4107.37
ORD002328,CUST00651,2024-07-10,2024-07-12,Express,1716.22
ORD002329,CUST00277,2024-03-13,2024-03-18,Standard,4609.76
ORD002330,CUST01111,2024-12-22,2024-12-27,Standard,2475.62
ORD002331,CUST00706,2023-04-09,2023-04-14,Standard,1788.74
ORD002332,CUST00998,2023-09-18,2023-09-20,Express,564.98
ORD002333,CUST00245,2024-07-28,2024-07-30,Express,5587.48
ORD002334,CUST00667,2023-11-03,2023-11-08,Standard,164.3
ORD002335,CUST00959,2024-10-29,2024-10-31,Express,7674.48
ORD002336,CUST00778,2024-01-21,2024-01-26,Standard,295.9
ORD002337,CUST01195,2024-09-15,2024-09-20,Standard,146.86
ORD002338,CUST00546,2024-11-08,2024-11-13,Standard,3899.15
ORD002339,CUST00210,2024-09-22,2024-09-24,Express,303.04
ORD002340,CUST00083,2023-11-21,2023-11-26,Standard,552.44
ORD002341,CUST01091,2023-11-05,2023-11-10,Standard,2160.06
ORD002342,CUST00197,2023-05-10,2023-05-12,Express,5698.55
ORD002343,CUST00597,2023-07-25,2023-07-30,Standard,1935.34
ORD002344,CUST00116,2024-02-04,2024-02-06,Express,529.8
ORD002345,CUST00600,2024-03-24,2024-03-29,Standard,3497.52
ORD002346,CUST00726,2023-08-13,2023-08-18,Standard,1670.21
ORD002347,CUST01084,2024-12-26,2024-12-31,Standard,115.71
ORD002348,CUST00775,2024-01-19,2024-01-21,Express,3367.5
ORD002349,CUST00067,2023-10-10,2023-10-15,Standard,191.76
ORD002350,CUST00808,2024-01-18,2024-01-20,Express,536.46
ORD002351,CUST00109,2023-10-03,2023-10-05,Express,2737.91
ORD002352,CUST00433,2023-12-27,2023-12-29,Express,4270.1
ORD002353,CUST01006,2023-10-07,2023-10-09,Express,5331.88
ORD002354,CUST00888,2023-08-08,2023-08-13,Standard,6809.49
ORD002355,CUST00115,2023-11-25,2023-11-25,Same Day,130.19
ORD002356,CUST00510,2024-07-06,2024-07-11,Standard,2513.62
ORD002357,CUST00532,2024-12-30,2024-12-30,Same Day,149.2
ORD002358,CUST00029,2024-11-19,2024-11-24,Standard,292.49
ORD002359,CUST00534,2024-03-18,2024-03-23,Standard,1360.56
ORD002360,CUST00960,2023-11-16,2023-11-18,Express,1430.35
ORD002361,CUST00716,2023-09-07,2023-09-12,Standard,821.88
ORD002362,CUST00830,2023-07-27,2023-08-01,Standard,808.52
ORD002363,CUST00053,2024-07-03,2024-07-05,Express,362.25
ORD002364,CUST00223,2024-11-30,2024-12-02,Express,491.04
ORD002365,CUST00619,2024-10-06,2024-10-11,Standard,3052.38
ORD002366,CUST00346,2024-09-27,2024-09-29,Express,1669.69
ORD002367,CUST01147,2024-11-28,2024-12-03,Standard,368.82
ORD002368,CUST00905,2024-10-23,2024-10-28,Standard,250.1
ORD002369,CUST00529,2024-05-30,2024-06-04,Standard,2956.87
ORD002370,CUST00421,2023-08-22,2023-08-27,Standard,208.84
ORD002371,CUST01068,2024-04-18,2024-04-20,Express,298.08
ORD002372,CUST00273,2024-11-03,2024-11-08,Standard,7813.84
ORD002373,CUST01020,2024-10-23,2024-10-28,Standard,261.97
ORD002374,CUST00816,2024-04-01,2024-04-03,Express,818.2
ORD002375,CUST00776,2023-11-25,2023-11-30,Standard,7487.28
ORD002376,CUST01041,2024-05-09,2024-05-09,Same Day,107.63
ORD002377,CUST00399,2024-09-28,2024-09-30,Express,615.46
ORD002378,CUST00900,2024-03-16,2024-03-21,Standard,45.92
ORD002379,CUST00189,2024-06-24,2024-06-26,Express,4046.52
ORD002380,CUST00842,2024-09-19,2024-09-19,Same Day,3380.5
ORD002381,CUST00337,2024-03-07,2024-03-09,Express,2963.81
ORD002382,CUST00429,2024-11-13,2024-11-18,Standard,700.74
ORD002383,CUST00216,2023-11-15,2023-11-15,Same Day,1514.12
ORD002384,CUST01098,2024-03-19,2024-03-24,Standard,6400.41
ORD002385,CUST00605,2024-11-15,2024-11-20,Standard,1418.37
ORD002386,CUST00550,2024-05-07,2024-05-09,Express,1843.86
ORD002387,CUST00654,2024-02-10,2024-02-12,Express,332.97
ORD002388,CUST01132,2024-12-11,2024-12-16,Standard,532.89
ORD002389,CUST00928,2023-06-22,2023-06-27,Standard,1231.19
ORD002390,CUST00522,2024-11-08,2024-11-13,Standard,4233.48
ORD002391,CUST00591,2023-08-18,2023-08-20,Express,2794.62
ORD002392,CUST00185,2024-11-30,2024-12-02,Express,1229.39
ORD002393,CUST00768,2024-06-29,2024-07-04,Standard,422.25
ORD002394,CUST00932,2023-12-26,2023-12-31,Standard,3700.45
ORD002395,CUST00925,2024-11-06,2024-11-11,Standard,1288.88
ORD002396,CUST00733,2023-12-21,2023-12-23,Express,1816.85
ORD002397,CUST00524,2024-03-03,2024-03-08,Standard,2921.86
ORD002398,CUST01059,2023-01-08,2023-01-13,Standard,528.4
ORD002399,CUST00053,2024-06-07,2024-06-12,Standard,4073.41
ORD002400,CUST00482,2023-09-15,2023-09-17,Express,40.38
ORD002401,CUST00765,2024-07-31,2024-08-05,Standard,1770.05
ORD002402,CUST00906,2023-10-20,2023-10-22,Express,598.78
ORD002403,CUST01017,2024-11-28,2024-12-03,Standard,141.42
ORD002404,CUST00559,2023-11-27,2023-11-27,Same Day,1423.52
ORD002405,CUST00606,2023-09-06,2023-09-08,Express,2159.58
ORD002406,CUST00633,2024-04-27,2024-05-02,Standard,399.02
ORD002407,CUST00160,2023-05-05,2023-05-07,Express,8416.9
ORD002408,CUST00444,2023-04-05,2023-04-07,Express,333.93
ORD002409,CUST00661,2023-07-10,2023-07-15,Standard,1090.38
ORD002410,CUST00071,2024-07-31,2024-08-05,Standard,2420.79
ORD002411,CUST00302,2023-10-27,2023-10-29,Express,78.86
ORD002412,CUST00971,2023-02-28,2023-03-02,Express,43.85
ORD002413,CUST00981,2024-11-12,2024-11-17,Standard,318.19
ORD002414,CUST00541,2023-08-19,2023-08-24,Standard,141.76
ORD002415,CUST00484,2024-09-12,2024-09-17,Standard,316.4
ORD002416,CUST00701,2023-02-05,2023-02-10,Standard,2072.36
ORD002417,CUST00084,2023-07-12,2023-07-17,Standard,1370.5
ORD002418,CUST00513,2024-07-10,2024-07-15,Standard,517.68
ORD002419,CUST00645,2023-01-19,2023-01-21,Express,3680.33
ORD002420,CUST00705,2024-12-26,2024-12-31,Standard,772.46
ORD002421,CUST00931,2023-03-18,2023-03-23,Standard,574.92
ORD002422,CUST00669,2023-12-03,2023-12-05,Express,439.45
ORD002423,CUST00194,2024-06-19,2024-06-24,Standard,4490.11
ORD002424,CUST00326,2023-01-10,2023-01-15,Standard,879.06
ORD002425,CUST00533,2024-11-15,2024-11-20,Standard,723.24
ORD002426,CUST01001,2023-09-23,2023-09-25,Express,2901.44
ORD002427,CUST00164,2023-07-27,2023-07-29,Express,6910.92
ORD002428,CUST00637,2024-11-26,2024-12-01,Standard,485.06
ORD002429,CUST00582,2023-12-05,2023-12-05,Same Day,1094.48
ORD002430,CUST00472,2023-12-17,2023-12-22,Standard,200.9
ORD002431,CUST00009,2023-07-24,2023-07-24,Same Day,567.19
ORD002432,CUST01187,2024-07-09,2024-07-14,Standard,4380.68
ORD002433,CUST00463,2023-03-21,2023-03-26,Standard,2687.75
ORD002434,CUST00787,2024-01-26,2024-01-31,Standard,975.17
ORD002435,CUST00745,2024-07-31,2024-08-05,Standard,381.28
ORD002436,CUST00227,2024-11-09,2024-11-14,Standard,3193.77
ORD002437,CUST00007,2024-12-07,2024-12-09,Express,6351.7
ORD002438,CUST01179,2024-05-29,2024-06-03,Standard,240.58
ORD002439,CUST01037,2023-05-14,2023-05-19,Standard,445.88
ORD002440,CUST01125,2024-12-02,2024-12-04,Express,4498.23
ORD002441,CUST00129,2024-11-07,2024-11-07,Same Day,90.68
ORD002442,CUST00555,2023-03-01,2023-03-03,Express,970.65
ORD002443,CUST00208,2024-12-29,2024-12-31,Express,4160.87
ORD002444,CUST01114,2024-03-12,2024-03-17,Standard,518.67
ORD002445,CUST00396,2023-12-29,2023-12-31,Express,4446.97
ORD002446,CUST00052,2024-12-24,2024-12-26,Express,337.8
ORD002447,CUST01182,2024-03-13,2024-03-18,Standard,458.63
ORD002448,CUST00533,2023-06-24,2023-06-29,Standard,1914.89
ORD002449,CUST00332,2023-01-31,2023-02-02,Express,331.46
ORD002450,CUST00707,2024-08-22,2024-08-27,Standard,3026.49
ORD002451,CUST00413,2023-11-15,2023-11-17,Express,1980.07
ORD002452,CUST00423,2024-01-08,2024-01-13,Standard,963.03
ORD002453,CUST00853,2023-12-15,2023-12-20,Standard,1104.2
ORD002454,CUST00786,2023-09-03,2023-09-08,Standard,1655.14
ORD002455,CUST00517,2024-07-25,2024-07-30,Standard,73.43
ORD002456,CUST00243,2024-09-05,2024-09-07,Express,100.95
ORD002457,CUST00937,2023-05-17,2023-05-19,Express,836.64
ORD002458,CUST00812,2023-12-17,2023-12-22,Standard,597.51
ORD002459,CUST00328,2023-03-08,2023-03-13,Standard,2311.54
ORD002460,CUST00649,2024-10-12,2024-10-12,Same Day,1883.88
ORD002461,CUST00088,2023-11-09,2023-11-09,Same Day,378.35
ORD002462,CUST01045,2024-10-31,2024-11-05,Standard,319.54
ORD002463,CUST00421,2024-07-05,2024-07-07,Express,50.62
ORD002464,CUST00564,2023-06-04,2023-06-09,Standard,2038.28
ORD002465,CUST00346,2024-02-28,2024-03-04,Standard,1420.61
ORD002466,CUST01128,2023-02-01,2023-02-06,Standard,1945.58
ORD002467,CUST00132,2024-04-26,2024-05-01,Standard,248.2
ORD002468,CUST00625,2024-07-02,2024-07-04,Express,3078.31
ORD002469,CUST00381,2024-12-22,2024-12-24,Express,3771.42
ORD002470,CUST00165,2024-11-03,2024-11-08,Standard,3474.5
ORD002471,CUST01100,2024-12-08,2024-12-13,Standard,4535.74
ORD002472,CUST00689,2024-11-13,2024-11-18,Standard,1140.11
ORD002473,CUST00996,2024-07-11,2024-07-13,Express,5642.07
ORD002474,CUST00237,2023-04-16,2023-04-18,Express,3244.97
ORD002475,CUST00243,2024-01-24,2024-01-29,Standard,55.06
ORD002476,CUST00869,2023-08-19,2023-08-19,Same Day,443.8
ORD002477,CUST00046,2023-12-12,2023-12-12,Same Day,2527.62
ORD002478,CUST00441,2024-08-16,2024-08-16,Same Day,332.35
ORD002479,CUST01112,2024-04-25,2024-04-27,Express,284.76
ORD002480,CUST00547,2023-10-02,2023-10-07,Standard,1828.05
ORD002481,CUST00453,2023-11-10,2023-11-12,Express,69.02
ORD002482,CUST00192,2024-06-21,2024-06-26,Standard,683.06
ORD002483,CUST00681,2024-11-14,2024-11-19,Standard,268.68
ORD002484,CUST01146,2024-11-11,2024-11-13,Express,189.84
ORD002485,CUST00425,2024-06-18,2024-06-23,Standard,462.36
ORD002486,CUST00266,2024-10-06,2024-10-11,Standard,1663.99
ORD002487,CUST01193,2023-09-30,2023-10-05,Standard,258.03
ORD002488,CUST00683,2024-11-28,2024-12-03,Standard,101.01
ORD002489,CUST00522,2023-05-21,2023-05-26,Standard,820.86
ORD002490,CUST00323,2024-06-03,2024-06-08,Standard,814.47
ORD002491,CUST00081,2023-12-29,2023-12-31,Express,505.05
ORD002492,CUST00798,2024-12-07,2024-12-09,Express,189.84
ORD002493,CUST00337,2023-03-14,2023-03-14,Same Day,466.49
ORD002494,CUST00500,2023-12-11,2023-12-13,Express,164.37
ORD002495,CUST00949,2023-04-30,2023-05-05,Standard,204.58
ORD002496,CUST00071,2024-12-26,2024-12-26,Same Day,742.97
ORD002497,CUST00217,2024-11-01,2024-11-03,Express,295.15
ORD002498,CUST00152,2024-07-20,2024-07-25,Standard,1429.67
ORD002499,CUST01163,2024-12-08,2024-12-13,Standard,1467.64
ORD002500,CUST00515,2023-03-24,2023-03-26,Express,144.96
ORD002501,CUST00045,2023-01-31,2023-02-02,Express,699.73
ORD002502,CUST00438,2023-07-24,2023-07-24,Same Day,928.94
ORD002503,CUST00194,2024-01-01,2024-01-03,Express,158.45
ORD002504,CUST01087,2023-11-09,2023-11-14,Standard,1257.58
ORD002505,CUST00674,2023-01-15,2023-01-15,Same Day,565.78
ORD002506,CUST00329,2024-06-10,2024-06-15,Standard,546.97
ORD002507,CUST00909,2023-11-29,2023-12-04,Standard,518.98
ORD002508,CUST00463,2023-10-22,2023-10-27,Standard,33.6
ORD002509,CUST01014,2024-07-26,2024-07-28,Express,1618.61
ORD002510,CUST00039,2023-12-19,2023-12-24,Standard,1225.64
ORD002511,CUST00202,2023-12-01,2023-12-06,Standard,5685.28
ORD002512,CUST00537,2024-08-29,2024-08-31,Express,635.29
ORD002513,CUST00314,2023-11-28,2023-12-03,Standard,1353.11
ORD002514,CUST00492,2024-02-08,2024-02-10,Express,4039.92
ORD002515,CUST00066,2024-07-06,2024-07-11,Standard,165.44
ORD002516,CUST00204,2023-02-27,2023-03-01,Express,1905.34
ORD002517,CUST00229,2024-12-09,2024-12-11,Express,897.38
ORD002518,CUST00356,2023-05-27,2023-06-01,Standard,100.95
ORD002519,CUST00773,2024-08-09,2024-08-14,Standard,1106.06
ORD002520,CUST00731,2024-10-25,2024-10-27,Express,476.67
ORD002521,CUST00431,2024-08-24,2024-08-24,Same Day,839.62
ORD002522,CUST00289,2024-06-09,2024-06-14,Standard,59.05
ORD002523,CUST00268,2023-10-19,2023-10-24,Standard,5727.02
ORD002524,CUST00241,2024-06-19,2024-06-24,Standard,181.57
ORD002525,CUST00782,2023-07-06,2023-07-06,Same Day,1925.98
ORD002526,CUST00764,2023-04-27,2023-04-29,Express,1860.42
ORD002527,CUST00904,2024-05-01,2024-05-01,Same Day,1360.56
ORD002528,CUST01089,2023-03-04,2023-03-04,Same Day,5312.05
ORD002529,CUST00295,2023-11-08,2023-11-10,Express,1649.21
ORD002530,CUST00555,2023-06-27,2023-06-29,Express,135.65
ORD002531,CUST00708,2023-06-06,2023-06-11,Standard,3395.68
ORD002532,CUST00199,2023-07-16,2023-07-21,Standard,289.62
ORD002533,CUST01165,2023-12-23,2023-12-25,Express,4017.04
ORD002534,CUST00043,2023-03-19,2023-03-19,Same Day,1247.76
ORD002535,CUST00997,2024-01-09,2024-01-11,Express,1211.78
ORD002536,CUST00120,2024-12-31,2025-01-02,Express,261.6
ORD002537,CUST00553,2023-02-24,2023-03-01,Standard,828.65
ORD002538,CUST01040,2023-07-03,2023-07-08,Standard,70.1
ORD002539,CUST00428,2024-03-29,2024-03-31,Express,2836.99
ORD002540,CUST00154,2023-08-14,2023-08-19,Standard,665.9
ORD002541,CUST00934,2023-04-11,2023-04-16,Standard,2497.94
ORD002542,CUST00287,2024-07-21,2024-07-26,Standard,884.7
ORD002543,CUST00884,2024-05-08,2024-05-13,Standard,492.6
ORD002544,CUST00624,2024-03-14,2024-03-19,Standard,4258.89
ORD002545,CUST00241,2023-10-16,2023-10-18,Express,3189.25
ORD002546,CUST00366,2023-03-15,2023-03-17,Express,3486.6
ORD002547,CUST00845,2024-05-12,2024-05-17,Standard,806.1
ORD002548,CUST01083,2024-11-06,2024-11-08,Express,999.1
ORD002549,CUST00298,2024-12-02,2024-12-07,Standard,10099.99
ORD002550,CUST00527,2024-07-18,2024-07-20,Express,1072.6
ORD002551,CUST00388,2024-12-24,2024-12-24,Same Day,973.61
ORD002552,CUST00608,2024-05-18,2024-05-23,Standard,201.12
ORD002553,CUST00743,2023-10-12,2023-10-14,Express,118.08
ORD002554,CUST01039,2024-12-28,2024-12-30,Express,2819.37
ORD002555,CUST00025,2024-03-08,2024-03-13,Standard,224.76
ORD002556,CUST00362,2024-09-10,2024-09-15,Standard,132.03
ORD002557,CUST00504,2024-07-16,2024-07-21,Standard,131.28
ORD002558,CUST00808,2024-04-29,2024-05-01,Express,3541.07
ORD002559,CUST00840,2024-05-19,2024-05-24,Standard,1722.92
ORD002560,CUST00435,2024-06-28,2024-07-03,Standard,4358.55
ORD002561,CUST00368,2024-12-28,2024-12-30,Express,981.06
ORD002562,CUST00666,2024-05-08,2024-05-13,Standard,690.55
ORD002563,CUST00720,2023-11-18,2023-11-23,Standard,766.48
ORD002564,CUST00815,2023-05-30,2023-06-04,Standard,849.01
ORD002565,CUST00802,2024-12-01,2024-12-06,Standard,115.92
ORD002566,CUST01158,2024-04-26,2024-05-01,Standard,2012.68
ORD002567,CUST00109,2024-01-11,2024-01-13,Express,398.8
ORD002568,CUST01168,2024-09-07,2024-09-12,Standard,753.58
ORD002569,CUST00566,2024-07-18,2024-07-20,Express,250.1
ORD002570,CUST00161,2023-02-28,2023-03-02,Express,314.06
ORD002571,CUST00693,2023-10-13,2023-10-18,Standard,845.9
ORD002572,CUST01015,2024-08-08,2024-08-10,Express,5384.59
ORD002573,CUST00841,2023-07-07,2023-07-09,Express,194.13
ORD002574,CUST00910,2024-01-13,2024-01-18,Standard,2999.2
ORD002575,CUST00447,2024-11-23,2024-11-23,Same Day,646.16
ORD002576,CUST00538,2024-11-21,2024-11-23,Express,295.9
ORD002577,CUST00963,2024-03-12,2024-03-17,Standard,1090.97
ORD002578,CUST00081,2023-10-08,2023-10-08,Same Day,5878.32
ORD002579,CUST00749,2024-09-10,2024-09-12,Express,115.92
ORD002580,CUST00618,2023-12-13,2023-12-18,Standard,172.46
ORD002581,CUST00191,2024-03-24,2024-03-26,Express,1618.61
ORD002582,CUST00819,2024-07-15,2024-07-17,Express,272.35
ORD002583,CUST01047,2023-12-21,2023-12-26,Standard,165.44
ORD002584,CUST00665,2023-12-02,2023-12-07,Standard,201.74
ORD002585,CUST00726,2023-12-20,2023-12-20,Same Day,1202.51
ORD002586,CUST00796,2024-06-01,2024-06-03,Express,731.22
ORD002587,CUST00088,2023-09-30,2023-10-05,Standard,2234.61
ORD002588,CUST00411,2023-08-08,2023-08-10,Express,287.55
ORD002589,CUST00425,2024-06-08,2024-06-13,Standard,1368.1
ORD002590,CUST00397,2023-04-19,2023-04-24,Standard,2337.43
ORD002591,CUST00219,2023-12-26,2023-12-26,Same Day,662.9
ORD002592,CUST01058,2023-02-13,2023-02-15,Express,1722.92
ORD002593,CUST00796,2023-03-10,2023-03-15,Standard,494.97
ORD002594,CUST00960,2024-11-10,2024-11-15,Standard,141.48
ORD002595,CUST01094,2023-08-21,2023-08-26,Standard,251.2
ORD002596,CUST00432,2023-03-08,2023-03-13,Standard,772.46
ORD002597,CUST00053,2023-04-14,2023-04-16,Express,128.25
ORD002598,CUST00857,2023-11-05,2023-11-07,Express,194.98
ORD002599,CUST00913,2024-02-03,2024-02-03,Same Day,873.59
ORD002600,CUST00383,2023-06-18,2023-06-20,Express,3627.46
ORD002601,CUST00973,2024-04-30,2024-04-30,Same Day,56.72
ORD002602,CUST01010,2024-12-06,2024-12-08,Express,4205.55
ORD002603,CUST00714,2023-02-27,2023-02-27,Same Day,4951.49
ORD002604,CUST00800,2024-10-06,2024-10-11,Standard,650.02
ORD002605,CUST00103,2023-06-29,2023-07-04,Standard,3697.14
ORD002606,CUST00850,2024-11-30,2024-12-05,Standard,831.27
ORD002607,CUST00528,2024-11-30,2024-12-05,Standard,1876.36
ORD002608,CUST00801,2024-12-21,2024-12-26,Standard,1415.02
ORD002609,CUST00890,2024-12-15,2024-12-20,Standard,458.84
ORD002610,CUST00852,2023-07-27,2023-08-01,Standard,2970.82
ORD002611,CUST00411,2024-11-29,2024-12-04,Standard,1795.54
ORD002612,CUST00718,2023-09-13,2023-09-18,Standard,23.14
ORD002613,CUST01053,2023-04-03,2023-04-05,Express,3941.83
ORD002614,CUST00379,2023-07-31,2023-08-02,Express,3617.98
ORD002615,CUST00504,2023-07-23,2023-07-28,Standard,818.34
ORD002616,CUST00271,2023-07-12,2023-07-12,Same Day,4604.89
ORD002617,CUST01147,2023-11-03,2023-11-03,Same Day,3264.79
ORD002618,CUST00304,2024-11-22,2024-11-27,Standard,165.73
ORD002619,CUST00281,2023-03-29,2023-03-31,Express,1595.16
ORD002620,CUST00690,2024-11-03,2024-11-08,Standard,1906.42
ORD002621,CUST00580,2023-03-29,2023-04-03,Standard,32.62
ORD002622,CUST00948,2023-11-20,2023-11-25,Standard,4259.5
ORD002623,CUST00586,2024-12-08,2024-12-13,Standard,1026.1
ORD002624,CUST00751,2024-12-14,2024-12-19,Standard,431.4
ORD002625,CUST00575,2023-01-17,2023-01-22,Standard,415.54
ORD002626,CUST00405,2024-06-10,2024-06-12,Express,960.85
ORD002627,CUST00581,2024-04-03,2024-04-08,Standard,194.13
ORD002628,CUST00934,2023-08-29,2023-08-31,Express,1019.4
ORD002629,CUST01162,2023-10-13,2023-10-15,Express,4222.3
ORD002630,CUST00372,2024-10-29,2024-11-03,Standard,89.56
ORD002631,CUST00757,2024-07-02,2024-07-07,Standard,4749.21
ORD002632,CUST00389,2024-08-29,2024-08-29,Same Day,3695.82
ORD002633,CUST00930,2024-01-09,2024-01-14,Standard,94.6
ORD002634,CUST00222,2024-11-25,2024-11-30,Standard,1009.92
ORD002635,CUST00213,2024-01-07,2024-01-12,Standard,375.15
ORD002636,CUST01163,2024-06-25,2024-06-30,Standard,2023.6
ORD002637,CUST00602,2024-08-19,2024-08-24,Standard,4952.55
ORD002638,CUST00802,2024-05-27,2024-06-01,Standard,899.64
ORD002639,CUST00082,2023-12-26,2023-12-31,Standard,2225.48
ORD002640,CUST01166,2023-10-16,2023-10-21,Standard,1939.0
ORD002641,CUST01155,2024-10-18,2024-10-20,Express,1503.06
ORD002642,CUST00029,2024-08-24,2024-08-26,Express,317.78
ORD002643,CUST00612,2024-07-27,2024-08-01,Standard,500.76
ORD002644,CUST01092,2023-05-17,2023-05-22,Standard,2835.95
ORD002645,CUST01194,2023-05-23,2023-05-25,Express,251.2
ORD002646,CUST00207,2024-06-16,2024-06-18,Express,563.48
ORD002647,CUST00251,2024-11-10,2024-11-10,Same Day,592.1
ORD002648,CUST01112,2023-08-20,2023-08-25,Standard,2260.19
ORD002649,CUST01029,2023-07-13,2023-07-13,Same Day,5587.48
ORD002650,CUST01182,2023-06-25,2023-06-30,Standard,100.87
ORD002651,CUST00491,2023-09-22,2023-09-27,Standard,1991.8
ORD002652,CUST00180,2023-07-06,2023-07-06,Same Day,4229.72
ORD002653,CUST00282,2024-12-15,2024-12-20,Standard,8065.49
ORD002654,CUST00864,2023-04-21,2023-04-23,Express,241.35
ORD002655,CUST00884,2024-04-23,2024-04-28,Standard,451.49
ORD002656,CUST00381,2023-07-17,2023-07-19,Express,1213.79
ORD002657,CUST00333,2024-11-19,2024-11-24,Standard,380.69
ORD002658,CUST00211,2023-12-21,2023-12-26,Standard,7387.13
ORD002659,CUST00660,2023-03-18,2023-03-23,Standard,749.08
ORD002660,CUST00747,2024-08-25,2024-08-30,Standard,978.67
ORD002661,CUST00279,2024-08-28,2024-08-28,Same Day,650.02
ORD002662,CUST00288,2023-05-05,2023-05-10,Standard,170.94
ORD002663,CUST00767,2024-05-02,2024-05-04,Express,3462.0
ORD002664,CUST00546,2023-11-19,2023-11-21,Express,1068.7
ORD002665,CUST00771,2023-11-06,2023-11-06,Same Day,219.96
ORD002666,CUST00933,2024-11-18,2024-11-23,Standard,1809.72
ORD002667,CUST00135,2024-03-28,2024-03-28,Same Day,431.46
ORD002668,CUST00259,2024-05-03,2024-05-08,Standard,414.33
ORD002669,CUST00647,2024-01-29,2024-02-03,Standard,506.43
ORD002670,CUST00782,2023-09-06,2023-09-11,Standard,245.88
ORD002671,CUST00547,2024-09-23,2024-09-28,Standard,176.85
ORD002672,CUST00136,2023-12-27,2023-12-27,Same Day,131.44
ORD002673,CUST00716,2024-05-07,2024-05-12,Standard,1063.44
ORD002674,CUST00390,2024-02-15,2024-02-17,Express,728.16
ORD002675,CUST00143,2024-11-27,2024-12-02,Standard,553.27
ORD002676,CUST00278,2023-01-22,2023-01-27,Standard,330.88
ORD002677,CUST00162,2024-03-11,2024-03-11,Same Day,2127.56
ORD002678,CUST00161,2023-12-11,2023-12-16,Standard,2137.01
ORD002679,CUST00686,2024-10-28,2024-10-28,Same Day,170.35
ORD002680,CUST01105,2023-06-16,2023-06-16,Same Day,441.95
ORD002681,CUST01153,2023-06-14,2023-06-19,Standard,458.65
ORD002682,CUST01039,2024-06-25,2024-06-30,Standard,207.11
ORD002683,CUST00281,2024-04-07,2024-04-09,Express,1022.92
ORD002684,CUST01113,2024-08-27,2024-09-01,Standard,554.37
ORD002685,CUST00997,2023-06-03,2023-06-08,Standard,1485.74
ORD002686,CUST00614,2023-10-05,2023-10-10,Standard,1813.95
ORD002687,CUST01074,2024-11-18,2024-11-20,Express,392.09
ORD002688,CUST00494,2024-05-29,2024-06-03,Standard,2887.06
ORD002689,CUST00028,2024-04-04,2024-04-06,Express,1946.56
ORD002690,CUST00798,2023-12-13,2023-12-18,Standard,194.13
ORD002691,CUST01081,2024-07-17,2024-07-17,Same Day,5587.48
ORD002692,CUST01068,2023-04-16,2023-04-21,Standard,2342.53
ORD002693,CUST00720,2024-06-02,2024-06-02,Same Day,287.14
ORD002694,CUST00913,2023-06-26,2023-07-01,Standard,1503.1
ORD002695,CUST00651,2023-01-31,2023-02-05,Standard,2337.63
ORD002696,CUST00688,2024-12-01,2024-12-06,Standard,359.6
ORD002697,CUST00944,2023-07-11,2023-07-13,Express,398.0
ORD002698,CUST00926,2023-02-28,2023-03-02,Express,798.3
ORD002699,CUST00225,2023-05-21,2023-05-26,Standard,272.89
ORD002700,CUST00936,2023-11-04,2023-11-09,Standard,2231.84
ORD002701,CUST01123,2024-04-27,2024-04-27,Same Day,1152.05
ORD002702,CUST00249,2023-10-02,2023-10-07,Standard,3288.26
ORD002703,CUST00253,2023-11-26,2023-12-01,Standard,2253.17
ORD002704,CUST00069,2024-05-21,2024-05-26,Standard,1020.77
ORD002705,CUST00108,2023-05-24,2023-05-29,Standard,809.69
ORD002706,CUST00728,2023-01-19,2023-01-21,Express,2429.61
ORD002707,CUST01154,2023-07-18,2023-07-23,Standard,2855.71
ORD002708,CUST00463,2024-07-21,2024-07-26,Standard,3947.52
ORD002709,CUST01081,2024-11-15,2024-11-15,Same Day,514.47
ORD002710,CUST00765,2023-07-30,2023-07-30,Same Day,3060.37
ORD002711,CUST00199,2024-06-14,2024-06-19,Standard,5044.11
ORD002712,CUST00797,2023-05-26,2023-05-31,Standard,1606.87
ORD002713,CUST00831,2024-12-24,2024-12-29,Standard,683.02
ORD002714,CUST01034,2023-11-22,2023-11-24,Express,700.9
ORD002715,CUST00328,2023-12-08,2023-12-13,Standard,30.11
ORD002716,CUST00059,2024-08-14,2024-08-16,Express,6311.25
ORD002717,CUST00783,2024-09-09,2024-09-14,Standard,857.96
ORD002718,CUST00159,2023-12-02,2023-12-07,Standard,829.49
ORD002719,CUST00108,2023-10-19,2023-10-24,Standard,886.18
ORD002720,CUST00587,2023-07-09,2023-07-11,Express,5421.04
ORD002721,CUST00049,2024-10-06,2024-10-08,Express,18.92
ORD002722,CUST00276,2023-03-10,2023-03-12,Express,35.67
ORD002723,CUST00202,2023-12-14,2023-12-19,Standard,1435.01
ORD002724,CUST00589,2024-10-23,2024-10-23,Same Day,323.23
ORD002725,CUST00585,2023-10-27,2023-10-29,Express,75.67
ORD002726,CUST00647,2024-09-14,2024-09-14,Same Day,1459.92
ORD002727,CUST00289,2023-09-10,2023-09-15,Standard,264.7
ORD002728,CUST00881,2023-11-21,2023-11-26,Standard,210.3
ORD002729,CUST00247,2024-07-04,2024-07-06,Express,8691.81
ORD002730,CUST00757,2023-10-27,2023-11-01,Standard,7083.07
ORD002731,CUST00598,2023-01-06,2023-01-11,Standard,1837.2
ORD002732,CUST01097,2023-01-09,2023-01-14,Standard,127.8
ORD002733,CUST01028,2024-04-14,2024-04-19,Standard,9488.57
ORD002734,CUST00048,2024-12-20,2024-12-25,Standard,736.74
ORD002735,CUST00160,2023-06-02,2023-06-07,Standard,1904.31
ORD002736,CUST00394,2023-04-26,2023-04-28,Express,6035.9
ORD002737,CUST00584,2024-10-06,2024-10-11,Standard,2266.07
ORD002738,CUST00564,2024-09-15,2024-09-17,Express,163.88
ORD002739,CUST00056,2023-04-15,2023-04-17,Express,83.78
ORD002740,CUST00253,2024-03-08,2024-03-13,Standard,2895.73
ORD002741,CUST00030,2023-06-08,2023-06-13,Standard,2217.5
ORD002742,CUST00852,2023-09-16,2023-09-21,Standard,55.72
ORD002743,CUST00127,2024-08-21,2024-08-23,Express,11066.99
ORD002744,CUST00808,2024-02-07,2024-02-12,Standard,359.86
ORD002745,CUST00443,2024-07-25,2024-07-25,Same Day,443.25
ORD002746,CUST01140,2023-03-03,2023-03-08,Standard,968.79
ORD002747,CUST00339,2023-04-29,2023-05-04,Standard,4100.3
ORD002748,CUST01000,2024-11-01,2024-11-03,Express,1290.15
ORD002749,CUST00925,2023-10-12,2023-10-14,Express,49.31
ORD002750,CUST00570,2024-11-24,2024-11-29,Standard,1232.72
ORD002751,CUST00160,2023-05-19,2023-05-21,Express,35.5
ORD002752,CUST00004,2024-11-17,2024-11-22,Standard,2132.77
ORD002753,CUST01166,2024-11-27,2024-12-02,Standard,1630.93
ORD002754,CUST00095,2024-06-12,2024-06-14,Express,5979.07
ORD002755,CUST00696,2023-09-11,2023-09-11,Same Day,6183.45
ORD002756,CUST00816,2023-01-12,2023-01-14,Express,2584.64
ORD002757,CUST00473,2023-02-04,2023-02-06,Express,677.43
ORD002758,CUST00318,2024-03-16,2024-03-18,Express,1113.85
ORD002759,CUST00459,2023-01-11,2023-01-13,Express,880.41
ORD002760,CUST00916,2024-10-30,2024-11-04,Standard,101.01
ORD002761,CUST00192,2023-12-27,2023-12-29,Express,560.85
ORD002762,CUST00069,2024-03-10,2024-03-12,Express,2067.61
ORD002763,CUST01070,2024-09-15,2024-09-17,Express,1894.42
ORD002764,CUST01010,2023-02-25,2023-03-02,Standard,1245.28
ORD002765,CUST00852,2023-04-30,2023-05-05,Standard,490.94
ORD002766,CUST00720,2023-08-14,2023-08-14,Same Day,2409.4
ORD002767,CUST00765,2024-06-14,2024-06-19,Standard,1519.73
ORD002768,CUST01184,2023-11-22,2023-11-24,Express,254.32
ORD002769,CUST01118,2024-12-27,2024-12-29,Express,574.92
ORD002770,CUST01003,2024-04-04,2024-04-09,Standard,3600.55
ORD002771,CUST00082,2023-03-28,2023-04-02,Standard,2195.06
ORD002772,CUST00753,2024-06-18,2024-06-23,Standard,4588.3
ORD002773,CUST00635,2023-02-23,2023-02-28,Standard,2802.3
ORD002774,CUST00613,2023-08-25,2023-08-30,Standard,65.77
ORD002775,CUST00599,2023-08-14,2023-08-19,Standard,57.27
ORD002776,CUST01176,2024-06-21,2024-06-26,Standard,1695.5
ORD002777,CUST00002,2023-04-05,2023-04-07,Express,236.35
ORD002778,CUST00134,2023-04-28,2023-05-03,Standard,419.53
ORD002779,CUST01155,2024-10-15,2024-10-17,Express,1646.34
ORD002780,CUST00140,2024-01-30,2024-02-04,Standard,1064.4
ORD002781,CUST00486,2024-03-08,2024-03-10,Express,3281.16
ORD002782,CUST00941,2023-06-08,2023-06-13,Standard,235.27
ORD002783,CUST00041,2023-09-16,2023-09-21,Standard,748.94
ORD002784,CUST01121,2024-07-07,2024-07-09,Express,415.15
ORD002785,CUST00213,2024-06-06,2024-06-06,Same Day,291.08
ORD002786,CUST00223,2023-02-21,2023-02-23,Express,277.03
ORD002787,CUST00892,2024-07-09,2024-07-11,Express,4160.71
ORD002788,CUST00801,2023-07-21,2023-07-26,Standard,2150.2
ORD002789,CUST00508,2023-11-04,2023-11-09,Standard,2008.52
ORD002790,CUST00481,2023-09-18,2023-09-23,Standard,584.19
ORD002791,CUST00505,2024-10-10,2024-10-10,Same Day,278.6
ORD002792,CUST00905,2024-07-02,2024-07-07,Standard,2754.71
ORD002793,CUST01197,2023-11-13,2023-11-18,Standard,613.04
ORD002794,CUST01018,2023-05-26,2023-05-31,Standard,1966.17
ORD002795,CUST00459,2023-11-23,2023-11-25,Express,907.09
ORD002796,CUST00225,2023-09-22,2023-09-27,Standard,1199.32
ORD002797,CUST00725,2023-09-11,2023-09-13,Express,5839.31
ORD002798,CUST01077,2023-06-22,2023-06-27,Standard,1933.9
ORD002799,CUST01175,2023-05-10,2023-05-15,Standard,3990.55
ORD002800,CUST00833,2023-03-07,2023-03-12,Standard,314.06
ORD002801,CUST00957,2023-11-11,2023-11-16,Standard,311.03
ORD002802,CUST00700,2024-08-31,2024-09-05,Standard,941.64
ORD002803,CUST00922,2023-07-25,2023-07-25,Same Day,1713.29
ORD002804,CUST01024,2024-10-06,2024-10-11,Standard,2711.5
ORD002805,CUST01098,2024-02-10,2024-02-15,Standard,792.96
ORD002806,CUST00822,2023-07-15,2023-07-20,Standard,1137.93
ORD002807,CUST00239,2023-01-21,2023-01-26,Standard,259.94
ORD002808,CUST01188,2023-12-06,2023-12-08,Express,1729.5
ORD002809,CUST01085,2024-11-21,2024-11-23,Express,87.2
ORD002810,CUST00580,2024-01-02,2024-01-04,Express,595.99
ORD002811,CUST00756,2023-10-29,2023-11-03,Standard,191.64
ORD002812,CUST01081,2024-02-26,2024-02-26,Same Day,280.4
ORD002813,CUST00578,2024-11-18,2024-11-20,Express,677.9
ORD002814,CUST01175,2024-04-18,2024-04-18,Same Day,2724.74
ORD002815,CUST00101,2024-12-08,2024-12-08,Same Day,3065.19
ORD002816,CUST00075,2024-11-25,2024-11-30,Standard,2336.58
ORD002817,CUST01007,2023-08-07,2023-08-12,Standard,3631.64
ORD002818,CUST00591,2024-03-02,2024-03-07,Standard,2967.49
ORD002819,CUST00294,2023-12-31,2024-01-02,Express,219.16
ORD002820,CUST00573,2023-06-19,2023-06-21,Express,746.74
ORD002821,CUST00771,2024-11-14,2024-11-14,Same Day,5343.48
ORD002822,CUST00690,2023-06-26,2023-07-01,Standard,1109.07
ORD002823,CUST00339,2023-06-27,2023-07-02,Standard,2790.87
ORD002824,CUST00370,2024-11-12,2024-11-17,Standard,887.7
ORD002825,CUST01078,2023-07-21,2023-07-26,Standard,2580.3
ORD002826,CUST01195,2023-12-08,2023-12-13,Standard,644.88
ORD002827,CUST00363,2023-07-17,2023-07-22,Standard,2479.12
ORD002828,CUST00880,2023-08-16,2023-08-21,Standard,6240.11
ORD002829,CUST01016,2024-01-05,2024-01-05,Same Day,1371.92
ORD002830,CUST00362,2024-09-27,2024-09-27,Same Day,404.04
ORD002831,CUST00995,2023-12-13,2023-12-18,Standard,1101.71
ORD002832,CUST00923,2023-04-10,2023-04-12,Express,115.06
ORD002833,CUST00664,2023-11-27,2023-12-02,Standard,156.15
ORD002834,CUST00875,2023-10-08,2023-10-10,Express,524.82
ORD002835,CUST00130,2023-09-22,2023-09-24,Express,498.68
ORD002836,CUST01072,2024-11-16,2024-11-18,Express,1378.32
ORD002837,CUST00508,2023-05-11,2023-05-13,Express,34.5
ORD002838,CUST00815,2023-09-21,2023-09-23,Express,1021.34
ORD002839,CUST00834,2023-07-25,2023-07-30,Standard,1362.64
ORD002840,CUST00787,2024-05-13,2024-05-15,Express,222.88
ORD002841,CUST00484,2024-06-04,2024-06-09,Standard,1480.92
ORD002842,CUST00446,2024-04-26,2024-04-28,Express,2072.19
ORD002843,CUST00208,2024-04-10,2024-04-15,Standard,392.07
ORD002844,CUST00760,2023-03-27,2023-03-29,Express,3347.26
ORD002845,CUST00158,2024-12-29,2025-01-03,Standard,503.03
ORD002846,CUST00586,2024-11-19,2024-11-24,Standard,13.6
ORD002847,CUST00748,2023-10-10,2023-10-15,Standard,1316.2
ORD002848,CUST00811,2023-07-17,2023-07-17,Same Day,127.16
ORD002849,CUST01189,2023-09-15,2023-09-17,Express,1516.96
ORD002850,CUST00141,2023-02-25,2023-03-02,Standard,516.33
ORD002851,CUST00483,2023-01-01,2023-01-06,Standard,8741.16
ORD002852,CUST00503,2024-03-07,2024-03-09,Express,398.0
ORD002853,CUST00938,2024-12-18,2024-12-23,Standard,87.89
ORD002854,CUST00844,2023-12-12,2023-12-12,Same Day,72.54
ORD002855,CUST01198,2023-04-14,2023-04-14,Same Day,1548.58
ORD002856,CUST00795,2023-08-23,2023-08-28,Standard,1465.55
ORD002857,CUST00556,2023-06-19,2023-06-24,Standard,4724.22
ORD002858,CUST00146,2024-12-26,2024-12-28,Express,655.84
ORD002859,CUST00432,2024-08-02,2024-08-07,Standard,3909.87
ORD002860,CUST01062,2024-05-18,2024-05-20,Express,141.42
ORD002861,CUST00219,2024-06-11,2024-06-16,Standard,31.05
ORD002862,CUST00707,2023-10-23,2023-10-28,Standard,415.15
ORD002863,CUST00876,2023-11-21,2023-11-26,Standard,58.46
ORD002864,CUST00166,2023-12-11,2023-12-16,Standard,1756.18
ORD002865,CUST00595,2024-12-25,2024-12-30,Standard,408.61
ORD002866,CUST00505,2023-03-28,2023-04-02,Standard,93.65
ORD002867,CUST00155,2023-04-17,2023-04-17,Same Day,4749.36
ORD002868,CUST00406,2023-03-29,2023-04-03,Standard,289.2
ORD002869,CUST00065,2023-12-24,2023-12-29,Standard,202.31
ORD002870,CUST00749,2024-10-19,2024-10-19,Same Day,147.86
ORD002871,CUST00496,2023-05-14,2023-05-16,Express,131.1
ORD002872,CUST00214,2024-09-13,2024-09-18,Standard,3745.1
ORD002873,CUST00410,2024-08-10,2024-08-10,Same Day,588.87
ORD002874,CUST00993,2024-11-04,2024-11-09,Standard,322.29
ORD002875,CUST00629,2023-08-15,2023-08-17,Express,213.52
ORD002876,CUST00975,2023-12-05,2023-12-10,Standard,212.58
ORD002877,CUST01168,2023-04-22,2023-04-24,Express,1839.11
ORD002878,CUST00638,2024-09-22,2024-09-27,Standard,1026.2
ORD002879,CUST00353,2023-07-14,2023-07-14,Same Day,701.88
ORD002880,CUST00130,2024-11-19,2024-11-24,Standard,396.48
ORD002881,CUST00728,2024-04-01,2024-04-06,Standard,2363.95
ORD002882,CUST00440,2024-02-14,2024-02-14,Same Day,3846.04
ORD002883,CUST00116,2024-05-23,2024-05-25,Express,3377.87
ORD002884,CUST01186,2024-11-08,2024-11-13,Standard,4483.39
ORD002885,CUST01003,2024-09-23,2024-09-23,Same Day,1944.49
ORD002886,CUST00671,2023-09-13,2023-09-15,Express,327.84
ORD002887,CUST01042,2023-10-02,2023-10-07,Standard,198.57
ORD002888,CUST00741,2024-05-06,2024-05-11,Standard,1916.45
ORD002889,CUST00584,2024-04-29,2024-05-01,Express,1836.76
ORD002890,CUST00020,2024-07-14,2024-07-16,Express,4921.94
ORD002891,CUST00663,2023-12-22,2023-12-27,Standard,1685.08
ORD002892,CUST00065,2023-10-26,2023-10-28,Express,634.51
ORD002893,CUST01088,2023-04-14,2023-04-16,Express,937.88
ORD002894,CUST00487,2024-09-27,2024-10-02,Standard,1392.82
ORD002895,CUST00481,2024-12-15,2024-12-20,Standard,116.32
ORD002896,CUST00443,2024-11-10,2024-11-12,Express,445.49
ORD002897,CUST00226,2023-12-04,2023-12-09,Standard,760.37
ORD002898,CUST00967,2023-01-15,2023-01-20,Standard,3274.54
ORD002899,CUST00613,2023-12-15,2023-12-20,Standard,124.32
ORD002900,CUST00818,2023-03-02,2023-03-04,Express,908.18
ORD002901,CUST00438,2023-07-13,2023-07-15,Express,214.99
ORD002902,CUST00390,2023-04-14,2023-04-19,Standard,591.5
ORD002903,CUST01195,2023-08-30,2023-09-04,Standard,1294.42
ORD002904,CUST00206,2024-03-15,2024-03-20,Standard,758.73
ORD002905,CUST00764,2024-09-25,2024-09-27,Express,329.25
ORD002906,CUST00273,2023-10-29,2023-11-03,Standard,3514.18
ORD002907,CUST00451,2024-01-21,2024-01-23,Express,28.4
ORD002908,CUST00582,2024-12-13,2024-12-18,Standard,4781.47
ORD002909,CUST00683,2023-12-12,2023-12-17,Standard,132.94
ORD002910,CUST00599,2023-06-28,2023-06-30,Express,83.54
ORD002911,CUST00044,2024-02-23,2024-02-23,Same Day,3493.25
ORD002912,CUST00473,2023-07-07,2023-07-12,Standard,10763.76
ORD002913,CUST00302,2023-12-05,2023-12-10,Standard,1116.49
ORD002914,CUST00593,2024-02-14,2024-02-19,Standard,643.87
ORD002915,CUST00449,2024-08-13,2024-08-18,Standard,1653.84
ORD002916,CUST00646,2023-07-10,2023-07-12,Express,2437.93
ORD002917,CUST00771,2024-12-09,2024-12-11,Express,1109.89
ORD002918,CUST01189,2023-12-09,2023-12-14,Standard,852.87
ORD002919,CUST00294,2023-06-06,2023-06-11,Standard,862.38
ORD002920,CUST00333,2023-11-10,2023-11-15,Standard,1207.18
ORD002921,CUST01141,2023-12-20,2023-12-25,Standard,269.73
ORD002922,CUST00121,2023-12-02,2023-12-07,Standard,2085.77
ORD002923,CUST00395,2023-06-06,2023-06-11,Standard,265.95
ORD002924,CUST00180,2024-12-16,2024-12-21,Standard,4546.7
ORD002925,CUST00268,2023-02-04,2023-02-09,Standard,1455.4
ORD002926,CUST00037,2023-04-29,2023-05-01,Express,649.1
ORD002927,CUST00270,2023-01-15,2023-01-20,Standard,354.44
ORD002928,CUST00505,2024-06-03,2024-06-08,Standard,397.38
ORD002929,CUST01020,2024-09-02,2024-09-07,Standard,1480.98
ORD002930,CUST00995,2023-02-10,2023-02-15,Standard,5869.1
ORD002931,CUST01154,2023-04-05,2023-04-10,Standard,1891.16
ORD002932,CUST00299,2023-02-20,2023-02-22,Express,1790.89
ORD002933,CUST00709,2023-03-17,2023-03-17,Same Day,442.22
ORD002934,CUST00006,2024-03-07,2024-03-09,Express,4483.03
ORD002935,CUST00086,2023-02-10,2023-02-12,Express,1703.8
ORD002936,CUST00398,2023-05-29,2023-06-03,Standard,1083.15
ORD002937,CUST00768,2023-09-01,2023-09-06,Standard,244.5
ORD002938,CUST00632,2023-11-25,2023-11-27,Express,1230.92
ORD002939,CUST00556,2024-07-30,2024-08-04,Standard,150.72
ORD002940,CUST00011,2023-04-07,2023-04-09,Express,739.78
ORD002941,CUST00408,2024-08-25,2024-08-30,Standard,344.14
ORD002942,CUST00506,2023-06-10,2023-06-15,Standard,5500.2
ORD002943,CUST01077,2024-06-26,2024-07-01,Standard,246.46
ORD002944,CUST00466,2024-11-12,2024-11-17,Standard,2895.94
ORD002945,CUST00694,2024-06-01,2024-06-06,Standard,1799.04
ORD002946,CUST01097,2023-11-01,2023-11-06,Standard,3312.61
ORD002947,CUST01063,2024-01-07,2024-01-12,Standard,455.43
ORD002948,CUST00691,2024-11-15,2024-11-20,Standard,880.07
ORD002949,CUST00424,2023-04-10,2023-04-15,Standard,1221.11
ORD002950,CUST00005,2024-12-25,2024-12-30,Standard,201.74
ORD002951,CUST01009,2023-10-23,2023-10-28,Standard,121.84
ORD002952,CUST00973,2024-04-23,2024-04-23,Same Day,2673.73
ORD002953,CUST00858,2024-08-11,2024-08-16,Standard,560.72
ORD002954,CUST00285,2024-12-11,2024-12-11,Same Day,2395.79
ORD002955,CUST00691,2024-02-20,2024-02-22,Express,546.06
ORD002956,CUST00371,2023-12-08,2023-12-10,Express,1290.15
ORD002957,CUST00946,2024-05-03,2024-05-05,Express,2900.95
ORD002958,CUST00496,2024-01-17,2024-01-22,Standard,2927.46
ORD002959,CUST01030,2024-03-27,2024-04-01,Standard,254.57
ORD002960,CUST00595,2024-07-22,2024-07-24,Express,1011.56
ORD002961,CUST00045,2023-03-24,2023-03-29,Standard,1006.11
ORD002962,CUST00807,2024-12-22,2024-12-27,Standard,1186.84
ORD002963,CUST00526,2024-09-14,2024-09-19,Standard,4466.26
ORD002964,CUST01167,2023-07-07,2023-07-12,Standard,1434.71
ORD002965,CUST00189,2023-10-11,2023-10-16,Standard,3617.44
ORD002966,CUST00522,2024-08-31,2024-09-02,Express,3621.54
ORD002967,CUST01095,2023-11-11,2023-11-13,Express,294.04
ORD002968,CUST00473,2023-11-02,2023-11-07,Standard,418.9
ORD002969,CUST00183,2023-12-23,2023-12-28,Standard,202.5
ORD002970,CUST00498,2023-04-18,2023-04-23,Standard,1158.17
ORD002971,CUST00927,2024-11-17,2024-11-19,Express,416.24
ORD002972,CUST01161,2024-03-16,2024-03-21,Standard,100.56
ORD002973,CUST00421,2024-11-14,2024-11-19,Standard,2414.36
ORD002974,CUST00667,2024-03-22,2024-03-27,Standard,1358.89
ORD002975,CUST00775,2023-11-26,2023-12-01,Standard,657.48
ORD002976,CUST01083,2023-08-25,2023-08-30,Standard,203.65
ORD002977,CUST00528,2024-11-12,2024-11-17,Standard,372.87
ORD002978,CUST00303,2023-04-09,2023-04-14,Standard,2147.45
ORD002979,CUST00127,2024-07-01,2024-07-06,Standard,1230.75
ORD002980,CUST00432,2024-11-16,2024-11-16,Same Day,196.8
ORD002981,CUST00217,2024-10-16,2024-10-21,Standard,2949.28
ORD002982,CUST01004,2024-03-04,2024-03-09,Standard,2951.32
ORD002983,CUST00423,2023-12-04,2023-12-09,Standard,2242.42
ORD002984,CUST00728,2024-09-11,2024-09-16,Standard,172.56
ORD002985,CUST00637,2024-11-23,2024-11-28,Standard,2018.65
ORD002986,CUST00526,2023-05-02,2023-05-07,Standard,251.34
ORD002987,CUST00685,2024-06-24,2024-06-29,Standard,177.4
ORD002988,CUST00800,2023-03-16,2023-03-21,Standard,731.7
ORD002989,CUST00180,2023-08-17,2023-08-19,Express,165.44
ORD002990,CUST00204,2023-11-12,2023-11-14,Express,301.31
ORD002991,CUST00933,2024-11-28,2024-12-03,Standard,854.76
ORD002992,CUST00056,2023-06-02,2023-06-07,Standard,534.0
ORD002993,CUST01066,2024-06-12,2024-06-17,Standard,1054.92
ORD002994,CUST00645,2024-06-12,2024-06-14,Express,3249.26
ORD002995,CUST00947,2024-10-13,2024-10-15,Express,1654.58
ORD002996,CUST00608,2024-12-06,2024-12-11,Standard,627.31
ORD002997,CUST00181,2024-11-24,2024-11-26,Express,106.11
ORD002998,CUST00099,2024-08-27,2024-08-29,Express,561.28
ORD002999,CUST00764,2023-07-11,2023-07-13,Express,1039.76
ORD003000,CUST00350,2024-09-12,2024-09-17,Standard,1464.6
ORD003001,CUST00404,2024-10-29,2024-11-03,Standard,1896.55
ORD003002,CUST00915,2024-02-05,2024-02-10,Standard,2326.97
ORD003003,CUST01038,2023-12-21,2023-12-26,Standard,479.84
ORD003004,CUST00783,2023-08-27,2023-09-01,Standard,768.8
ORD003005,CUST00609,2024-07-21,2024-07-26,Standard,2044.56
ORD003006,CUST00510,2023-08-19,2023-08-24,Standard,765.35
ORD003007,CUST00968,2023-05-31,2023-06-05,Standard,189.42
ORD003008,CUST01153,2023-06-10,2023-06-10,Same Day,369.51
ORD003009,CUST00121,2023-12-19,2023-12-21,Express,66.19
ORD003010,CUST00853,2024-04-05,2024-04-10,Standard,2065.07
ORD003011,CUST00862,2023-11-23,2023-11-28,Standard,654.55
ORD003012,CUST00698,2023-11-21,2023-11-26,Standard,72.48
ORD003013,CUST00503,2024-06-28,2024-07-03,Standard,3614.12
ORD003014,CUST00266,2024-12-26,2024-12-28,Express,4047.84
ORD003015,CUST01014,2024-07-26,2024-07-31,Standard,258.84
ORD003016,CUST00046,2024-06-08,2024-06-08,Same Day,250.74
ORD003017,CUST00324,2024-06-10,2024-06-15,Standard,365.67
ORD003018,CUST00923,2024-12-14,2024-12-19,Standard,714.51
ORD003019,CUST01053,2023-11-23,2023-11-25,Express,746.2
ORD003020,CUST00829,2023-04-11,2023-04-13,Express,1108.01
ORD003021,CUST00503,2024-12-12,2024-12-17,Standard,301.41
ORD003022,CUST00247,2024-06-06,2024-06-11,Standard,1000.58
ORD003023,CUST00207,2023-02-12,2023-02-17,Standard,615.88
ORD003024,CUST00220,2023-10-20,2023-10-25,Standard,944.42
ORD003025,CUST00020,2023-08-03,2023-08-08,Standard,4135.79
ORD003026,CUST00148,2023-01-10,2023-01-12,Express,766.56
ORD003027,CUST00196,2024-07-19,2024-07-21,Express,3955.8
ORD003028,CUST00387,2024-08-10,2024-08-15,Standard,180.43
ORD003029,CUST00143,2024-03-22,2024-03-27,Standard,849.94
ORD003030,CUST01019,2024-08-01,2024-08-06,Standard,1888.0
ORD003031,CUST00128,2024-09-14,2024-09-16,Express,446.09
ORD003032,CUST00469,2023-04-06,2023-04-11,Standard,4553.04
ORD003033,CUST00664,2024-12-06,2024-12-08,Express,7216.23
ORD003034,CUST00004,2024-11-20,2024-11-25,Standard,174.8
ORD003035,CUST00631,2023-08-19,2023-08-24,Standard,671.73
ORD003036,CUST00065,2023-04-21,2023-04-23,Express,600.97
ORD003037,CUST00887,2023-10-02,2023-10-07,Standard,1008.76
ORD003038,CUST01196,2024-10-23,2024-10-25,Express,683.96
ORD003039,CUST00153,2023-01-08,2023-01-10,Express,650.36
ORD003040,CUST00079,2024-09-09,2024-09-14,Standard,361.31
ORD003041,CUST00403,2024-07-02,2024-07-07,Standard,2668.74
ORD003042,CUST00383,2023-05-14,2023-05-19,Standard,1780.91
ORD003043,CUST00744,2024-11-27,2024-11-29,Express,118.1
ORD003044,CUST00385,2024-01-15,2024-01-20,Standard,5006.55
ORD003045,CUST00713,2024-11-22,2024-11-27,Standard,3096.15
ORD003046,CUST00513,2023-04-21,2023-04-26,Standard,402.24
ORD003047,CUST00609,2024-06-10,2024-06-12,Express,32.86
ORD003048,CUST00253,2023-10-06,2023-10-11,Standard,152.85
ORD003049,CUST00277,2024-06-28,2024-07-03,Standard,1270.34
ORD003050,CUST00023,2023-11-07,2023-11-09,Express,1051.58
ORD003051,CUST00681,2024-01-23,2024-01-25,Express,1625.56
ORD003052,CUST00701,2024-06-05,2024-06-07,Express,1242.24
ORD003053,CUST00728,2023-12-06,2023-12-11,Standard,2388.07
ORD003054,CUST00278,2023-11-28,2023-11-30,Express,253.24
ORD003055,CUST00184,2023-01-04,2023-01-09,Standard,2074.47
ORD003056,CUST00498,2024-01-15,2024-01-17,Express,345.16
ORD003057,CUST00362,2023-11-23,2023-11-25,Express,401.53
ORD003058,CUST00081,2023-02-06,2023-02-11,Standard,1141.14
ORD003059,CUST01168,2024-07-30,2024-08-01,Express,329.94
ORD003060,CUST00883,2023-12-04,2023-12-06,Express,107.0
ORD003061,CUST00049,2024-03-04,2024-03-06,Express,3494.63
ORD003062,CUST01133,2023-06-26,2023-07-01,Standard,266.0
ORD003063,CUST00496,2023-12-03,2023-12-08,Standard,1958.35
ORD003064,CUST00234,2023-07-12,2023-07-17,Standard,402.25
ORD003065,CUST00904,2024-04-19,2024-04-24,Standard,273.27
ORD003066,CUST01169,2024-09-30,2024-10-05,Standard,1028.4
ORD003067,CUST00512,2024-06-09,2024-06-14,Standard,600.71
ORD003068,CUST01154,2023-12-13,2023-12-15,Express,138.0
ORD003069,CUST00451,2024-11-12,2024-11-14,Express,1085.06
ORD003070,CUST00048,2024-09-30,2024-10-05,Standard,1537.82
ORD003071,CUST00402,2023-12-04,2023-12-09,Standard,244.63
ORD003072,CUST00859,2024-08-18,2024-08-20,Express,1864.63
ORD003073,CUST00949,2024-07-14,2024-07-19,Standard,901.48
ORD003074,CUST00778,2023-12-11,2023-12-13,Express,2618.37
ORD003075,CUST00017,2023-11-03,2023-11-08,Standard,1472.7
ORD003076,CUST00844,2024-11-24,2024-11-29,Standard,193.36
ORD003077,CUST00550,2023-06-09,2023-06-14,Standard,4626.04
ORD003078,CUST01081,2024-12-12,2024-12-17,Standard,531.17
ORD003079,CUST00178,2023-11-09,2023-11-14,Standard,2189.8
ORD003080,CUST01167,2023-12-04,2023-12-09,Standard,717.66
ORD003081,CUST00012,2023-08-06,2023-08-08,Express,340.52
ORD003082,CUST00092,2024-01-16,2024-01-18,Express,97.8
ORD003083,CUST00583,2023-01-05,2023-01-07,Express,4744.56
ORD003084,CUST01139,2024-10-22,2024-10-27,Standard,206.48
ORD003085,CUST00481,2024-06-04,2024-06-04,Same Day,1172.35
ORD003086,CUST00438,2024-09-17,2024-09-22,Standard,5021.3
ORD003087,CUST00476,2024-03-09,2024-03-14,Standard,6901.03
ORD003088,CUST00204,2023-10-11,2023-10-13,Express,189.44
ORD003089,CUST00445,2023-10-06,2023-10-11,Standard,1536.8
ORD003090,CUST01020,2024-09-13,2024-09-18,Standard,3597.46
ORD003091,CUST00762,2024-10-03,2024-10-03,Same Day,488.63
ORD003092,CUST00765,2024-11-12,2024-11-17,Standard,152.74
ORD003093,CUST00287,2024-05-25,2024-05-27,Express,1215.8
ORD003094,CUST00371,2023-11-02,2023-11-04,Express,280.36
ORD003095,CUST01198,2023-06-13,2023-06-13,Same Day,703.41
ORD003096,CUST01019,2023-06-02,2023-06-07,Standard,2884.08
ORD003097,CUST00428,2023-11-20,2023-11-25,Standard,337.78
ORD003098,CUST00459,2024-01-25,2024-01-30,Standard,857.63
ORD003099,CUST00451,2023-08-08,2023-08-10,Express,2805.1
ORD003100,CUST00648,2024-03-20,2024-03-25,Standard,1486.26
ORD003101,CUST00024,2024-01-10,2024-01-10,Same Day,3644.93
ORD003102,CUST01069,2024-11-06,2024-11-11,Standard,511.1
ORD003103,CUST00088,2024-12-02,2024-12-07,Standard,406.03
ORD003104,CUST01080,2024-05-16,2024-05-16,Same Day,931.97
ORD003105,CUST00924,2023-08-22,2023-08-27,Standard,595.8
ORD003106,CUST00545,2024-11-15,2024-11-20,Standard,217.35
ORD003107,CUST01162,2024-02-01,2024-02-06,Standard,651.51
ORD003108,CUST00876,2023-11-18,2023-11-23,Standard,150.72
ORD003109,CUST00751,2023-09-06,2023-09-11,Standard,2888.26
ORD003110,CUST00878,2024-07-25,2024-07-27,Express,111.44
ORD003111,CUST00485,2023-03-28,2023-04-02,Standard,1799.04
ORD003112,CUST00105,2024-07-17,2024-07-19,Express,404.39
ORD003113,CUST00009,2024-06-20,2024-06-22,Express,209.09
ORD003114,CUST00833,2024-02-07,2024-02-12,Standard,253.21
ORD003115,CUST00889,2023-10-31,2023-11-02,Express,1460.93
ORD003116,CUST00688,2023-07-13,2023-07-18,Standard,29.9
ORD003117,CUST00694,2024-04-15,2024-04-20,Standard,1102.32
ORD003118,CUST00774,2024-12-02,2024-12-04,Express,801.0
ORD003119,CUST00467,2023-09-25,2023-09-30,Standard,263.67
ORD003120,CUST00334,2023-11-30,2023-12-02,Express,698.23
ORD003121,CUST00358,2024-09-15,2024-09-20,Standard,1396.87
ORD003122,CUST00187,2023-01-25,2023-01-30,Standard,5009.38
ORD003123,CUST00721,2023-12-05,2023-12-10,Standard,803.6
ORD003124,CUST00978,2024-09-06,2024-09-11,Standard,2540.68
ORD003125,CUST00768,2023-01-18,2023-01-20,Express,3260.68
ORD003126,CUST00715,2024-02-16,2024-02-21,Standard,1649.21
ORD003127,CUST00908,2024-08-24,2024-08-24,Same Day,588.87
ORD003128,CUST01115,2024-12-13,2024-12-18,Standard,317.78
ORD003129,CUST00360,2023-06-04,2023-06-09,Standard,50.82
ORD003130,CUST00514,2024-05-13,2024-05-18,Standard,3437.6
ORD003131,CUST00377,2023-01-14,2023-01-19,Standard,3656.32
ORD003132,CUST00659,2023-11-06,2023-11-08,Express,131.44
ORD003133,CUST00438,2024-06-17,2024-06-22,Standard,2382.74
ORD003134,CUST00464,2024-06-04,2024-06-09,Standard,4077.39
ORD003135,CUST00360,2024-02-16,2024-02-18,Express,502.8
ORD003136,CUST00860,2023-05-03,2023-05-08,Standard,6251.09
ORD003137,CUST00146,2024-10-19,2024-10-24,Standard,5218.8
ORD003138,CUST00823,2024-12-26,2024-12-31,Standard,2366.92
ORD003139,CUST00507,2024-09-11,2024-09-13,Express,4059.32
ORD003140,CUST01124,2023-02-18,2023-02-23,Standard,480.84
ORD003141,CUST00385,2023-11-14,2023-11-19,Standard,314.34
ORD003142,CUST00590,2024-11-10,2024-11-15,Standard,1024.53
ORD003143,CUST00191,2024-11-10,2024-11-12,Express,3213.51
ORD003144,CUST00376,2023-03-31,2023-04-05,Standard,446.69
ORD003145,CUST00684,2024-12-23,2024-12-28,Standard,1016.83
ORD003146,CUST00365,2023-11-05,2023-11-10,Standard,3704.77
ORD003147,CUST00723,2023-10-15,2023-10-20,Standard,6177.9
ORD003148,CUST01197,2023-02-06,2023-02-11,Standard,964.94
ORD003149,CUST00761,2024-09-07,2024-09-12,Standard,976.35
ORD003150,CUST00731,2023-09-21,2023-09-26,Standard,249.93
ORD003151,CUST01188,2023-10-13,2023-10-18,Standard,538.35
ORD003152,CUST00857,2024-11-16,2024-11-18,Express,961.2
ORD003153,CUST01200,2024-03-15,2024-03-20,Standard,3315.18
ORD003154,CUST00947,2024-04-23,2024-04-28,Standard,1331.92
ORD003155,CUST00581,2023-09-06,2023-09-11,Standard,684.47
ORD003156,CUST00861,2023-08-18,2023-08-20,Express,115.71
ORD003157,CUST00404,2023-06-12,2023-06-14,Express,7731.84
ORD003158,CUST00320,2024-01-08,2024-01-13,Standard,1134.75
ORD003159,CUST00348,2024-11-20,2024-11-20,Same Day,2967.8
ORD003160,CUST00746,2024-02-04,2024-02-06,Express,427.07
ORD003161,CUST00126,2023-11-07,2023-11-12,Standard,3276.4
ORD003162,CUST00625,2023-05-15,2023-05-17,Express,107.14
ORD003163,CUST01153,2023-08-05,2023-08-10,Standard,1443.02
ORD003164,CUST00154,2024-11-02,2024-11-07,Standard,490.26
ORD003165,CUST00196,2024-12-28,2025-01-02,Standard,3006.2
ORD003166,CUST00306,2024-10-10,2024-10-15,Standard,4667.22
ORD003167,CUST00612,2024-04-04,2024-04-09,Standard,190.64
ORD003168,CUST01106,2024-10-22,2024-10-24,Express,451.36
ORD003169,CUST01018,2023-05-22,2023-05-22,Same Day,2384.31
ORD003170,CUST00795,2023-01-24,2023-01-29,Standard,1427.94
ORD003171,CUST00738,2023-08-12,2023-08-17,Standard,5561.15
ORD003172,CUST00245,2023-08-15,2023-08-17,Express,337.96
ORD003173,CUST00950,2024-09-30,2024-10-02,Express,126.56
ORD003174,CUST00267,2023-08-05,2023-08-10,Standard,465.28
ORD003175,CUST00308,2023-03-31,2023-04-05,Standard,2970.11
ORD003176,CUST00516,2023-10-30,2023-11-04,Standard,392.58
ORD003177,CUST00038,2024-12-07,2024-12-09,Express,851.02
ORD003178,CUST00453,2024-12-12,2024-12-12,Same Day,115.92
ORD003179,CUST00374,2024-08-12,2024-08-14,Express,2666.02
ORD003180,CUST00501,2023-02-15,2023-02-20,Standard,372.95
ORD003181,CUST00493,2024-06-03,2024-06-08,Standard,785.51
ORD003182,CUST00838,2023-11-25,2023-11-27,Express,104.88
ORD003183,CUST00123,2023-09-05,2023-09-07,Express,2120.26
ORD003184,CUST00237,2024-11-25,2024-11-30,Standard,181.11
ORD003185,CUST01003,2023-06-01,2023-06-06,Standard,232.64
ORD003186,CUST00272,2023-08-25,2023-08-30,Standard,4749.76
ORD003187,CUST00715,2023-10-19,2023-10-21,Express,4565.24
ORD003188,CUST00210,2023-12-29,2024-01-03,Standard,438.65
ORD003189,CUST00937,2024-04-20,2024-04-25,Standard,4785.26
ORD003190,CUST00449,2024-02-04,2024-02-06,Express,1682.75
ORD003191,CUST00887,2023-11-15,2023-11-17,Express,1382.63
ORD003192,CUST00151,2024-08-06,2024-08-08,Express,4334.41
ORD003193,CUST01200,2023-06-27,2023-06-29,Express,3046.72
ORD003194,CUST00215,2023-02-13,2023-02-18,Standard,192.6
ORD003195,CUST00438,2024-12-25,2024-12-25,Same Day,5717.92
ORD003196,CUST00156,2023-10-31,2023-11-02,Express,533.01
ORD003197,CUST00985,2023-10-18,2023-10-23,Standard,76.36
ORD003198,CUST01089,2024-02-06,2024-02-11,Standard,739.38
ORD003199,CUST00164,2024-09-19,2024-09-21,Express,453.49
ORD003200,CUST00677,2023-01-31,2023-02-02,Express,490.11
ORD003201,CUST00453,2024-05-17,2024-05-22,Standard,594.72
ORD003202,CUST00701,2024-10-18,2024-10-20,Express,2314.59
ORD003203,CUST00638,2024-07-06,2024-07-11,Standard,167.16
ORD003204,CUST00220,2023-11-11,2023-11-16,Standard,591.0
ORD003205,CUST00987,2023-10-13,2023-10-18,Standard,282.69
ORD003206,CUST00542,2024-06-23,2024-06-25,Express,174.02
ORD003207,CUST00153,2024-12-17,2024-12-22,Standard,9546.06
ORD003208,CUST00165,2024-02-06,2024-02-08,Express,2915.03
ORD003209,CUST00855,2024-01-27,2024-02-01,Standard,190.64
ORD003210,CUST00291,2024-11-27,2024-12-02,Standard,1465.72
ORD003211,CUST01198,2024-03-26,2024-03-31,Standard,4828.72
ORD003212,CUST00138,2023-10-07,2023-10-12,Standard,2476.92
ORD003213,CUST00944,2024-06-14,2024-06-16,Express,147.53
ORD003214,CUST00942,2024-04-02,2024-04-07,Standard,2372.28
ORD003215,CUST00970,2023-06-11,2023-06-13,Express,452.31
ORD003216,CUST01135,2023-12-09,2023-12-14,Standard,801.0
ORD003217,CUST00865,2024-11-08,2024-11-10,Express,537.55
ORD003218,CUST00380,2023-11-02,2023-11-07,Standard,876.86
ORD003219,CUST00944,2024-08-21,2024-08-23,Express,1533.88
ORD003220,CUST00879,2023-07-30,2023-08-01,Express,4401.75
ORD003221,CUST00728,2024-02-22,2024-02-27,Standard,307.36
ORD003222,CUST00109,2023-10-24,2023-10-29,Standard,811.39
ORD003223,CUST01182,2023-02-06,2023-02-11,Standard,739.25
ORD003224,CUST00026,2023-04-01,2023-04-06,Standard,375.15
ORD003225,CUST00350,2024-03-28,2024-03-30,Express,1436.74
ORD003226,CUST00698,2023-07-03,2023-07-08,Standard,563.27
ORD003227,CUST00968,2024-09-02,2024-09-07,Standard,3519.4
ORD003228,CUST00037,2023-07-13,2023-07-18,Standard,514.39
ORD003229,CUST00718,2023-07-27,2023-08-01,Standard,2409.4
ORD003230,CUST00452,2023-04-02,2023-04-07,Standard,1018.22
ORD003231,CUST00361,2024-06-09,2024-06-14,Standard,593.99
ORD003232,CUST01160,2023-10-29,2023-11-03,Standard,3245.54
ORD003233,CUST00731,2024-07-07,2024-07-12,Standard,3902.58
ORD003234,CUST01107,2024-12-23,2024-12-28,Standard,681.95
ORD003235,CUST00857,2023-05-27,2023-06-01,Standard,613.85
ORD003236,CUST00837,2024-11-26,2024-12-01,Standard,67.17
ORD003237,CUST00767,2023-07-01,2023-07-06,Standard,3138.49
ORD003238,CUST00894,2023-01-12,2023-01-14,Express,1526.45
ORD003239,CUST00027,2023-02-26,2023-03-03,Standard,2206.64
ORD003240,CUST00337,2023-12-30,2023-12-30,Same Day,2257.12
ORD003241,CUST00460,2024-04-17,2024-04-22,Standard,195.6
ORD003242,CUST00208,2023-08-11,2023-08-16,Standard,372.95
ORD003243,CUST00160,2023-01-15,2023-01-20,Standard,422.72
ORD003244,CUST00590,2024-04-30,2024-05-02,Express,162.62
ORD003245,CUST00438,2024-11-28,2024-12-03,Standard,691.21
ORD003246,CUST00616,2023-03-06,2023-03-11,Standard,48.72
ORD003247,CUST00896,2024-11-02,2024-11-07,Standard,897.28
ORD003248,CUST00258,2024-07-16,2024-07-16,Same Day,1479.5
ORD003249,CUST00715,2024-12-14,2024-12-19,Standard,3293.24
ORD003250,CUST00794,2024-11-13,2024-11-18,Standard,1444.13
ORD003251,CUST00446,2024-12-05,2024-12-05,Same Day,2521.66
ORD003252,CUST00752,2024-09-06,2024-09-11,Standard,508.92
ORD003253,CUST00707,2023-09-18,2023-09-18,Same Day,571.52
ORD003254,CUST00575,2023-07-04,2023-07-09,Standard,577.34
ORD003255,CUST00110,2024-04-29,2024-05-01,Express,4922.51
ORD003256,CUST00838,2023-10-02,2023-10-07,Standard,622.26
ORD003257,CUST00137,2023-04-30,2023-05-02,Express,3709.96
ORD003258,CUST00440,2024-11-08,2024-11-13,Standard,2739.61
ORD003259,CUST00608,2024-04-25,2024-04-30,Standard,2600.08
ORD003260,CUST00425,2024-10-20,2024-10-25,Standard,1787.58
ORD003261,CUST00552,2024-12-31,2025-01-05,Standard,111.72
ORD003262,CUST00091,2023-02-09,2023-02-11,Express,2832.58
ORD003263,CUST00160,2024-05-11,2024-05-16,Standard,179.32
ORD003264,CUST00939,2024-05-03,2024-05-08,Standard,2888.26
ORD003265,CUST01048,2024-01-17,2024-01-19,Express,161.84
ORD003266,CUST01197,2023-09-14,2023-09-19,Standard,68.0
ORD003267,CUST00484,2023-10-20,2023-10-25,Standard,3201.65
ORD003268,CUST00774,2023-02-18,2023-02-20,Express,2198.8
ORD003269,CUST00263,2023-12-25,2023-12-27,Express,412.44
ORD003270,CUST00495,2024-05-23,2024-05-28,Standard,434.87
ORD003271,CUST00262,2023-11-07,2023-11-12,Standard,2940.16
ORD003272,CUST00645,2024-09-11,2024-09-16,Standard,81.97
ORD003273,CUST01193,2023-11-17,2023-11-19,Express,5959.62
ORD003274,CUST00297,2024-01-26,2024-01-28,Express,3300.12
ORD003275,CUST00762,2024-05-21,2024-05-26,Standard,4307.3
ORD003276,CUST00099,2023-09-08,2023-09-13,Standard,612.25
ORD003277,CUST00268,2023-10-25,2023-10-27,Express,2256.14
ORD003278,CUST00196,2024-12-17,2024-12-17,Same Day,2684.26
ORD003279,CUST00956,2024-07-07,2024-07-07,Same Day,1000.94
ORD003280,CUST00235,2024-09-06,2024-09-08,Express,3893.2
ORD003281,CUST01125,2023-12-31,2024-01-02,Express,1941.89
ORD003282,CUST00994,2023-12-25,2023-12-30,Standard,2032.54
ORD003283,CUST00505,2023-10-18,2023-10-23,Standard,4036.89
ORD003284,CUST01097,2023-04-05,2023-04-10,Standard,239.36
ORD003285,CUST00213,2024-03-11,2024-03-13,Express,120.42
ORD003286,CUST00241,2023-11-11,2023-11-16,Standard,63.15
ORD003287,CUST00537,2024-08-31,2024-09-02,Express,3957.47
ORD003288,CUST01090,2024-09-04,2024-09-06,Express,127.11
ORD003289,CUST00110,2023-05-08,2023-05-10,Express,2967.49
ORD003290,CUST00586,2024-09-09,2024-09-14,Standard,1999.55
ORD003291,CUST00311,2023-04-11,2023-04-16,Standard,379.13
ORD003292,CUST00613,2024-11-18,2024-11-23,Standard,1138.18
ORD003293,CUST00912,2024-11-11,2024-11-16,Standard,314.06
ORD003294,CUST00557,2023-05-23,2023-05-28,Standard,195.6
ORD003295,CUST00683,2024-08-31,2024-09-02,Express,393.93
ORD003296,CUST00870,2023-11-21,2023-11-26,Standard,199.41
ORD003297,CUST00265,2023-07-15,2023-07-20,Standard,167.54
ORD003298,CUST00346,2024-11-01,2024-11-03,Express,273.62
ORD003299,CUST00144,2023-09-04,2023-09-06,Express,341.9
ORD003300,CUST01107,2023-06-05,2023-06-10,Standard,163.92
ORD003301,CUST00672,2024-07-10,2024-07-12,Express,1360.56
ORD003302,CUST01185,2023-04-28,2023-05-03,Standard,413.06
ORD003303,CUST00579,2024-08-21,2024-08-23,Express,3551.27
ORD003304,CUST00464,2023-05-20,2023-05-20,Same Day,57.96
ORD003305,CUST01191,2023-04-08,2023-04-13,Standard,472.79
ORD003306,CUST00636,2024-12-23,2024-12-28,Standard,1517.22
ORD003307,CUST00511,2023-10-12,2023-10-17,Standard,4092.74
ORD003308,CUST01088,2024-08-31,2024-09-02,Express,1715.26
ORD003309,CUST00236,2024-03-02,2024-03-04,Express,2023.21
ORD003310,CUST00629,2023-01-18,2023-01-23,Standard,832.67
ORD003311,CUST00176,2024-05-18,2024-05-18,Same Day,493.11
ORD003312,CUST00012,2023-06-07,2023-06-12,Standard,385.7
ORD003313,CUST00492,2023-05-17,2023-05-22,Standard,2935.86
ORD003314,CUST00608,2024-11-09,2024-11-11,Express,486.06
ORD003315,CUST00722,2024-03-22,2024-03-24,Express,461.94
ORD003316,CUST00613,2023-04-12,2023-04-12,Same Day,1663.38
ORD003317,CUST01101,2024-03-12,2024-03-14,Express,2275.12
ORD003318,CUST00925,2023-12-22,2023-12-27,Standard,316.4
ORD003319,CUST00056,2023-11-26,2023-12-01,Standard,648.87
ORD003320,CUST00558,2024-05-01,2024-05-03,Express,7582.12
ORD003321,CUST01010,2024-05-23,2024-05-28,Standard,71.78
ORD003322,CUST00665,2024-11-02,2024-11-07,Standard,244.5
ORD003323,CUST00811,2024-06-26,2024-06-28,Express,6518.94
ORD003324,CUST01039,2023-05-14,2023-05-19,Standard,199.02
ORD003325,CUST00135,2024-11-19,2024-11-21,Express,628.67
ORD003326,CUST00292,2024-10-17,2024-10-22,Standard,2866.23
ORD003327,CUST00701,2023-12-04,2023-12-09,Standard,3457.76
ORD003328,CUST01088,2023-11-08,2023-11-10,Express,137.82
ORD003329,CUST00981,2024-12-11,2024-12-16,Standard,1226.68
ORD003330,CUST00152,2023-11-23,2023-11-25,Express,264.76
ORD003331,CUST00985,2024-12-15,2024-12-17,Express,1659.33
ORD003332,CUST01198,2023-11-29,2023-12-04,Standard,856.84
ORD003333,CUST00541,2024-12-01,2024-12-03,Express,2480.32
ORD003334,CUST00845,2024-04-27,2024-05-02,Standard,1452.57
ORD003335,CUST00650,2024-03-16,2024-03-18,Express,3557.71
ORD003336,CUST01003,2024-09-23,2024-09-28,Standard,612.25
ORD003337,CUST01062,2024-09-02,2024-09-04,Express,308.42
ORD003338,CUST00983,2023-01-22,2023-01-27,Standard,535.25
ORD003339,CUST01171,2024-11-27,2024-11-29,Express,2116.56
ORD003340,CUST00183,2024-10-22,2024-10-27,Standard,124.3
ORD003341,CUST00344,2024-06-16,2024-06-18,Express,113.44
ORD003342,CUST00286,2023-02-22,2023-02-24,Express,461.79
ORD003343,CUST00558,2024-03-04,2024-03-09,Standard,127.16
ORD003344,CUST00256,2023-05-17,2023-05-22,Standard,525.79
ORD003345,CUST00551,2023-03-06,2023-03-08,Express,3637.49
ORD003346,CUST00939,2024-06-17,2024-06-22,Standard,1227.54
ORD003347,CUST01152,2024-08-22,2024-08-22,Same Day,3401.4
ORD003348,CUST00146,2024-01-02,2024-01-07,Standard,398.0
ORD003349,CUST00810,2023-11-26,2023-12-01,Standard,1196.68
ORD003350,CUST00513,2024-01-12,2024-01-17,Standard,248.79
ORD003351,CUST00918,2024-11-03,2024-11-08,Standard,1455.4
ORD003352,CUST00353,2023-09-23,2023-09-28,Standard,1484.83
ORD003353,CUST00309,2024-12-07,2024-12-12,Standard,303.56
ORD003354,CUST00229,2024-08-02,2024-08-04,Express,2270.85
ORD003355,CUST00592,2024-06-30,2024-07-02,Express,941.3
ORD003356,CUST00146,2023-05-15,2023-05-20,Standard,4490.61
ORD003357,CUST00750,2023-10-06,2023-10-08,Express,2366.05
ORD003358,CUST00112,2024-02-21,2024-02-21,Same Day,253.24
ORD003359,CUST00990,2024-10-29,2024-11-03,Standard,3634.32
ORD003360,CUST00792,2024-04-18,2024-04-23,Standard,1679.21
ORD003361,CUST00778,2023-08-09,2023-08-11,Express,758.62
ORD003362,CUST00619,2023-05-15,2023-05-20,Standard,3015.49
ORD003363,CUST01060,2024-04-02,2024-04-04,Express,5794.17
ORD003364,CUST00867,2023-11-13,2023-11-18,Standard,1146.82
ORD003365,CUST00846,2024-11-14,2024-11-16,Express,175.56
ORD003366,CUST00661,2024-12-24,2024-12-24,Same Day,531.18
ORD003367,CUST01121,2023-02-05,2023-02-10,Standard,6792.46
ORD003368,CUST00619,2023-02-24,2023-02-26,Express,378.9
ORD003369,CUST00169,2023-06-17,2023-06-19,Express,582.39
ORD003370,CUST00758,2024-03-31,2024-04-05,Standard,1546.29
ORD003371,CUST01001,2023-08-27,2023-08-29,Express,3238.27
ORD003372,CUST00815,2024-11-10,2024-11-15,Standard,1771.18
ORD003373,CUST01081,2023-05-13,2023-05-15,Express,202.19
ORD003374,CUST00600,2023-02-09,2023-02-11,Express,441.72
ORD003375,CUST00725,2024-03-19,2024-03-24,Standard,1134.75
ORD003376,CUST00256,2023-09-05,2023-09-10,Standard,4637.45
ORD003377,CUST00953,2024-03-23,2024-03-28,Standard,270.11
ORD003378,CUST00780,2023-04-26,2023-04-28,Express,560.63
ORD003379,CUST01021,2024-11-05,2024-11-10,Standard,7795.72
ORD003380,CUST00937,2024-06-18,2024-06-23,Standard,638.82
ORD003381,CUST00896,2023-11-11,2023-11-13,Express,319.54
ORD003382,CUST01166,2024-12-25,2024-12-27,Express,5012.65
ORD003383,CUST00069,2023-02-05,2023-02-07,Express,2615.13
ORD003384,CUST00320,2024-11-10,2024-11-15,Standard,264.76
ORD003385,CUST01053,2024-10-16,2024-10-21,Standard,107.63
ORD003386,CUST00653,2023-02-13,2023-02-18,Standard,1896.55
ORD003387,CUST00907,2023-01-29,2023-02-03,Standard,3564.95
ORD003388,CUST00436,2023-12-20,2023-12-25,Standard,316.4
ORD003389,CUST00391,2023-01-21,2023-01-23,Express,778.62
ORD003390,CUST00198,2024-10-06,2024-10-11,Standard,1052.17
ORD003391,CUST01080,2024-07-10,2024-07-15,Standard,89.91
ORD003392,CUST00430,2024-07-08,2024-07-10,Express,1249.1
ORD003393,CUST00819,2023-06-22,2023-06-27,Standard,694.66
ORD003394,CUST00280,2024-12-22,2024-12-27,Standard,9889.37
ORD003395,CUST00088,2023-11-16,2023-11-21,Standard,515.17
ORD003396,CUST00711,2023-12-23,2023-12-23,Same Day,6883.46
ORD003397,CUST00281,2023-03-22,2023-03-24,Express,221.01
ORD003398,CUST00574,2024-07-11,2024-07-16,Standard,403.73
ORD003399,CUST00057,2023-02-17,2023-02-22,Standard,973.3
ORD003400,CUST00492,2023-03-07,2023-03-07,Same Day,389.21
ORD003401,CUST00075,2023-08-18,2023-08-23,Standard,205.24
ORD003402,CUST00722,2024-01-23,2024-01-28,Standard,301.97
ORD003403,CUST00494,2024-03-19,2024-03-21,Express,158.89
ORD003404,CUST00500,2024-02-17,2024-02-19,Express,588.87
ORD003405,CUST00613,2023-12-26,2023-12-28,Express,2166.65
ORD003406,CUST00629,2024-03-10,2024-03-12,Express,3224.88
ORD003407,CUST01151,2024-11-09,2024-11-14,Standard,5738.82
ORD003408,CUST00840,2024-10-04,2024-10-09,Standard,883.86
ORD003409,CUST00123,2023-04-26,2023-04-28,Express,4606.14
ORD003410,CUST00005,2024-08-14,2024-08-16,Express,547.51
ORD003411,CUST00886,2024-08-30,2024-09-04,Standard,637.98
ORD003412,CUST00001,2024-11-29,2024-12-04,Standard,3430.52
ORD003413,CUST00195,2024-11-28,2024-12-03,Standard,162.88
ORD003414,CUST00523,2024-06-10,2024-06-15,Standard,4009.92
ORD003415,CUST00475,2024-04-29,2024-05-04,Standard,187.87
ORD003416,CUST00605,2024-11-02,2024-11-07,Standard,796.0
ORD003417,CUST00808,2024-03-04,2024-03-06,Express,1084.57
ORD003418,CUST00495,2024-12-06,2024-12-11,Standard,479.13
ORD003419,CUST00333,2023-12-18,2023-12-23,Standard,323.91
ORD003420,CUST00272,2024-10-13,2024-10-15,Express,3238.27
ORD003421,CUST00286,2024-09-29,2024-10-04,Standard,330.95
ORD003422,CUST00100,2024-12-30,2025-01-01,Express,847.14
ORD003423,CUST00198,2023-08-26,2023-08-31,Standard,467.32
ORD003424,CUST00626,2024-03-09,2024-03-14,Standard,331.2
ORD003425,CUST00076,2024-05-05,2024-05-07,Express,36.24
ORD003426,CUST00068,2024-11-21,2024-11-23,Express,171.0
ORD003427,CUST00096,2023-04-08,2023-04-13,Standard,1746.46
ORD003428,CUST00843,2024-06-02,2024-06-04,Express,4087.69
ORD003429,CUST00221,2023-11-04,2023-11-06,Express,393.31
ORD003430,CUST00910,2023-06-22,2023-06-22,Same Day,3250.1
ORD003431,CUST00210,2023-02-05,2023-02-10,Standard,187.96
ORD003432,CUST00359,2023-09-11,2023-09-16,Standard,127.28
ORD003433,CUST00456,2024-01-30,2024-02-04,Standard,3856.86
ORD003434,CUST00221,2023-01-04,2023-01-06,Express,9978.02
ORD003435,CUST00890,2023-04-25,2023-04-30,Standard,980.78
ORD003436,CUST00673,2023-09-25,2023-09-27,Express,7220.65
ORD003437,CUST00877,2024-11-15,2024-11-20,Standard,316.12
ORD003438,CUST01079,2023-12-28,2023-12-30,Express,479.31
ORD003439,CUST00179,2023-05-25,2023-05-30,Standard,1360.56
ORD003440,CUST00184,2024-10-01,2024-10-03,Express,69.83
ORD003441,CUST01030,2023-10-23,2023-10-28,Standard,647.12
ORD003442,CUST00780,2023-12-02,2023-12-07,Standard,1370.75
ORD003443,CUST00199,2024-08-03,2024-08-05,Express,113.9
ORD003444,CUST00469,2023-12-26,2023-12-31,Standard,180.43
ORD003445,CUST00964,2023-07-21,2023-07-26,Standard,1128.07
ORD003446,CUST00474,2024-02-15,2024-02-17,Express,302.68
ORD003447,CUST00791,2023-04-24,2023-04-29,Standard,548.86
ORD003448,CUST00811,2023-11-07,2023-11-12,Standard,3465.71
ORD003449,CUST00103,2024-05-16,2024-05-21,Standard,62.43
ORD003450,CUST00598,2024-06-07,2024-06-12,Standard,662.04
ORD003451,CUST00990,2024-06-20,2024-06-25,Standard,2374.88
ORD003452,CUST00460,2023-06-30,2023-07-05,Standard,1707.55
ORD003453,CUST00649,2023-11-19,2023-11-21,Express,976.54
ORD003454,CUST01064,2024-04-19,2024-04-24,Standard,3591.04
ORD003455,CUST00066,2023-06-10,2023-06-15,Standard,426.28
ORD003456,CUST00500,2023-12-31,2024-01-05,Standard,150.72
ORD003457,CUST00100,2024-10-27,2024-11-01,Standard,3896.29
ORD003458,CUST00163,2024-04-01,2024-04-06,Standard,2921.86
ORD003459,CUST01115,2024-11-02,2024-11-04,Express,300.19
ORD003460,CUST00545,2024-12-04,2024-12-09,Standard,7308.85
ORD003461,CUST01151,2024-03-03,2024-03-08,Standard,1004.83
ORD003462,CUST00992,2023-08-20,2023-08-22,Express,3046.72
ORD003463,CUST00114,2024-11-22,2024-11-24,Express,731.53
ORD003464,CUST00722,2023-06-27,2023-06-29,Express,1329.68
ORD003465,CUST00998,2024-10-23,2024-10-25,Express,1985.33
ORD003466,CUST00432,2023-06-24,2023-06-24,Same Day,4409.15
ORD003467,CUST00319,2024-03-27,2024-04-01,Standard,6351.7
ORD003468,CUST01095,2024-02-26,2024-03-02,Standard,2670.0
ORD003469,CUST00384,2023-08-12,2023-08-17,Standard,3411.41
ORD003470,CUST00058,2024-12-24,2024-12-29,Standard,2166.94
ORD003471,CUST00581,2024-01-02,2024-01-07,Standard,491.04
ORD003472,CUST00379,2024-11-22,2024-11-27,Standard,124.32
ORD003473,CUST00382,2024-11-28,2024-12-03,Standard,1225.89
ORD003474,CUST00127,2024-03-06,2024-03-11,Standard,2284.59
ORD003475,CUST00150,2024-02-07,2024-02-09,Express,2527.62
ORD003476,CUST00678,2024-04-24,2024-04-29,Standard,51.08
ORD003477,CUST00450,2024-06-15,2024-06-17,Express,1124.73
ORD003478,CUST01003,2023-06-17,2023-06-22,Standard,87.7
ORD003479,CUST00696,2023-09-23,2023-09-28,Standard,267.5
ORD003480,CUST00401,2023-12-02,2023-12-07,Standard,1981.68
ORD003481,CUST00325,2023-09-26,2023-09-28,Express,1791.68
ORD003482,CUST00537,2024-03-05,2024-03-07,Express,1002.8
ORD003483,CUST00071,2024-07-01,2024-07-06,Standard,5201.52
ORD003484,CUST00840,2024-03-29,2024-04-03,Standard,1153.45
ORD003485,CUST01188,2023-09-24,2023-09-29,Standard,311.45
ORD003486,CUST00681,2024-12-16,2024-12-18,Express,68.06
ORD003487,CUST00232,2024-11-30,2024-12-05,Standard,4902.23
ORD003488,CUST00578,2024-07-27,2024-08-01,Standard,72.54
ORD003489,CUST00094,2023-11-25,2023-11-30,Standard,728.16
ORD003490,CUST00141,2023-11-22,2023-11-24,Express,4744.56
ORD003491,CUST00827,2023-12-31,2024-01-02,Express,1347.86
ORD003492,CUST00700,2024-08-19,2024-08-21,Express,3539.95
ORD003493,CUST01136,2023-05-22,2023-05-24,Express,35.95
ORD003494,CUST01176,2024-12-28,2025-01-02,Standard,546.21
ORD003495,CUST00930,2024-01-10,2024-01-15,Standard,400.87
ORD003496,CUST01125,2024-12-19,2024-12-24,Standard,1946.56
ORD003497,CUST00352,2024-06-08,2024-06-10,Express,1711.25
ORD003498,CUST00575,2024-08-02,2024-08-07,Standard,126.76
ORD003499,CUST00712,2023-08-17,2023-08-19,Express,1384.74
ORD003500,CUST00804,2024-12-18,2024-12-23,Standard,1685.08
ORD003501,CUST00501,2023-11-23,2023-11-28,Standard,85.18
ORD003502,CUST00377,2023-06-05,2023-06-05,Same Day,6839.69
ORD003503,CUST00597,2024-09-19,2024-09-24,Standard,3668.74
ORD003504,CUST00562,2024-10-05,2024-10-07,Express,5987.62
ORD003505,CUST00186,2024-11-23,2024-11-23,Same Day,2664.85
ORD003506,CUST00016,2024-02-27,2024-03-03,Standard,382.14
ORD003507,CUST00311,2023-07-09,2023-07-09,Same Day,90.55
ORD003508,CUST00122,2024-12-13,2024-12-18,Standard,1113.73
ORD003509,CUST00214,2023-07-15,2023-07-20,Standard,1170.68
ORD003510,CUST01132,2024-04-18,2024-04-23,Standard,118.1
ORD003511,CUST00592,2023-01-09,2023-01-14,Standard,4461.85
ORD003512,CUST00423,2024-03-24,2024-03-29,Standard,6635.13
ORD003513,CUST00986,2023-09-04,2023-09-04,Same Day,764.79
ORD003514,CUST01096,2023-01-07,2023-01-09,Express,276.77
ORD003515,CUST01193,2024-01-31,2024-02-02,Express,513.07
ORD003516,CUST01196,2023-07-24,2023-07-29,Standard,5391.33
ORD003517,CUST00093,2023-08-23,2023-08-25,Express,3087.59
ORD003518,CUST00406,2023-11-30,2023-12-02,Express,1199.29
ORD003519,CUST00993,2023-11-09,2023-11-11,Express,2777.7
ORD003520,CUST00736,2024-07-07,2024-07-12,Standard,193.08
ORD003521,CUST00789,2024-08-09,2024-08-14,Standard,257.28
ORD003522,CUST00198,2023-08-12,2023-08-17,Standard,342.42
ORD003523,CUST00638,2023-03-13,2023-03-18,Standard,4896.29
ORD003524,CUST00475,2024-07-08,2024-07-10,Express,2356.53
ORD003525,CUST00807,2023-08-16,2023-08-21,Standard,4248.47
ORD003526,CUST01136,2023-11-13,2023-11-13,Same Day,1670.21
ORD003527,CUST00620,2024-07-05,2024-07-10,Standard,537.55
ORD003528,CUST00671,2024-09-25,2024-09-30,Standard,207.82
ORD003529,CUST00680,2024-01-17,2024-01-22,Standard,265.88
ORD003530,CUST00794,2024-07-21,2024-07-26,Standard,1337.51
ORD003531,CUST00404,2023-06-15,2023-06-20,Standard,220.98
ORD003532,CUST00600,2023-12-31,2024-01-05,Standard,2505.88
ORD003533,CUST01098,2024-07-11,2024-07-16,Standard,2936.93
ORD003534,CUST00424,2023-02-24,2023-02-26,Express,506.55
ORD003535,CUST00337,2024-10-17,2024-10-17,Same Day,426.85
ORD003536,CUST00512,2023-11-10,2023-11-15,Standard,828.12
ORD003537,CUST00946,2024-12-14,2024-12-14,Same Day,973.28
ORD003538,CUST00644,2024-03-29,2024-04-03,Standard,1347.45
ORD003539,CUST00731,2024-07-31,2024-08-05,Standard,5866.99
ORD003540,CUST01131,2024-09-01,2024-09-01,Same Day,1946.56
ORD003541,CUST00547,2024-09-13,2024-09-15,Express,1030.81
ORD003542,CUST01060,2023-10-26,2023-10-28,Express,2703.23
ORD003543,CUST00923,2024-06-02,2024-06-02,Same Day,1969.7
ORD003544,CUST00256,2024-08-18,2024-08-20,Express,226.28
ORD003545,CUST00013,2024-06-19,2024-06-24,Standard,3660.86
ORD003546,CUST00268,2024-06-08,2024-06-13,Standard,5529.68
ORD003547,CUST01014,2023-11-28,2023-12-03,Standard,4621.22
ORD003548,CUST00419,2024-04-28,2024-04-30,Express,119.99
ORD003549,CUST00403,2024-05-16,2024-05-21,Standard,1008.93
ORD003550,CUST00591,2023-04-21,2023-04-26,Standard,552.44
ORD003551,CUST00296,2024-06-12,2024-06-17,Standard,2013.03
ORD003552,CUST00244,2024-12-16,2024-12-21,Standard,6637.32
ORD003553,CUST01112,2023-12-03,2023-12-05,Express,503.69
ORD003554,CUST01182,2024-12-13,2024-12-15,Express,715.06
ORD003555,CUST00546,2023-11-06,2023-11-11,Standard,1267.6
ORD003556,CUST00357,2024-11-30,2024-12-05,Standard,855.02
ORD003557,CUST01023,2024-08-03,2024-08-08,Standard,620.62
ORD003558,CUST01098,2023-11-13,2023-11-13,Same Day,273.62
ORD003559,CUST01102,2024-06-06,2024-06-11,Standard,189.45
ORD003560,CUST00061,2024-02-27,2024-03-03,Standard,675.35
ORD003561,CUST00993,2024-04-26,2024-04-28,Express,6046.32
ORD003562,CUST00453,2024-06-10,2024-06-15,Standard,5367.08
ORD003563,CUST00925,2024-06-14,2024-06-19,Standard,871.68
ORD003564,CUST00235,2024-07-08,2024-07-13,Standard,866.12
ORD003565,CUST00884,2023-03-08,2023-03-10,Express,613.25
ORD003566,CUST00371,2024-12-04,2024-12-09,Standard,2490.88
ORD003567,CUST00156,2023-08-02,2023-08-02,Same Day,1005.6
ORD003568,CUST00555,2024-08-26,2024-08-28,Express,201.31
ORD003569,CUST00474,2023-10-30,2023-11-04,Standard,751.49
ORD003570,CUST00935,2024-05-24,2024-05-29,Standard,374.6
ORD003571,CUST00572,2023-12-08,2023-12-13,Standard,2504.22
ORD003572,CUST00588,2023-08-27,2023-09-01,Standard,1096.83
ORD003573,CUST00460,2023-03-29,2023-04-03,Standard,2180.08
ORD003574,CUST00509,2023-11-27,2023-11-29,Express,316.4
ORD003575,CUST00730,2024-06-01,2024-06-06,Standard,719.8
ORD003576,CUST00231,2024-07-18,2024-07-23,Standard,1237.7
ORD003577,CUST00534,2023-03-05,2023-03-10,Standard,510.24
ORD003578,CUST00263,2023-03-10,2023-03-12,Express,566.93
ORD003579,CUST00029,2023-05-11,2023-05-16,Standard,3625.57
ORD003580,CUST00265,2024-05-06,2024-05-11,Standard,193.36
ORD003581,CUST01082,2023-10-09,2023-10-14,Standard,187.45
ORD003582,CUST00132,2023-12-19,2023-12-24,Standard,372.66
ORD003583,CUST00838,2023-11-05,2023-11-10,Standard,650.05
ORD003584,CUST00477,2024-01-11,2024-01-16,Standard,1335.0
ORD003585,CUST00087,2023-08-20,2023-08-25,Standard,675.28
ORD003586,CUST00019,2024-05-30,2024-05-30,Same Day,87.66
ORD003587,CUST00584,2024-09-19,2024-09-24,Standard,1183.59
ORD003588,CUST00503,2023-01-27,2023-01-27,Same Day,55.06
ORD003589,CUST00504,2024-06-14,2024-06-19,Standard,3135.11
ORD003590,CUST00081,2024-07-12,2024-07-17,Standard,579.81
ORD003591,CUST00387,2023-09-20,2023-09-22,Express,1403.94
ORD003592,CUST01014,2023-11-13,2023-11-18,Standard,937.88
ORD003593,CUST00809,2024-10-21,2024-10-26,Standard,259.36
ORD003594,CUST01061,2024-08-04,2024-08-09,Standard,101.73
ORD003595,CUST00899,2023-07-23,2023-07-28,Standard,2193.36
ORD003596,CUST01020,2024-05-03,2024-05-08,Standard,103.55
ORD003597,CUST00837,2024-12-26,2024-12-28,Express,439.45
ORD003598,CUST00336,2024-03-26,2024-03-28,Express,2170.06
ORD003599,CUST01143,2024-06-12,2024-06-17,Standard,615.04
ORD003600,CUST01005,2024-06-10,2024-06-12,Express,294.04
ORD003601,CUST00251,2023-01-20,2023-01-25,Standard,2221.76
ORD003602,CUST00578,2024-11-19,2024-11-24,Standard,562.21
ORD003603,CUST00335,2024-12-08,2024-12-13,Standard,1294.42
ORD003604,CUST00511,2024-10-01,2024-10-06,Standard,3006.2
ORD003605,CUST00359,2023-02-08,2023-02-13,Standard,5470.18
ORD003606,CUST00618,2023-12-15,2023-12-17,Express,947.66
ORD003607,CUST00783,2024-05-02,2024-05-04,Express,5294.99
ORD003608,CUST00564,2024-07-23,2024-07-28,Standard,4490.0
ORD003609,CUST00050,2024-07-14,2024-07-16,Express,628.2
ORD003610,CUST00486,2023-02-07,2023-02-07,Same Day,3004.93
ORD003611,CUST00864,2023-03-09,2023-03-09,Same Day,2961.26
ORD003612,CUST00724,2024-09-24,2024-09-29,Standard,117.39
ORD003613,CUST00994,2023-11-02,2023-11-04,Express,2850.34
ORD003614,CUST00643,2023-12-17,2023-12-19,Express,287.09
ORD003615,CUST00566,2023-10-28,2023-11-02,Standard,4636.7
ORD003616,CUST00270,2023-12-31,2023-12-31,Same Day,195.6
ORD003617,CUST00928,2023-06-06,2023-06-11,Standard,838.89
ORD003618,CUST00645,2024-09-28,2024-10-03,Standard,2591.06
ORD003619,CUST00098,2023-06-08,2023-06-13,Standard,1907.1
ORD003620,CUST00682,2023-12-08,2023-12-10,Express,34.5
ORD003621,CUST00739,2024-11-03,2024-11-08,Standard,6818.11
ORD003622,CUST00104,2024-02-28,2024-03-04,Standard,857.06
ORD003623,CUST00646,2024-11-13,2024-11-18,Standard,568.42
ORD003624,CUST00452,2024-11-04,2024-11-09,Standard,1041.98
ORD003625,CUST00690,2023-12-03,2023-12-08,Standard,186.48
ORD003626,CUST01090,2023-04-25,2023-04-27,Express,4037.14
ORD003627,CUST00954,2023-12-02,2023-12-04,Express,1938.8
ORD003628,CUST00929,2024-02-09,2024-02-14,Standard,2267.72
ORD003629,CUST00090,2023-08-13,2023-08-18,Standard,3569.48
ORD003630,CUST01091,2023-02-24,2023-03-01,Standard,493.11
ORD003631,CUST00922,2023-01-08,2023-01-13,Standard,5169.69
ORD003632,CUST01092,2024-09-18,2024-09-23,Standard,2725.1
ORD003633,CUST00729,2023-11-12,2023-11-14,Express,703.41
ORD003634,CUST00516,2023-02-28,2023-03-05,Standard,3659.05
ORD003635,CUST00290,2024-06-12,2024-06-17,Standard,4144.32
ORD003636,CUST00444,2024-08-02,2024-08-07,Standard,366.6
ORD003637,CUST00880,2024-06-04,2024-06-09,Standard,213.16
ORD003638,CUST00168,2023-10-22,2023-10-22,Same Day,449.32
ORD003639,CUST00109,2023-04-02,2023-04-04,Express,5212.1
ORD003640,CUST00657,2023-10-29,2023-11-03,Standard,2189.83
ORD003641,CUST00289,2024-11-10,2024-11-15,Standard,1658.27
ORD003642,CUST00029,2024-08-04,2024-08-09,Standard,367.55
ORD003643,CUST00887,2024-11-17,2024-11-22,Standard,105.15
ORD003644,CUST00320,2024-09-09,2024-09-11,Express,177.76
ORD003645,CUST00514,2023-10-04,2023-10-09,Standard,3230.38
ORD003646,CUST00130,2024-11-28,2024-11-30,Express,5140.75
ORD003647,CUST01000,2023-12-31,2023-12-31,Same Day,7234.14
ORD003648,CUST01085,2023-09-10,2023-09-15,Standard,2433.2
ORD003649,CUST00264,2024-06-16,2024-06-18,Express,784.6
ORD003650,CUST00494,2024-10-29,2024-11-03,Standard,1869.05
ORD003651,CUST00492,2023-01-06,2023-01-08,Express,144.81
ORD003652,CUST00898,2024-06-11,2024-06-16,Standard,966.35
ORD003653,CUST01094,2024-12-26,2024-12-31,Standard,271.61
ORD003654,CUST00224,2023-03-24,2023-03-29,Standard,475.84
ORD003655,CUST00018,2023-06-03,2023-06-03,Same Day,497.19
ORD003656,CUST00793,2023-12-05,2023-12-07,Express,1434.33
ORD003657,CUST00139,2023-05-18,2023-05-20,Express,3992.02
ORD003658,CUST00062,2023-11-08,2023-11-10,Express,3558.34
ORD003659,CUST00431,2024-09-08,2024-09-13,Standard,1715.26
ORD003660,CUST00543,2023-05-02,2023-05-07,Standard,854.92
ORD003661,CUST00055,2024-11-30,2024-12-02,Express,1063.44
ORD003662,CUST01192,2024-07-16,2024-07-21,Standard,470.65
ORD003663,CUST00034,2024-06-12,2024-06-17,Standard,3438.87
ORD003664,CUST00467,2024-05-11,2024-05-16,Standard,461.28
ORD003665,CUST00990,2023-01-05,2023-01-10,Standard,1790.77
ORD003666,CUST00582,2024-09-23,2024-09-28,Standard,50.24
ORD003667,CUST00750,2023-12-25,2023-12-27,Express,1178.52
ORD003668,CUST00087,2023-04-18,2023-04-20,Express,1446.14
ORD003669,CUST00435,2023-06-06,2023-06-08,Express,363.43
ORD003670,CUST00928,2024-11-05,2024-11-07,Express,142.0
ORD003671,CUST00607,2024-04-08,2024-04-13,Standard,323.68
ORD003672,CUST00031,2023-02-14,2023-02-19,Standard,332.97
ORD003673,CUST00709,2023-01-06,2023-01-11,Standard,770.77
ORD003674,CUST00098,2023-04-26,2023-04-28,Express,99.51
ORD003675,CUST01088,2023-03-20,2023-03-25,Standard,719.72
ORD003676,CUST01064,2024-02-05,2024-02-07,Express,2417.26
ORD003677,CUST00192,2023-05-17,2023-05-17,Same Day,2201.57
ORD003678,CUST01064,2024-12-19,2024-12-24,Standard,569.58
ORD003679,CUST00547,2023-07-10,2023-07-12,Express,7064.92
ORD003680,CUST00297,2023-10-26,2023-10-31,Standard,128.72
ORD003681,CUST00638,2023-02-02,2023-02-04,Express,3530.72
ORD003682,CUST00980,2023-07-20,2023-07-22,Express,1228.68
ORD003683,CUST01106,2024-02-05,2024-02-10,Standard,728.9
ORD003684,CUST00426,2024-06-29,2024-07-04,Standard,3612.19
ORD003685,CUST00576,2024-07-15,2024-07-20,Standard,5014.29
ORD003686,CUST00273,2023-11-02,2023-11-07,Standard,2540.62
ORD003687,CUST00198,2024-12-07,2024-12-12,Standard,677.56
ORD003688,CUST00606,2024-12-08,2024-12-13,Standard,299.41
ORD003689,CUST00830,2023-11-01,2023-11-01,Same Day,1565.92
ORD003690,CUST00664,2023-06-07,2023-06-12,Standard,2489.88
ORD003691,CUST00883,2024-01-01,2024-01-06,Standard,360.95
ORD003692,CUST00231,2024-06-21,2024-06-26,Standard,1406.48
ORD003693,CUST00155,2024-11-19,2024-11-24,Standard,91.79
ORD003694,CUST00646,2024-01-08,2024-01-13,Standard,6057.61
ORD003695,CUST00847,2023-09-30,2023-10-05,Standard,7054.36
ORD003696,CUST00798,2024-08-22,2024-08-27,Standard,460.99
ORD003697,CUST00773,2023-02-12,2023-02-17,Standard,2188.3
ORD003698,CUST00802,2024-10-02,2024-10-07,Standard,1856.52
ORD003699,CUST01197,2023-04-18,2023-04-23,Standard,293.28
ORD003700,CUST00042,2023-12-19,2023-12-19,Same Day,4200.82
ORD003701,CUST00677,2024-11-22,2024-11-24,Express,2709.91
ORD003702,CUST00602,2023-12-28,2024-01-02,Standard,1676.97
ORD003703,CUST00715,2023-12-26,2023-12-31,Standard,3960.96
ORD003704,CUST01185,2024-02-04,2024-02-09,Standard,95.32
ORD003705,CUST00463,2023-12-13,2023-12-15,Express,3653.49
ORD003706,CUST00125,2024-01-23,2024-01-28,Standard,1588.22
ORD003707,CUST00493,2024-09-02,2024-09-04,Express,1957.49
ORD003708,CUST00922,2024-10-09,2024-10-14,Standard,1162.19
ORD003709,CUST00557,2023-12-26,2023-12-31,Standard,2356.53
ORD003710,CUST00495,2024-11-04,2024-11-09,Standard,2238.7
ORD003711,CUST00635,2024-08-28,2024-09-02,Standard,53.92
ORD003712,CUST00605,2023-11-14,2023-11-19,Standard,2585.3
ORD003713,CUST00398,2023-11-22,2023-11-24,Express,858.85
ORD003714,CUST01196,2024-09-16,2024-09-21,Standard,108.72
ORD003715,CUST00142,2023-07-15,2023-07-20,Standard,458.87
ORD003716,CUST00205,2024-01-15,2024-01-20,Standard,698.87
ORD003717,CUST01078,2023-05-05,2023-05-10,Standard,844.13
ORD003718,CUST00991,2023-12-21,2023-12-26,Standard,4381.72
ORD003719,CUST00035,2024-04-24,2024-04-26,Express,354.44
ORD003720,CUST00245,2024-03-08,2024-03-10,Express,159.22
ORD003721,CUST00256,2024-07-11,2024-07-16,Standard,2300.97
ORD003722,CUST00970,2024-11-12,2024-11-14,Express,173.88
ORD003723,CUST00241,2023-11-26,2023-12-01,Standard,1282.42
ORD003724,CUST00051,2023-08-26,2023-08-31,Standard,116.02
ORD003725,CUST01029,2024-06-30,2024-07-05,Standard,814.47
ORD003726,CUST00203,2023-09-24,2023-09-26,Express,8502.92
ORD003727,CUST00225,2023-07-10,2023-07-15,Standard,6396.08
ORD003728,CUST00298,2024-10-09,2024-10-14,Standard,220.8
ORD003729,CUST00347,2023-09-29,2023-10-01,Express,1799.52
ORD003730,CUST00974,2024-07-14,2024-07-19,Standard,4526.76
ORD003731,CUST00754,2023-08-31,2023-09-05,Standard,311.45
ORD003732,CUST00441,2024-12-04,2024-12-09,Standard,497.55
ORD003733,CUST00078,2024-10-26,2024-10-26,Same Day,2281.9
ORD003734,CUST00910,2023-02-12,2023-02-17,Standard,156.04
ORD003735,CUST00621,2023-01-30,2023-02-01,Express,5058.86
ORD003736,CUST00430,2023-07-04,2023-07-04,Same Day,68.11
ORD003737,CUST00582,2024-07-10,2024-07-15,Standard,336.87
ORD003738,CUST00239,2024-03-13,2024-03-13,Same Day,1156.48
ORD003739,CUST00677,2024-07-06,2024-07-11,Standard,4782.08
ORD003740,CUST00446,2024-02-26,2024-03-02,Standard,4715.89
ORD003741,CUST00446,2023-12-22,2023-12-24,Express,211.81
ORD003742,CUST01186,2024-12-30,2025-01-04,Standard,863.72
ORD003743,CUST00679,2024-01-12,2024-01-17,Standard,502.8
ORD003744,CUST00431,2023-04-30,2023-05-02,Express,892.55
ORD003745,CUST00275,2024-04-20,2024-04-25,Standard,643.69
ORD003746,CUST00038,2023-04-09,2023-04-14,Standard,4707.93
ORD003747,CUST00981,2023-08-31,2023-09-02,Express,287.48
ORD003748,CUST00516,2024-12-21,2024-12-26,Standard,64.32
ORD003749,CUST00445,2023-09-28,2023-09-28,Same Day,679.58
ORD003750,CUST00438,2023-04-30,2023-05-02,Express,2363.95
ORD003751,CUST00126,2024-07-03,2024-07-05,Express,4750.67
ORD003752,CUST00947,2024-03-05,2024-03-05,Same Day,798.64
ORD003753,CUST00722,2023-12-19,2023-12-21,Express,62.1
ORD003754,CUST00601,2023-04-09,2023-04-14,Standard,898.9
ORD003755,CUST00788,2024-03-10,2024-03-15,Standard,205.24
ORD003756,CUST00023,2023-11-19,2023-11-21,Express,533.36
ORD003757,CUST01028,2023-05-31,2023-06-05,Standard,3430.7
ORD003758,CUST00499,2023-07-26,2023-07-26,Same Day,693.54
ORD003759,CUST00428,2024-02-15,2024-02-20,Standard,1123.3
ORD003760,CUST00531,2024-08-15,2024-08-20,Standard,414.51
ORD003761,CUST00653,2023-10-08,2023-10-10,Express,552.44
ORD003762,CUST00994,2024-09-08,2024-09-10,Express,998.32
ORD003763,CUST00996,2023-12-21,2023-12-26,Standard,293.4
ORD003764,CUST00771,2024-02-18,2024-02-20,Express,4514.5
ORD003765,CUST00451,2023-08-29,2023-09-03,Standard,2123.53
ORD003766,CUST00683,2024-06-30,2024-07-02,Express,874.41
ORD003767,CUST00087,2023-11-26,2023-12-01,Standard,680.29
ORD003768,CUST00750,2024-06-01,2024-06-03,Express,1215.47
ORD003769,CUST00978,2024-08-12,2024-08-17,Standard,48.9
ORD003770,CUST00115,2023-09-03,2023-09-08,Standard,489.6
ORD003771,CUST01103,2024-03-16,2024-03-21,Standard,278.62
ORD003772,CUST00608,2023-11-04,2023-11-09,Standard,824.09
ORD003773,CUST00736,2024-09-16,2024-09-18,Express,362.03
ORD003774,CUST00422,2024-09-01,2024-09-03,Express,3391.01
ORD003775,CUST00817,2023-09-05,2023-09-10,Standard,2284.59
ORD003776,CUST01153,2024-07-03,2024-07-08,Standard,1789.91
ORD003777,CUST00181,2023-11-10,2023-11-15,Standard,1455.13
ORD003778,CUST00754,2024-04-29,2024-05-04,Standard,2052.84
ORD003779,CUST00176,2024-12-25,2024-12-30,Standard,774.09
ORD003780,CUST01033,2024-05-15,2024-05-20,Standard,449.91
ORD003781,CUST00849,2023-04-28,2023-05-03,Standard,497.58
ORD003782,CUST00267,2023-11-09,2023-11-11,Express,633.79
ORD003783,CUST00895,2023-06-13,2023-06-18,Standard,1946.56
ORD003784,CUST00220,2023-11-02,2023-11-02,Same Day,489.26
ORD003785,CUST00131,2024-04-12,2024-04-14,Express,31.08
ORD003786,CUST00033,2024-02-19,2024-02-24,Standard,158.64
ORD003787,CUST00200,2023-07-27,2023-07-29,Express,3529.68
ORD003788,CUST00533,2024-01-08,2024-01-13,Standard,404.04
ORD003789,CUST00097,2023-07-04,2023-07-06,Express,1235.04
ORD003790,CUST00926,2023-09-24,2023-09-29,Standard,214.52
ORD003791,CUST00522,2023-09-04,2023-09-09,Standard,885.56
ORD003792,CUST00061,2024-01-30,2024-02-01,Express,1332.98
ORD003793,CUST00708,2023-01-29,2023-02-03,Standard,99.46
ORD003794,CUST00657,2023-03-23,2023-03-28,Standard,1086.95
ORD003795,CUST00951,2023-10-03,2023-10-05,Express,146.64
ORD003796,CUST01192,2023-09-30,2023-10-05,Standard,158.2
ORD003797,CUST00478,2024-03-04,2024-03-04,Same Day,828.95
ORD003798,CUST00017,2024-07-21,2024-07-26,Standard,748.88
ORD003799,CUST00846,2023-03-03,2023-03-08,Standard,4488.8
ORD003800,CUST00821,2024-08-26,2024-08-31,Standard,1430.37
ORD003801,CUST00156,2023-01-06,2023-01-11,Standard,4509.46
ORD003802,CUST00151,2024-01-16,2024-01-21,Standard,2224.78
ORD003803,CUST00914,2024-05-07,2024-05-09,Express,120.29
ORD003804,CUST00538,2024-03-15,2024-03-20,Standard,277.07
ORD003805,CUST01091,2023-06-22,2023-06-27,Standard,212.58
ORD003806,CUST01005,2024-12-11,2024-12-11,Same Day,3430.66
ORD003807,CUST00273,2023-05-08,2023-05-10,Express,1153.35
ORD003808,CUST00604,2024-05-26,2024-05-31,Standard,422.52
ORD003809,CUST00929,2023-09-24,2023-09-29,Standard,2915.26
ORD003810,CUST00311,2024-12-16,2024-12-18,Express,28.36
ORD003811,CUST00179,2024-07-01,2024-07-03,Express,3583.65
ORD003812,CUST00589,2024-11-06,2024-11-11,Standard,224.66
ORD003813,CUST00882,2024-05-27,2024-06-01,Standard,410.48
ORD003814,CUST00440,2023-09-18,2023-09-23,Standard,147.02
ORD003815,CUST00773,2024-11-16,2024-11-21,Standard,42.75
ORD003816,CUST00838,2024-05-05,2024-05-07,Express,4502.83
ORD003817,CUST00880,2024-12-26,2024-12-31,Standard,3181.58
ORD003818,CUST00560,2024-11-20,2024-11-20,Same Day,2363.95
ORD003819,CUST01197,2024-09-13,2024-09-18,Standard,728.16
ORD003820,CUST00980,2024-09-21,2024-09-26,Standard,529.98
ORD003821,CUST00141,2024-07-21,2024-07-23,Express,941.64
ORD003822,CUST00357,2023-05-13,2023-05-18,Standard,1278.3
ORD003823,CUST01148,2024-05-19,2024-05-24,Standard,1322.91
ORD003824,CUST00377,2023-03-08,2023-03-13,Standard,2834.65
ORD003825,CUST00492,2024-03-19,2024-03-24,Standard,443.74
ORD003826,CUST01024,2023-02-06,2023-02-06,Same Day,2711.5
ORD003827,CUST01068,2023-11-24,2023-11-29,Standard,972.38
ORD003828,CUST00190,2024-07-05,2024-07-10,Standard,2497.5
ORD003829,CUST01064,2024-08-15,2024-08-20,Standard,1262.4
ORD003830,CUST00562,2024-03-12,2024-03-17,Standard,129.21
ORD003831,CUST01031,2024-04-24,2024-04-24,Same Day,132.94
ORD003832,CUST00843,2024-06-14,2024-06-19,Standard,1406.16
ORD003833,CUST00833,2023-05-16,2023-05-18,Express,1523.36
ORD003834,CUST00870,2024-01-14,2024-01-19,Standard,650.02
ORD003835,CUST00744,2024-06-15,2024-06-17,Express,449.55
ORD003836,CUST00551,2024-04-19,2024-04-19,Same Day,2692.68
ORD003837,CUST00199,2024-06-15,2024-06-17,Express,331.2
ORD003838,CUST00462,2023-08-09,2023-08-14,Standard,337.8
ORD003839,CUST00290,2023-07-05,2023-07-07,Express,364.66
ORD003840,CUST00580,2024-11-23,2024-11-28,Standard,746.37
ORD003841,CUST00327,2023-06-14,2023-06-19,Standard,2658.92
ORD003842,CUST01059,2023-07-19,2023-07-21,Express,275.31
ORD003843,CUST01185,2024-11-24,2024-11-26,Express,647.82
ORD003844,CUST01114,2024-05-14,2024-05-19,Standard,2458.57
ORD003845,CUST00443,2023-04-25,2023-04-30,Standard,1596.68
ORD003846,CUST00951,2023-06-06,2023-06-08,Express,6292.4
ORD003847,CUST00372,2023-02-16,2023-02-21,Standard,409.66
ORD003848,CUST00200,2024-12-28,2024-12-30,Express,426.31
ORD003849,CUST00843,2024-07-02,2024-07-02,Same Day,2454.42
ORD003850,CUST00928,2023-12-13,2023-12-18,Standard,4354.62
ORD003851,CUST00926,2024-05-01,2024-05-06,Standard,1318.59
ORD003852,CUST00786,2024-07-02,2024-07-02,Same Day,2171.16
ORD003853,CUST00355,2024-05-09,2024-05-14,Standard,19.93
ORD003854,CUST00316,2023-06-03,2023-06-05,Express,2397.77
ORD003855,CUST00245,2024-06-14,2024-06-19,Standard,582.39
ORD003856,CUST00203,2024-05-18,2024-05-23,Standard,985.28
ORD003857,CUST00519,2023-06-02,2023-06-07,Standard,4717.51
ORD003858,CUST00886,2024-07-11,2024-07-16,Standard,986.68
ORD003859,CUST00314,2023-06-25,2023-06-30,Standard,3250.1
ORD003860,CUST00104,2024-02-18,2024-02-23,Standard,567.85
ORD003861,CUST01038,2024-04-15,2024-04-20,Standard,3904.88
ORD003862,CUST00672,2023-11-29,2023-12-01,Express,4723.78
ORD003863,CUST00494,2024-01-31,2024-02-05,Standard,843.71
ORD003864,CUST00806,2023-04-08,2023-04-08,Same Day,91.71
ORD003865,CUST01154,2024-02-14,2024-02-19,Standard,1452.28
ORD003866,CUST00298,2023-09-27,2023-09-29,Express,5299.51
ORD003867,CUST00427,2024-05-14,2024-05-19,Standard,579.63
ORD003868,CUST00216,2023-11-11,2023-11-16,Standard,552.0
ORD003869,CUST00189,2023-05-26,2023-05-28,Express,13.6
ORD003870,CUST00414,2023-12-01,2023-12-06,Standard,734.2
ORD003871,CUST00264,2023-02-15,2023-02-20,Standard,1595.94
ORD003872,CUST00228,2024-03-15,2024-03-20,Standard,367.16
ORD003873,CUST00531,2024-01-23,2024-01-28,Standard,2488.67
ORD003874,CUST00099,2024-12-31,2025-01-05,Standard,586.51
ORD003875,CUST00179,2024-04-08,2024-04-13,Standard,887.26
ORD003876,CUST00075,2023-05-26,2023-05-28,Express,121.84
ORD003877,CUST00072,2023-12-27,2024-01-01,Standard,1166.22
ORD003878,CUST00322,2023-09-20,2023-09-22,Express,495.38
ORD003879,CUST00680,2024-06-19,2024-06-21,Express,683.02
ORD003880,CUST00095,2023-11-24,2023-11-24,Same Day,1474.8
ORD003881,CUST00804,2023-09-13,2023-09-18,Standard,1295.9
ORD003882,CUST00002,2023-08-30,2023-08-30,Same Day,1294.36
ORD003883,CUST00281,2024-02-20,2024-02-20,Same Day,193.36
ORD003884,CUST00042,2024-12-10,2024-12-12,Express,348.27
ORD003885,CUST00610,2023-01-27,2023-02-01,Standard,96.54
ORD003886,CUST00941,2024-05-11,2024-05-13,Express,552.63
ORD003887,CUST00129,2023-11-17,2023-11-22,Standard,745.9
ORD003888,CUST00753,2023-03-03,2023-03-05,Express,6035.9
ORD003889,CUST00674,2023-03-19,2023-03-19,Same Day,1396.87
ORD003890,CUST00941,2024-12-26,2024-12-31,Standard,2630.38
ORD003891,CUST00552,2024-10-17,2024-10-22,Standard,738.79
ORD003892,CUST00187,2024-10-10,2024-10-12,Express,1225.64
ORD003893,CUST00824,2023-03-10,2023-03-12,Express,842.54
ORD003894,CUST01059,2023-05-29,2023-06-03,Standard,3974.46
ORD003895,CUST00309,2024-11-01,2024-11-03,Express,2243.23
ORD003896,CUST00376,2023-02-18,2023-02-23,Standard,472.8
ORD003897,CUST01153,2023-05-27,2023-05-27,Same Day,1799.88
ORD003898,CUST01131,2024-04-27,2024-05-02,Standard,1936.18
ORD003899,CUST00432,2023-11-22,2023-11-27,Standard,5564.36
ORD003900,CUST01095,2023-03-21,2023-03-26,Standard,261.05
ORD003901,CUST00306,2024-03-04,2024-03-09,Standard,561.36
ORD003902,CUST00901,2024-12-24,2024-12-26,Express,2901.2
ORD003903,CUST00458,2024-04-13,2024-04-15,Express,1670.21
ORD003904,CUST01197,2023-12-19,2023-12-24,Standard,1268.57
ORD003905,CUST00928,2023-04-08,2023-04-10,Express,531.98
ORD003906,CUST00988,2024-05-30,2024-06-04,Standard,2633.09
ORD003907,CUST00303,2024-09-22,2024-09-27,Standard,254.32
ORD003908,CUST00094,2024-08-15,2024-08-17,Express,3430.52
ORD003909,CUST00178,2023-03-02,2023-03-04,Express,189.84
ORD003910,CUST01119,2024-10-10,2024-10-15,Standard,60.14
ORD003911,CUST00148,2024-10-05,2024-10-10,Standard,1000.23
ORD003912,CUST01108,2023-11-14,2023-11-14,Same Day,879.06
ORD003913,CUST00226,2024-05-11,2024-05-13,Express,449.51
ORD003914,CUST00028,2023-01-26,2023-01-26,Same Day,1801.72
ORD003915,CUST00722,2024-10-18,2024-10-20,Express,7031.44
ORD003916,CUST00964,2024-10-07,2024-10-12,Standard,396.48
ORD003917,CUST00700,2023-11-18,2023-11-23,Standard,648.87
ORD003918,CUST00744,2024-12-07,2024-12-12,Standard,1994.18
ORD003919,CUST00501,2024-04-01,2024-04-06,Standard,696.69
ORD003920,CUST00578,2024-11-15,2024-11-20,Standard,470.05
ORD003921,CUST00414,2024-08-20,2024-08-22,Express,56.26
ORD003922,CUST00503,2024-03-13,2024-03-18,Standard,199.41
ORD003923,CUST00951,2024-03-30,2024-03-30,Same Day,1126.43
ORD003924,CUST00562,2023-12-06,2023-12-11,Standard,125.3
ORD003925,CUST00892,2023-02-03,2023-02-08,Standard,532.68
ORD003926,CUST00849,2023-04-28,2023-05-03,Standard,599.09
ORD003927,CUST00057,2024-06-24,2024-06-24,Same Day,951.31
ORD003928,CUST00722,2024-09-06,2024-09-08,Express,443.34
ORD003929,CUST00760,2024-03-13,2024-03-18,Standard,1523.09
ORD003930,CUST00792,2023-11-02,2023-11-07,Standard,4382.17
ORD003931,CUST00084,2024-11-27,2024-11-27,Same Day,924.72
ORD003932,CUST00683,2023-11-22,2023-11-27,Standard,3228.26
ORD003933,CUST00697,2023-03-07,2023-03-09,Express,163.08
ORD003934,CUST00029,2024-01-12,2024-01-14,Express,1569.08
ORD003935,CUST00929,2024-03-16,2024-03-21,Standard,1088.45
ORD003936,CUST00342,2024-11-28,2024-12-03,Standard,1029.73
ORD003937,CUST00213,2023-12-15,2023-12-20,Standard,2568.03
ORD003938,CUST00357,2024-10-12,2024-10-14,Express,2806.95
ORD003939,CUST01137,2023-09-09,2023-09-14,Standard,5325.58
ORD003940,CUST01010,2024-10-04,2024-10-09,Standard,2665.96
ORD003941,CUST00846,2023-07-25,2023-07-30,Standard,611.83
ORD003942,CUST00389,2024-07-17,2024-07-22,Standard,2584.64
ORD003943,CUST00954,2024-11-26,2024-11-26,Same Day,2868.15
ORD003944,CUST00569,2024-09-20,2024-09-25,Standard,969.31
ORD003945,CUST01074,2024-05-14,2024-05-19,Standard,475.84
ORD003946,CUST00889,2024-10-24,2024-10-29,Standard,797.2
ORD003947,CUST00120,2023-08-14,2023-08-19,Standard,3204.49
ORD003948,CUST01100,2024-09-30,2024-10-05,Standard,425.51
ORD003949,CUST00317,2023-11-03,2023-11-08,Standard,990.84
ORD003950,CUST00093,2024-03-04,2024-03-06,Express,3391.01
ORD003951,CUST00764,2023-10-09,2023-10-14,Standard,80.76
ORD003952,CUST00527,2023-12-13,2023-12-13,Same Day,5175.42
ORD003953,CUST01005,2024-02-22,2024-02-27,Standard,899.52
ORD003954,CUST00621,2023-06-23,2023-06-25,Express,1636.77
ORD003955,CUST00916,2023-05-31,2023-06-05,Standard,1920.23
ORD003956,CUST00326,2024-07-03,2024-07-08,Standard,491.47
ORD003957,CUST00610,2024-07-23,2024-07-28,Standard,6053.79
ORD003958,CUST00984,2023-09-08,2023-09-13,Standard,2058.31
ORD003959,CUST00828,2024-05-12,2024-05-14,Express,1528.14
ORD003960,CUST00091,2023-02-18,2023-02-23,Standard,271.61
ORD003961,CUST00896,2023-11-11,2023-11-16,Standard,102.62
ORD003962,CUST00899,2024-01-05,2024-01-05,Same Day,1054.86
ORD003963,CUST00212,2024-11-05,2024-11-10,Standard,4692.25
ORD003964,CUST00210,2023-08-03,2023-08-08,Standard,307.87
ORD003965,CUST00094,2023-03-02,2023-03-04,Express,1068.0
ORD003966,CUST00158,2024-08-28,2024-09-02,Standard,32.86
ORD003967,CUST00644,2024-11-11,2024-11-16,Standard,1396.87
ORD003968,CUST01002,2023-05-16,2023-05-21,Standard,217.22
ORD003969,CUST00367,2023-01-11,2023-01-16,Standard,2239.7
ORD003970,CUST00980,2024-06-09,2024-06-14,Standard,2517.21
ORD003971,CUST00653,2023-12-08,2023-12-13,Standard,3082.96
ORD003972,CUST00097,2024-10-30,2024-11-04,Standard,176.66
ORD003973,CUST00253,2024-11-27,2024-12-02,Standard,746.37
ORD003974,CUST01119,2024-05-19,2024-05-21,Express,3761.35
ORD003975,CUST00920,2023-01-03,2023-01-08,Standard,305.71
ORD003976,CUST00761,2024-06-07,2024-06-09,Express,44.01
ORD003977,CUST00752,2023-08-30,2023-09-04,Standard,405.48
ORD003978,CUST01133,2023-10-26,2023-10-31,Standard,864.21
ORD003979,CUST00018,2024-11-05,2024-11-07,Express,348.27
ORD003980,CUST00611,2024-09-06,2024-09-11,Standard,198.4
ORD003981,CUST00541,2023-05-28,2023-06-02,Standard,591.8
ORD003982,CUST00111,2024-09-15,2024-09-20,Standard,624.59
ORD003983,CUST00094,2023-09-07,2023-09-09,Express,2114.87
ORD003984,CUST00305,2023-10-13,2023-10-18,Standard,152.85
ORD003985,CUST00672,2023-12-01,2023-12-06,Standard,164.64
ORD003986,CUST00311,2024-01-18,2024-01-23,Standard,1967.94
ORD003987,CUST00122,2024-02-21,2024-02-23,Express,2084.84
ORD003988,CUST00433,2024-10-09,2024-10-14,Standard,2507.09
ORD003989,CUST01125,2023-11-23,2023-11-28,Standard,388.26
ORD003990,CUST01056,2024-03-10,2024-03-15,Standard,231.91
ORD003991,CUST00077,2023-11-13,2023-11-18,Standard,1414.3
ORD003992,CUST00280,2023-12-11,2023-12-16,Standard,1570.92
ORD003993,CUST00086,2024-09-30,2024-10-05,Standard,853.75
ORD003994,CUST00360,2024-10-20,2024-10-20,Same Day,1459.92
ORD003995,CUST01021,2023-06-28,2023-06-30,Express,127.77
ORD003996,CUST01015,2024-10-22,2024-10-27,Standard,2256.61
ORD003997,CUST00308,2024-03-23,2024-03-28,Standard,208.84
ORD003998,CUST00335,2024-02-05,2024-02-10,Standard,4467.49
ORD003999,CUST01131,2024-04-25,2024-04-30,Standard,5841.87
ORD004000,CUST00919,2024-11-06,2024-11-11,Standard,5374.75
ORD004001,CUST00510,2024-12-19,2024-12-21,Express,57.04
ORD004002,CUST00513,2023-05-27,2023-05-29,Express,4094.33
ORD004003,CUST01118,2024-07-29,2024-08-03,Standard,1762.23
ORD004004,CUST00054,2023-04-26,2023-05-01,Standard,2464.58
ORD004005,CUST00889,2024-11-23,2024-11-28,Standard,727.73
ORD004006,CUST00275,2024-04-11,2024-04-13,Express,132.94
ORD004007,CUST00988,2023-09-22,2023-09-24,Express,118.42
ORD004008,CUST00030,2024-12-02,2024-12-07,Standard,586.13
ORD004009,CUST00859,2024-09-13,2024-09-15,Express,2354.22
ORD004010,CUST00040,2023-12-13,2023-12-13,Same Day,3874.33
ORD004011,CUST00760,2024-10-21,2024-10-23,Express,552.44
ORD004012,CUST00937,2024-12-05,2024-12-07,Express,501.76
ORD004013,CUST00592,2023-05-26,2023-05-26,Same Day,3060.98
ORD004014,CUST00482,2024-11-30,2024-11-30,Same Day,922.08
ORD004015,CUST00809,2023-11-24,2023-11-26,Express,1300.04
ORD004016,CUST00250,2023-08-02,2023-08-07,Standard,2193.45
ORD004017,CUST00472,2024-06-26,2024-06-26,Same Day,256.57
ORD004018,CUST00049,2024-01-10,2024-01-15,Standard,629.05
ORD004019,CUST00957,2024-11-17,2024-11-22,Standard,75.68
ORD004020,CUST00270,2023-12-09,2023-12-11,Express,1795.52
ORD004021,CUST00188,2024-06-07,2024-06-09,Express,258.24
ORD004022,CUST00037,2024-12-01,2024-12-03,Express,4453.01
ORD004023,CUST01117,2024-04-28,2024-04-30,Express,680.15
ORD004024,CUST00513,2024-12-08,2024-12-10,Express,183.46
ORD004025,CUST00379,2023-03-12,2023-03-17,Standard,820.86
ORD004026,CUST00577,2023-07-22,2023-07-24,Express,113.9
ORD004027,CUST00803,2024-01-09,2024-01-14,Standard,577.37
ORD004028,CUST00820,2024-04-16,2024-04-21,Standard,81.96
ORD004029,CUST01148,2023-01-09,2023-01-11,Express,203.3
ORD004030,CUST00694,2023-10-28,2023-11-02,Standard,1270.34
ORD004031,CUST01110,2024-03-17,2024-03-19,Express,1671.48
ORD004032,CUST00408,2024-07-01,2024-07-03,Express,512.45
ORD004033,CUST01131,2023-08-02,2023-08-07,Standard,307.44
ORD004034,CUST00160,2024-04-25,2024-04-30,Standard,3462.19
ORD004035,CUST00716,2024-07-27,2024-08-01,Standard,6970.01
ORD004036,CUST00047,2023-12-04,2023-12-09,Standard,278.66
ORD004037,CUST00690,2023-02-23,2023-02-25,Express,1710.52
ORD004038,CUST00185,2024-07-19,2024-07-21,Express,2618.37
ORD004039,CUST01076,2024-05-27,2024-06-01,Standard,1418.37
ORD004040,CUST01186,2023-07-08,2023-07-08,Same Day,10304.91
ORD004041,CUST00010,2024-11-18,2024-11-18,Same Day,2357.27
ORD004042,CUST01036,2024-08-12,2024-08-17,Standard,3486.84
ORD004043,CUST00433,2023-01-13,2023-01-18,Standard,499.26
ORD004044,CUST00021,2024-01-16,2024-01-21,Standard,3873.59
ORD004045,CUST00827,2023-04-27,2023-05-02,Standard,277.07
ORD004046,CUST00955,2023-11-13,2023-11-15,Express,52.84
ORD004047,CUST00172,2024-09-12,2024-09-17,Standard,10.88
ORD004048,CUST00933,2024-02-09,2024-02-14,Standard,1576.98
ORD004049,CUST00421,2023-01-02,2023-01-07,Standard,177.76
ORD004050,CUST00863,2023-06-17,2023-06-19,Express,134.05
ORD004051,CUST00252,2024-03-11,2024-03-13,Express,650.02
ORD004052,CUST01132,2024-03-13,2024-03-15,Express,287.64
ORD004053,CUST00962,2024-06-28,2024-06-30,Express,729.36
ORD004054,CUST00894,2023-12-14,2023-12-19,Standard,899.52
ORD004055,CUST00011,2023-06-04,2023-06-09,Standard,1542.78
ORD004056,CUST00141,2023-06-12,2023-06-14,Express,1272.3
ORD004057,CUST00912,2023-03-13,2023-03-15,Express,1742.49
ORD004058,CUST00352,2024-10-29,2024-11-03,Standard,993.75
ORD004059,CUST01070,2024-11-25,2024-11-27,Express,1882.24
ORD004060,CUST00323,2023-06-12,2023-06-14,Express,2418.97
ORD004061,CUST01007,2023-06-05,2023-06-10,Standard,791.3
ORD004062,CUST00917,2023-04-08,2023-04-13,Standard,1722.92
ORD004063,CUST00891,2023-11-17,2023-11-22,Standard,3300.12
ORD004064,CUST01186,2023-12-24,2023-12-26,Express,52.21
ORD004065,CUST00879,2023-05-22,2023-05-27,Standard,333.08
ORD004066,CUST00342,2023-10-05,2023-10-07,Express,2011.03
ORD004067,CUST00761,2024-02-01,2024-02-03,Express,4041.0
ORD004068,CUST01146,2023-01-31,2023-01-31,Same Day,190.85
ORD004069,CUST00338,2023-10-27,2023-11-01,Standard,315.45
ORD004070,CUST00832,2023-11-16,2023-11-18,Express,1314.31
ORD004071,CUST00272,2024-03-03,2024-03-08,Standard,407.31
ORD004072,CUST00547,2023-01-11,2023-01-16,Standard,1408.28
ORD004073,CUST01103,2023-01-14,2023-01-14,Same Day,703.03
ORD004074,CUST00082,2023-04-27,2023-04-29,Express,591.8
ORD004075,CUST00586,2024-05-15,2024-05-20,Standard,2322.9
ORD004076,CUST00777,2023-08-04,2023-08-09,Standard,496.32
ORD004077,CUST00366,2023-01-31,2023-02-02,Express,5188.33
ORD004078,CUST00519,2023-12-23,2023-12-25,Express,1527.28
ORD004079,CUST00081,2023-10-16,2023-10-18,Express,73.51
ORD004080,CUST00866,2024-03-04,2024-03-09,Standard,973.4
ORD004081,CUST00997,2023-02-02,2023-02-07,Standard,5042.0
ORD004082,CUST00645,2024-10-15,2024-10-17,Express,448.73
ORD004083,CUST00521,2023-06-13,2023-06-18,Standard,4827.03
ORD004084,CUST00479,2023-11-11,2023-11-16,Standard,3548.83
ORD004085,CUST00851,2023-04-25,2023-04-30,Standard,795.95
ORD004086,CUST00098,2023-01-24,2023-01-29,Standard,2576.76
ORD004087,CUST00317,2024-11-05,2024-11-10,Standard,3430.52
ORD004088,CUST00647,2023-06-01,2023-06-06,Standard,286.01
ORD004089,CUST00472,2023-07-11,2023-07-13,Express,81.22
ORD004090,CUST00626,2024-12-13,2024-12-18,Standard,155.4
ORD004091,CUST00172,2024-07-20,2024-07-25,Standard,228.21
ORD004092,CUST00885,2024-11-14,2024-11-14,Same Day,95.32
ORD004093,CUST00195,2024-01-23,2024-01-28,Standard,1880.2
ORD004094,CUST00570,2023-01-16,2023-01-18,Express,898.3
ORD004095,CUST00757,2024-07-17,2024-07-19,Express,683.02
ORD004096,CUST00644,2023-05-02,2023-05-07,Standard,539.79
ORD004097,CUST00525,2024-07-16,2024-07-21,Standard,161.39
ORD004098,CUST00255,2024-10-19,2024-10-24,Standard,75.67
ORD004099,CUST00467,2023-11-27,2023-12-02,Standard,990.3
ORD004100,CUST00398,2024-10-11,2024-10-16,Standard,6024.24
ORD004101,CUST00622,2023-11-24,2023-11-29,Standard,3578.85
ORD004102,CUST00442,2024-08-09,2024-08-11,Express,367.16
ORD004103,CUST01189,2023-09-18,2023-09-23,Standard,813.12
ORD004104,CUST01028,2023-04-14,2023-04-16,Express,5351.81
ORD004105,CUST00100,2023-12-28,2024-01-02,Standard,5163.52
ORD004106,CUST00227,2023-04-28,2023-04-30,Express,2365.9
ORD004107,CUST00002,2024-09-29,2024-10-04,Standard,404.04
ORD004108,CUST00695,2024-07-13,2024-07-18,Standard,1309.8
ORD004109,CUST00811,2024-11-06,2024-11-11,Standard,4614.41
ORD004110,CUST00286,2023-12-18,2023-12-18,Same Day,10141.22
ORD004111,CUST00295,2024-08-20,2024-08-25,Standard,28.99
ORD004112,CUST00819,2023-08-04,2023-08-09,Standard,2069.36
ORD004113,CUST00540,2023-11-28,2023-11-30,Express,280.4
ORD004114,CUST00109,2024-12-10,2024-12-12,Express,495.42
ORD004115,CUST01067,2024-06-11,2024-06-13,Express,3927.55
ORD004116,CUST00777,2024-01-31,2024-02-05,Standard,3246.67
ORD004117,CUST01188,2023-03-30,2023-04-01,Express,609.72
ORD004118,CUST00966,2023-01-22,2023-01-24,Express,231.18
ORD004119,CUST00557,2024-05-20,2024-05-25,Standard,2448.37
ORD004120,CUST01107,2023-11-25,2023-11-27,Express,547.24
ORD004121,CUST00377,2023-01-04,2023-01-06,Express,1533.42
ORD004122,CUST00736,2024-10-07,2024-10-09,Express,1483.74
ORD004123,CUST00400,2024-12-25,2024-12-30,Standard,228.02
ORD004124,CUST00078,2023-01-10,2023-01-12,Express,1206.26
ORD004125,CUST00973,2023-12-28,2023-12-30,Express,557.31
ORD004126,CUST00304,2023-01-29,2023-01-31,Express,1064.8
ORD004127,CUST00554,2023-02-16,2023-02-21,Standard,5940.23
ORD004128,CUST00182,2023-09-05,2023-09-10,Standard,2285.04
ORD004129,CUST00146,2024-12-01,2024-12-06,Standard,1042.42
ORD004130,CUST01037,2024-02-04,2024-02-06,Express,2686.64
ORD004131,CUST00677,2024-05-14,2024-05-16,Express,144.81
ORD004132,CUST01111,2024-09-09,2024-09-14,Standard,1412.04
ORD004133,CUST00083,2023-12-05,2023-12-10,Standard,6477.91
ORD004134,CUST00437,2023-05-08,2023-05-08,Same Day,8248.48
ORD004135,CUST00607,2024-11-18,2024-11-20,Express,2363.62
ORD004136,CUST00610,2024-06-10,2024-06-12,Express,493.28
ORD004137,CUST01007,2024-05-19,2024-05-21,Express,4286.15
ORD004138,CUST00959,2024-08-22,2024-08-24,Express,2245.0
ORD004139,CUST00226,2024-06-01,2024-06-01,Same Day,716.53
ORD004140,CUST00288,2024-01-07,2024-01-07,Same Day,34.06
ORD004141,CUST01051,2023-03-28,2023-04-02,Standard,273.26
ORD004142,CUST00961,2023-09-22,2023-09-22,Same Day,5130.52
ORD004143,CUST01086,2023-03-06,2023-03-11,Standard,226.28
ORD004144,CUST01078,2023-06-21,2023-06-26,Standard,209.76
ORD004145,CUST00331,2023-04-16,2023-04-18,Express,73.08
ORD004146,CUST01180,2024-07-18,2024-07-23,Standard,1659.55
ORD004147,CUST00755,2024-12-02,2024-12-07,Standard,1744.63
ORD004148,CUST01157,2024-03-22,2024-03-24,Express,1441.84
ORD004149,CUST00293,2024-02-23,2024-02-25,Express,63.28
ORD004150,CUST00023,2024-04-21,2024-04-26,Standard,48.9
ORD004151,CUST01144,2023-10-25,2023-10-27,Express,182.14
ORD004152,CUST01200,2023-11-09,2023-11-11,Express,689.9
ORD004153,CUST00110,2023-11-22,2023-11-27,Standard,285.96
ORD004154,CUST00678,2023-04-14,2023-04-19,Standard,25.84
ORD004155,CUST00217,2023-10-13,2023-10-18,Standard,1139.11
ORD004156,CUST00512,2024-04-26,2024-04-28,Express,2146.9
ORD004157,CUST00387,2024-12-22,2024-12-22,Same Day,173.88
ORD004158,CUST00604,2023-06-12,2023-06-14,Express,1495.55
ORD004159,CUST00038,2023-04-04,2023-04-09,Standard,3854.68
ORD004160,CUST00875,2024-12-16,2024-12-18,Express,3659.57
ORD004161,CUST00140,2023-09-09,2023-09-14,Standard,4490.0
ORD004162,CUST00300,2024-06-16,2024-06-21,Standard,76.36
ORD004163,CUST00618,2024-02-09,2024-02-14,Standard,460.91
ORD004164,CUST00881,2024-05-07,2024-05-09,Express,150.71
ORD004165,CUST00702,2023-12-23,2023-12-28,Standard,5282.09
ORD004166,CUST01166,2024-06-09,2024-06-11,Express,725.77
ORD004167,CUST00346,2024-01-19,2024-01-21,Express,152.51
ORD004168,CUST00536,2024-12-14,2024-12-19,Standard,5403.05
ORD004169,CUST00111,2024-08-30,2024-09-04,Standard,271.77
ORD004170,CUST00237,2023-10-05,2023-10-07,Express,90.32
ORD004171,CUST00122,2023-02-15,2023-02-20,Standard,140.87
ORD004172,CUST00752,2024-06-03,2024-06-08,Standard,591.8
ORD004173,CUST00075,2024-02-08,2024-02-13,Standard,60.57
ORD004174,CUST00367,2024-01-12,2024-01-17,Standard,261.06
ORD004175,CUST00191,2023-01-22,2023-01-27,Standard,134.49
ORD004176,CUST00195,2024-08-19,2024-08-24,Standard,5254.02
ORD004177,CUST00047,2023-01-12,2023-01-12,Same Day,990.3
ORD004178,CUST00038,2024-08-02,2024-08-04,Express,132.17
ORD004179,CUST00230,2023-07-19,2023-07-24,Standard,256.8
ORD004180,CUST00921,2023-02-17,2023-02-22,Standard,3893.22
ORD004181,CUST00370,2024-03-27,2024-03-27,Same Day,6256.72
ORD004182,CUST00692,2024-12-27,2024-12-29,Express,1161.05
ORD004183,CUST00596,2024-10-02,2024-10-07,Standard,973.06
ORD004184,CUST00016,2023-12-22,2023-12-27,Standard,273.1
ORD004185,CUST00127,2023-11-21,2023-11-26,Standard,824.5
ORD004186,CUST00587,2023-12-15,2023-12-20,Standard,333.03
ORD004187,CUST00978,2024-09-30,2024-10-05,Standard,263.67
ORD004188,CUST01117,2023-12-08,2023-12-10,Express,225.09
ORD004189,CUST00686,2023-06-29,2023-07-04,Standard,1381.99
ORD004190,CUST00516,2023-05-26,2023-05-31,Standard,495.42
ORD004191,CUST01040,2023-12-13,2023-12-18,Standard,508.64
ORD004192,CUST00707,2023-06-02,2023-06-04,Express,100.4
ORD004193,CUST01153,2024-01-02,2024-01-04,Express,383.31
ORD004194,CUST00803,2023-07-22,2023-07-27,Standard,1045.04
ORD004195,CUST00701,2023-03-31,2023-04-02,Express,320.91
ORD004196,CUST01069,2023-06-17,2023-06-22,Standard,136.21
ORD004197,CUST00367,2023-07-04,2023-07-06,Express,43.07
ORD004198,CUST00860,2023-04-09,2023-04-11,Express,96.68
ORD004199,CUST00794,2023-08-21,2023-08-26,Standard,433.5
ORD004200,CUST00063,2024-10-10,2024-10-12,Express,547.24
ORD004201,CUST00435,2024-07-18,2024-07-20,Express,1170.5
ORD004202,CUST00295,2024-09-27,2024-09-29,Express,459.77
ORD004203,CUST00769,2023-12-01,2023-12-06,Standard,1589.36
ORD004204,CUST00426,2024-10-08,2024-10-10,Express,2442.24
ORD004205,CUST00504,2023-12-31,2024-01-02,Express,392.58
ORD004206,CUST00067,2023-08-10,2023-08-15,Standard,286.6
ORD004207,CUST00216,2023-05-02,2023-05-07,Standard,246.33
ORD004208,CUST00530,2023-05-04,2023-05-09,Standard,250.49
ORD004209,CUST00448,2023-02-18,2023-02-20,Express,1104.84
ORD004210,CUST00576,2023-04-12,2023-04-17,Standard,299.68
ORD004211,CUST01126,2024-06-24,2024-06-29,Standard,3527.61
ORD004212,CUST00539,2024-06-20,2024-06-22,Express,1137.93
ORD004213,CUST01118,2023-02-17,2023-02-22,Standard,1178.44
ORD004214,CUST00114,2024-12-21,2024-12-26,Standard,85.5
ORD004215,CUST00797,2023-02-10,2023-02-12,Express,781.4
ORD004216,CUST00324,2024-04-07,2024-04-12,Standard,161.39
ORD004217,CUST00898,2024-11-06,2024-11-11,Standard,1477.15
ORD004218,CUST01082,2023-03-17,2023-03-22,Standard,519.88
ORD004219,CUST01022,2024-07-22,2024-07-24,Express,1337.63
ORD004220,CUST00103,2023-07-06,2023-07-11,Standard,3057.12
ORD004221,CUST00869,2023-01-26,2023-01-26,Same Day,3153.47
ORD004222,CUST00601,2023-05-10,2023-05-15,Standard,159.52
ORD004223,CUST01105,2024-09-20,2024-09-20,Same Day,5081.36
ORD004224,CUST00277,2024-07-14,2024-07-19,Standard,95.32
ORD004225,CUST00720,2023-11-29,2023-12-04,Standard,282.85
ORD004226,CUST00791,2023-05-29,2023-06-03,Standard,5450.2
ORD004227,CUST00140,2023-09-01,2023-09-06,Standard,106.11
ORD004228,CUST00088,2023-12-25,2023-12-25,Same Day,236.81
ORD004229,CUST01040,2023-12-05,2023-12-05,Same Day,314.4
ORD004230,CUST00083,2024-04-10,2024-04-10,Same Day,3380.5
ORD004231,CUST00739,2023-04-09,2023-04-14,Standard,459.09
ORD004232,CUST00392,2023-07-12,2023-07-17,Standard,1224.5
ORD004233,CUST00509,2023-12-11,2023-12-16,Standard,7045.51
ORD004234,CUST01109,2024-01-01,2024-01-06,Standard,183.42
ORD004235,CUST00607,2023-04-27,2023-05-02,Standard,2974.6
ORD004236,CUST00712,2023-10-10,2023-10-15,Standard,431.46
ORD004237,CUST00736,2024-03-07,2024-03-07,Same Day,612.4
ORD004238,CUST00670,2023-02-02,2023-02-04,Express,7348.05
ORD004239,CUST01041,2023-07-18,2023-07-23,Standard,973.56
ORD004240,CUST00569,2024-03-02,2024-03-07,Standard,227.81
ORD004241,CUST00327,2024-11-15,2024-11-15,Same Day,182.06
ORD004242,CUST00986,2023-08-12,2023-08-17,Standard,646.16
ORD004243,CUST00416,2024-01-14,2024-01-19,Standard,262.6
ORD004244,CUST00765,2024-07-01,2024-07-06,Standard,3532.71
ORD004245,CUST00635,2023-11-06,2023-11-08,Express,2087.17
ORD004246,CUST00282,2024-07-07,2024-07-12,Standard,5634.53
ORD004247,CUST00859,2024-11-09,2024-11-11,Express,717.25
ORD004248,CUST00600,2023-12-10,2023-12-10,Same Day,650.02
ORD004249,CUST00619,2023-08-09,2023-08-14,Standard,2807.66
ORD004250,CUST00327,2024-07-11,2024-07-16,Standard,2213.66
ORD004251,CUST01122,2023-09-18,2023-09-23,Standard,5711.86
ORD004252,CUST00673,2023-08-06,2023-08-11,Standard,1573.57
ORD004253,CUST00101,2024-09-22,2024-09-24,Express,214.34
ORD004254,CUST00975,2024-07-18,2024-07-18,Same Day,294.13
ORD004255,CUST01068,2023-08-16,2023-08-21,Standard,2701.98
ORD004256,CUST00989,2024-02-26,2024-02-28,Express,315.45
ORD004257,CUST00208,2023-04-30,2023-05-05,Standard,1093.74
ORD004258,CUST00175,2024-04-08,2024-04-10,Express,4023.87
ORD004259,CUST00342,2023-01-28,2023-02-02,Standard,616.93
ORD004260,CUST00102,2024-07-27,2024-08-01,Standard,411.6
ORD004261,CUST00803,2023-12-03,2023-12-08,Standard,638.06
ORD004262,CUST00894,2023-08-04,2023-08-06,Express,268.7
ORD004263,CUST00491,2024-09-29,2024-10-04,Standard,3514.95
ORD004264,CUST00845,2024-05-31,2024-06-02,Express,1098.11
ORD004265,CUST00864,2023-02-24,2023-03-01,Standard,613.85
ORD004266,CUST01019,2023-06-15,2023-06-17,Express,1042.1
ORD004267,CUST00021,2023-01-07,2023-01-09,Express,24.36
ORD004268,CUST00936,2023-07-03,2023-07-08,Standard,202.02
ORD004269,CUST01139,2023-07-28,2023-07-30,Express,441.6
ORD004270,CUST00952,2024-05-08,2024-05-13,Standard,3201.65
ORD004271,CUST00287,2024-07-10,2024-07-12,Express,6958.84
ORD004272,CUST00255,2023-09-04,2023-09-06,Express,309.11
ORD004273,CUST00144,2023-03-08,2023-03-13,Standard,28.36
ORD004274,CUST01166,2024-06-27,2024-07-02,Standard,3553.18
ORD004275,CUST00861,2023-04-22,2023-04-22,Same Day,2021.01
ORD004276,CUST01156,2024-09-30,2024-10-02,Express,68.0
ORD004277,CUST01156,2023-11-08,2023-11-13,Standard,649.4
ORD004278,CUST00216,2024-05-27,2024-06-01,Standard,108.72
ORD004279,CUST00137,2024-10-06,2024-10-08,Express,4332.39
ORD004280,CUST01157,2023-12-14,2023-12-19,Standard,460.41
ORD004281,CUST00653,2024-11-18,2024-11-23,Standard,363.72
ORD004282,CUST01168,2023-04-30,2023-05-02,Express,2041.29
ORD004283,CUST00300,2023-09-27,2023-09-29,Express,1147.26
ORD004284,CUST00409,2024-02-01,2024-02-06,Standard,745.99
ORD004285,CUST00805,2024-07-31,2024-08-05,Standard,2843.4
ORD004286,CUST00671,2024-07-11,2024-07-16,Standard,4827.16
ORD004287,CUST00579,2024-04-17,2024-04-22,Standard,1319.3
ORD004288,CUST00941,2024-02-08,2024-02-10,Express,1852.93
ORD004289,CUST00295,2023-12-20,2023-12-22,Express,304.33
ORD004290,CUST01065,2024-07-11,2024-07-16,Standard,1965.63
ORD004291,CUST00483,2024-02-27,2024-03-03,Standard,2941.34
ORD004292,CUST00924,2023-04-26,2023-05-01,Standard,1075.1
ORD004293,CUST00408,2023-04-14,2023-04-19,Standard,2792.55
ORD004294,CUST01068,2024-02-23,2024-02-28,Standard,121.8
ORD004295,CUST00672,2023-07-15,2023-07-15,Same Day,2550.35
ORD004296,CUST00805,2024-10-06,2024-10-08,Express,4518.6
ORD004297,CUST00980,2023-10-12,2023-10-12,Same Day,1441.77
ORD004298,CUST01139,2024-06-15,2024-06-20,Standard,575.22
ORD004299,CUST00765,2023-02-26,2023-03-03,Standard,381.48
ORD004300,CUST01125,2024-11-15,2024-11-17,Express,352.69
ORD004301,CUST00380,2024-08-30,2024-09-04,Standard,954.8
ORD004302,CUST00046,2023-07-28,2023-08-02,Standard,2711.5
ORD004303,CUST00768,2024-11-08,2024-11-10,Express,513.61
ORD004304,CUST00879,2023-04-11,2023-04-16,Standard,2553.36
ORD004305,CUST00485,2023-09-23,2023-09-28,Standard,842.54
ORD004306,CUST01054,2023-04-06,2023-04-08,Express,1579.06
ORD004307,CUST00471,2023-05-29,2023-05-31,Express,1669.24
ORD004308,CUST00826,2023-03-22,2023-03-22,Same Day,4035.82
ORD004309,CUST00855,2024-01-11,2024-01-13,Express,263.67
ORD004310,CUST00331,2024-06-14,2024-06-16,Express,83.5
ORD004311,CUST00366,2023-12-25,2023-12-30,Standard,891.26
ORD004312,CUST00027,2024-09-28,2024-09-30,Express,2611.73
ORD004313,CUST00778,2024-07-06,2024-07-06,Same Day,1075.06
ORD004314,CUST00295,2024-07-01,2024-07-06,Standard,105.68
ORD004315,CUST00494,2024-10-26,2024-10-28,Express,3574.53
ORD004316,CUST01041,2023-06-27,2023-06-29,Express,3533.94
ORD004317,CUST00225,2024-03-14,2024-03-16,Express,5237.38
ORD004318,CUST00679,2023-01-26,2023-01-28,Express,470.65
ORD004319,CUST01077,2024-06-08,2024-06-10,Express,4115.77
ORD004320,CUST00177,2023-02-16,2023-02-18,Express,1355.71
ORD004321,CUST00454,2023-10-10,2023-10-12,Express,4212.7
ORD004322,CUST00980,2023-12-27,2024-01-01,Standard,1784.25
ORD004323,CUST00742,2024-10-19,2024-10-24,Standard,3651.57
ORD004324,CUST00867,2023-03-18,2023-03-18,Same Day,240.68
ORD004325,CUST00921,2024-12-20,2024-12-22,Express,131.2
ORD004326,CUST00466,2023-07-28,2023-08-02,Standard,441.94
ORD004327,CUST00910,2023-10-15,2023-10-20,Standard,2306.73
ORD004328,CUST00286,2024-04-01,2024-04-06,Standard,1707.55
ORD004329,CUST00384,2023-04-23,2023-04-25,Express,157.44
ORD004330,CUST00253,2024-01-12,2024-01-14,Express,141.42
ORD004331,CUST00750,2023-10-29,2023-10-31,Express,566.93
ORD004332,CUST00400,2023-11-19,2023-11-24,Standard,113.44
ORD004333,CUST00218,2023-07-14,2023-07-16,Express,776.52
ORD004334,CUST00949,2024-01-06,2024-01-11,Standard,112.52
ORD004335,CUST00366,2024-01-09,2024-01-14,Standard,62.88
ORD004336,CUST00441,2023-01-23,2023-01-23,Same Day,1077.08
ORD004337,CUST00296,2024-04-19,2024-04-24,Standard,557.91
ORD004338,CUST00226,2023-08-15,2023-08-15,Same Day,3858.28
ORD004339,CUST00354,2024-09-14,2024-09-16,Express,3174.14
ORD004340,CUST01052,2023-06-02,2023-06-07,Standard,2008.52
ORD004341,CUST00237,2024-09-09,2024-09-11,Express,471.15
ORD004342,CUST00060,2023-03-15,2023-03-20,Standard,2693.28
ORD004343,CUST00313,2024-11-12,2024-11-17,Standard,181.11
ORD004344,CUST00158,2024-05-06,2024-05-11,Standard,371.6
ORD004345,CUST00694,2023-06-06,2023-06-11,Standard,615.04
ORD004346,CUST00763,2024-12-23,2024-12-28,Standard,1544.55
ORD004347,CUST00885,2024-07-01,2024-07-06,Standard,5143.39
ORD004348,CUST00884,2024-05-09,2024-05-14,Standard,1146.82
ORD004349,CUST00493,2023-03-31,2023-03-31,Same Day,929.29
ORD004350,CUST00796,2024-02-15,2024-02-20,Standard,3497.8
ORD004351,CUST00541,2023-06-13,2023-06-18,Standard,1769.52
ORD004352,CUST00169,2024-12-03,2024-12-05,Express,2015.59
ORD004353,CUST00391,2023-09-05,2023-09-10,Standard,585.68
ORD004354,CUST00247,2023-01-30,2023-02-01,Express,382.13
ORD004355,CUST00713,2024-12-02,2024-12-07,Standard,3757.75
ORD004356,CUST01036,2023-01-08,2023-01-10,Express,3898.51
ORD004357,CUST01147,2023-11-05,2023-11-07,Express,197.57
ORD004358,CUST00584,2024-02-25,2024-03-01,Standard,2477.1
ORD004359,CUST00241,2023-05-12,2023-05-14,Express,193.9
ORD004360,CUST00366,2024-06-12,2024-06-17,Standard,123.09
ORD004361,CUST00928,2024-12-27,2025-01-01,Standard,2036.21
ORD004362,CUST00132,2024-11-12,2024-11-17,Standard,149.2
ORD004363,CUST00254,2023-06-09,2023-06-14,Standard,2677.11
ORD004364,CUST00509,2023-11-09,2023-11-14,Standard,1907.45
ORD004365,CUST00904,2023-03-09,2023-03-14,Standard,378.49
ORD004366,CUST00204,2024-11-27,2024-12-02,Standard,539.85
ORD004367,CUST00109,2023-03-30,2023-04-04,Standard,1001.78
ORD004368,CUST01052,2023-12-09,2023-12-11,Express,4020.76
ORD004369,CUST01152,2024-03-24,2024-03-24,Same Day,3255.71
ORD004370,CUST00430,2024-05-28,2024-06-02,Standard,6104.33
ORD004371,CUST01054,2024-10-22,2024-10-24,Express,3198.59
ORD004372,CUST00847,2024-10-01,2024-10-06,Standard,3689.58
ORD004373,CUST00569,2023-03-25,2023-03-30,Standard,117.39
ORD004374,CUST01044,2024-09-26,2024-09-26,Same Day,8032.39
ORD004375,CUST00832,2023-06-23,2023-06-23,Same Day,2665.96
ORD004376,CUST01173,2023-11-19,2023-11-21,Express,107.63
ORD004377,CUST00583,2023-05-27,2023-06-01,Standard,159.16
ORD004378,CUST00972,2024-12-07,2024-12-12,Standard,1962.25
ORD004379,CUST00369,2023-06-16,2023-06-21,Standard,337.8
ORD004380,CUST00284,2023-12-08,2023-12-13,Standard,556.68
ORD004381,CUST00064,2024-11-14,2024-11-16,Express,153.9
ORD004382,CUST00007,2023-07-06,2023-07-11,Standard,694.46
ORD004383,CUST00188,2024-05-06,2024-05-11,Standard,2725.1
ORD004384,CUST00126,2024-06-02,2024-06-02,Same Day,1891.16
ORD004385,CUST00715,2024-10-06,2024-10-11,Standard,4087.65
ORD004386,CUST00308,2024-10-19,2024-10-21,Express,2570.69
ORD004387,CUST00079,2024-12-21,2024-12-26,Standard,569.85
ORD004388,CUST00034,2023-02-06,2023-02-11,Standard,1170.5
ORD004389,CUST00606,2023-03-13,2023-03-15,Express,164.37
ORD004390,CUST00061,2023-11-07,2023-11-09,Express,4039.92
ORD004391,CUST00118,2024-05-22,2024-05-27,Standard,4265.31
ORD004392,CUST00440,2023-12-20,2023-12-25,Standard,196.29
ORD004393,CUST00428,2024-11-13,2024-11-15,Express,1381.21
ORD004394,CUST00866,2024-11-29,2024-12-04,Standard,492.74
ORD004395,CUST01041,2023-08-03,2023-08-08,Standard,82.32
ORD004396,CUST00582,2024-02-27,2024-03-03,Standard,3241.82
ORD004397,CUST00001,2023-04-14,2023-04-16,Express,272.41
ORD004398,CUST00567,2024-06-19,2024-06-24,Standard,236.84
ORD004399,CUST01088,2023-06-10,2023-06-15,Standard,127.62
ORD004400,CUST00814,2023-12-03,2023-12-05,Express,1866.97
ORD004401,CUST01139,2023-04-03,2023-04-05,Express,2250.58
ORD004402,CUST00775,2024-12-14,2024-12-19,Standard,197.38
ORD004403,CUST00625,2024-08-07,2024-08-09,Express,556.6
ORD004404,CUST00266,2023-03-11,2023-03-16,Standard,107.14
ORD004405,CUST00070,2024-06-09,2024-06-14,Standard,53.87
ORD004406,CUST00376,2023-12-12,2023-12-14,Express,455.35
ORD004407,CUST00372,2023-03-12,2023-03-14,Express,90.95
ORD004408,CUST00248,2023-12-24,2023-12-24,Same Day,792.96
ORD004409,CUST00140,2024-05-12,2024-05-17,Standard,396.48
ORD004410,CUST00889,2023-04-26,2023-05-01,Standard,213.64
ORD004411,CUST00203,2023-03-31,2023-04-05,Standard,464.14
ORD004412,CUST01025,2024-10-06,2024-10-11,Standard,3491.63
ORD004413,CUST00820,2023-03-31,2023-04-02,Express,130.7
ORD004414,CUST00432,2024-10-01,2024-10-06,Standard,2824.46
ORD004415,CUST00631,2023-09-22,2023-09-22,Same Day,1758.12
ORD004416,CUST01111,2023-02-10,2023-02-12,Express,726.69
ORD004417,CUST01137,2024-06-09,2024-06-14,Standard,581.7
ORD004418,CUST00265,2024-07-31,2024-07-31,Same Day,271.92
ORD004419,CUST00690,2024-08-20,2024-08-25,Standard,602.26
ORD004420,CUST00428,2024-11-16,2024-11-18,Express,86.28
ORD004421,CUST00514,2024-07-22,2024-07-27,Standard,2518.05
ORD004422,CUST00437,2024-05-11,2024-05-11,Same Day,1266.33
ORD004423,CUST00655,2024-05-20,2024-05-20,Same Day,449.68
ORD004424,CUST00285,2023-07-16,2023-07-18,Express,1449.61
ORD004425,CUST00769,2024-04-08,2024-04-13,Standard,495.38
ORD004426,CUST00354,2024-02-10,2024-02-15,Standard,202.19
ORD004427,CUST00350,2023-10-20,2023-10-25,Standard,5819.72
ORD004428,CUST00710,2023-12-05,2023-12-07,Express,5716.53
ORD004429,CUST00985,2024-08-30,2024-09-04,Standard,2974.28
ORD004430,CUST00327,2024-12-15,2024-12-17,Express,624.57
ORD004431,CUST01035,2024-07-31,2024-08-02,Express,287.59
ORD004432,CUST00051,2024-12-23,2024-12-23,Same Day,316.66
ORD004433,CUST00699,2024-07-28,2024-08-02,Standard,854.67
ORD004434,CUST00681,2024-11-09,2024-11-14,Standard,3551.86
ORD004435,CUST00731,2024-04-19,2024-04-24,Standard,3334.85
ORD004436,CUST00990,2024-12-28,2024-12-28,Same Day,1116.8
ORD004437,CUST00906,2023-12-25,2023-12-30,Standard,197.04
ORD004438,CUST01072,2023-02-09,2023-02-14,Standard,3787.37
ORD004439,CUST00184,2024-08-15,2024-08-20,Standard,4190.61
ORD004440,CUST00325,2024-08-12,2024-08-14,Express,408.33
ORD004441,CUST00534,2024-11-17,2024-11-17,Same Day,402.24
ORD004442,CUST00786,2024-12-30,2025-01-04,Standard,1567.95
ORD004443,CUST00740,2023-03-07,2023-03-12,Standard,552.0
ORD004444,CUST00417,2024-10-17,2024-10-19,Express,152.74
ORD004445,CUST00879,2023-10-18,2023-10-23,Standard,1049.05
ORD004446,CUST00971,2024-09-28,2024-10-03,Standard,2224.0
ORD004447,CUST00518,2024-08-30,2024-09-04,Standard,713.07
ORD004448,CUST00378,2024-02-22,2024-02-24,Express,198.57
ORD004449,CUST00179,2024-10-06,2024-10-11,Standard,1319.25
ORD004450,CUST01142,2023-11-16,2023-11-21,Standard,1251.75
ORD004451,CUST01197,2024-12-10,2024-12-12,Express,4953.23
ORD004452,CUST00313,2023-01-12,2023-01-17,Standard,575.59
ORD004453,CUST01108,2024-06-25,2024-06-25,Same Day,496.32
ORD004454,CUST01131,2023-11-18,2023-11-23,Standard,2450.09
ORD004455,CUST00786,2024-03-22,2024-03-27,Standard,1102.38
ORD004456,CUST00617,2023-08-09,2023-08-11,Express,2141.92
ORD004457,CUST00619,2023-01-17,2023-01-22,Standard,1461.62
ORD004458,CUST00871,2023-01-02,2023-01-04,Express,2891.28
ORD004459,CUST00896,2024-11-09,2024-11-11,Express,630.05
ORD004460,CUST00357,2023-12-08,2023-12-13,Standard,1682.23
ORD004461,CUST00762,2023-10-30,2023-10-30,Same Day,208.2
ORD004462,CUST01071,2024-06-06,2024-06-11,Standard,585.82
ORD004463,CUST00750,2024-11-12,2024-11-17,Standard,887.7
ORD004464,CUST01198,2023-08-17,2023-08-19,Express,7323.98
ORD004465,CUST01161,2023-11-07,2023-11-12,Standard,105.68
ORD004466,CUST00015,2024-08-08,2024-08-10,Express,649.1
ORD004467,CUST00288,2024-11-29,2024-12-01,Express,376.66
ORD004468,CUST00713,2023-05-24,2023-05-29,Standard,935.6
ORD004469,CUST01197,2023-09-09,2023-09-11,Express,7341.9
ORD004470,CUST00370,2023-06-08,2023-06-13,Standard,410.48
ORD004471,CUST00042,2024-03-01,2024-03-03,Express,558.86
ORD004472,CUST00911,2023-02-06,2023-02-08,Express,386.23
ORD004473,CUST00996,2024-05-05,2024-05-10,Standard,1073.29
ORD004474,CUST00748,2024-05-06,2024-05-08,Express,582.17
ORD004475,CUST00270,2023-10-21,2023-10-26,Standard,4488.8
ORD004476,CUST00499,2024-10-19,2024-10-24,Standard,1396.87
ORD004477,CUST00312,2024-03-16,2024-03-16,Same Day,312.62
ORD004478,CUST00512,2023-10-07,2023-10-09,Express,73.76
ORD004479,CUST00208,2023-07-09,2023-07-11,Express,435.82
ORD004480,CUST01117,2023-09-23,2023-09-28,Standard,1556.16
ORD004481,CUST00122,2024-07-25,2024-07-27,Express,2097.3
ORD004482,CUST01102,2024-06-24,2024-06-26,Express,92.91
ORD004483,CUST00836,2023-07-09,2023-07-14,Standard,2413.65
ORD004484,CUST00631,2024-12-16,2024-12-16,Same Day,138.38
ORD004485,CUST00320,2023-02-08,2023-02-10,Express,4723.45
ORD004486,CUST01073,2024-08-21,2024-08-26,Standard,3776.46
ORD004487,CUST00657,2024-01-30,2024-02-04,Standard,920.54
ORD004488,CUST01058,2023-12-29,2023-12-31,Express,4477.41
ORD004489,CUST00365,2024-05-11,2024-05-16,Standard,3591.04
ORD004490,CUST01058,2024-11-30,2024-12-05,Standard,3813.74
ORD004491,CUST00204,2024-07-30,2024-08-04,Standard,815.14
ORD004492,CUST00079,2024-05-05,2024-05-05,Same Day,3032.57
ORD004493,CUST00396,2023-04-18,2023-04-20,Express,195.6
ORD004494,CUST01180,2024-03-04,2024-03-06,Express,32.86
ORD004495,CUST00442,2024-07-21,2024-07-26,Standard,1376.94
ORD004496,CUST00695,2024-07-23,2024-07-23,Same Day,909.12
ORD004497,CUST00899,2023-07-22,2023-07-27,Standard,552.0
ORD004498,CUST01003,2024-10-24,2024-10-29,Standard,1042.42
ORD004499,CUST00396,2024-01-10,2024-01-12,Express,301.19
ORD004500,CUST01056,2023-12-09,2023-12-11,Express,442.92
ORD004501,CUST00810,2023-10-31,2023-11-05,Standard,560.72
ORD004502,CUST00644,2023-03-15,2023-03-20,Standard,1780.88
ORD004503,CUST01151,2023-02-25,2023-03-02,Standard,771.83
ORD004504,CUST00445,2023-12-12,2023-12-17,Standard,903.83
ORD004505,CUST00839,2023-03-01,2023-03-03,Express,359.86
ORD004506,CUST00365,2024-07-22,2024-07-27,Standard,1507.58
ORD004507,CUST00932,2024-10-30,2024-11-01,Express,8528.09
ORD004508,CUST00493,2024-03-01,2024-03-06,Standard,1606.0
ORD004509,CUST01052,2024-12-12,2024-12-14,Express,1041.99
ORD004510,CUST00849,2023-12-26,2023-12-31,Standard,9473.9
ORD004511,CUST00360,2024-01-20,2024-01-22,Express,1179.32
ORD004512,CUST00348,2024-02-26,2024-03-02,Standard,278.6
ORD004513,CUST00035,2023-09-29,2023-10-01,Express,263.85
ORD004514,CUST00309,2024-06-15,2024-06-17,Express,228.89
ORD004515,CUST00712,2023-06-04,2023-06-09,Standard,330.44
ORD004516,CUST01108,2023-12-26,2023-12-31,Standard,1466.47
ORD004517,CUST00281,2024-11-09,2024-11-11,Express,452.84
ORD004518,CUST01193,2023-11-03,2023-11-08,Standard,1543.09
ORD004519,CUST01138,2023-04-10,2023-04-15,Standard,1661.44
ORD004520,CUST00922,2024-05-26,2024-05-31,Standard,126.76
ORD004521,CUST00101,2024-05-17,2024-05-19,Express,152.85
ORD004522,CUST01144,2024-12-15,2024-12-17,Express,7758.15
ORD004523,CUST00945,2023-07-12,2023-07-14,Express,322.83
ORD004524,CUST00168,2023-03-29,2023-03-31,Express,721.22
ORD004525,CUST00060,2024-12-18,2024-12-23,Standard,1593.03
ORD004526,CUST00504,2023-11-05,2023-11-10,Standard,205.24
ORD004527,CUST00851,2024-06-06,2024-06-11,Standard,2910.63
ORD004528,CUST00195,2023-05-08,2023-05-13,Standard,581.6
ORD004529,CUST00638,2024-01-03,2024-01-08,Standard,628.96
ORD004530,CUST01035,2024-08-13,2024-08-18,Standard,439.45
ORD004531,CUST00026,2024-04-14,2024-04-19,Standard,459.49
ORD004532,CUST00619,2023-11-26,2023-12-01,Standard,6635.13
ORD004533,CUST00634,2024-01-06,2024-01-11,Standard,3758.44
ORD004534,CUST01035,2024-09-17,2024-09-22,Standard,147.02
ORD004535,CUST00299,2024-09-08,2024-09-13,Standard,195.6
ORD004536,CUST00867,2023-12-27,2024-01-01,Standard,5331.88
ORD004537,CUST01044,2024-07-05,2024-07-10,Standard,120.23
ORD004538,CUST00533,2023-04-26,2023-05-01,Standard,2962.7
ORD004539,CUST00855,2024-12-13,2024-12-18,Standard,5561.6
ORD004540,CUST00933,2024-01-13,2024-01-18,Standard,2090.96
ORD004541,CUST00279,2024-09-07,2024-09-12,Standard,651.22
ORD004542,CUST00888,2024-02-23,2024-02-23,Same Day,560.72
ORD004543,CUST00979,2023-11-23,2023-11-28,Standard,34.2
ORD004544,CUST01199,2023-08-17,2023-08-17,Same Day,36.27
ORD004545,CUST00984,2024-12-28,2025-01-02,Standard,2154.62
ORD004546,CUST00465,2024-02-15,2024-02-20,Standard,177.3
ORD004547,CUST00351,2024-10-24,2024-10-29,Standard,1038.82
ORD004548,CUST00812,2023-06-05,2023-06-10,Standard,540.35
ORD004549,CUST00239,2024-05-26,2024-05-31,Standard,4313.45
ORD004550,CUST00474,2024-06-15,2024-06-20,Standard,1459.92
ORD004551,CUST00885,2024-10-08,2024-10-13,Standard,2390.06
ORD004552,CUST00555,2024-11-03,2024-11-08,Standard,3599.8
ORD004553,CUST00343,2024-09-02,2024-09-07,Standard,2908.63
ORD004554,CUST00206,2023-11-19,2023-11-24,Standard,4587.28
ORD004555,CUST00265,2024-03-28,2024-04-02,Standard,2834.65
ORD004556,CUST01032,2024-10-07,2024-10-12,Standard,228.73
ORD004557,CUST00334,2023-06-05,2023-06-10,Standard,1740.51
ORD004558,CUST00345,2024-07-30,2024-08-01,Express,271.7
ORD004559,CUST00720,2023-05-17,2023-05-22,Standard,398.8
ORD004560,CUST01126,2023-04-27,2023-04-29,Express,46.24
ORD004561,CUST00715,2023-07-17,2023-07-22,Standard,103.5
ORD004562,CUST00731,2023-09-15,2023-09-15,Same Day,1943.49
ORD004563,CUST01014,2023-12-03,2023-12-05,Express,126.62
ORD004564,CUST00754,2023-10-05,2023-10-10,Standard,2449.01
ORD004565,CUST00592,2024-06-24,2024-06-26,Express,4632.67
ORD004566,CUST00767,2024-10-29,2024-11-03,Standard,317.67
ORD004567,CUST00452,2024-07-10,2024-07-15,Standard,438.92
ORD004568,CUST00246,2024-12-31,2025-01-05,Standard,1678.42
ORD004569,CUST00883,2024-11-06,2024-11-08,Express,3967.36
ORD004570,CUST00537,2023-05-27,2023-06-01,Standard,505.05
ORD004571,CUST00893,2024-01-30,2024-02-04,Standard,4115.77
ORD004572,CUST00044,2023-10-25,2023-10-30,Standard,35.95
ORD004573,CUST00506,2024-07-15,2024-07-17,Express,2017.84
ORD004574,CUST01184,2023-02-01,2023-02-06,Standard,1068.8
ORD004575,CUST00648,2023-08-15,2023-08-20,Standard,494.73
ORD004576,CUST00788,2023-09-08,2023-09-13,Standard,1183.6
ORD004577,CUST00132,2023-03-14,2023-03-19,Standard,1775.47
ORD004578,CUST00495,2023-11-17,2023-11-22,Standard,2823.62
ORD004579,CUST00725,2023-10-10,2023-10-12,Express,167.16
ORD004580,CUST00058,2023-09-18,2023-09-20,Express,1043.46
ORD004581,CUST01151,2024-06-19,2024-06-24,Standard,1275.96
ORD004582,CUST00627,2023-02-05,2023-02-10,Standard,1025.15
ORD004583,CUST00768,2024-09-19,2024-09-24,Standard,1418.37
ORD004584,CUST00109,2023-06-21,2023-06-26,Standard,174.4
ORD004585,CUST00173,2023-07-19,2023-07-24,Standard,792.6
ORD004586,CUST00036,2023-02-01,2023-02-03,Express,357.96
ORD004587,CUST00130,2023-03-30,2023-03-30,Same Day,1517.24
ORD004588,CUST00854,2023-12-04,2023-12-09,Standard,3459.64
ORD004589,CUST00547,2023-07-04,2023-07-04,Same Day,1643.91
ORD004590,CUST01180,2024-06-15,2024-06-20,Standard,410.48
ORD004591,CUST00441,2023-10-21,2023-10-26,Standard,53.88
ORD004592,CUST00066,2024-01-10,2024-01-15,Standard,1116.46
ORD004593,CUST00240,2024-06-19,2024-06-24,Standard,1888.3
ORD004594,CUST00830,2023-03-13,2023-03-13,Same Day,56.08
ORD004595,CUST00778,2024-06-15,2024-06-17,Express,964.85
ORD004596,CUST01019,2023-12-18,2023-12-23,Standard,1636.77
ORD004597,CUST00099,2024-06-13,2024-06-18,Standard,222.88
ORD004598,CUST00451,2024-09-03,2024-09-03,Same Day,7524.66
ORD004599,CUST00809,2024-01-24,2024-01-29,Standard,51.05
ORD004600,CUST00455,2024-03-23,2024-03-23,Same Day,90.95
ORD004601,CUST00305,2023-11-18,2023-11-18,Same Day,236.35
ORD004602,CUST00957,2024-12-28,2024-12-30,Express,293.73
ORD004603,CUST00609,2024-12-24,2024-12-24,Same Day,7164.3
ORD004604,CUST00591,2023-08-21,2023-08-23,Express,138.11
ORD004605,CUST00696,2024-02-17,2024-02-22,Standard,1433.73
ORD004606,CUST00151,2023-06-19,2023-06-24,Standard,4933.38
ORD004607,CUST00241,2023-03-03,2023-03-08,Standard,924.62
ORD004608,CUST00532,2024-11-16,2024-11-21,Standard,721.22
ORD004609,CUST00077,2024-01-11,2024-01-13,Express,5450.2
ORD004610,CUST00620,2023-06-22,2023-06-24,Express,619.23
ORD004611,CUST00463,2023-11-27,2023-12-02,Standard,6671.62
ORD004612,CUST00532,2024-05-31,2024-06-05,Standard,982.08
ORD004613,CUST00145,2023-07-28,2023-08-02,Standard,95.32
ORD004614,CUST00863,2024-11-22,2024-11-24,Express,318.1
ORD004615,CUST00521,2024-10-22,2024-10-27,Standard,268.14
ORD004616,CUST00428,2024-07-08,2024-07-13,Standard,344.95
ORD004617,CUST00501,2023-11-23,2023-11-28,Standard,161.26
ORD004618,CUST00753,2023-07-03,2023-07-08,Standard,478.22
ORD004619,CUST00412,2023-07-03,2023-07-08,Standard,4259.5
ORD004620,CUST00919,2023-02-23,2023-02-28,Standard,1505.75
ORD004621,CUST00187,2023-05-18,2023-05-23,Standard,5497.04
ORD004622,CUST00194,2023-04-17,2023-04-19,Express,2181.31
ORD004623,CUST00351,2023-08-17,2023-08-22,Standard,3491.16
ORD004624,CUST00753,2024-05-21,2024-05-21,Same Day,388.19
ORD004625,CUST01113,2023-07-13,2023-07-18,Standard,374.6
ORD004626,CUST01112,2023-12-09,2023-12-11,Express,202.02
ORD004627,CUST01000,2024-04-16,2024-04-21,Standard,4844.28
ORD004628,CUST00044,2024-12-18,2024-12-23,Standard,90.32
ORD004629,CUST00145,2024-11-15,2024-11-20,Standard,508.64
ORD004630,CUST00054,2024-12-12,2024-12-14,Express,298.08
ORD004631,CUST00410,2023-03-05,2023-03-10,Standard,1738.5
ORD004632,CUST01020,2023-03-01,2023-03-01,Same Day,796.0
ORD004633,CUST00026,2024-02-24,2024-02-26,Express,6380.08
ORD004634,CUST01062,2024-12-01,2024-12-06,Standard,219.62
ORD004635,CUST00345,2023-01-28,2023-02-02,Standard,5554.22
ORD004636,CUST00156,2024-11-21,2024-11-21,Same Day,4506.8
ORD004637,CUST00487,2024-04-24,2024-04-26,Express,2253.67
ORD004638,CUST00244,2024-06-06,2024-06-11,Standard,2927.81
ORD004639,CUST00999,2023-02-05,2023-02-07,Express,871.71
ORD004640,CUST00753,2023-10-05,2023-10-10,Standard,1173.76
ORD004641,CUST01035,2023-08-08,2023-08-10,Express,4986.96
ORD004642,CUST00793,2024-09-23,2024-09-28,Standard,253.35
ORD004643,CUST01124,2024-01-15,2024-01-20,Standard,138.83
ORD004644,CUST00688,2024-12-11,2024-12-16,Standard,1238.46
ORD004645,CUST00646,2023-03-17,2023-03-22,Standard,830.02
ORD004646,CUST00292,2023-05-16,2023-05-16,Same Day,241.35
ORD004647,CUST01112,2024-06-28,2024-07-03,Standard,2196.72
ORD004648,CUST00911,2024-06-03,2024-06-05,Express,1128.07
ORD004649,CUST00988,2023-01-05,2023-01-10,Standard,31.83
ORD004650,CUST00737,2024-11-04,2024-11-09,Standard,697.73
ORD004651,CUST00827,2024-06-21,2024-06-26,Standard,2614.2
ORD004652,CUST00213,2024-08-23,2024-08-25,Express,137.77
ORD004653,CUST00014,2023-04-17,2023-04-17,Same Day,212.13
ORD004654,CUST00948,2024-07-14,2024-07-19,Standard,858.21
ORD004655,CUST00780,2024-05-19,2024-05-24,Standard,79.61
ORD004656,CUST00913,2024-02-10,2024-02-15,Standard,3476.5
ORD004657,CUST00276,2024-06-26,2024-07-01,Standard,526.14
ORD004658,CUST00473,2023-07-15,2023-07-20,Standard,1331.81
ORD004659,CUST00703,2024-11-19,2024-11-21,Express,106.11
ORD004660,CUST00096,2024-07-07,2024-07-12,Standard,703.41
ORD004661,CUST00547,2023-12-30,2024-01-01,Express,3558.42
ORD004662,CUST00054,2024-05-04,2024-05-09,Standard,513.61
ORD004663,CUST00702,2023-05-17,2023-05-19,Express,4227.39
ORD004664,CUST00683,2023-04-24,2023-04-29,Standard,1288.34
ORD004665,CUST01127,2024-08-17,2024-08-22,Standard,986.29
ORD004666,CUST01173,2024-12-10,2024-12-12,Express,922.06
ORD004667,CUST00098,2024-07-20,2024-07-25,Standard,1006.84
ORD004668,CUST00146,2024-07-06,2024-07-08,Express,115.06
ORD004669,CUST00331,2024-12-07,2024-12-07,Same Day,582.39
ORD004670,CUST00267,2024-06-26,2024-06-28,Express,1590.99
ORD004671,CUST00064,2024-11-19,2024-11-24,Standard,485.86
ORD004672,CUST00314,2023-12-12,2023-12-12,Same Day,780.76
ORD004673,CUST00813,2024-07-14,2024-07-19,Standard,2876.56
ORD004674,CUST00732,2024-04-28,2024-05-03,Standard,1799.04
ORD004675,CUST00756,2023-07-04,2023-07-06,Express,486.64
ORD004676,CUST00704,2023-12-20,2023-12-25,Standard,1971.92
ORD004677,CUST00621,2023-09-07,2023-09-12,Standard,1916.8
ORD004678,CUST00713,2023-05-02,2023-05-07,Standard,408.2
ORD004679,CUST00973,2023-12-09,2023-12-14,Standard,2591.42
ORD004680,CUST00109,2024-06-16,2024-06-18,Express,1365.41
ORD004681,CUST00165,2023-11-22,2023-11-27,Standard,3264.69
ORD004682,CUST01187,2023-11-29,2023-12-01,Express,2312.95
ORD004683,CUST01063,2024-12-09,2024-12-14,Standard,130.7
ORD004684,CUST00435,2024-01-31,2024-02-05,Standard,2290.02
ORD004685,CUST00678,2023-11-29,2023-12-04,Standard,1517.24
ORD004686,CUST00966,2024-01-27,2024-02-01,Standard,1725.92
ORD004687,CUST00776,2023-07-26,2023-07-31,Standard,358.16
ORD004688,CUST00158,2023-10-30,2023-11-04,Standard,2960.62
ORD004689,CUST01192,2024-09-26,2024-10-01,Standard,75.67
ORD004690,CUST00409,2023-10-22,2023-10-24,Express,510.0
ORD004691,CUST01104,2023-09-30,2023-10-02,Express,13.6
ORD004692,CUST00092,2023-06-16,2023-06-21,Standard,1211.71
ORD004693,CUST01082,2023-07-25,2023-07-30,Standard,695.78
ORD004694,CUST00460,2024-11-01,2024-11-06,Standard,2978.19
ORD004695,CUST00522,2023-12-02,2023-12-07,Standard,935.6
ORD004696,CUST00532,2023-10-03,2023-10-08,Standard,2786.54
ORD004697,CUST00650,2023-09-30,2023-10-05,Standard,3844.55
ORD004698,CUST00113,2023-03-26,2023-03-31,Standard,362.25
ORD004699,CUST00259,2024-03-05,2024-03-05,Same Day,734.5
ORD004700,CUST00219,2023-11-08,2023-11-13,Standard,323.87
ORD004701,CUST00093,2023-03-31,2023-04-05,Standard,4363.95
ORD004702,CUST01090,2023-09-25,2023-09-27,Express,2243.01
ORD004703,CUST00306,2024-05-31,2024-06-05,Standard,679.54
ORD004704,CUST01001,2023-11-23,2023-11-28,Standard,254.57
ORD004705,CUST00927,2024-04-05,2024-04-10,Standard,2080.24
ORD004706,CUST00164,2023-08-30,2023-09-01,Express,302.68
ORD004707,CUST00794,2023-09-23,2023-09-28,Standard,604.01
ORD004708,CUST00654,2024-05-23,2024-05-28,Standard,1707.55
ORD004709,CUST00899,2024-01-29,2024-02-03,Standard,1946.56
ORD004710,CUST00445,2024-03-20,2024-03-25,Standard,2925.09
ORD004711,CUST00369,2024-12-30,2025-01-01,Express,3621.54
ORD004712,CUST00171,2023-03-05,2023-03-07,Express,3217.96
ORD004713,CUST00716,2023-05-09,2023-05-14,Standard,224.76
ORD004714,CUST00792,2024-11-22,2024-11-24,Express,238.28
ORD004715,CUST00946,2023-10-31,2023-11-05,Standard,758.62
ORD004716,CUST00039,2023-06-01,2023-06-06,Standard,554.23
ORD004717,CUST00600,2023-12-25,2023-12-30,Standard,945.4
ORD004718,CUST01141,2023-09-21,2023-09-26,Standard,305.35
ORD004719,CUST00644,2023-10-13,2023-10-18,Standard,496.32
ORD004720,CUST00234,2023-12-03,2023-12-08,Standard,106.5
ORD004721,CUST00149,2024-07-19,2024-07-19,Same Day,1663.98
ORD004722,CUST00661,2024-06-15,2024-06-17,Express,2210.2
ORD004723,CUST00245,2024-05-08,2024-05-13,Standard,282.84
ORD004724,CUST01078,2024-04-25,2024-04-30,Standard,1083.93
ORD004725,CUST00577,2023-02-23,2023-02-28,Standard,1651.07
ORD004726,CUST00498,2024-09-13,2024-09-18,Standard,568.67
ORD004727,CUST01067,2024-08-03,2024-08-03,Same Day,1156.19
ORD004728,CUST00451,2024-06-16,2024-06-21,Standard,2960.82
ORD004729,CUST00411,2023-11-13,2023-11-18,Standard,1191.66
ORD004730,CUST01133,2024-12-28,2025-01-02,Standard,1703.8
ORD004731,CUST00054,2024-10-03,2024-10-08,Standard,566.93
ORD004732,CUST00813,2024-07-05,2024-07-10,Standard,2677.11
ORD004733,CUST00198,2024-04-20,2024-04-25,Standard,44.83
ORD004734,CUST00071,2023-07-04,2023-07-09,Standard,380.03
ORD004735,CUST01025,2023-01-23,2023-01-25,Express,5398.94
ORD004736,CUST00631,2024-03-24,2024-03-29,Standard,4255.52
ORD004737,CUST00948,2024-04-25,2024-04-27,Express,871.59
ORD004738,CUST01150,2023-03-27,2023-04-01,Standard,279.14
ORD004739,CUST00623,2024-03-11,2024-03-16,Standard,328.0
ORD004740,CUST00855,2024-04-02,2024-04-07,Standard,6256.82
ORD004741,CUST00715,2023-01-28,2023-02-02,Standard,3844.5
ORD004742,CUST00833,2024-12-28,2025-01-02,Standard,3106.59
ORD004743,CUST00785,2024-05-07,2024-05-09,Express,10364.07
ORD004744,CUST00456,2024-03-23,2024-03-25,Express,1148.99
ORD004745,CUST00403,2023-10-19,2023-10-24,Standard,613.04
ORD004746,CUST00046,2023-08-20,2023-08-25,Standard,3905.68
ORD004747,CUST00539,2024-05-15,2024-05-20,Standard,2954.83
ORD004748,CUST00260,2024-02-23,2024-02-25,Express,108.13
ORD004749,CUST01114,2024-11-07,2024-11-12,Standard,1362.55
ORD004750,CUST01126,2023-12-11,2023-12-16,Standard,2245.75
ORD004751,CUST01062,2024-07-30,2024-08-04,Standard,186.37
ORD004752,CUST00066,2024-07-25,2024-07-30,Standard,820.86
ORD004753,CUST01128,2023-06-03,2023-06-08,Standard,358.92
ORD004754,CUST00069,2024-07-03,2024-07-05,Express,3092.54
ORD004755,CUST00157,2023-01-10,2023-01-15,Standard,87.89
ORD004756,CUST00016,2023-09-03,2023-09-05,Express,3736.72
ORD004757,CUST00720,2024-05-05,2024-05-07,Express,809.25
ORD004758,CUST00928,2024-12-24,2024-12-26,Express,1486.26
ORD004759,CUST00796,2024-11-11,2024-11-16,Standard,11050.51
ORD004760,CUST00743,2024-05-09,2024-05-11,Express,4212.7
ORD004761,CUST00965,2023-02-06,2023-02-11,Standard,1945.02
ORD004762,CUST00205,2023-01-09,2023-01-14,Standard,73.76
ORD004763,CUST01095,2024-11-11,2024-11-16,Standard,76.36
ORD004764,CUST00100,2023-12-14,2023-12-14,Same Day,3346.52
ORD004765,CUST00781,2024-02-10,2024-02-15,Standard,1186.14
ORD004766,CUST00223,2024-01-27,2024-01-27,Same Day,1948.04
ORD004767,CUST00959,2023-07-01,2023-07-06,Standard,301.68
ORD004768,CUST01065,2023-10-05,2023-10-10,Standard,1227.6
ORD004769,CUST00351,2024-12-18,2024-12-23,Standard,7485.62
ORD004770,CUST01059,2023-12-10,2023-12-15,Standard,481.89
ORD004771,CUST00069,2024-10-28,2024-11-02,Standard,887.77
ORD004772,CUST00993,2024-11-03,2024-11-08,Standard,3820.2
ORD004773,CUST00460,2024-12-28,2024-12-30,Express,858.34
ORD004774,CUST00403,2024-11-20,2024-11-25,Standard,1468.99
ORD004775,CUST01102,2023-03-30,2023-04-04,Standard,307.86
ORD004776,CUST00994,2023-03-28,2023-03-28,Same Day,4909.81
ORD004777,CUST00059,2024-12-12,2024-12-14,Express,3166.56
ORD004778,CUST00657,2024-06-01,2024-06-06,Standard,775.82
ORD004779,CUST00389,2024-11-01,2024-11-03,Express,140.87
ORD004780,CUST00952,2024-02-06,2024-02-08,Express,1415.02
ORD004781,CUST00714,2024-03-18,2024-03-23,Standard,893.7
ORD004782,CUST00196,2024-07-10,2024-07-15,Standard,1772.4
ORD004783,CUST00803,2024-11-17,2024-11-19,Express,1462.44
ORD004784,CUST00173,2023-09-28,2023-10-03,Standard,1469.76
ORD004785,CUST00153,2024-05-03,2024-05-08,Standard,2027.39
ORD004786,CUST00928,2023-07-22,2023-07-24,Express,4532.49
ORD004787,CUST00592,2023-01-26,2023-01-31,Standard,2154.33
ORD004788,CUST00919,2024-10-27,2024-10-29,Express,283.58
ORD004789,CUST00825,2023-02-15,2023-02-15,Same Day,1170.04
ORD004790,CUST00128,2024-11-17,2024-11-19,Express,5500.2
ORD004791,CUST00195,2023-06-11,2023-06-11,Same Day,381.48
ORD004792,CUST00266,2023-01-29,2023-01-31,Express,131.98
ORD004793,CUST00331,2023-10-07,2023-10-12,Standard,1186.14
ORD004794,CUST01095,2023-04-21,2023-04-26,Standard,4272.72
ORD004795,CUST00033,2023-01-22,2023-01-27,Standard,3500.57
ORD004796,CUST01032,2023-08-27,2023-09-01,Standard,152.47
ORD004797,CUST00645,2024-06-12,2024-06-14,Express,351.56
ORD004798,CUST00759,2023-10-23,2023-10-25,Express,1039.0
ORD004799,CUST00630,2024-07-30,2024-08-01,Express,1183.6
ORD004800,CUST00522,2023-05-18,2023-05-23,Standard,2548.56
ORD004801,CUST00710,2023-09-04,2023-09-06,Express,9.97
ORD004802,CUST00215,2023-10-23,2023-10-28,Standard,1051.02
ORD004803,CUST00831,2023-04-29,2023-05-04,Standard,329.05
ORD004804,CUST00593,2023-04-12,2023-04-17,Standard,4340.45
ORD004805,CUST00144,2024-09-23,2024-09-28,Standard,5567.75
ORD004806,CUST00407,2023-04-22,2023-04-27,Standard,7355.96
ORD004807,CUST01064,2024-01-31,2024-02-05,Standard,135.16
ORD004808,CUST00174,2024-02-29,2024-03-02,Express,7466.05
ORD004809,CUST00151,2024-04-05,2024-04-10,Standard,2419.07
ORD004810,CUST00686,2023-03-14,2023-03-19,Standard,1445.24
ORD004811,CUST00007,2023-07-03,2023-07-05,Express,1986.49
ORD004812,CUST00086,2023-03-26,2023-03-31,Standard,1389.32
ORD004813,CUST00654,2023-05-05,2023-05-10,Standard,932.38
ORD004814,CUST01123,2024-08-01,2024-08-06,Standard,160.5
ORD004815,CUST00115,2024-11-20,2024-11-25,Standard,1716.22
ORD004816,CUST00393,2023-09-25,2023-09-27,Express,2332.14
ORD004817,CUST00384,2023-06-20,2023-06-25,Standard,6546.88
ORD004818,CUST00462,2024-12-21,2024-12-26,Standard,1381.25
ORD004819,CUST00659,2023-09-17,2023-09-22,Standard,5586.72
ORD004820,CUST00558,2024-06-26,2024-06-26,Same Day,10470.62
ORD004821,CUST00022,2024-12-16,2024-12-18,Express,104.42
ORD004822,CUST00441,2024-12-04,2024-12-09,Standard,504.35
ORD004823,CUST00424,2024-10-22,2024-10-27,Standard,2163.66
ORD004824,CUST00636,2024-11-21,2024-11-26,Standard,156.82
ORD004825,CUST01113,2023-11-19,2023-11-24,Standard,215.15
ORD004826,CUST01084,2024-05-17,2024-05-22,Standard,5447.5
ORD004827,CUST00996,2023-11-13,2023-11-13,Same Day,897.76
ORD004828,CUST01070,2023-07-01,2023-07-03,Express,2664.4
ORD004829,CUST00030,2024-08-28,2024-09-02,Standard,462.87
ORD004830,CUST00060,2024-10-04,2024-10-09,Standard,3559.56
ORD004831,CUST00392,2023-03-23,2023-03-25,Express,5992.26
ORD004832,CUST00692,2023-10-07,2023-10-12,Standard,1931.49
ORD004833,CUST00634,2024-09-23,2024-09-23,Same Day,523.94
ORD004834,CUST00093,2023-06-18,2023-06-23,Standard,1988.46
ORD004835,CUST00349,2024-10-03,2024-10-08,Standard,692.33
ORD004836,CUST00598,2024-09-01,2024-09-06,Standard,1506.95
ORD004837,CUST01127,2023-03-05,2023-03-07,Express,2828.76
ORD004838,CUST01089,2023-03-31,2023-04-02,Express,323.98
ORD004839,CUST00217,2024-03-11,2024-03-16,Standard,1102.32
ORD004840,CUST00248,2024-11-20,2024-11-25,Standard,115.06
ORD004841,CUST00975,2023-12-24,2023-12-26,Express,633.96
ORD004842,CUST00106,2024-01-24,2024-01-26,Express,426.31
ORD004843,CUST00032,2023-03-24,2023-03-29,Standard,100.56
ORD004844,CUST00889,2023-06-18,2023-06-20,Express,1160.34
ORD004845,CUST00006,2023-09-05,2023-09-07,Express,1205.61
ORD004846,CUST01128,2023-03-08,2023-03-13,Standard,362.41
ORD004847,CUST00108,2023-09-01,2023-09-03,Express,1940.42
ORD004848,CUST01130,2024-05-15,2024-05-20,Standard,28.99
ORD004849,CUST00419,2024-05-13,2024-05-18,Standard,81.96
ORD004850,CUST01055,2023-05-16,2023-05-18,Express,62.43
ORD004851,CUST00753,2024-04-17,2024-04-19,Express,2871.17
ORD004852,CUST00172,2023-03-10,2023-03-10,Same Day,3180.84
ORD004853,CUST00420,2023-04-02,2023-04-04,Express,5328.72
ORD004854,CUST00995,2024-05-05,2024-05-07,Express,956.97
ORD004855,CUST01033,2024-12-09,2024-12-14,Standard,1938.48
ORD004856,CUST00572,2023-03-22,2023-03-27,Standard,4965.28
ORD004857,CUST00382,2023-09-29,2023-10-01,Express,234.61
ORD004858,CUST00434,2023-06-26,2023-07-01,Standard,1156.8
ORD004859,CUST01042,2024-12-06,2024-12-06,Same Day,1352.55
ORD004860,CUST00974,2024-08-06,2024-08-11,Standard,4581.3
ORD004861,CUST00986,2024-12-19,2024-12-21,Express,65.77
ORD004862,CUST00534,2023-08-20,2023-08-22,Express,151.54
ORD004863,CUST00577,2023-04-21,2023-04-26,Standard,5375.56
ORD004864,CUST00070,2024-01-20,2024-01-25,Standard,1428.93
ORD004865,CUST00894,2023-03-07,2023-03-12,Standard,394.34
ORD004866,CUST01114,2023-11-12,2023-11-17,Standard,285.96
ORD004867,CUST00149,2024-12-26,2024-12-28,Express,1607.9
ORD004868,CUST00819,2024-06-13,2024-06-18,Standard,2339.94
ORD004869,CUST00926,2023-02-08,2023-02-13,Standard,1278.24
ORD004870,CUST00529,2024-03-02,2024-03-04,Express,152.74
ORD004871,CUST01150,2023-05-08,2023-05-13,Standard,124.78
ORD004872,CUST00774,2024-07-29,2024-07-31,Express,1414.03
ORD004873,CUST00072,2023-03-26,2023-03-28,Express,796.0
ORD004874,CUST00037,2023-06-19,2023-06-24,Standard,82.33
ORD004875,CUST00470,2023-12-20,2023-12-20,Same Day,350.76
ORD004876,CUST00063,2023-12-26,2023-12-31,Standard,1045.68
ORD004877,CUST00267,2024-12-09,2024-12-14,Standard,4230.31
ORD004878,CUST00991,2023-12-07,2023-12-12,Standard,973.28
ORD004879,CUST01024,2024-07-25,2024-07-27,Express,3569.86
ORD004880,CUST01049,2024-11-24,2024-11-29,Standard,1335.0
ORD004881,CUST00311,2024-11-10,2024-11-15,Standard,1394.71
ORD004882,CUST00205,2024-11-16,2024-11-18,Express,3572.98
ORD004883,CUST00267,2023-05-13,2023-05-13,Same Day,436.06
ORD004884,CUST00846,2023-07-22,2023-07-24,Express,830.45
ORD004885,CUST00709,2023-09-12,2023-09-12,Same Day,1270.43
ORD004886,CUST00466,2024-08-22,2024-08-24,Express,809.14
ORD004887,CUST00097,2024-09-15,2024-09-17,Express,5505.0
ORD004888,CUST00161,2024-08-16,2024-08-16,Same Day,1795.52
ORD004889,CUST00940,2024-11-06,2024-11-06,Same Day,1383.26
ORD004890,CUST01172,2023-07-04,2023-07-06,Express,7753.71
ORD004891,CUST00267,2024-11-17,2024-11-19,Express,211.74
ORD004892,CUST00097,2023-04-06,2023-04-08,Express,383.58
ORD004893,CUST00658,2023-03-07,2023-03-12,Standard,3375.0
ORD004894,CUST00436,2024-06-17,2024-06-22,Standard,5220.24
ORD004895,CUST00015,2023-11-13,2023-11-15,Express,431.46
ORD004896,CUST00972,2023-05-07,2023-05-12,Standard,2208.72
ORD004897,CUST00380,2023-12-13,2023-12-18,Standard,243.96
ORD004898,CUST00309,2023-05-16,2023-05-18,Express,1052.61
ORD004899,CUST00101,2023-08-13,2023-08-15,Express,1138.0
ORD004900,CUST00969,2024-07-23,2024-07-25,Express,265.88
ORD004901,CUST00191,2023-10-14,2023-10-14,Same Day,484.76
ORD004902,CUST00739,2024-05-16,2024-05-21,Standard,2074.24
ORD004903,CUST01193,2024-05-12,2024-05-17,Standard,3983.57
ORD004904,CUST00377,2023-09-04,2023-09-09,Standard,2599.96
ORD004905,CUST00040,2024-06-19,2024-06-21,Express,424.19
ORD004906,CUST00399,2024-06-29,2024-07-01,Express,62.16
ORD004907,CUST00423,2024-11-26,2024-12-01,Standard,774.19
ORD004908,CUST00533,2024-06-08,2024-06-13,Standard,1270.56
ORD004909,CUST00198,2023-11-08,2023-11-13,Standard,260.82
ORD004910,CUST00102,2024-04-05,2024-04-10,Standard,1170.04
ORD004911,CUST00715,2024-02-06,2024-02-11,Standard,931.46
ORD004912,CUST00407,2023-02-06,2023-02-11,Standard,2481.42
ORD004913,CUST00841,2023-03-22,2023-03-22,Same Day,503.69
ORD004914,CUST00088,2024-04-08,2024-04-10,Express,97.8
ORD004915,CUST00061,2024-05-29,2024-06-03,Standard,2536.5
ORD004916,CUST00525,2023-09-24,2023-09-29,Standard,359.64
ORD004917,CUST01127,2023-03-09,2023-03-14,Standard,5073.45
ORD004918,CUST01143,2024-04-27,2024-05-02,Standard,168.5
ORD004919,CUST00365,2023-08-31,2023-09-05,Standard,709.05
ORD004920,CUST00241,2024-04-11,2024-04-16,Standard,2679.24
ORD004921,CUST00484,2023-06-26,2023-06-28,Express,2382.84
ORD004922,CUST00179,2024-09-08,2024-09-10,Express,937.88
ORD004923,CUST00302,2023-12-30,2024-01-04,Standard,2959.9
ORD004924,CUST00620,2024-06-17,2024-06-17,Same Day,1693.39
ORD004925,CUST00208,2023-03-26,2023-03-31,Standard,2563.63
ORD004926,CUST00736,2023-12-20,2023-12-25,Standard,6812.75
ORD004927,CUST00539,2024-10-27,2024-10-29,Express,528.65
ORD004928,CUST00515,2024-07-03,2024-07-08,Standard,705.98
ORD004929,CUST00346,2023-01-28,2023-02-02,Standard,107.58
ORD004930,CUST00754,2023-06-02,2023-06-07,Standard,3023.05
ORD004931,CUST00364,2023-09-18,2023-09-20,Express,208.8
ORD004932,CUST00189,2023-10-11,2023-10-16,Standard,5124.64
ORD004933,CUST00046,2023-09-29,2023-10-04,Standard,200.96
ORD004934,CUST00329,2024-01-06,2024-01-11,Standard,690.83
ORD004935,CUST00719,2023-12-29,2024-01-03,Standard,179.95
ORD004936,CUST01145,2024-05-04,2024-05-06,Express,4238.76
ORD004937,CUST01041,2024-12-21,2024-12-26,Standard,341.91
ORD004938,CUST00243,2024-06-30,2024-07-05,Standard,156.41
ORD004939,CUST00887,2023-12-15,2023-12-20,Standard,195.09
ORD004940,CUST01159,2023-02-27,2023-03-04,Standard,893.7
ORD004941,CUST00546,2024-08-11,2024-08-13,Express,287.65
ORD004942,CUST00551,2023-05-29,2023-05-31,Express,1891.16
ORD004943,CUST00666,2024-12-16,2024-12-21,Standard,2691.82
ORD004944,CUST00999,2023-10-31,2023-10-31,Same Day,851.84
ORD004945,CUST00387,2023-02-01,2023-02-06,Standard,9990.55
ORD004946,CUST00485,2024-05-17,2024-05-22,Standard,4963.12
ORD004947,CUST00661,2024-01-16,2024-01-21,Standard,60.13
ORD004948,CUST00361,2023-04-10,2023-04-15,Standard,1780.69
ORD004949,CUST00492,2023-07-08,2023-07-13,Standard,469.34
ORD004950,CUST00486,2023-05-25,2023-05-27,Express,851.84
ORD004951,CUST00683,2023-01-17,2023-01-22,Standard,1526.19
ORD004952,CUST01049,2024-01-08,2024-01-13,Standard,263.26
ORD004953,CUST00538,2024-04-26,2024-05-01,Standard,684.82
ORD004954,CUST00593,2023-05-12,2023-05-12,Same Day,818.93
ORD004955,CUST00161,2023-10-29,2023-10-31,Express,3056.25
ORD004956,CUST00448,2023-01-17,2023-01-22,Standard,150.53
ORD004957,CUST00876,2023-06-27,2023-06-27,Same Day,732.84
ORD004958,CUST00884,2024-12-10,2024-12-10,Same Day,42.59
ORD004959,CUST00594,2024-06-10,2024-06-12,Express,934.72
ORD004960,CUST00833,2024-03-25,2024-03-30,Standard,758.29
ORD004961,CUST00371,2023-11-25,2023-11-30,Standard,5113.18
ORD004962,CUST00669,2024-11-04,2024-11-06,Express,1540.16
ORD004963,CUST00254,2023-12-15,2023-12-17,Express,99.51
ORD004964,CUST00365,2024-07-08,2024-07-08,Same Day,3418.5
ORD004965,CUST00555,2023-06-30,2023-07-05,Standard,2517.51
ORD004966,CUST00547,2024-03-12,2024-03-17,Standard,1532.02
ORD004967,CUST00580,2023-02-12,2023-02-17,Standard,2096.31
ORD004968,CUST00610,2024-10-30,2024-11-04,Standard,1254.29
ORD004969,CUST00336,2024-01-27,2024-02-01,Standard,3621.37
ORD004970,CUST00267,2024-11-09,2024-11-14,Standard,4689.18
ORD004971,CUST00565,2023-11-23,2023-11-28,Standard,3859.33
ORD004972,CUST00070,2024-07-27,2024-08-01,Standard,424.53
ORD004973,CUST01071,2023-11-01,2023-11-06,Standard,1064.16
ORD004974,CUST01024,2023-10-20,2023-10-22,Express,271.18
ORD004975,CUST00201,2024-04-03,2024-04-03,Same Day,1560.2
ORD004976,CUST00581,2024-06-25,2024-06-27,Express,360.28
ORD004977,CUST00068,2023-09-29,2023-09-29,Same Day,441.55
ORD004978,CUST00335,2024-02-04,2024-02-06,Express,1715.99
ORD004979,CUST00063,2023-10-05,2023-10-07,Express,658.71
ORD004980,CUST00521,2024-01-28,2024-02-02,Standard,472.33
ORD004981,CUST00233,2024-12-08,2024-12-13,Standard,354.81
ORD004982,CUST00392,2023-11-14,2023-11-19,Standard,496.11
ORD004983,CUST01183,2024-06-08,2024-06-13,Standard,4270.1
ORD004984,CUST00163,2023-03-04,2023-03-09,Standard,4484.98
ORD004985,CUST00299,2023-11-09,2023-11-11,Express,995.0
ORD004986,CUST01001,2023-11-14,2023-11-16,Express,3703.6
ORD004987,CUST01007,2023-02-13,2023-02-18,Standard,2817.78
ORD004988,CUST00088,2023-07-28,2023-07-30,Express,443.3
ORD004989,CUST00005,2023-05-05,2023-05-07,Express,796.47
ORD004990,CUST00261,2023-08-12,2023-08-12,Same Day,232.98
ORD004991,CUST00286,2024-03-29,2024-03-31,Express,3641.88
ORD004992,CUST00894,2024-07-11,2024-07-13,Express,219.33
ORD004993,CUST00510,2024-10-28,2024-10-30,Express,100.8
ORD004994,CUST00861,2023-04-24,2023-04-29,Standard,813.12
ORD004995,CUST00343,2024-10-23,2024-10-28,Standard,281.25
ORD004996,CUST00732,2024-02-13,2024-02-18,Standard,278.86
ORD004997,CUST01014,2024-11-06,2024-11-11,Standard,351.56
ORD004998,CUST00954,2024-10-11,2024-10-16,Standard,209.76
ORD004999,CUST00523,2024-06-16,2024-06-18,Express,203.3
ORD005000,CUST01188,2024-03-30,2024-04-04,Standard,934.64
ORD005001,CUST00847,2023-03-17,2023-03-17,Same Day,375.15
ORD005002,CUST00636,2023-10-28,2023-11-02,Standard,86.98
ORD005003,CUST01039,2023-08-28,2023-09-02,Standard,246.33
ORD005004,CUST00979,2024-05-29,2024-06-03,Standard,4442.03
ORD005005,CUST00416,2024-08-25,2024-08-27,Express,127.11
ORD005006,CUST01059,2023-07-07,2023-07-12,Standard,686.49
ORD005007,CUST00025,2024-09-11,2024-09-16,Standard,221.29
ORD005008,CUST00673,2023-11-22,2023-11-27,Standard,883.13
ORD005009,CUST00888,2024-01-07,2024-01-09,Express,396.34
ORD005010,CUST00036,2023-02-01,2023-02-06,Standard,507.78
ORD005011,CUST00981,2023-07-19,2023-07-21,Express,398.04
ORD005012,CUST00355,2024-12-21,2024-12-26,Standard,103.37
ORD005013,CUST00041,2023-01-30,2023-02-04,Standard,1360.56
ORD005014,CUST00528,2023-06-15,2023-06-15,Same Day,95.88
ORD005015,CUST00616,2024-01-25,2024-01-30,Standard,1070.7
ORD005016,CUST00809,2024-07-13,2024-07-18,Standard,2285.04
ORD005017,CUST00004,2023-06-24,2023-06-26,Express,1090.54
ORD005018,CUST00600,2023-12-09,2023-12-11,Express,466.49
ORD005019,CUST00618,2023-08-09,2023-08-14,Standard,3334.96
ORD005020,CUST01145,2024-08-21,2024-08-23,Express,764.79
ORD005021,CUST00278,2024-02-17,2024-02-22,Standard,708.96
ORD005022,CUST00285,2023-02-10,2023-02-15,Standard,2987.37
ORD005023,CUST00545,2023-01-21,2023-01-26,Standard,281.25
ORD005024,CUST00784,2023-08-18,2023-08-23,Standard,780.67
ORD005025,CUST00503,2024-01-30,2024-02-01,Express,382.14
ORD005026,CUST00480,2024-01-08,2024-01-13,Standard,539.61
ORD005027,CUST00569,2023-07-05,2023-07-10,Standard,211.36
ORD005028,CUST01097,2023-03-31,2023-04-05,Standard,416.12
ORD005029,CUST00914,2024-02-14,2024-02-19,Standard,3847.34
ORD005030,CUST00669,2024-08-21,2024-08-26,Standard,252.59
ORD005031,CUST00709,2023-11-05,2023-11-05,Same Day,1205.23
ORD005032,CUST00467,2024-03-17,2024-03-19,Express,2534.45
ORD005033,CUST00068,2023-10-04,2023-10-06,Express,155.72
ORD005034,CUST00793,2024-01-14,2024-01-16,Express,4410.45
ORD005035,CUST00122,2024-07-25,2024-07-30,Standard,650.02
ORD005036,CUST00178,2023-03-12,2023-03-14,Express,167.56
ORD005037,CUST00192,2024-08-25,2024-08-27,Express,4623.89
ORD005038,CUST00574,2024-11-08,2024-11-10,Express,4789.89
ORD005039,CUST00842,2023-08-23,2023-08-28,Standard,4510.03
ORD005040,CUST00038,2024-10-28,2024-11-02,Standard,643.28
ORD005041,CUST00715,2024-07-05,2024-07-07,Express,781.42
ORD005042,CUST00463,2024-12-21,2024-12-21,Same Day,497.19
ORD005043,CUST00132,2024-09-29,2024-10-04,Standard,427.55
ORD005044,CUST00693,2023-02-24,2023-02-24,Same Day,1071.12
ORD005045,CUST00738,2024-03-15,2024-03-20,Standard,522.43
ORD005046,CUST01041,2024-04-25,2024-04-27,Express,1911.64
ORD005047,CUST01092,2024-07-06,2024-07-06,Same Day,7274.65
ORD005048,CUST00739,2023-10-20,2023-10-20,Same Day,975.54
ORD005049,CUST00488,2023-03-15,2023-03-20,Standard,541.01
ORD005050,CUST00376,2024-11-13,2024-11-18,Standard,404.2
ORD005051,CUST00134,2023-11-01,2023-11-06,Standard,2061.31
ORD005052,CUST00259,2024-12-21,2024-12-26,Standard,5012.33
ORD005053,CUST00434,2024-07-02,2024-07-07,Standard,246.96
ORD005054,CUST00798,2023-04-03,2023-04-08,Standard,1188.76
ORD005055,CUST01174,2023-01-07,2023-01-07,Same Day,364.08
ORD005056,CUST00821,2024-10-27,2024-11-01,Standard,3096.15
ORD005057,CUST00848,2023-04-21,2023-04-23,Express,418.9
ORD005058,CUST00293,2023-11-17,2023-11-22,Standard,3769.18
ORD005059,CUST00650,2024-10-31,2024-11-05,Standard,823.49
ORD005060,CUST01039,2023-06-09,2023-06-14,Standard,1799.04
ORD005061,CUST00717,2024-09-25,2024-09-30,Standard,441.6
ORD005062,CUST00590,2023-10-14,2023-10-19,Standard,251.23
ORD005063,CUST00652,2024-06-10,2024-06-15,Standard,4637.45
ORD005064,CUST00287,2023-06-06,2023-06-08,Express,407.42
ORD005065,CUST00811,2024-06-20,2024-06-25,Standard,2789.01
ORD005066,CUST00793,2023-02-26,2023-02-28,Express,536.96
ORD005067,CUST00671,2023-11-13,2023-11-18,Standard,184.75
ORD005068,CUST00997,2024-05-12,2024-05-17,Standard,672.92
ORD005069,CUST00659,2023-12-08,2023-12-10,Express,232.58
ORD005070,CUST00533,2024-01-03,2024-01-05,Express,453.33
ORD005071,CUST00034,2024-07-06,2024-07-11,Standard,632.24
ORD005072,CUST00398,2024-05-25,2024-05-27,Express,179.1
ORD005073,CUST00601,2024-06-25,2024-06-30,Standard,547.29
ORD005074,CUST00459,2023-08-05,2023-08-10,Standard,962.36
ORD005075,CUST01125,2023-03-23,2023-03-25,Express,761.38
ORD005076,CUST00043,2024-12-24,2024-12-26,Express,2782.47
ORD005077,CUST00587,2023-02-12,2023-02-14,Express,1109.59
ORD005078,CUST00793,2024-07-02,2024-07-07,Standard,772.05
ORD005079,CUST00677,2023-09-27,2023-09-29,Express,76.72
ORD005080,CUST00222,2024-02-11,2024-02-16,Standard,291.08
ORD005081,CUST00360,2024-11-28,2024-11-30,Express,3471.07
ORD005082,CUST00385,2024-10-01,2024-10-06,Standard,112.5
ORD005083,CUST00277,2023-08-19,2023-08-24,Standard,2125.69
ORD005084,CUST01103,2023-12-12,2023-12-17,Standard,315.45
ORD005085,CUST00025,2023-11-09,2023-11-11,Express,195.88
ORD005086,CUST00922,2024-12-09,2024-12-14,Standard,462.36
ORD005087,CUST00677,2024-01-06,2024-01-11,Standard,170.83
ORD005088,CUST00657,2024-01-14,2024-01-16,Express,2171.21
ORD005089,CUST00026,2023-08-17,2023-08-22,Standard,4398.62
ORD005090,CUST00630,2024-07-28,2024-08-02,Standard,203.77
ORD005091,CUST00610,2023-11-21,2023-11-26,Standard,4363.95
ORD005092,CUST01141,2023-05-01,2023-05-06,Standard,4352.9
ORD005093,CUST00178,2024-12-16,2024-12-21,Standard,396.94
ORD005094,CUST00657,2024-10-26,2024-10-31,Standard,4390.99
ORD005095,CUST00325,2023-02-25,2023-03-02,Standard,5355.57
ORD005096,CUST00307,2024-09-25,2024-09-27,Express,231.18
ORD005097,CUST00469,2024-12-06,2024-12-08,Express,147.53
ORD005098,CUST01124,2024-12-05,2024-12-10,Standard,988.06
ORD005099,CUST00947,2023-12-29,2024-01-03,Standard,3332.45
ORD005100,CUST01187,2023-07-23,2023-07-28,Standard,4017.04
ORD005101,CUST01173,2024-09-03,2024-09-05,Express,54.4
ORD005102,CUST00011,2023-02-26,2023-03-03,Standard,86.14
ORD005103,CUST00296,2024-02-20,2024-02-25,Standard,788.67
ORD005104,CUST00529,2024-09-12,2024-09-17,Standard,66.19
ORD005105,CUST01147,2024-09-04,2024-09-06,Express,762.19
ORD005106,CUST00794,2023-01-08,2023-01-10,Express,1094.48
ORD005107,CUST00167,2024-03-02,2024-03-07,Standard,1622.17
ORD005108,CUST00841,2024-03-11,2024-03-16,Standard,3948.64
ORD005109,CUST00580,2024-01-12,2024-01-14,Express,5784.03
ORD005110,CUST00630,2024-04-05,2024-04-10,Standard,476.61
ORD005111,CUST00796,2024-10-29,2024-11-03,Standard,529.95
ORD005112,CUST00229,2023-04-21,2023-04-26,Standard,3599.4
ORD005113,CUST00690,2024-07-02,2024-07-04,Express,4328.72
ORD005114,CUST01001,2024-10-23,2024-10-28,Standard,988.94
ORD005115,CUST00001,2024-12-02,2024-12-04,Express,1609.77
ORD005116,CUST00380,2024-05-14,2024-05-14,Same Day,362.03
ORD005117,CUST00667,2023-06-15,2023-06-17,Express,781.77
ORD005118,CUST00699,2024-11-09,2024-11-14,Standard,5520.46
ORD005119,CUST00522,2024-12-27,2025-01-01,Standard,9918.22
ORD005120,CUST01187,2024-06-21,2024-06-26,Standard,4526.85
ORD005121,CUST00373,2023-03-31,2023-04-05,Standard,1051.62
ORD005122,CUST00235,2023-04-11,2023-04-16,Standard,1725.49
ORD005123,CUST00186,2024-07-07,2024-07-12,Standard,344.36
ORD005124,CUST00911,2023-06-18,2023-06-23,Standard,353.55
ORD005125,CUST00211,2024-11-09,2024-11-14,Standard,786.01
ORD005126,CUST00899,2024-08-20,2024-08-25,Standard,1303.25
ORD005127,CUST00934,2023-07-17,2023-07-19,Express,3038.01
ORD005128,CUST01022,2023-06-26,2023-07-01,Standard,1660.88
ORD005129,CUST00825,2023-10-13,2023-10-18,Standard,48.72
ORD005130,CUST00392,2024-04-10,2024-04-12,Express,912.75
ORD005131,CUST00757,2024-12-03,2024-12-05,Express,1068.78
ORD005132,CUST00367,2023-04-20,2023-04-25,Standard,4490.0
ORD005133,CUST00241,2024-08-27,2024-09-01,Standard,897.76
ORD005134,CUST00203,2024-02-23,2024-02-23,Same Day,4142.82
ORD005135,CUST00528,2023-10-16,2023-10-16,Same Day,350.5
ORD005136,CUST01041,2023-05-15,2023-05-20,Standard,954.05
ORD005137,CUST01115,2023-11-16,2023-11-18,Express,934.39
ORD005138,CUST00882,2023-11-21,2023-11-26,Standard,199.33
ORD005139,CUST00532,2024-11-12,2024-11-14,Express,458.95
ORD005140,CUST01086,2023-03-17,2023-03-22,Standard,3557.96
ORD005141,CUST01102,2023-11-14,2023-11-19,Standard,759.64
ORD005142,CUST00777,2024-11-09,2024-11-11,Express,818.64
ORD005143,CUST01152,2023-11-02,2023-11-04,Express,8601.21
ORD005144,CUST00935,2024-06-20,2024-06-25,Standard,778.99
ORD005145,CUST00479,2024-06-02,2024-06-04,Express,625.25
ORD005146,CUST00408,2023-10-18,2023-10-23,Standard,363.13
ORD005147,CUST00845,2024-06-16,2024-06-18,Express,142.0
ORD005148,CUST01038,2023-10-14,2023-10-19,Standard,78.43
ORD005149,CUST00762,2024-05-28,2024-06-02,Standard,2921.86
ORD005150,CUST00335,2023-11-06,2023-11-08,Express,2110.39
ORD005151,CUST00186,2023-08-21,2023-08-26,Standard,372.95
ORD005152,CUST00533,2023-05-20,2023-05-22,Express,452.77
ORD005153,CUST00276,2024-12-24,2024-12-26,Express,4929.59
ORD005154,CUST00726,2024-03-16,2024-03-21,Standard,3914.02
ORD005155,CUST00860,2024-12-03,2024-12-03,Same Day,2029.59
ORD005156,CUST00079,2023-02-23,2023-02-25,Express,1039.34
ORD005157,CUST00984,2024-07-21,2024-07-23,Express,3314.52
ORD005158,CUST00909,2024-12-17,2024-12-19,Express,4374.88
ORD005159,CUST00150,2024-03-11,2024-03-13,Express,2143.78
ORD005160,CUST00196,2024-11-07,2024-11-12,Standard,8683.11
ORD005161,CUST00557,2023-05-15,2023-05-20,Standard,766.19
ORD005162,CUST00164,2024-11-26,2024-11-28,Express,2644.14
ORD005163,CUST00804,2023-11-27,2023-12-02,Standard,465.28
ORD005164,CUST00246,2023-05-09,2023-05-14,Standard,497.19
ORD005165,CUST00310,2024-05-27,2024-05-29,Express,2663.44
ORD005166,CUST01200,2023-07-24,2023-07-26,Express,6684.17
ORD005167,CUST00975,2024-07-17,2024-07-22,Standard,353.28
ORD005168,CUST01193,2023-10-23,2023-10-28,Standard,5785.42
ORD005169,CUST00911,2023-07-03,2023-07-05,Express,773.56
ORD005170,CUST00335,2023-02-12,2023-02-17,Standard,454.55
ORD005171,CUST00571,2024-02-09,2024-02-14,Standard,449.32
ORD005172,CUST00280,2024-12-08,2024-12-13,Standard,847.29
ORD005173,CUST00648,2024-05-08,2024-05-13,Standard,3666.42
ORD005174,CUST01142,2023-05-25,2023-05-30,Standard,371.26
ORD005175,CUST00189,2023-02-09,2023-02-11,Express,130.48
ORD005176,CUST00363,2023-07-07,2023-07-12,Standard,5709.45
ORD005177,CUST00512,2023-05-25,2023-05-27,Express,911.2
ORD005178,CUST01109,2023-01-14,2023-01-16,Express,94.6
ORD005179,CUST00560,2024-03-07,2024-03-12,Standard,5561.3
ORD005180,CUST00426,2023-07-11,2023-07-16,Standard,1065.65
ORD005181,CUST00439,2024-12-25,2024-12-27,Express,3632.56
ORD005182,CUST00073,2024-11-26,2024-11-28,Express,638.88
ORD005183,CUST00796,2023-06-07,2023-06-12,Standard,719.8
ORD005184,CUST01112,2023-09-15,2023-09-20,Standard,591.26
ORD005185,CUST00202,2023-07-03,2023-07-08,Standard,1479.5
ORD005186,CUST00735,2024-12-01,2024-12-03,Express,350.03
ORD005187,CUST00923,2023-07-09,2023-07-09,Same Day,468.94
ORD005188,CUST00904,2024-11-25,2024-11-30,Standard,214.6
ORD005189,CUST00988,2023-06-28,2023-07-03,Standard,76.26
ORD005190,CUST00810,2024-12-04,2024-12-09,Standard,618.82
ORD005191,CUST00639,2024-09-22,2024-09-27,Standard,828.65
ORD005192,CUST00495,2023-05-25,2023-05-27,Express,647.75
ORD005193,CUST00198,2023-12-14,2023-12-19,Standard,418.9
ORD005194,CUST00892,2024-05-01,2024-05-03,Express,1675.24
ORD005195,CUST00904,2024-09-08,2024-09-10,Express,348.8
ORD005196,CUST01115,2023-05-01,2023-05-06,Standard,4490.0
ORD005197,CUST00725,2024-09-30,2024-09-30,Same Day,312.42
ORD005198,CUST00432,2024-02-11,2024-02-13,Express,1004.5
ORD005199,CUST00450,2023-02-07,2023-02-12,Standard,1072.72
ORD005200,CUST00134,2023-02-24,2023-02-26,Express,212.96
ORD005201,CUST00531,2023-07-08,2023-07-13,Standard,297.9
ORD005202,CUST01004,2024-12-01,2024-12-03,Express,48.72
ORD005203,CUST00753,2024-11-17,2024-11-19,Express,924.72
ORD005204,CUST00528,2023-04-12,2023-04-17,Standard,139.67
ORD005205,CUST00411,2023-03-06,2023-03-08,Express,1599.57
ORD005206,CUST00033,2023-05-18,2023-05-20,Express,739.57
ORD005207,CUST00452,2023-06-17,2023-06-22,Standard,375.57
ORD005208,CUST00137,2024-06-19,2024-06-24,Standard,282.84
ORD005209,CUST00396,2023-06-02,2023-06-04,Express,1044.31
ORD005210,CUST00351,2024-01-20,2024-01-22,Express,3312.5
ORD005211,CUST01062,2023-06-11,2023-06-16,Standard,311.6
ORD005212,CUST00712,2023-04-19,2023-04-24,Standard,365.9
ORD005213,CUST00145,2024-01-16,2024-01-18,Express,690.55
ORD005214,CUST00788,2024-04-16,2024-04-21,Standard,2833.52
ORD005215,CUST00025,2024-07-07,2024-07-12,Standard,554.4
ORD005216,CUST00712,2023-09-28,2023-09-28,Same Day,103.53
ORD005217,CUST00617,2023-03-25,2023-03-27,Express,269.73
ORD005218,CUST00924,2024-12-08,2024-12-13,Standard,558.41
ORD005219,CUST00351,2024-02-18,2024-02-20,Express,881.18
ORD005220,CUST01185,2024-04-06,2024-04-11,Standard,974.92
ORD005221,CUST00065,2023-10-03,2023-10-08,Standard,69.97
ORD005222,CUST01128,2024-04-22,2024-04-24,Express,3397.59
ORD005223,CUST00558,2023-11-03,2023-11-08,Standard,2719.54
ORD005224,CUST00326,2023-04-23,2023-04-28,Standard,168.9
ORD005225,CUST00112,2023-03-07,2023-03-12,Standard,1866.48
ORD005226,CUST00002,2023-02-20,2023-02-25,Standard,3381.94
ORD005227,CUST01154,2024-11-11,2024-11-16,Standard,1657.54
ORD005228,CUST00080,2023-04-05,2023-04-07,Express,1094.48
ORD005229,CUST00586,2024-10-10,2024-10-15,Standard,514.93
ORD005230,CUST00133,2023-01-01,2023-01-06,Standard,917.67
ORD005231,CUST00974,2024-09-08,2024-09-13,Standard,2230.64
ORD005232,CUST00711,2024-10-15,2024-10-20,Standard,1912.32
ORD005233,CUST00593,2023-10-14,2023-10-19,Standard,519.88
ORD005234,CUST01018,2023-03-10,2023-03-15,Standard,1575.04
ORD005235,CUST00731,2023-06-02,2023-06-04,Express,1064.8
ORD005236,CUST00303,2024-11-23,2024-11-25,Express,2063.8
ORD005237,CUST00444,2024-11-09,2024-11-14,Standard,875.15
ORD005238,CUST00244,2024-02-06,2024-02-11,Standard,1100.29
ORD005239,CUST01127,2024-07-07,2024-07-09,Express,1043.25
ORD005240,CUST00231,2023-05-23,2023-05-28,Standard,8614.74
ORD005241,CUST00883,2024-12-11,2024-12-16,Standard,479.31
ORD005242,CUST00189,2024-03-30,2024-03-30,Same Day,3340.65
ORD005243,CUST00926,2024-11-25,2024-11-27,Express,5187.34
ORD005244,CUST00045,2023-12-02,2023-12-07,Standard,5022.81
ORD005245,CUST00033,2023-12-08,2023-12-13,Standard,3177.07
ORD005246,CUST00228,2024-12-07,2024-12-09,Express,3833.55
ORD005247,CUST00465,2024-09-28,2024-10-03,Standard,3027.73
ORD005248,CUST00739,2023-07-02,2023-07-07,Standard,373.53
ORD005249,CUST00589,2023-08-10,2023-08-12,Express,4211.16
ORD005250,CUST00322,2023-05-19,2023-05-24,Standard,626.66
ORD005251,CUST00938,2024-11-08,2024-11-13,Standard,2065.99
ORD005252,CUST00216,2023-12-01,2023-12-06,Standard,2615.13
ORD005253,CUST00444,2024-06-06,2024-06-11,Standard,2055.48
ORD005254,CUST00025,2024-08-26,2024-08-31,Standard,85.08
ORD005255,CUST00654,2023-03-03,2023-03-08,Standard,182.99
ORD005256,CUST00798,2024-10-12,2024-10-17,Standard,539.79
ORD005257,CUST00841,2023-04-27,2023-04-29,Express,2673.64
ORD005258,CUST00977,2023-09-22,2023-09-27,Standard,145.88
ORD005259,CUST01118,2023-03-23,2023-03-25,Express,665.86
ORD005260,CUST00336,2023-12-29,2024-01-03,Standard,1489.5
ORD005261,CUST01115,2023-12-06,2023-12-08,Express,43.44
ORD005262,CUST00470,2023-10-21,2023-10-26,Standard,268.11
ORD005263,CUST00092,2023-03-12,2023-03-17,Standard,7241.31
ORD005264,CUST00673,2024-01-25,2024-01-25,Same Day,3869.2
ORD005265,CUST00468,2024-09-20,2024-09-25,Standard,2369.97
ORD005266,CUST00353,2024-10-13,2024-10-18,Standard,624.61
ORD005267,CUST01028,2024-10-24,2024-10-26,Express,173.88
ORD005268,CUST00548,2024-03-28,2024-04-02,Standard,784.4
ORD005269,CUST00370,2023-01-27,2023-02-01,Standard,603.52
ORD005270,CUST00313,2023-11-18,2023-11-20,Express,1071.02
ORD005271,CUST01050,2024-05-11,2024-05-13,Express,3747.84
ORD005272,CUST00730,2024-11-07,2024-11-12,Standard,1120.29
ORD005273,CUST01014,2024-09-14,2024-09-19,Standard,1177.43
ORD005274,CUST00328,2023-08-13,2023-08-15,Express,219.33
ORD005275,CUST00555,2023-10-29,2023-11-03,Standard,1016.4
ORD005276,CUST00294,2023-12-11,2023-12-16,Standard,535.7
ORD005277,CUST00732,2023-11-18,2023-11-23,Standard,963.78
ORD005278,CUST00951,2024-10-01,2024-10-03,Express,1752.54
ORD005279,CUST00730,2023-01-25,2023-01-30,Standard,1090.78
ORD005280,CUST00540,2024-09-15,2024-09-20,Standard,259.94
ORD005281,CUST00699,2023-12-09,2023-12-11,Express,1847.05
ORD005282,CUST01149,2024-09-20,2024-09-22,Express,1980.02
ORD005283,CUST00149,2023-11-12,2023-11-17,Standard,5421.25
ORD005284,CUST00473,2023-10-05,2023-10-07,Express,179.47
ORD005285,CUST00352,2024-09-20,2024-09-25,Standard,284.76
ORD005286,CUST00571,2023-04-12,2023-04-12,Same Day,1418.59
ORD005287,CUST00325,2024-07-22,2024-07-24,Express,461.28
ORD005288,CUST00876,2024-10-21,2024-10-26,Standard,225.09
ORD005289,CUST00460,2023-04-05,2023-04-07,Express,341.82
ORD005290,CUST01058,2024-10-16,2024-10-18,Express,6012.09
ORD005291,CUST01141,2024-08-02,2024-08-04,Express,1477.78
ORD005292,CUST01172,2024-08-28,2024-08-30,Express,3933.53
ORD005293,CUST00282,2023-03-19,2023-03-24,Standard,2286.46
ORD005294,CUST00982,2023-11-01,2023-11-01,Same Day,1427.94
ORD005295,CUST00837,2023-12-16,2023-12-21,Standard,203.3
ORD005296,CUST00994,2024-04-08,2024-04-13,Standard,989.72
ORD005297,CUST00098,2023-06-15,2023-06-20,Standard,265.88
ORD005298,CUST01119,2024-02-29,2024-03-05,Standard,248.0
ORD005299,CUST00369,2023-11-04,2023-11-09,Standard,558.86
ORD005300,CUST01024,2024-02-21,2024-02-26,Standard,3480.37
ORD005301,CUST00051,2024-08-22,2024-08-24,Express,246.46
ORD005302,CUST00545,2024-04-22,2024-04-22,Same Day,2660.67
ORD005303,CUST00664,2024-09-24,2024-09-29,Standard,3247.01
ORD005304,CUST00532,2024-12-13,2024-12-18,Standard,6588.18
ORD005305,CUST00006,2024-12-05,2024-12-10,Standard,754.73
ORD005306,CUST00870,2023-06-12,2023-06-17,Standard,668.86
ORD005307,CUST00702,2024-12-15,2024-12-20,Standard,130.46
ORD005308,CUST00261,2024-08-22,2024-08-24,Express,132.38
ORD005309,CUST00752,2023-04-30,2023-05-05,Standard,4224.37
ORD005310,CUST00802,2023-11-26,2023-12-01,Standard,363.64
ORD005311,CUST00555,2024-07-28,2024-08-02,Standard,4173.7
ORD005312,CUST00252,2024-11-16,2024-11-21,Standard,525.79
ORD005313,CUST00950,2024-10-27,2024-11-01,Standard,3486.29
ORD005314,CUST00871,2023-05-15,2023-05-17,Express,449.15
ORD005315,CUST00761,2023-01-31,2023-02-05,Standard,69.43
ORD005316,CUST00721,2023-09-13,2023-09-15,Express,425.92
ORD005317,CUST00716,2024-11-27,2024-12-02,Standard,1499.31
ORD005318,CUST00561,2023-03-28,2023-03-28,Same Day,705.33
ORD005319,CUST00491,2023-12-07,2023-12-09,Express,897.76
ORD005320,CUST01180,2023-08-07,2023-08-12,Standard,4322.07
ORD005321,CUST01042,2023-08-22,2023-08-24,Express,1527.83
ORD005322,CUST00883,2024-11-01,2024-11-06,Standard,1147.49
ORD005323,CUST00773,2024-11-29,2024-11-29,Same Day,2740.61
ORD005324,CUST00796,2024-09-04,2024-09-09,Standard,2618.37
ORD005325,CUST01196,2023-11-12,2023-11-17,Standard,4460.78
ORD005326,CUST00217,2024-10-28,2024-11-02,Standard,3312.98
ORD005327,CUST00357,2024-06-25,2024-06-25,Same Day,426.31
ORD005328,CUST00589,2023-02-06,2023-02-11,Standard,2372.28
ORD005329,CUST00597,2023-03-29,2023-04-03,Standard,81.5
ORD005330,CUST00536,2024-02-25,2024-02-25,Same Day,2796.24
ORD005331,CUST01089,2023-03-12,2023-03-17,Standard,1908.09
ORD005332,CUST00859,2023-11-17,2023-11-22,Standard,4509.65
ORD005333,CUST00346,2024-10-18,2024-10-23,Standard,844.09
ORD005334,CUST00027,2023-02-25,2023-03-02,Standard,1250.64
ORD005335,CUST00586,2024-07-04,2024-07-06,Express,280.4
ORD005336,CUST00562,2023-10-22,2023-10-27,Standard,683.01
ORD005337,CUST00457,2024-10-19,2024-10-24,Standard,1869.36
ORD005338,CUST00740,2023-12-04,2023-12-09,Standard,4663.19
ORD005339,CUST00750,2023-08-04,2023-08-09,Standard,1318.59
ORD005340,CUST00232,2023-07-22,2023-07-27,Standard,445.29
ORD005341,CUST00152,2024-12-26,2024-12-31,Standard,1257.58
ORD005342,CUST01200,2023-01-31,2023-02-05,Standard,405.48
ORD005343,CUST01116,2023-12-07,2023-12-09,Express,2126.26
ORD005344,CUST00647,2024-06-15,2024-06-20,Standard,1126.64
ORD005345,CUST01164,2024-03-03,2024-03-08,Standard,3321.79
ORD005346,CUST00118,2023-02-13,2023-02-15,Express,5242.37
ORD005347,CUST00481,2023-06-16,2023-06-18,Express,327.84
ORD005348,CUST00846,2024-04-28,2024-04-30,Express,3390.4
ORD005349,CUST01155,2023-05-28,2023-06-02,Standard,1709.09
ORD005350,CUST00799,2023-11-20,2023-11-25,Standard,880.03
ORD005351,CUST00523,2023-08-01,2023-08-06,Standard,48.72
ORD005352,CUST01102,2024-12-28,2024-12-30,Express,172.5
ORD005353,CUST00523,2024-07-01,2024-07-03,Express,746.2
ORD005354,CUST00054,2023-12-11,2023-12-16,Standard,141.8
ORD005355,CUST00183,2023-11-13,2023-11-18,Standard,179.32
ORD005356,CUST00929,2023-09-05,2023-09-07,Express,898.64
ORD005357,CUST00525,2023-11-26,2023-12-01,Standard,217.35
ORD005358,CUST00800,2023-04-29,2023-05-04,Standard,1069.94
ORD005359,CUST00140,2024-12-27,2025-01-01,Standard,1394.64
ORD005360,CUST00964,2024-11-28,2024-12-03,Standard,1241.81
ORD005361,CUST00517,2023-02-23,2023-02-25,Express,88.72
ORD005362,CUST01022,2023-11-02,2023-11-07,Standard,48.9
ORD005363,CUST00953,2024-04-05,2024-04-07,Express,1517.24
ORD005364,CUST00131,2023-04-16,2023-04-21,Standard,152.96
ORD005365,CUST00876,2024-05-24,2024-05-29,Standard,1732.5
ORD005366,CUST01191,2023-11-08,2023-11-08,Same Day,815.3
ORD005367,CUST01147,2023-12-04,2023-12-06,Express,885.5
ORD005368,CUST00990,2024-12-09,2024-12-09,Same Day,3159.3
ORD005369,CUST01026,2024-01-15,2024-01-20,Standard,1799.04
ORD005370,CUST00648,2024-08-19,2024-08-21,Express,486.64
ORD005371,CUST00383,2024-08-16,2024-08-18,Express,4833.58
ORD005372,CUST00932,2023-01-27,2023-02-01,Standard,9282.31
ORD005373,CUST00206,2023-01-29,2023-01-31,Express,417.38
ORD005374,CUST00761,2024-06-26,2024-07-01,Standard,3524.1
ORD005375,CUST00285,2024-11-18,2024-11-23,Standard,231.84
ORD005376,CUST00625,2024-07-05,2024-07-10,Standard,398.8
ORD005377,CUST00776,2024-05-09,2024-05-14,Standard,710.3
ORD005378,CUST00459,2024-12-23,2024-12-28,Standard,5050.03
ORD005379,CUST00349,2023-05-04,2023-05-06,Express,1684.43
ORD005380,CUST00046,2023-03-29,2023-04-03,Standard,3352.74
ORD005381,CUST00001,2024-05-24,2024-05-29,Standard,754.22
ORD005382,CUST01090,2023-03-16,2023-03-21,Standard,60.57
ORD005383,CUST00629,2024-10-29,2024-11-03,Standard,8572.88
ORD005384,CUST01131,2023-11-10,2023-11-12,Express,8648.84
ORD005385,CUST00959,2024-05-29,2024-05-31,Express,1439.77
ORD005386,CUST00776,2024-01-10,2024-01-12,Express,3224.69
ORD005387,CUST00817,2024-05-03,2024-05-03,Same Day,2619.0
ORD005388,CUST00884,2023-09-19,2023-09-24,Standard,341.87
ORD005389,CUST00121,2023-04-07,2023-04-12,Standard,1141.17
ORD005390,CUST00261,2023-03-20,2023-03-22,Express,1631.33
ORD005391,CUST01130,2024-12-07,2024-12-09,Express,917.28
ORD005392,CUST00329,2023-12-16,2023-12-21,Standard,2649.53
ORD005393,CUST00667,2023-02-17,2023-02-22,Standard,2599.43
ORD005394,CUST00936,2024-09-15,2024-09-17,Express,7274.65
ORD005395,CUST00306,2023-08-21,2023-08-26,Standard,2873.43
ORD005396,CUST00579,2023-01-25,2023-01-30,Standard,4772.5
ORD005397,CUST00985,2023-12-11,2023-12-11,Same Day,2628.95
ORD005398,CUST00096,2023-09-18,2023-09-23,Standard,1125.98
ORD005399,CUST01185,2024-01-15,2024-01-17,Express,126.76
ORD005400,CUST00136,2024-10-21,2024-10-26,Standard,2014.04
ORD005401,CUST00554,2023-06-11,2023-06-16,Standard,2832.74
ORD005402,CUST00421,2023-05-20,2023-05-22,Express,1561.38
ORD005403,CUST00578,2023-11-22,2023-11-24,Express,71.78
ORD005404,CUST00549,2023-07-19,2023-07-24,Standard,421.09
ORD005405,CUST00063,2024-06-27,2024-07-02,Standard,300.72
ORD005406,CUST00391,2024-05-15,2024-05-20,Standard,95.45
ORD005407,CUST00966,2024-07-19,2024-07-21,Express,173.88
ORD005408,CUST00734,2024-04-13,2024-04-15,Express,162.45
ORD005409,CUST00116,2024-12-20,2024-12-25,Standard,451.9
ORD005410,CUST00973,2023-12-18,2023-12-23,Standard,1004.5
ORD005411,CUST00681,2023-02-21,2023-02-26,Standard,794.45
ORD005412,CUST00679,2024-12-25,2024-12-25,Same Day,651.51
ORD005413,CUST00234,2024-01-23,2024-01-28,Standard,541.46
ORD005414,CUST00066,2024-02-03,2024-02-05,Express,5008.33
ORD005415,CUST01076,2023-08-25,2023-08-30,Standard,205.15
ORD005416,CUST00888,2023-09-11,2023-09-16,Standard,653.99
ORD005417,CUST00065,2024-12-29,2024-12-31,Express,542.28
ORD005418,CUST00534,2024-04-20,2024-04-25,Standard,997.44
ORD005419,CUST00282,2024-09-26,2024-10-01,Standard,2477.1
ORD005420,CUST00967,2023-12-24,2023-12-26,Express,75.67
ORD005421,CUST00610,2024-01-15,2024-01-17,Express,4270.1
ORD005422,CUST01076,2024-12-11,2024-12-16,Standard,1920.14
ORD005423,CUST00169,2024-01-23,2024-01-28,Standard,1087.14
ORD005424,CUST00542,2024-02-11,2024-02-13,Express,245.52
ORD005425,CUST00325,2023-06-26,2023-07-01,Standard,3127.26
ORD005426,CUST00943,2024-08-22,2024-08-22,Same Day,1365.33
ORD005427,CUST01055,2023-06-10,2023-06-10,Same Day,177.37
ORD005428,CUST00968,2023-10-01,2023-10-06,Standard,625.25
ORD005429,CUST00226,2024-07-29,2024-08-03,Standard,661.76
ORD005430,CUST00285,2023-06-28,2023-06-30,Express,456.37
ORD005431,CUST00918,2023-06-10,2023-06-12,Express,226.95
ORD005432,CUST00317,2023-12-17,2023-12-22,Standard,1191.6
ORD005433,CUST00295,2024-04-30,2024-05-05,Standard,840.73
ORD005434,CUST00310,2023-02-15,2023-02-15,Same Day,3743.35
ORD005435,CUST00935,2024-01-29,2024-02-03,Standard,2079.26
ORD005436,CUST00304,2023-08-14,2023-08-19,Standard,495.42
ORD005437,CUST01138,2024-09-21,2024-09-21,Same Day,4715.14
ORD005438,CUST00847,2023-11-12,2023-11-14,Express,998.76
ORD005439,CUST00149,2024-10-21,2024-10-23,Express,373.1
ORD005440,CUST00944,2023-08-12,2023-08-14,Express,1797.19
ORD005441,CUST00488,2024-10-23,2024-10-28,Standard,514.92
ORD005442,CUST00570,2023-08-12,2023-08-17,Standard,3473.74
ORD005443,CUST00451,2023-07-09,2023-07-09,Same Day,213.75
ORD005444,CUST01160,2023-12-31,2024-01-02,Express,642.77
ORD005445,CUST00605,2023-08-10,2023-08-10,Same Day,187.83
ORD005446,CUST00670,2024-03-12,2024-03-17,Standard,663.15
ORD005447,CUST01121,2023-04-18,2023-04-20,Express,3118.92
ORD005448,CUST00177,2024-09-12,2024-09-12,Same Day,170.83
ORD005449,CUST01134,2023-06-12,2023-06-17,Standard,1109.9
ORD005450,CUST00498,2023-11-12,2023-11-14,Express,109.58
ORD005451,CUST00614,2023-05-28,2023-05-28,Same Day,1117.5
ORD005452,CUST01064,2024-10-22,2024-10-27,Standard,3961.05
ORD005453,CUST00275,2023-11-11,2023-11-13,Express,519.88
ORD005454,CUST00263,2024-02-12,2024-02-17,Standard,118.42
ORD005455,CUST00200,2024-05-28,2024-05-28,Same Day,168.66
ORD005456,CUST00531,2023-06-28,2023-07-03,Standard,4358.55
ORD005457,CUST00192,2024-12-24,2024-12-29,Standard,1364.7
ORD005458,CUST00960,2023-12-16,2023-12-21,Standard,48.9
ORD005459,CUST00200,2024-11-23,2024-11-28,Standard,6075.66
ORD005460,CUST00776,2023-07-31,2023-08-02,Express,2196.94
ORD005461,CUST00951,2023-07-24,2023-07-29,Standard,1953.3
ORD005462,CUST00707,2023-03-27,2023-04-01,Standard,125.39
ORD005463,CUST00200,2023-05-19,2023-05-24,Standard,1981.11
ORD005464,CUST00167,2023-02-20,2023-02-25,Standard,460.04
ORD005465,CUST00397,2023-05-08,2023-05-10,Express,3368.25
ORD005466,CUST00351,2024-11-05,2024-11-10,Standard,83.74
ORD005467,CUST00546,2024-09-30,2024-10-05,Standard,5930.7
ORD005468,CUST00889,2024-01-25,2024-01-30,Standard,4735.74
ORD005469,CUST01073,2024-07-14,2024-07-16,Express,402.25
ORD005470,CUST00575,2023-09-09,2023-09-11,Express,4472.75
ORD005471,CUST00774,2023-11-25,2023-11-27,Express,275.37
ORD005472,CUST00744,2023-11-01,2023-11-01,Same Day,295.56
ORD005473,CUST00297,2023-01-24,2023-01-29,Standard,2083.99
ORD005474,CUST00248,2024-01-26,2024-01-31,Standard,292.14
ORD005475,CUST00615,2023-07-18,2023-07-23,Standard,1491.83
ORD005476,CUST00773,2024-07-03,2024-07-03,Same Day,2631.73
ORD005477,CUST00035,2024-08-30,2024-09-04,Standard,3844.43
ORD005478,CUST00499,2023-09-06,2023-09-08,Express,513.1
ORD005479,CUST00433,2024-05-20,2024-05-25,Standard,139.71
ORD005480,CUST00079,2023-03-16,2023-03-18,Express,1380.28
ORD005481,CUST00322,2024-12-06,2024-12-08,Express,500.54
ORD005482,CUST00839,2023-06-16,2023-06-18,Express,75.68
ORD005483,CUST00727,2023-11-22,2023-11-24,Express,220.25
ORD005484,CUST00811,2024-11-23,2024-11-28,Standard,3620.47
ORD005485,CUST00849,2023-06-12,2023-06-17,Standard,119.14
ORD005486,CUST00447,2023-03-25,2023-03-30,Standard,187.12
ORD005487,CUST01098,2023-04-20,2023-04-25,Standard,491.04
ORD005488,CUST00801,2024-11-14,2024-11-16,Express,1569.08
ORD005489,CUST01094,2024-01-16,2024-01-16,Same Day,2018.58
ORD005490,CUST00538,2023-05-23,2023-05-25,Express,144.81
ORD005491,CUST00988,2023-12-13,2023-12-18,Standard,958.39
ORD005492,CUST00946,2024-07-09,2024-07-11,Express,118.3
ORD005493,CUST00056,2023-11-12,2023-11-12,Same Day,402.24
ORD005494,CUST00197,2023-11-12,2023-11-14,Express,131.1
ORD005495,CUST00725,2024-02-09,2024-02-11,Express,2628.95
ORD005496,CUST00304,2023-07-04,2023-07-06,Express,3898.05
ORD005497,CUST00838,2023-03-23,2023-03-28,Standard,680.09
ORD005498,CUST00795,2023-07-08,2023-07-13,Standard,596.79
ORD005499,CUST00447,2023-07-08,2023-07-10,Express,100.95
ORD005500,CUST00268,2024-09-01,2024-09-06,Standard,301.41
ORD005501,CUST00953,2024-12-31,2025-01-02,Express,5523.42
ORD005502,CUST00509,2023-09-24,2023-09-29,Standard,1590.14
ORD005503,CUST00732,2023-08-31,2023-09-02,Express,523.97
ORD005504,CUST00287,2023-08-05,2023-08-10,Standard,253.12
ORD005505,CUST00907,2023-07-09,2023-07-14,Standard,5377.32
ORD005506,CUST00437,2024-11-28,2024-12-03,Standard,62.88
ORD005507,CUST00682,2024-06-21,2024-06-23,Express,5936.84
ORD005508,CUST00988,2023-06-01,2023-06-03,Express,2731.5
ORD005509,CUST00326,2024-07-17,2024-07-19,Express,2600.08
ORD005510,CUST00829,2023-06-03,2023-06-08,Standard,2016.74
ORD005511,CUST00117,2023-11-30,2023-12-05,Standard,796.0
ORD005512,CUST00832,2023-01-17,2023-01-22,Standard,138.0
ORD005513,CUST00042,2023-04-27,2023-04-29,Express,5500.2
ORD005514,CUST00908,2023-06-17,2023-06-19,Express,163.67
ORD005515,CUST01038,2023-07-16,2023-07-21,Standard,1231.29
ORD005516,CUST00076,2024-10-31,2024-11-05,Standard,411.6
ORD005517,CUST01059,2024-11-28,2024-11-30,Express,268.71
ORD005518,CUST00521,2023-08-20,2023-08-25,Standard,3146.14
ORD005519,CUST00139,2023-05-25,2023-05-27,Express,9242.14
ORD005520,CUST00046,2024-04-05,2024-04-07,Express,1137.93
ORD005521,CUST00912,2023-10-18,2023-10-23,Standard,1309.86
ORD005522,CUST01188,2024-11-13,2024-11-15,Express,2512.37
ORD005523,CUST00049,2024-11-10,2024-11-12,Express,303.04
ORD005524,CUST00717,2023-05-15,2023-05-20,Standard,3485.64
ORD005525,CUST00372,2023-12-05,2023-12-10,Standard,36.24
ORD005526,CUST00488,2024-09-06,2024-09-11,Standard,4173.7
ORD005527,CUST01047,2024-07-03,2024-07-08,Standard,55.72
ORD005528,CUST00664,2023-07-30,2023-08-04,Standard,4289.03
ORD005529,CUST00784,2023-10-11,2023-10-13,Express,584.29
ORD005530,CUST01117,2024-06-15,2024-06-15,Same Day,383.84
ORD005531,CUST01050,2023-10-25,2023-10-27,Express,3538.1
ORD005532,CUST00167,2024-02-20,2024-02-25,Standard,574.92
ORD005533,CUST00283,2024-05-21,2024-05-23,Express,72.54
ORD005534,CUST00072,2024-04-26,2024-05-01,Standard,34.68
ORD005535,CUST00964,2023-01-13,2023-01-18,Standard,2046.09
ORD005536,CUST00826,2024-03-30,2024-04-01,Express,1349.66
ORD005537,CUST00269,2024-07-10,2024-07-10,Same Day,3484.31
ORD005538,CUST01076,2023-04-05,2023-04-10,Standard,723.6
ORD005539,CUST00485,2024-12-26,2024-12-31,Standard,2285.39
ORD005540,CUST00953,2023-01-23,2023-01-28,Standard,538.35
ORD005541,CUST00977,2024-05-28,2024-05-30,Express,2582.14
ORD005542,CUST00542,2023-06-05,2023-06-10,Standard,1929.28
ORD005543,CUST00376,2024-06-18,2024-06-23,Standard,48.08
ORD005544,CUST00064,2023-12-14,2023-12-16,Express,4918.17
ORD005545,CUST00547,2024-08-17,2024-08-22,Standard,87.2
ORD005546,CUST00842,2023-10-13,2023-10-18,Standard,4242.54
ORD005547,CUST00628,2024-12-18,2024-12-20,Express,595.8
ORD005548,CUST01153,2024-03-13,2024-03-15,Express,82.61
ORD005549,CUST00872,2024-10-04,2024-10-09,Standard,1031.54
ORD005550,CUST00910,2023-08-18,2023-08-23,Standard,1965.85
ORD005551,CUST00939,2024-11-30,2024-12-05,Standard,1833.7
ORD005552,CUST00001,2024-11-18,2024-11-18,Same Day,2452.27
ORD005553,CUST00499,2023-10-15,2023-10-20,Standard,5839.91
ORD005554,CUST00061,2023-05-14,2023-05-19,Standard,361.31
ORD005555,CUST00978,2024-03-08,2024-03-13,Standard,650.5
ORD005556,CUST00285,2023-03-29,2023-04-03,Standard,392.58
ORD005557,CUST00404,2024-07-06,2024-07-11,Standard,1275.96
ORD005558,CUST01117,2024-09-05,2024-09-10,Standard,1523.36
ORD005559,CUST00001,2024-03-12,2024-03-14,Express,399.1
ORD005560,CUST00621,2023-07-13,2023-07-18,Standard,669.11
ORD005561,CUST00444,2024-11-02,2024-11-02,Same Day,5930.7
ORD005562,CUST00502,2024-11-30,2024-12-05,Standard,1243.96
ORD005563,CUST01198,2024-07-28,2024-08-02,Standard,3193.67
ORD005564,CUST00619,2024-11-14,2024-11-16,Express,5970.58
ORD005565,CUST01086,2024-12-20,2024-12-22,Express,183.58
ORD005566,CUST00062,2023-12-15,2023-12-20,Standard,2999.2
ORD005567,CUST00686,2023-07-04,2023-07-06,Express,178.14
ORD005568,CUST00384,2024-02-10,2024-02-15,Standard,1490.23
ORD005569,CUST00338,2024-04-01,2024-04-06,Standard,2781.52
ORD005570,CUST00582,2024-09-28,2024-10-03,Standard,175.78
ORD005571,CUST00539,2024-06-26,2024-07-01,Standard,4028.51
ORD005572,CUST00644,2023-06-08,2023-06-10,Express,2881.14
ORD005573,CUST00242,2024-11-29,2024-12-01,Express,465.28
ORD005574,CUST01099,2023-12-05,2023-12-05,Same Day,57.53
ORD005575,CUST00973,2024-08-04,2024-08-09,Standard,1709.28
ORD005576,CUST01051,2024-09-14,2024-09-14,Same Day,493.02
ORD005577,CUST00213,2023-07-17,2023-07-19,Express,2098.77
ORD005578,CUST00970,2024-08-23,2024-08-28,Standard,1232.3
ORD005579,CUST00723,2024-11-04,2024-11-04,Same Day,932.75
ORD005580,CUST00556,2023-11-12,2023-11-14,Express,202.31
ORD005581,CUST00936,2023-07-03,2023-07-05,Express,1216.94
ORD005582,CUST00963,2023-03-08,2023-03-10,Express,828.65
ORD005583,CUST00677,2024-11-30,2024-12-02,Express,4828.72
ORD005584,CUST00300,2023-06-26,2023-06-28,Express,1668.92
ORD005585,CUST00876,2023-08-26,2023-08-28,Express,2508.09
ORD005586,CUST00111,2023-04-14,2023-04-14,Same Day,655.1
ORD005587,CUST00403,2024-11-08,2024-11-10,Express,133.19
ORD005588,CUST00874,2024-04-01,2024-04-03,Express,264.67
ORD005589,CUST00102,2024-10-28,2024-11-02,Standard,216.26
ORD005590,CUST00805,2024-03-23,2024-03-25,Express,3473.9
ORD005591,CUST00535,2023-06-18,2023-06-20,Express,1560.51
ORD005592,CUST00647,2023-03-21,2023-03-26,Standard,6676.55
ORD005593,CUST00965,2024-10-07,2024-10-12,Standard,2767.91
ORD005594,CUST00115,2023-10-18,2023-10-23,Standard,159.18
ORD005595,CUST00893,2024-07-06,2024-07-11,Standard,5007.79
ORD005596,CUST00225,2024-10-13,2024-10-15,Express,211.74
ORD005597,CUST00930,2023-06-04,2023-06-06,Express,3757.75
ORD005598,CUST00643,2023-11-19,2023-11-21,Express,2958.42
ORD005599,CUST00619,2023-07-03,2023-07-03,Same Day,383.45
ORD005600,CUST00551,2024-12-13,2024-12-18,Standard,2871.74
ORD005601,CUST00446,2023-07-03,2023-07-08,Standard,236.72
ORD005602,CUST00658,2024-04-09,2024-04-14,Standard,455.35
ORD005603,CUST00223,2024-01-05,2024-01-07,Express,4392.84
ORD005604,CUST00462,2023-06-23,2023-06-28,Standard,70.71
ORD005605,CUST00070,2023-02-19,2023-02-21,Express,2343.26
ORD005606,CUST00675,2024-06-13,2024-06-18,Standard,1068.0
ORD005607,CUST00337,2023-07-15,2023-07-20,Standard,4654.48
ORD005608,CUST00874,2023-08-02,2023-08-07,Standard,441.69
ORD005609,CUST01180,2023-06-19,2023-06-21,Express,192.85
ORD005610,CUST01106,2023-11-03,2023-11-05,Express,2756.87
ORD005611,CUST00908,2023-08-19,2023-08-24,Standard,3370.16
ORD005612,CUST00900,2024-10-11,2024-10-16,Standard,1736.65
ORD005613,CUST00310,2023-09-20,2023-09-25,Standard,273.62
ORD005614,CUST00363,2023-06-02,2023-06-07,Standard,3500.14
ORD005615,CUST00680,2024-09-05,2024-09-10,Standard,402.24
ORD005616,CUST00828,2023-12-24,2023-12-29,Standard,8577.93
ORD005617,CUST00902,2024-12-29,2024-12-31,Express,5197.83
ORD005618,CUST00451,2024-07-14,2024-07-19,Standard,321.42
ORD005619,CUST00317,2023-08-27,2023-09-01,Standard,2245.44
ORD005620,CUST00896,2023-01-23,2023-01-28,Standard,188.64
ORD005621,CUST00134,2024-06-24,2024-06-26,Express,127.16
ORD005622,CUST00352,2024-02-01,2024-02-01,Same Day,1037.48
ORD005623,CUST00051,2023-02-28,2023-03-05,Standard,426.85
ORD005624,CUST00387,2023-12-16,2023-12-21,Standard,446.16
ORD005625,CUST00228,2024-08-04,2024-08-09,Standard,3209.28
ORD005626,CUST00704,2024-04-22,2024-04-22,Same Day,1489.5
ORD005627,CUST00147,2023-11-21,2023-11-26,Standard,2540.49
ORD005628,CUST00882,2024-09-27,2024-10-02,Standard,935.6
ORD005629,CUST00107,2023-04-07,2023-04-12,Standard,215.35
ORD005630,CUST01024,2023-04-12,2023-04-14,Express,96.43
ORD005631,CUST00271,2023-12-15,2023-12-20,Standard,1469.76
ORD005632,CUST01035,2024-12-23,2024-12-28,Standard,6855.09
ORD005633,CUST00758,2024-05-06,2024-05-11,Standard,410.88
ORD005634,CUST00026,2023-06-29,2023-07-01,Express,2611.54
ORD005635,CUST01112,2024-02-12,2024-02-17,Standard,99.51
ORD005636,CUST00525,2024-05-31,2024-06-05,Standard,469.2
ORD005637,CUST00120,2023-10-09,2023-10-11,Express,2393.37
ORD005638,CUST00817,2023-10-28,2023-10-30,Express,727.18
ORD005639,CUST00534,2024-05-30,2024-06-04,Standard,199.24
ORD005640,CUST00103,2024-04-12,2024-04-17,Standard,179.32
ORD005641,CUST00826,2024-11-06,2024-11-11,Standard,985.84
ORD005642,CUST00193,2023-11-18,2023-11-18,Same Day,186.19
ORD005643,CUST00729,2024-06-26,2024-07-01,Standard,3572.97
ORD005644,CUST01105,2024-07-04,2024-07-06,Express,166.99
ORD005645,CUST00710,2024-05-29,2024-06-03,Standard,1160.39
ORD005646,CUST00624,2023-10-17,2023-10-22,Standard,427.38
ORD005647,CUST00991,2024-04-15,2024-04-17,Express,1010.25
ORD005648,CUST00278,2023-11-13,2023-11-18,Standard,341.53
ORD005649,CUST00893,2024-03-15,2024-03-20,Standard,3714.54
ORD005650,CUST01116,2024-08-23,2024-08-25,Express,468.94
ORD005651,CUST01099,2024-04-29,2024-05-04,Standard,1454.93
ORD005652,CUST00800,2023-12-29,2024-01-03,Standard,38.11
ORD005653,CUST00372,2023-07-14,2023-07-19,Standard,182.04
ORD005654,CUST00863,2023-06-17,2023-06-17,Same Day,57.53
ORD005655,CUST01003,2024-11-08,2024-11-10,Express,1530.71
ORD005656,CUST00867,2024-11-14,2024-11-19,Standard,4238.92
ORD005657,CUST00460,2024-12-02,2024-12-07,Standard,7002.44
ORD005658,CUST00687,2024-12-18,2024-12-23,Standard,2921.86
ORD005659,CUST00960,2024-09-06,2024-09-11,Standard,754.47
ORD005660,CUST00432,2023-12-21,2023-12-26,Standard,3603.97
ORD005661,CUST00368,2023-04-30,2023-04-30,Same Day,70.1
ORD005662,CUST00025,2024-04-09,2024-04-14,Standard,378.14
ORD005663,CUST00659,2024-11-07,2024-11-12,Standard,2580.4
ORD005664,CUST00727,2024-03-29,2024-04-03,Standard,834.74
ORD005665,CUST00510,2024-12-09,2024-12-11,Express,851.84
ORD005666,CUST00790,2024-12-21,2024-12-26,Standard,389.31
ORD005667,CUST00730,2023-12-12,2023-12-14,Express,332.97
ORD005668,CUST01151,2023-11-07,2023-11-12,Standard,3250.1
ORD005669,CUST00602,2024-06-18,2024-06-23,Standard,2273.89
ORD005670,CUST00214,2023-04-14,2023-04-16,Express,488.68
ORD005671,CUST00947,2023-08-22,2023-08-22,Same Day,2987.35
ORD005672,CUST00015,2023-03-19,2023-03-24,Standard,47.36
ORD005673,CUST00837,2023-10-27,2023-11-01,Standard,114.32
ORD005674,CUST00599,2024-07-15,2024-07-20,Standard,1040.31
ORD005675,CUST00024,2023-12-28,2023-12-30,Express,209.76
ORD005676,CUST00125,2024-07-12,2024-07-12,Same Day,921.61
ORD005677,CUST00293,2024-08-26,2024-08-26,Same Day,167.56
ORD005678,CUST00103,2023-12-05,2023-12-05,Same Day,4888.16
ORD005679,CUST00134,2023-09-27,2023-10-02,Standard,160.45
ORD005680,CUST00376,2024-05-15,2024-05-17,Express,4942.49
ORD005681,CUST00223,2023-04-22,2023-04-22,Same Day,64.91
ORD005682,CUST00577,2024-04-18,2024-04-23,Standard,4831.75
ORD005683,CUST01015,2023-07-11,2023-07-13,Express,55.94
ORD005684,CUST00876,2023-11-30,2023-12-02,Express,1983.76
ORD005685,CUST00125,2023-02-07,2023-02-12,Standard,4663.69
ORD005686,CUST01143,2024-03-10,2024-03-15,Standard,4272.72
ORD005687,CUST00049,2024-05-28,2024-06-02,Standard,4905.18
ORD005688,CUST00987,2024-01-01,2024-01-01,Same Day,3611.29
ORD005689,CUST00402,2024-10-13,2024-10-18,Standard,920.28
ORD005690,CUST00918,2023-05-26,2023-05-26,Same Day,527.44
ORD005691,CUST00819,2024-12-24,2024-12-29,Standard,70.1
ORD005692,CUST00900,2024-07-21,2024-07-23,Express,124.2
ORD005693,CUST00290,2023-03-28,2023-04-02,Standard,1213.01
ORD005694,CUST00687,2024-10-22,2024-10-27,Standard,409.83
ORD005695,CUST00573,2023-08-20,2023-08-22,Express,1244.82
ORD005696,CUST00493,2024-08-04,2024-08-09,Standard,1949.88
ORD005697,CUST00473,2023-12-20,2023-12-22,Express,699.73
ORD005698,CUST00796,2024-01-31,2024-02-02,Express,4947.53
ORD005699,CUST01149,2023-09-01,2023-09-06,Standard,791.12
ORD005700,CUST00805,2024-08-14,2024-08-14,Same Day,11839.5
ORD005701,CUST01140,2024-07-02,2024-07-04,Express,132.38
ORD005702,CUST00494,2023-11-07,2023-11-12,Standard,291.08
ORD005703,CUST00446,2024-10-07,2024-10-09,Express,96.43
ORD005704,CUST00180,2024-08-04,2024-08-06,Express,510.67
ORD005705,CUST00390,2024-07-21,2024-07-26,Standard,1623.47
ORD005706,CUST00347,2023-12-24,2023-12-29,Standard,234.14
ORD005707,CUST00077,2024-10-09,2024-10-09,Same Day,2437.25
ORD005708,CUST01136,2023-07-03,2023-07-08,Standard,200.9
ORD005709,CUST00029,2024-08-05,2024-08-10,Standard,5067.92
ORD005710,CUST01102,2024-05-17,2024-05-19,Express,718.21
ORD005711,CUST00066,2023-12-29,2024-01-03,Standard,4069.61
ORD005712,CUST00148,2023-10-26,2023-10-28,Express,864.17
ORD005713,CUST00605,2023-07-10,2023-07-12,Express,2624.85
ORD005714,CUST00282,2024-09-04,2024-09-09,Standard,1091.78
ORD005715,CUST01004,2023-02-24,2023-03-01,Standard,139.86
ORD005716,CUST00681,2023-09-29,2023-10-04,Standard,643.88
ORD005717,CUST00230,2023-12-11,2023-12-13,Express,1451.42
ORD005718,CUST00169,2024-09-14,2024-09-16,Express,143.57
ORD005719,CUST00409,2024-12-30,2025-01-04,Standard,806.56
ORD005720,CUST00840,2023-10-26,2023-10-26,Same Day,622.42
ORD005721,CUST00821,2024-07-25,2024-07-30,Standard,597.0
ORD005722,CUST00819,2024-08-06,2024-08-11,Standard,1707.55
ORD005723,CUST00286,2023-01-21,2023-01-26,Standard,492.6
ORD005724,CUST00355,2023-05-02,2023-05-07,Standard,447.56
ORD005725,CUST00809,2023-05-25,2023-05-27,Express,892.37
ORD005726,CUST00673,2024-11-19,2024-11-24,Standard,439.24
ORD005727,CUST00964,2024-07-19,2024-07-21,Express,131.2
ORD005728,CUST00158,2024-07-20,2024-07-25,Standard,145.02
ORD005729,CUST00840,2023-11-29,2023-12-04,Standard,746.2
ORD005730,CUST00519,2023-03-23,2023-03-28,Standard,71.0
ORD005731,CUST00522,2023-01-19,2023-01-24,Standard,251.52
ORD005732,CUST00812,2023-07-31,2023-08-05,Standard,2886.2
ORD005733,CUST00248,2024-02-06,2024-02-11,Standard,985.84
ORD005734,CUST00962,2024-01-04,2024-01-09,Standard,48.15
ORD005735,CUST00274,2024-02-19,2024-02-21,Express,689.75
ORD005736,CUST00791,2023-06-08,2023-06-13,Standard,5488.84
ORD005737,CUST01064,2023-11-21,2023-11-26,Standard,224.66
ORD005738,CUST00728,2024-11-29,2024-12-04,Standard,670.7
ORD005739,CUST00908,2024-02-29,2024-03-02,Express,373.8
ORD005740,CUST00971,2023-01-21,2023-01-26,Standard,189.84
ORD005741,CUST00077,2024-08-14,2024-08-16,Express,1287.32
ORD005742,CUST00797,2023-01-06,2023-01-11,Standard,851.16
ORD005743,CUST00709,2024-11-06,2024-11-11,Standard,1656.48
ORD005744,CUST00149,2023-06-27,2023-07-02,Standard,736.59
ORD005745,CUST00855,2024-05-25,2024-05-30,Standard,877.35
ORD005746,CUST00466,2023-06-01,2023-06-06,Standard,232.64
ORD005747,CUST01149,2024-12-15,2024-12-15,Same Day,5262.86
ORD005748,CUST00231,2024-04-19,2024-04-24,Standard,1275.96
ORD005749,CUST00761,2023-01-31,2023-02-05,Standard,4744.56
ORD005750,CUST00332,2024-08-03,2024-08-03,Same Day,350.28
ORD005751,CUST00688,2024-11-26,2024-11-28,Express,106.5
ORD005752,CUST00113,2023-10-24,2023-10-26,Express,1538.3
ORD005753,CUST00614,2023-08-19,2023-08-21,Express,883.3
ORD005754,CUST00925,2024-10-10,2024-10-12,Express,236.81
ORD005755,CUST00440,2023-02-10,2023-02-15,Standard,314.75
ORD005756,CUST00487,2023-03-01,2023-03-06,Standard,1618.61
ORD005757,CUST00448,2024-09-22,2024-09-27,Standard,4212.7
ORD005758,CUST00264,2024-05-31,2024-06-02,Express,79.79
ORD005759,CUST00679,2024-11-26,2024-12-01,Standard,1445.24
ORD005760,CUST00741,2023-05-29,2023-06-03,Standard,233.39
ORD005761,CUST01046,2024-09-23,2024-09-23,Same Day,8258.82
ORD005762,CUST01198,2024-04-19,2024-04-19,Same Day,367.16
ORD005763,CUST00114,2023-02-09,2023-02-14,Standard,2506.58
ORD005764,CUST00895,2023-12-14,2023-12-19,Standard,646.27
ORD005765,CUST01006,2023-12-25,2023-12-30,Standard,2540.68
ORD005766,CUST00809,2024-06-14,2024-06-19,Standard,3883.27
ORD005767,CUST00152,2023-06-29,2023-07-04,Standard,1369.75
ORD005768,CUST01145,2024-06-20,2024-06-22,Express,1713.96
ORD005769,CUST00853,2024-05-24,2024-05-29,Standard,1248.0
ORD005770,CUST00431,2024-12-07,2024-12-12,Standard,260.25
ORD005771,CUST00865,2023-07-30,2023-08-01,Express,3216.67
ORD005772,CUST01048,2023-12-13,2023-12-18,Standard,3159.64
ORD005773,CUST00133,2024-09-22,2024-09-22,Same Day,65.72
ORD005774,CUST00900,2023-04-03,2023-04-08,Standard,239.29
ORD005775,CUST00447,2023-05-08,2023-05-13,Standard,462.5
ORD005776,CUST00584,2023-10-25,2023-10-27,Express,2540.68
ORD005777,CUST00123,2024-03-16,2024-03-16,Same Day,1543.73
ORD005778,CUST00599,2024-11-11,2024-11-16,Standard,2495.02
ORD005779,CUST00986,2024-02-24,2024-02-26,Express,1196.33
ORD005780,CUST00108,2023-07-05,2023-07-07,Express,66.59
ORD005781,CUST00603,2024-04-24,2024-04-29,Standard,851.9
ORD005782,CUST01030,2024-09-30,2024-10-05,Standard,527.8
ORD005783,CUST00319,2023-08-21,2023-08-26,Standard,3550.14
ORD005784,CUST00308,2024-11-26,2024-12-01,Standard,186.96
ORD005785,CUST00757,2024-08-27,2024-09-01,Standard,348.1
ORD005786,CUST01047,2023-03-24,2023-03-29,Standard,5374.91
ORD005787,CUST01107,2024-11-07,2024-11-09,Express,29.53
ORD005788,CUST00726,2024-12-17,2024-12-19,Express,214.28
ORD005789,CUST00127,2024-03-20,2024-03-22,Express,1359.13
ORD005790,CUST00840,2024-10-27,2024-11-01,Standard,665.86
ORD005791,CUST00266,2024-01-23,2024-01-25,Express,32.86
ORD005792,CUST00586,2023-02-03,2023-02-08,Standard,278.6
ORD005793,CUST00827,2023-11-25,2023-11-30,Standard,69.65
ORD005794,CUST00398,2024-11-18,2024-11-18,Same Day,1272.81
ORD005795,CUST00599,2024-10-16,2024-10-21,Standard,193.08
ORD005796,CUST00689,2023-12-24,2023-12-26,Express,575.48
ORD005797,CUST00009,2023-03-07,2023-03-12,Standard,440.37
ORD005798,CUST01001,2023-12-09,2023-12-11,Express,661.76
ORD005799,CUST00303,2023-08-15,2023-08-20,Standard,2350.79
ORD005800,CUST01159,2023-01-06,2023-01-08,Express,84.45
ORD005801,CUST00805,2023-11-27,2023-12-02,Standard,4292.82
ORD005802,CUST01166,2024-11-20,2024-11-20,Same Day,1385.52
ORD005803,CUST00978,2024-03-09,2024-03-14,Standard,3038.02
ORD005804,CUST01194,2023-10-09,2023-10-14,Standard,486.74
ORD005805,CUST01114,2024-10-29,2024-11-03,Standard,152.74
ORD005806,CUST01085,2024-04-17,2024-04-19,Express,3486.84
ORD005807,CUST00113,2024-10-16,2024-10-18,Express,127.5
ORD005808,CUST01079,2023-03-29,2023-04-03,Standard,175.78
ORD005809,CUST01111,2024-09-20,2024-09-20,Same Day,3120.59
ORD005810,CUST01077,2024-11-04,2024-11-06,Express,258.84
ORD005811,CUST00224,2023-12-26,2023-12-28,Express,738.15
ORD005812,CUST00614,2023-11-29,2023-12-04,Standard,1573.92
ORD005813,CUST00235,2024-01-16,2024-01-18,Express,3620.47
ORD005814,CUST00647,2023-01-19,2023-01-21,Express,2862.14
ORD005815,CUST00927,2023-05-24,2023-05-26,Express,449.55
ORD005816,CUST00493,2023-11-21,2023-11-26,Standard,734.14
ORD005817,CUST00887,2024-11-19,2024-11-24,Standard,1061.7
ORD005818,CUST00351,2024-08-30,2024-08-30,Same Day,99.51
ORD005819,CUST00100,2024-07-04,2024-07-09,Standard,398.0
ORD005820,CUST01041,2023-05-06,2023-05-11,Standard,364.93
ORD005821,CUST01116,2023-11-02,2023-11-04,Express,273.62
ORD005822,CUST00221,2023-12-01,2023-12-01,Same Day,873.24
ORD005823,CUST00122,2023-04-03,2023-04-08,Standard,141.8
ORD005824,CUST01090,2024-05-03,2024-05-08,Standard,211.47
ORD005825,CUST01142,2024-12-21,2024-12-23,Express,4584.03
ORD005826,CUST00426,2023-04-20,2023-04-25,Standard,766.56
ORD005827,CUST00206,2023-07-15,2023-07-15,Same Day,3491.16
ORD005828,CUST01078,2023-03-17,2023-03-19,Express,3606.1
ORD005829,CUST00972,2024-11-20,2024-11-22,Express,323.91
ORD005830,CUST01096,2024-11-29,2024-11-29,Same Day,225.09
ORD005831,CUST00877,2023-12-04,2023-12-09,Standard,3615.34
ORD005832,CUST00334,2024-06-04,2024-06-09,Standard,3811.02
ORD005833,CUST01037,2023-11-23,2023-11-28,Standard,1094.48
ORD005834,CUST00467,2024-08-01,2024-08-06,Standard,619.27
ORD005835,CUST00664,2024-12-07,2024-12-09,Express,1837.2
ORD005836,CUST01021,2024-03-14,2024-03-19,Standard,463.33
ORD005837,CUST01074,2023-12-27,2023-12-27,Same Day,965.74
ORD005838,CUST00370,2024-02-29,2024-03-05,Standard,417.48
ORD005839,CUST00436,2024-01-16,2024-01-21,Standard,190.85
ORD005840,CUST00764,2023-08-23,2023-08-28,Standard,4265.5
ORD005841,CUST01089,2024-04-13,2024-04-15,Express,276.22
ORD005842,CUST00867,2024-07-01,2024-07-06,Standard,136.77
ORD005843,CUST00027,2023-02-17,2023-02-22,Standard,3620.47
ORD005844,CUST00552,2023-10-31,2023-11-05,Standard,1795.63
ORD005845,CUST00095,2023-03-10,2023-03-15,Standard,824.63
ORD005846,CUST00478,2024-01-23,2024-01-28,Standard,861.0
ORD005847,CUST00251,2024-10-05,2024-10-10,Standard,323.23
ORD005848,CUST00194,2023-06-03,2023-06-05,Express,3087.47
ORD005849,CUST01100,2023-05-11,2023-05-16,Standard,289.28
ORD005850,CUST00544,2024-10-14,2024-10-14,Same Day,1555.14
ORD005851,CUST00676,2023-12-16,2023-12-18,Express,211.36
ORD005852,CUST00146,2024-05-27,2024-05-27,Same Day,1494.7
ORD005853,CUST00657,2023-01-14,2023-01-19,Standard,146.7
ORD005854,CUST00558,2024-08-26,2024-08-26,Same Day,282.69
ORD005855,CUST01011,2023-08-06,2023-08-11,Standard,724.25
ORD005856,CUST00786,2024-06-20,2024-06-25,Standard,794.45
ORD005857,CUST00595,2023-07-03,2023-07-03,Same Day,1171.1
ORD005858,CUST01034,2023-11-15,2023-11-20,Standard,3263.27
ORD005859,CUST00734,2023-03-10,2023-03-15,Standard,635.8
ORD005860,CUST00713,2023-03-22,2023-03-27,Standard,398.02
ORD005861,CUST00665,2023-02-15,2023-02-17,Express,776.23
ORD005862,CUST00418,2023-02-13,2023-02-18,Standard,628.2
ORD005863,CUST01036,2023-07-03,2023-07-08,Standard,85.41
ORD005864,CUST00141,2023-06-18,2023-06-18,Same Day,124.32
ORD005865,CUST00773,2023-07-08,2023-07-08,Same Day,945.25
ORD005866,CUST00993,2023-07-25,2023-07-27,Express,655.72
ORD005867,CUST00464,2024-11-20,2024-11-25,Standard,803.45
ORD005868,CUST00375,2024-03-14,2024-03-19,Standard,1045.04
ORD005869,CUST00233,2023-12-20,2023-12-22,Express,6584.52
ORD005870,CUST00501,2024-12-17,2024-12-22,Standard,1075.1
ORD005871,CUST00176,2024-07-08,2024-07-13,Standard,1786.61
ORD005872,CUST00559,2023-08-31,2023-09-05,Standard,6528.09
ORD005873,CUST00327,2024-01-28,2024-02-02,Standard,330.95
ORD005874,CUST00952,2024-10-28,2024-11-02,Standard,3601.46
ORD005875,CUST00225,2024-05-17,2024-05-17,Same Day,307.36
ORD005876,CUST00370,2023-04-07,2023-04-09,Express,4864.63
ORD005877,CUST00830,2024-10-11,2024-10-13,Express,103.5
ORD005878,CUST00852,2023-03-06,2023-03-11,Standard,295.9
ORD005879,CUST00932,2023-01-08,2023-01-13,Standard,1024.53
ORD005880,CUST00936,2023-05-07,2023-05-12,Standard,7097.92
ORD005881,CUST00837,2023-11-10,2023-11-15,Standard,394.08
ORD005882,CUST01169,2023-10-06,2023-10-11,Standard,1188.03
ORD005883,CUST00400,2023-12-01,2023-12-03,Express,4358.55
ORD005884,CUST00028,2024-01-08,2024-01-08,Same Day,1593.03
ORD005885,CUST00739,2024-03-07,2024-03-07,Same Day,264.76
ORD005886,CUST00579,2023-01-17,2023-01-22,Standard,6456.19
ORD005887,CUST01189,2023-12-07,2023-12-09,Express,1206.61
ORD005888,CUST00595,2024-02-14,2024-02-19,Standard,105.68
ORD005889,CUST00035,2023-04-15,2023-04-20,Standard,3591.04
ORD005890,CUST00850,2023-01-28,2023-02-02,Standard,327.84
ORD005891,CUST00529,2023-10-23,2023-10-28,Standard,316.4
ORD005892,CUST00942,2023-11-02,2023-11-04,Express,2275.54
ORD005893,CUST00726,2024-06-25,2024-06-30,Standard,2600.08
ORD005894,CUST00996,2023-05-21,2023-05-23,Express,4694.31
ORD005895,CUST01175,2023-06-21,2023-06-23,Express,581.18
ORD005896,CUST01196,2023-02-23,2023-02-28,Standard,393.46
ORD005897,CUST00163,2024-04-15,2024-04-20,Standard,842.54
ORD005898,CUST00366,2023-11-11,2023-11-16,Standard,301.89
ORD005899,CUST00745,2024-12-15,2024-12-20,Standard,2020.88
ORD005900,CUST01112,2023-08-31,2023-09-05,Standard,3808.4
ORD005901,CUST01072,2023-01-28,2023-01-30,Express,466.49
ORD005902,CUST00418,2024-10-21,2024-10-26,Standard,777.71
ORD005903,CUST00430,2023-10-23,2023-10-25,Express,468.27
ORD005904,CUST00033,2024-03-25,2024-03-30,Standard,996.17
ORD005905,CUST00434,2023-02-17,2023-02-17,Same Day,535.25
ORD005906,CUST00957,2023-10-26,2023-10-28,Express,163.67
ORD005907,CUST00376,2024-04-26,2024-05-01,Standard,40.8
ORD005908,CUST00915,2023-07-20,2023-07-25,Standard,42.7
ORD005909,CUST00767,2024-02-06,2024-02-11,Standard,2474.91
ORD005910,CUST00099,2023-10-24,2023-10-29,Standard,706.64
ORD005911,CUST00204,2023-02-07,2023-02-12,Standard,1321.43
ORD005912,CUST01107,2023-09-02,2023-09-04,Express,2050.23
ORD005913,CUST00830,2024-11-04,2024-11-09,Standard,54.41
ORD005914,CUST00725,2023-05-12,2023-05-17,Standard,1600.83
ORD005915,CUST00745,2023-01-14,2023-01-19,Standard,5418.45
ORD005916,CUST01192,2024-03-19,2024-03-24,Standard,6795.25
ORD005917,CUST00877,2024-11-20,2024-11-25,Standard,1885.36
ORD005918,CUST00496,2024-07-27,2024-08-01,Standard,633.15
ORD005919,CUST00157,2023-02-24,2023-03-01,Standard,1231.29
ORD005920,CUST00940,2024-02-24,2024-02-29,Standard,1665.54
ORD005921,CUST00670,2024-03-22,2024-03-27,Standard,300.72
ORD005922,CUST00252,2024-11-23,2024-11-28,Standard,703.41
ORD005923,CUST00076,2024-10-27,2024-11-01,Standard,2584.64
ORD005924,CUST00724,2024-04-07,2024-04-12,Standard,5021.3
ORD005925,CUST00048,2024-12-21,2024-12-26,Standard,932.75
ORD005926,CUST00059,2024-02-26,2024-03-02,Standard,2891.19
ORD005927,CUST01011,2024-01-28,2024-02-02,Standard,4154.26
ORD005928,CUST00378,2023-01-02,2023-01-07,Standard,350.5
ORD005929,CUST01169,2023-05-31,2023-06-02,Express,871.99
ORD005930,CUST00779,2023-12-30,2024-01-04,Standard,3607.82
ORD005931,CUST00311,2024-02-14,2024-02-16,Express,4339.7
ORD005932,CUST00626,2024-11-06,2024-11-08,Express,2125.64
ORD005933,CUST01040,2024-11-18,2024-11-23,Standard,535.7
ORD005934,CUST00555,2023-12-06,2023-12-11,Standard,4584.13
ORD005935,CUST01133,2024-06-28,2024-06-30,Express,130.3
ORD005936,CUST01065,2024-04-14,2024-04-14,Same Day,852.2
ORD005937,CUST00743,2024-06-11,2024-06-13,Express,1740.62
ORD005938,CUST00828,2023-06-13,2023-06-15,Express,132.94
ORD005939,CUST00450,2023-04-05,2023-04-07,Express,954.05
ORD005940,CUST01183,2024-06-10,2024-06-12,Express,3979.42
ORD005941,CUST01106,2023-02-15,2023-02-20,Standard,144.96
ORD005942,CUST00838,2023-11-19,2023-11-24,Standard,4968.33
ORD005943,CUST00102,2024-12-07,2024-12-12,Standard,683.02
ORD005944,CUST00406,2024-12-24,2024-12-29,Standard,143.98
ORD005945,CUST00142,2024-04-07,2024-04-09,Express,4519.17
ORD005946,CUST00200,2023-06-14,2023-06-16,Express,2172.34
ORD005947,CUST00713,2023-06-21,2023-06-26,Standard,1791.68
ORD005948,CUST00237,2023-12-17,2023-12-19,Express,2844.39
ORD005949,CUST00734,2024-10-16,2024-10-21,Standard,994.37
ORD005950,CUST01086,2023-09-21,2023-09-26,Standard,205.56
ORD005951,CUST00339,2023-11-09,2023-11-14,Standard,462.03
ORD005952,CUST00197,2023-11-25,2023-11-30,Standard,671.62
ORD005953,CUST00270,2024-12-17,2024-12-22,Standard,2374.88
ORD005954,CUST01177,2024-09-12,2024-09-17,Standard,774.09
ORD005955,CUST00843,2024-07-16,2024-07-16,Same Day,13.6
ORD005956,CUST00165,2023-03-13,2023-03-18,Standard,229.27
ORD005957,CUST00297,2023-11-24,2023-11-29,Standard,398.93
ORD005958,CUST00171,2024-11-11,2024-11-16,Standard,87.7
ORD005959,CUST00178,2024-01-03,2024-01-05,Express,3172.49
ORD005960,CUST00110,2024-04-15,2024-04-20,Standard,753.31
ORD005961,CUST00059,2023-10-19,2023-10-21,Express,2987.53
ORD005962,CUST00509,2023-11-20,2023-11-25,Standard,702.96
ORD005963,CUST00761,2024-04-09,2024-04-14,Standard,529.14
ORD005964,CUST00693,2024-08-14,2024-08-16,Express,65.77
ORD005965,CUST00033,2023-11-21,2023-11-26,Standard,1190.47
ORD005966,CUST00210,2024-11-10,2024-11-15,Standard,2851.57
ORD005967,CUST00031,2024-11-04,2024-11-09,Standard,2584.64
ORD005968,CUST00022,2023-09-12,2023-09-17,Standard,219.96
ORD005969,CUST00959,2024-01-08,2024-01-13,Standard,426.55
ORD005970,CUST00005,2023-02-25,2023-02-27,Express,6202.78
ORD005971,CUST00600,2023-02-06,2023-02-11,Standard,683.73
ORD005972,CUST00285,2023-03-11,2023-03-13,Express,544.46
ORD005973,CUST01194,2024-08-31,2024-09-05,Standard,822.81
ORD005974,CUST00266,2024-03-25,2024-03-30,Standard,562.15
ORD005975,CUST00640,2023-06-03,2023-06-08,Standard,3214.82
ORD005976,CUST01191,2024-10-01,2024-10-03,Express,208.96
ORD005977,CUST00532,2023-10-04,2023-10-09,Standard,2849.86
ORD005978,CUST00076,2023-06-25,2023-06-27,Express,319.73
ORD005979,CUST00498,2023-07-27,2023-07-29,Express,606.58
ORD005980,CUST00423,2023-09-27,2023-10-02,Standard,1205.0
ORD005981,CUST00049,2024-05-26,2024-05-28,Express,431.38
ORD005982,CUST00485,2024-06-21,2024-06-23,Express,367.16
ORD005983,CUST00160,2024-10-22,2024-10-27,Standard,7425.36
ORD005984,CUST00406,2024-11-22,2024-11-24,Express,177.5
ORD005985,CUST01100,2024-05-22,2024-05-24,Express,514.93
ORD005986,CUST00360,2024-06-10,2024-06-15,Standard,181.11
ORD005987,CUST00653,2023-04-12,2023-04-17,Standard,148.8
ORD005988,CUST00621,2023-07-13,2023-07-18,Standard,195.81
ORD005989,CUST01140,2024-01-25,2024-01-27,Express,359.31
ORD005990,CUST01010,2023-07-31,2023-08-02,Express,1300.88
ORD005991,CUST00631,2024-01-22,2024-01-27,Standard,3491.16
ORD005992,CUST00509,2023-03-23,2023-03-28,Standard,274.9
ORD005993,CUST00163,2024-11-19,2024-11-24,Standard,458.95
ORD005994,CUST01019,2024-05-18,2024-05-23,Standard,2374.37
ORD005995,CUST00217,2023-09-03,2023-09-03,Same Day,96.68
ORD005996,CUST01073,2024-12-01,2024-12-03,Express,137.77
ORD005997,CUST00257,2023-06-03,2023-06-05,Express,256.75
ORD005998,CUST01129,2023-07-14,2023-07-16,Express,9670.78
ORD005999,CUST01180,2024-09-29,2024-10-01,Express,4987.31
ORD006000,CUST00427,2024-07-06,2024-07-06,Same Day,317.78
ORD006001,CUST00008,2023-06-11,2023-06-16,Standard,627.97
ORD006002,CUST00536,2023-11-22,2023-11-27,Standard,1105.03
ORD006003,CUST00233,2023-06-21,2023-06-23,Express,1855.37
ORD006004,CUST00083,2024-12-16,2024-12-21,Standard,2419.6
ORD006005,CUST01193,2024-12-06,2024-12-11,Standard,654.85
ORD006006,CUST00814,2024-12-30,2025-01-01,Express,1562.78
ORD006007,CUST01092,2024-01-12,2024-01-17,Standard,1827.97
ORD006008,CUST00799,2023-09-06,2023-09-06,Same Day,87.89
ORD006009,CUST00437,2024-05-26,2024-05-31,Standard,6613.37
ORD006010,CUST00030,2024-04-08,2024-04-13,Standard,4260.88
ORD006011,CUST01200,2023-01-18,2023-01-20,Express,572.57
ORD006012,CUST00075,2024-11-13,2024-11-13,Same Day,6462.89
ORD006013,CUST00868,2023-05-15,2023-05-17,Express,66.19
ORD006014,CUST00567,2023-08-29,2023-09-03,Standard,803.6
ORD006015,CUST00454,2024-11-28,2024-12-03,Standard,4845.87
ORD006016,CUST00537,2023-08-24,2023-08-29,Standard,1860.53
ORD006017,CUST00452,2024-03-02,2024-03-07,Standard,718.21
ORD006018,CUST00244,2024-06-13,2024-06-15,Express,375.54
ORD006019,CUST00697,2024-03-13,2024-03-18,Standard,109.69
ORD006020,CUST00391,2023-01-28,2023-02-02,Standard,879.06
ORD006021,CUST00818,2023-08-27,2023-08-27,Same Day,71.9
ORD006022,CUST00025,2024-11-23,2024-11-25,Express,4516.47
ORD006023,CUST00491,2024-12-05,2024-12-10,Standard,374.24
ORD006024,CUST00017,2023-07-08,2023-07-13,Standard,1725.65
ORD006025,CUST00956,2024-04-15,2024-04-17,Express,1933.18
ORD006026,CUST00038,2023-09-16,2023-09-21,Standard,179.8
ORD006027,CUST00649,2024-06-06,2024-06-08,Express,2611.35
ORD006028,CUST00040,2023-09-14,2023-09-16,Express,1828.14
ORD006029,CUST00491,2024-11-23,2024-11-25,Express,3496.08
ORD006030,CUST00668,2023-07-18,2023-07-20,Express,6812.75
ORD006031,CUST00160,2023-08-24,2023-08-29,Standard,603.37
ORD006032,CUST00727,2023-08-11,2023-08-16,Standard,809.57
ORD006033,CUST00174,2023-07-03,2023-07-08,Standard,460.05
ORD006034,CUST00060,2023-05-29,2023-06-03,Standard,564.27
ORD006035,CUST00871,2023-05-30,2023-06-04,Standard,286.07
ORD006036,CUST00018,2023-02-22,2023-02-24,Express,596.67
ORD006037,CUST00750,2024-02-08,2024-02-10,Express,796.0
ORD006038,CUST00798,2023-07-20,2023-07-25,Standard,1130.22
ORD006039,CUST00937,2023-02-24,2023-03-01,Standard,1276.53
ORD006040,CUST01192,2023-10-09,2023-10-14,Standard,1353.55
ORD006041,CUST00639,2024-10-25,2024-10-30,Standard,596.96
ORD006042,CUST00866,2024-09-06,2024-09-11,Standard,1084.16
ORD006043,CUST00198,2024-06-22,2024-06-27,Standard,634.27
ORD006044,CUST00966,2024-11-28,2024-11-30,Express,98.62
ORD006045,CUST00936,2023-11-09,2023-11-14,Standard,367.55
ORD006046,CUST00978,2024-06-29,2024-07-04,Standard,3025.48
ORD006047,CUST00260,2024-04-19,2024-04-24,Standard,360.53
ORD006048,CUST00009,2024-11-15,2024-11-20,Standard,539.85
ORD006049,CUST00908,2023-04-09,2023-04-14,Standard,3401.4
ORD006050,CUST00409,2023-07-02,2023-07-02,Same Day,614.72
ORD006051,CUST00710,2024-07-28,2024-08-02,Standard,502.8
ORD006052,CUST00580,2023-09-19,2023-09-21,Express,2564.27
ORD006053,CUST00570,2024-01-18,2024-01-20,Express,1655.0
ORD006054,CUST00330,2023-08-23,2023-08-23,Same Day,240.46
ORD006055,CUST00911,2024-07-16,2024-07-16,Same Day,734.88
ORD006056,CUST00627,2024-06-06,2024-06-11,Standard,297.93
ORD006057,CUST00260,2023-08-30,2023-09-04,Standard,771.87
ORD006058,CUST00218,2024-01-25,2024-01-30,Standard,861.46
ORD006059,CUST00561,2024-05-24,2024-05-29,Standard,650.02
ORD006060,CUST00700,2024-09-27,2024-09-29,Express,50.24
ORD006061,CUST00571,2024-12-22,2024-12-27,Standard,854.54
ORD006062,CUST00656,2024-07-26,2024-07-28,Express,472.7
ORD006063,CUST01190,2023-01-10,2023-01-15,Standard,9682.48
ORD006064,CUST00643,2024-12-25,2024-12-30,Standard,1146.44
ORD006065,CUST00114,2023-03-14,2023-03-16,Express,3697.33
ORD006066,CUST00966,2023-04-08,2023-04-13,Standard,3977.21
ORD006067,CUST00768,2024-08-15,2024-08-20,Standard,3075.64
ORD006068,CUST01152,2024-12-27,2025-01-01,Standard,4190.61
ORD006069,CUST00514,2024-04-20,2024-04-25,Standard,1322.3
ORD006070,CUST00740,2023-07-29,2023-08-03,Standard,1459.92
ORD006071,CUST00722,2024-05-16,2024-05-18,Express,377.14
ORD006072,CUST00815,2023-06-24,2023-06-29,Standard,431.88
ORD006073,CUST00164,2024-06-05,2024-06-10,Standard,1459.26
ORD006074,CUST00569,2024-08-26,2024-08-31,Standard,373.53
ORD006075,CUST00306,2023-05-19,2023-05-21,Express,2688.85
ORD006076,CUST01166,2024-03-24,2024-03-29,Standard,1232.3
ORD006077,CUST01183,2023-09-29,2023-09-29,Same Day,2986.22
ORD006078,CUST00469,2023-05-29,2023-05-29,Same Day,991.2
ORD006079,CUST00461,2023-04-20,2023-04-25,Standard,1611.28
ORD006080,CUST00467,2024-08-20,2024-08-25,Standard,969.92
ORD006081,CUST01069,2023-01-02,2023-01-07,Standard,1365.52
ORD006082,CUST00194,2024-12-27,2025-01-01,Standard,2506.4
ORD006083,CUST00634,2024-01-10,2024-01-15,Standard,2793.74
ORD006084,CUST00411,2023-11-06,2023-11-11,Standard,4434.91
ORD006085,CUST01102,2023-12-12,2023-12-17,Standard,957.1
ORD006086,CUST00384,2023-11-04,2023-11-09,Standard,711.14
ORD006087,CUST00524,2024-04-22,2024-04-27,Standard,3013.13
ORD006088,CUST00570,2024-02-27,2024-03-03,Standard,1710.15
ORD006089,CUST00996,2024-05-27,2024-06-01,Standard,21.92
ORD006090,CUST01023,2024-07-10,2024-07-12,Express,1293.49
ORD006091,CUST00983,2024-09-12,2024-09-17,Standard,1290.15
ORD006092,CUST00454,2023-10-22,2023-10-22,Same Day,251.34
ORD006093,CUST00839,2023-04-15,2023-04-17,Express,255.92
ORD006094,CUST00104,2023-08-11,2023-08-13,Express,3757.75
ORD006095,CUST00811,2023-07-05,2023-07-10,Standard,87.89
ORD006096,CUST00381,2023-07-05,2023-07-05,Same Day,475.19
ORD006097,CUST00604,2024-03-15,2024-03-20,Standard,661.76
ORD006098,CUST01114,2023-06-15,2023-06-20,Standard,2007.58
ORD006099,CUST01033,2024-12-07,2024-12-07,Same Day,6072.9
ORD006100,CUST01046,2024-08-21,2024-08-26,Standard,1611.45
ORD006101,CUST00907,2023-07-09,2023-07-14,Standard,367.55
ORD006102,CUST00118,2024-04-20,2024-04-22,Express,2225.98
ORD006103,CUST00498,2023-09-04,2023-09-06,Express,602.0
ORD006104,CUST01014,2024-06-11,2024-06-16,Standard,576.18
ORD006105,CUST01104,2023-08-29,2023-09-03,Standard,271.18
ORD006106,CUST00742,2023-11-01,2023-11-06,Standard,455.63
ORD006107,CUST00702,2023-08-13,2023-08-18,Standard,1676.04
ORD006108,CUST00636,2023-07-19,2023-07-21,Express,531.48
ORD006109,CUST00190,2024-10-20,2024-10-22,Express,245.13
ORD006110,CUST00905,2024-07-31,2024-08-05,Standard,1708.31
ORD006111,CUST00767,2023-07-22,2023-07-27,Standard,2709.27
ORD006112,CUST00677,2024-04-19,2024-04-24,Standard,5587.48
ORD006113,CUST00619,2023-04-22,2023-04-22,Same Day,5044.82
ORD006114,CUST01127,2023-06-29,2023-07-01,Express,232.64
ORD006115,CUST01098,2023-03-23,2023-03-28,Standard,2724.74
ORD006116,CUST00554,2023-02-09,2023-02-14,Standard,3411.49
ORD006117,CUST00051,2024-06-18,2024-06-20,Express,741.08
ORD006118,CUST01072,2024-08-01,2024-08-01,Same Day,2016.45
ORD006119,CUST00428,2024-06-09,2024-06-14,Standard,863.34
ORD006120,CUST00610,2024-08-19,2024-08-21,Express,2386.31
ORD006121,CUST00099,2024-07-24,2024-07-24,Same Day,862.29
ORD006122,CUST00254,2024-05-04,2024-05-09,Standard,702.41
ORD006123,CUST00197,2023-11-28,2023-11-30,Express,3087.47
ORD006124,CUST00964,2023-08-02,2023-08-04,Express,163.92
ORD006125,CUST00260,2024-10-20,2024-10-25,Standard,124.87
ORD006126,CUST00823,2023-03-13,2023-03-15,Express,495.78
ORD006127,CUST00447,2023-06-02,2023-06-07,Standard,841.11
ORD006128,CUST00092,2024-09-29,2024-10-01,Express,1648.72
ORD006129,CUST00334,2023-05-10,2023-05-15,Standard,201.74
ORD006130,CUST00968,2023-10-08,2023-10-10,Express,132.05
ORD006131,CUST00344,2024-07-30,2024-08-01,Express,5769.33
ORD006132,CUST00620,2024-08-03,2024-08-08,Standard,1746.07
ORD006133,CUST00161,2023-08-12,2023-08-17,Standard,374.24
ORD006134,CUST00315,2024-07-30,2024-08-01,Express,91.09
ORD006135,CUST00265,2023-07-04,2023-07-06,Express,574.92
ORD006136,CUST00380,2023-02-08,2023-02-13,Standard,1399.66
ORD006137,CUST01125,2023-07-03,2023-07-08,Standard,122.75
ORD006138,CUST00125,2024-02-04,2024-02-09,Standard,1155.9
ORD006139,CUST00025,2023-12-22,2023-12-24,Express,930.74
ORD006140,CUST00552,2024-01-08,2024-01-13,Standard,1466.83
ORD006141,CUST00561,2023-12-05,2023-12-07,Express,232.64
ORD006142,CUST00882,2024-03-08,2024-03-13,Standard,924.69
ORD006143,CUST00507,2023-05-06,2023-05-11,Standard,894.63
ORD006144,CUST00129,2023-01-16,2023-01-21,Standard,2224.64
ORD006145,CUST00133,2023-06-18,2023-06-20,Express,167.56
ORD006146,CUST00834,2023-10-29,2023-10-31,Express,500.2
ORD006147,CUST00052,2024-10-06,2024-10-11,Standard,425.51
ORD006148,CUST00430,2024-08-01,2024-08-03,Express,537.55
ORD006149,CUST00096,2023-09-22,2023-09-27,Standard,86.28
ORD006150,CUST00164,2024-04-03,2024-04-05,Express,3418.6
ORD006151,CUST00811,2023-08-06,2023-08-11,Standard,1221.47
ORD006152,CUST00956,2024-01-08,2024-01-10,Express,491.04
ORD006153,CUST01057,2023-03-09,2023-03-11,Express,85.08
ORD006154,CUST01060,2023-01-26,2023-01-31,Standard,129.21
ORD006155,CUST01003,2023-12-31,2024-01-05,Standard,392.58
ORD006156,CUST01133,2023-10-13,2023-10-15,Express,642.01
ORD006157,CUST00985,2024-09-28,2024-10-03,Standard,160.45
ORD006158,CUST00494,2023-08-10,2023-08-12,Express,2551.93
ORD006159,CUST00488,2023-06-28,2023-07-03,Standard,3895.42
ORD006160,CUST00295,2023-06-09,2023-06-11,Express,85.41
ORD006161,CUST00928,2023-07-08,2023-07-13,Standard,3407.6
ORD006162,CUST00648,2024-07-24,2024-07-29,Standard,81.13
ORD006163,CUST00151,2024-07-07,2024-07-12,Standard,349.17
ORD006164,CUST01047,2023-07-24,2023-07-26,Express,518.07
ORD006165,CUST00682,2024-09-22,2024-09-27,Standard,7434.87
ORD006166,CUST00886,2023-03-11,2023-03-11,Same Day,2615.13
ORD006167,CUST00228,2023-11-24,2023-11-29,Standard,2053.12
ORD006168,CUST00307,2023-12-05,2023-12-07,Express,680.28
ORD006169,CUST01196,2024-04-29,2024-05-04,Standard,155.72
ORD006170,CUST00407,2023-11-06,2023-11-11,Standard,94.53
ORD006171,CUST00375,2024-12-28,2024-12-30,Express,468.94
ORD006172,CUST00664,2024-11-17,2024-11-17,Same Day,455.34
ORD006173,CUST00692,2024-12-14,2024-12-14,Same Day,5500.2
ORD006174,CUST00251,2024-03-21,2024-03-23,Express,246.46
ORD006175,CUST00132,2024-03-19,2024-03-24,Standard,2721.12
ORD006176,CUST00250,2024-11-14,2024-11-19,Standard,326.82
ORD006177,CUST00253,2023-12-24,2023-12-29,Standard,2055.0
ORD006178,CUST00516,2024-06-26,2024-07-01,Standard,271.66
ORD006179,CUST01047,2023-08-06,2023-08-11,Standard,977.15
ORD006180,CUST00878,2024-07-31,2024-08-05,Standard,3561.07
ORD006181,CUST00550,2023-05-08,2023-05-13,Standard,1122.5
ORD006182,CUST00313,2023-02-19,2023-02-24,Standard,1182.65
ORD006183,CUST00281,2024-06-15,2024-06-20,Standard,1004.23
ORD006184,CUST00134,2023-05-24,2023-05-29,Standard,1764.81
ORD006185,CUST00502,2024-05-22,2024-05-27,Standard,2925.16
ORD006186,CUST00898,2023-09-19,2023-09-24,Standard,447.47
ORD006187,CUST01183,2023-11-09,2023-11-14,Standard,343.77
ORD006188,CUST01160,2024-12-13,2024-12-18,Standard,1117.91
ORD006189,CUST00571,2023-06-12,2023-06-17,Standard,821.85
ORD006190,CUST00737,2023-08-09,2023-08-14,Standard,941.2
ORD006191,CUST00931,2024-12-11,2024-12-11,Same Day,2883.8
ORD006192,CUST00385,2023-02-28,2023-03-05,Standard,242.87
ORD006193,CUST00554,2024-05-15,2024-05-17,Express,238.77
ORD006194,CUST00211,2023-07-25,2023-07-30,Standard,1087.76
ORD006195,CUST00460,2023-12-20,2023-12-25,Standard,181.11
ORD006196,CUST00052,2024-03-09,2024-03-14,Standard,422.25
ORD006197,CUST00678,2024-07-12,2024-07-14,Express,1160.34
ORD006198,CUST00050,2024-06-18,2024-06-23,Standard,574.92
ORD006199,CUST00033,2024-11-21,2024-11-26,Standard,3912.17
ORD006200,CUST00252,2024-02-17,2024-02-22,Standard,2434.21
ORD006201,CUST00206,2024-12-31,2025-01-05,Standard,4811.18
ORD006202,CUST00131,2024-04-30,2024-05-05,Standard,1275.96
ORD006203,CUST01172,2023-11-05,2023-11-05,Same Day,2172.58
ORD006204,CUST00165,2023-05-06,2023-05-11,Standard,3792.57
ORD006205,CUST00628,2023-11-29,2023-12-04,Standard,594.73
ORD006206,CUST00239,2023-05-25,2023-05-30,Standard,1075.1
ORD006207,CUST00241,2024-07-12,2024-07-17,Standard,75.77
ORD006208,CUST00994,2023-05-12,2023-05-17,Standard,1162.43
ORD006209,CUST00515,2023-12-24,2023-12-26,Express,267.5
ORD006210,CUST00220,2023-05-08,2023-05-10,Express,92.57
ORD006211,CUST00373,2024-01-12,2024-01-17,Standard,872.94
ORD006212,CUST00064,2023-12-04,2023-12-04,Same Day,315.62
ORD006213,CUST00967,2023-07-23,2023-07-28,Standard,2530.57
ORD006214,CUST00830,2024-09-23,2024-09-25,Express,2409.4
ORD006215,CUST00132,2024-10-04,2024-10-06,Express,126.62
ORD006216,CUST00655,2023-09-23,2023-09-23,Same Day,3127.26
ORD006217,CUST00029,2024-07-31,2024-07-31,Same Day,237.11
ORD006218,CUST00238,2024-12-16,2024-12-18,Express,1047.45
ORD006219,CUST01027,2023-07-30,2023-08-04,Standard,1736.52
ORD006220,CUST00379,2024-03-01,2024-03-06,Standard,214.0
ORD006221,CUST00433,2023-02-04,2023-02-09,Standard,239.28
ORD006222,CUST01111,2024-01-01,2024-01-06,Standard,3899.28
ORD006223,CUST00261,2024-08-10,2024-08-12,Express,813.42
ORD006224,CUST00444,2024-08-08,2024-08-10,Express,486.92
ORD006225,CUST00677,2023-08-07,2023-08-12,Standard,667.23
ORD006226,CUST00248,2023-04-29,2023-05-04,Standard,6694.15
ORD006227,CUST00959,2024-11-23,2024-11-25,Express,2387.6
ORD006228,CUST00923,2023-06-28,2023-06-30,Express,59.15
ORD006229,CUST00476,2024-01-24,2024-01-29,Standard,1440.48
ORD006230,CUST00203,2024-11-16,2024-11-18,Express,686.49
ORD006231,CUST00562,2023-02-05,2023-02-10,Standard,51.78
ORD006232,CUST00278,2023-12-13,2023-12-18,Standard,4048.08
ORD006233,CUST00983,2024-04-27,2024-04-27,Same Day,1764.1
ORD006234,CUST01016,2023-01-13,2023-01-15,Express,178.92
ORD006235,CUST00638,2024-08-14,2024-08-19,Standard,2193.0
ORD006236,CUST01174,2024-09-18,2024-09-20,Express,7294.74
ORD006237,CUST00036,2024-03-24,2024-03-29,Standard,1266.33
ORD006238,CUST00810,2023-05-28,2023-06-02,Standard,2076.06
ORD006239,CUST01081,2023-02-06,2023-02-11,Standard,3303.35
ORD006240,CUST00715,2023-01-05,2023-01-10,Standard,4574.4
ORD006241,CUST01164,2024-03-25,2024-03-27,Express,1191.6
ORD006242,CUST01038,2023-10-02,2023-10-07,Standard,1987.47
ORD006243,CUST00676,2024-11-18,2024-11-20,Express,881.38
ORD006244,CUST00430,2024-01-28,2024-02-02,Standard,1828.05
ORD006245,CUST00870,2024-12-20,2024-12-25,Standard,303.03
ORD006246,CUST00897,2024-12-17,2024-12-19,Express,68.4
ORD006247,CUST00976,2024-04-04,2024-04-06,Express,1664.56
ORD006248,CUST01043,2023-11-19,2023-11-24,Standard,1312.16
ORD006249,CUST00018,2023-06-11,2023-06-16,Standard,801.25
ORD006250,CUST00363,2024-01-26,2024-01-31,Standard,1636.98
ORD006251,CUST00157,2024-06-15,2024-06-17,Express,2207.96
ORD006252,CUST00122,2024-12-19,2024-12-21,Express,253.72
ORD006253,CUST01042,2023-06-12,2023-06-14,Express,3495.62
ORD006254,CUST00686,2024-07-26,2024-07-31,Standard,29.53
ORD006255,CUST00369,2023-09-27,2023-10-02,Standard,4017.04
ORD006256,CUST00270,2024-11-24,2024-11-29,Standard,3257.37
ORD006257,CUST00618,2024-07-11,2024-07-16,Standard,2139.96
ORD006258,CUST00123,2024-04-30,2024-05-02,Express,1235.04
ORD006259,CUST00707,2023-10-07,2023-10-12,Standard,1619.6
ORD006260,CUST00586,2024-09-13,2024-09-18,Standard,119.17
ORD006261,CUST00164,2023-12-31,2024-01-05,Standard,93.15
ORD006262,CUST00387,2024-12-01,2024-12-06,Standard,2749.3
ORD006263,CUST00700,2023-10-25,2023-10-27,Express,156.49
ORD006264,CUST00818,2024-09-25,2024-09-27,Express,3081.01
ORD006265,CUST00460,2023-04-10,2023-04-12,Express,319.54
ORD006266,CUST00146,2024-11-11,2024-11-16,Standard,2535.96
ORD006267,CUST00637,2024-03-27,2024-04-01,Standard,3662.04
ORD006268,CUST00577,2024-11-07,2024-11-12,Standard,164.3
ORD006269,CUST00127,2023-09-28,2023-10-03,Standard,6586.65
ORD006270,CUST00623,2024-03-16,2024-03-21,Standard,4812.66
ORD006271,CUST00102,2023-05-07,2023-05-12,Standard,722.8
ORD006272,CUST00537,2023-11-18,2023-11-23,Standard,891.66
ORD006273,CUST00006,2024-03-01,2024-03-03,Express,4728.81
ORD006274,CUST00867,2023-04-27,2023-04-29,Express,1129.52
ORD006275,CUST00244,2023-12-25,2023-12-30,Standard,623.66
ORD006276,CUST00501,2023-12-08,2023-12-13,Standard,1217.75
ORD006277,CUST01099,2023-04-10,2023-04-15,Standard,751.55
ORD006278,CUST01135,2023-05-28,2023-06-02,Standard,2913.67
ORD006279,CUST00159,2023-03-30,2023-04-04,Standard,5734.11
ORD006280,CUST00713,2023-10-25,2023-10-30,Standard,187.45
ORD006281,CUST00485,2023-12-04,2023-12-09,Standard,164.3
ORD006282,CUST01110,2024-04-20,2024-04-22,Express,450.0
ORD006283,CUST00221,2024-01-28,2024-01-30,Express,230.63
ORD006284,CUST00070,2024-12-23,2024-12-28,Standard,1134.34
ORD006285,CUST00439,2023-11-04,2023-11-09,Standard,647.82
ORD006286,CUST00644,2023-07-30,2023-08-01,Express,1096.21
ORD006287,CUST00181,2024-10-24,2024-10-26,Express,1454.98
ORD006288,CUST00293,2023-01-08,2023-01-13,Standard,307.52
ORD006289,CUST00850,2024-03-20,2024-03-25,Standard,314.1
ORD006290,CUST00589,2023-07-10,2023-07-12,Express,2994.86
ORD006291,CUST00105,2023-11-20,2023-11-25,Standard,1587.37
ORD006292,CUST00755,2024-06-08,2024-06-13,Standard,95.53
ORD006293,CUST01173,2024-10-04,2024-10-09,Standard,273.62
ORD006294,CUST00931,2024-11-06,2024-11-11,Standard,227.01
ORD006295,CUST00171,2024-06-18,2024-06-23,Standard,4437.34
ORD006296,CUST00574,2024-09-15,2024-09-20,Standard,85.5
ORD006297,CUST00130,2023-11-08,2023-11-13,Standard,1679.39
ORD006298,CUST00630,2023-01-15,2023-01-17,Express,646.16
ORD006299,CUST00364,2024-11-06,2024-11-11,Standard,5130.52
ORD006300,CUST00837,2023-12-31,2024-01-05,Standard,411.56
ORD006301,CUST00780,2023-10-09,2023-10-14,Standard,4191.57
ORD006302,CUST00591,2024-02-06,2024-02-11,Standard,4087.65
ORD006303,CUST00593,2024-09-02,2024-09-07,Standard,375.05
ORD006304,CUST00519,2024-11-04,2024-11-09,Standard,1667.61
ORD006305,CUST00202,2023-12-01,2023-12-01,Same Day,5624.74
ORD006306,CUST00564,2023-11-13,2023-11-18,Standard,4533.11
ORD006307,CUST00286,2023-03-08,2023-03-13,Standard,3367.5
ORD006308,CUST00255,2023-07-17,2023-07-22,Standard,222.75
ORD006309,CUST00037,2024-02-07,2024-02-12,Standard,7274.65
ORD006310,CUST00603,2024-05-27,2024-05-29,Express,473.44
ORD006311,CUST00266,2024-03-02,2024-03-04,Express,661.76
ORD006312,CUST00277,2024-04-03,2024-04-08,Standard,2119.27
ORD006313,CUST00701,2024-07-31,2024-07-31,Same Day,3558.42
ORD006314,CUST00961,2023-05-23,2023-05-25,Express,2772.97
ORD006315,CUST00375,2024-07-25,2024-07-27,Express,2254.65
ORD006316,CUST00585,2023-02-03,2023-02-05,Express,1265.21
ORD006317,CUST00867,2024-01-23,2024-01-25,Express,262.99
ORD006318,CUST00275,2023-11-05,2023-11-05,Same Day,605.16
ORD006319,CUST00371,2024-08-06,2024-08-11,Standard,856.74
ORD006320,CUST00421,2023-09-10,2023-09-15,Standard,2424.44
ORD006321,CUST00532,2023-04-28,2023-05-03,Standard,2106.94
ORD006322,CUST00078,2023-04-01,2023-04-03,Express,765.19
ORD006323,CUST01185,2023-12-23,2023-12-25,Express,1681.12
ORD006324,CUST00309,2023-07-17,2023-07-19,Express,144.9
ORD006325,CUST00524,2023-12-29,2023-12-31,Express,2124.04
ORD006326,CUST00820,2023-01-26,2023-01-31,Standard,483.63
ORD006327,CUST00243,2024-10-22,2024-10-27,Standard,604.01
ORD006328,CUST00202,2024-07-31,2024-08-05,Standard,1604.05
ORD006329,CUST00179,2023-12-15,2023-12-20,Standard,648.87
ORD006330,CUST00890,2023-01-18,2023-01-23,Standard,87.97
ORD006331,CUST00904,2024-04-12,2024-04-17,Standard,2771.98
ORD006332,CUST00779,2023-02-06,2023-02-11,Standard,850.87
ORD006333,CUST00760,2023-05-02,2023-05-04,Express,428.56
ORD006334,CUST00056,2024-08-10,2024-08-15,Standard,7919.26
ORD006335,CUST00661,2024-07-24,2024-07-26,Express,5144.56
ORD006336,CUST01060,2024-11-17,2024-11-22,Standard,435.31
ORD006337,CUST01182,2023-02-03,2023-02-08,Standard,108.09
ORD006338,CUST00992,2023-12-18,2023-12-23,Standard,2884.88
ORD006339,CUST00930,2024-07-02,2024-07-07,Standard,1549.0
ORD006340,CUST00917,2023-09-20,2023-09-25,Standard,1059.79
ORD006341,CUST00832,2023-05-01,2023-05-06,Standard,3881.05
ORD006342,CUST00272,2024-01-14,2024-01-14,Same Day,54.4
ORD006343,CUST00072,2024-04-17,2024-04-22,Standard,1266.33
ORD006344,CUST00069,2024-12-15,2024-12-20,Standard,138.11
ORD006345,CUST00907,2023-09-30,2023-10-05,Standard,315.31
ORD006346,CUST00052,2024-08-13,2024-08-15,Express,189.05
ORD006347,CUST00424,2023-08-24,2023-08-29,Standard,751.34
ORD006348,CUST00183,2024-11-20,2024-11-22,Express,233.95
ORD006349,CUST01151,2024-07-14,2024-07-19,Standard,2443.08
ORD006350,CUST01193,2023-08-16,2023-08-18,Express,882.98
ORD006351,CUST01185,2023-03-31,2023-04-05,Standard,1665.52
ORD006352,CUST01197,2023-12-08,2023-12-13,Standard,1485.05
ORD006353,CUST00292,2024-11-30,2024-12-05,Standard,1914.51
ORD006354,CUST00009,2023-08-05,2023-08-10,Standard,245.13
ORD006355,CUST00426,2023-05-04,2023-05-09,Standard,124.64
ORD006356,CUST00206,2023-07-14,2023-07-19,Standard,424.81
ORD006357,CUST00904,2024-12-08,2024-12-10,Express,2016.54
ORD006358,CUST00205,2024-03-03,2024-03-08,Standard,4453.71
ORD006359,CUST00797,2023-01-11,2023-01-13,Express,472.79
ORD006360,CUST00934,2023-07-03,2023-07-03,Same Day,1792.44
ORD006361,CUST00136,2024-09-28,2024-10-03,Standard,4565.71
ORD006362,CUST00279,2023-01-29,2023-01-31,Express,1099.58
ORD006363,CUST00991,2023-05-20,2023-05-20,Same Day,264.74
ORD006364,CUST01118,2023-03-09,2023-03-09,Same Day,1290.15
ORD006365,CUST00023,2024-09-29,2024-10-04,Standard,5527.44
ORD006366,CUST00492,2023-10-31,2023-11-05,Standard,2563.72
ORD006367,CUST01011,2024-12-13,2024-12-18,Standard,5679.27
ORD006368,CUST01155,2023-02-07,2023-02-09,Express,216.26
ORD006369,CUST00906,2023-06-09,2023-06-14,Standard,6716.17
ORD006370,CUST00645,2024-11-26,2024-11-28,Express,225.45
ORD006371,CUST01068,2023-11-12,2023-11-17,Standard,1274.8
ORD006372,CUST00827,2023-02-22,2023-02-27,Standard,147.02
ORD006373,CUST00673,2023-10-31,2023-11-05,Standard,224.66
ORD006374,CUST00576,2023-10-15,2023-10-20,Standard,734.88
ORD006375,CUST00307,2023-06-21,2023-06-23,Express,1289.65
ORD006376,CUST00263,2024-06-25,2024-06-27,Express,152.01
ORD006377,CUST00410,2023-11-23,2023-11-28,Standard,1028.47
ORD006378,CUST01030,2024-06-26,2024-06-28,Express,1133.86
ORD006379,CUST00129,2023-07-18,2023-07-20,Express,403.98
ORD006380,CUST01054,2023-05-10,2023-05-15,Standard,65.99
ORD006381,CUST00432,2024-07-24,2024-07-26,Express,615.99
ORD006382,CUST00848,2024-07-25,2024-07-30,Standard,1837.2
ORD006383,CUST01023,2024-04-10,2024-04-15,Standard,158.2
ORD006384,CUST01112,2024-11-06,2024-11-08,Express,3107.19
ORD006385,CUST00876,2023-09-18,2023-09-20,Express,57.53
ORD006386,CUST00010,2024-01-09,2024-01-11,Express,841.79
ORD006387,CUST01096,2024-12-30,2024-12-30,Same Day,257.58
ORD006388,CUST00039,2024-09-21,2024-09-21,Same Day,1396.87
ORD006389,CUST00423,2023-12-14,2023-12-19,Standard,2751.79
ORD006390,CUST00427,2023-07-16,2023-07-21,Standard,1332.98
ORD006391,CUST00560,2023-10-14,2023-10-16,Express,251.2
ORD006392,CUST01038,2023-01-09,2023-01-11,Express,3061.26
ORD006393,CUST00209,2023-11-07,2023-11-12,Standard,2848.68
ORD006394,CUST00623,2023-06-06,2023-06-08,Express,1438.31
ORD006395,CUST01170,2024-11-17,2024-11-22,Standard,6470.38
ORD006396,CUST00125,2023-06-26,2023-07-01,Standard,348.82
ORD006397,CUST00817,2023-08-15,2023-08-20,Standard,2398.95
ORD006398,CUST00041,2023-09-02,2023-09-04,Express,342.85
ORD006399,CUST00182,2023-05-09,2023-05-14,Standard,335.12
ORD006400,CUST00351,2024-05-07,2024-05-12,Standard,198.86
ORD006401,CUST01017,2023-03-19,2023-03-24,Standard,2004.49
ORD006402,CUST01145,2024-01-07,2024-01-09,Express,17.03
ORD006403,CUST00292,2024-01-18,2024-01-23,Standard,5928.97
ORD006404,CUST00762,2023-09-29,2023-10-01,Express,232.58
ORD006405,CUST00551,2024-10-02,2024-10-07,Standard,3812.13
ORD006406,CUST00234,2024-09-26,2024-10-01,Standard,2105.55
ORD006407,CUST00074,2024-08-02,2024-08-07,Standard,513.33
ORD006408,CUST01086,2023-06-08,2023-06-13,Standard,993.62
ORD006409,CUST01157,2024-12-14,2024-12-19,Standard,660.68
ORD006410,CUST01181,2023-10-17,2023-10-22,Standard,706.64
ORD006411,CUST01027,2024-07-02,2024-07-04,Express,2902.9
ORD006412,CUST00223,2023-04-09,2023-04-11,Express,785.25
ORD006413,CUST01146,2024-08-11,2024-08-13,Express,5432.31
ORD006414,CUST00556,2024-12-23,2024-12-25,Express,398.0
ORD006415,CUST00042,2023-12-25,2023-12-27,Express,2150.2
ORD006416,CUST00907,2023-02-02,2023-02-07,Standard,136.8
ORD006417,CUST00357,2023-05-07,2023-05-12,Standard,1415.95
ORD006418,CUST00631,2023-05-04,2023-05-09,Standard,4190.61
ORD006419,CUST00547,2024-11-04,2024-11-09,Standard,328.74
ORD006420,CUST00027,2023-02-15,2023-02-17,Express,785.16
ORD006421,CUST00519,2024-08-20,2024-08-22,Express,431.4
ORD006422,CUST00304,2023-11-22,2023-11-27,Standard,561.2
ORD006423,CUST01018,2024-01-30,2024-02-01,Express,138.31
ORD006424,CUST00477,2023-10-07,2023-10-12,Standard,743.57
ORD006425,CUST00305,2023-05-21,2023-05-23,Express,2655.05
ORD006426,CUST00495,2024-05-17,2024-05-22,Standard,928.27
ORD006427,CUST00877,2024-01-26,2024-01-31,Standard,3730.44
ORD006428,CUST00197,2024-04-23,2024-04-28,Standard,174.72
ORD006429,CUST00679,2024-11-27,2024-12-02,Standard,3316.18
ORD006430,CUST00495,2024-07-09,2024-07-14,Standard,5819.72
ORD006431,CUST00538,2023-08-26,2023-08-28,Express,161.84
ORD006432,CUST00956,2023-08-17,2023-08-22,Standard,353.75
ORD006433,CUST00583,2023-03-10,2023-03-15,Standard,57.27
ORD006434,CUST01177,2023-11-18,2023-11-20,Express,39.12
ORD006435,CUST00653,2023-06-14,2023-06-16,Express,4621.44
ORD006436,CUST00651,2023-05-11,2023-05-11,Same Day,3300.12
ORD006437,CUST00219,2024-12-25,2024-12-27,Express,667.46
ORD006438,CUST00173,2024-02-09,2024-02-11,Express,89.87
ORD006439,CUST00968,2024-07-30,2024-08-04,Standard,998.32
ORD006440,CUST00552,2023-06-23,2023-06-28,Standard,4332.39
ORD006441,CUST00630,2023-07-19,2023-07-19,Same Day,2743.85
ORD006442,CUST01113,2023-12-30,2024-01-04,Standard,3569.48
ORD006443,CUST01152,2023-11-21,2023-11-26,Standard,585.02
ORD006444,CUST00125,2024-03-23,2024-03-28,Standard,422.25
ORD006445,CUST00615,2024-12-03,2024-12-05,Express,3867.87
ORD006446,CUST00573,2023-09-08,2023-09-13,Standard,2106.16
ORD006447,CUST00486,2023-07-14,2023-07-19,Standard,853.82
ORD006448,CUST00571,2024-07-29,2024-08-03,Standard,1360.56
ORD006449,CUST00355,2024-07-09,2024-07-11,Express,97.44
ORD006450,CUST00548,2023-03-22,2023-03-27,Standard,4907.15
ORD006451,CUST00130,2023-11-07,2023-11-12,Standard,578.29
ORD006452,CUST01036,2024-07-16,2024-07-21,Standard,842.54
ORD006453,CUST00884,2024-05-04,2024-05-06,Express,1396.87
ORD006454,CUST00767,2024-12-28,2024-12-28,Same Day,3562.32
ORD006455,CUST00290,2023-06-08,2023-06-13,Standard,1161.13
ORD006456,CUST00905,2024-05-25,2024-05-27,Express,1308.89
ORD006457,CUST00128,2023-11-16,2023-11-21,Standard,1462.44
ORD006458,CUST00967,2023-04-16,2023-04-18,Express,4281.61
ORD006459,CUST00923,2024-01-01,2024-01-06,Standard,309.17
ORD006460,CUST00254,2023-02-24,2023-03-01,Standard,2941.34
ORD006461,CUST00764,2024-11-18,2024-11-20,Express,2644.58
ORD006462,CUST00581,2024-08-16,2024-08-21,Standard,506.43
ORD006463,CUST00030,2023-06-12,2023-06-17,Standard,224.66
ORD006464,CUST00958,2024-12-21,2024-12-26,Standard,2465.12
ORD006465,CUST00598,2024-02-16,2024-02-16,Same Day,2530.47
ORD006466,CUST00511,2024-08-02,2024-08-04,Express,241.35
ORD006467,CUST00500,2024-01-11,2024-01-13,Express,383.24
ORD006468,CUST00363,2024-12-12,2024-12-14,Express,1341.71
ORD006469,CUST00233,2023-06-02,2023-06-07,Standard,270.11
ORD006470,CUST00027,2024-12-17,2024-12-22,Standard,1010.27
ORD006471,CUST00038,2024-11-20,2024-11-25,Standard,254.56
ORD006472,CUST00376,2024-09-24,2024-09-29,Standard,3417.53
ORD006473,CUST00194,2024-10-21,2024-10-23,Express,295.9
ORD006474,CUST01064,2023-11-01,2023-11-06,Standard,4015.67
ORD006475,CUST00064,2023-07-08,2023-07-13,Standard,1080.19
ORD006476,CUST00108,2023-02-08,2023-02-08,Same Day,1365.52
ORD006477,CUST00876,2023-01-27,2023-01-27,Same Day,2006.9
ORD006478,CUST00607,2023-06-10,2023-06-15,Standard,110.53
ORD006479,CUST01127,2024-11-05,2024-11-10,Standard,2703.32
ORD006480,CUST00098,2023-06-24,2023-06-29,Standard,149.84
ORD006481,CUST00904,2023-07-05,2023-07-07,Express,213.43
ORD006482,CUST01056,2024-08-31,2024-09-02,Express,389.64
ORD006483,CUST00843,2024-02-10,2024-02-12,Express,3949.83
ORD006484,CUST00482,2023-07-07,2023-07-09,Express,5180.12
ORD006485,CUST00507,2024-07-26,2024-07-31,Standard,484.41
ORD006486,CUST00190,2023-08-05,2023-08-05,Same Day,2938.85
ORD006487,CUST00905,2024-08-08,2024-08-10,Express,56.72
ORD006488,CUST00320,2023-11-24,2023-11-26,Express,139.86
ORD006489,CUST00247,2023-09-09,2023-09-11,Express,1615.75
ORD006490,CUST01047,2023-08-21,2023-08-23,Express,68.0
ORD006491,CUST00363,2023-03-29,2023-04-03,Standard,277.07
ORD006492,CUST00882,2023-05-12,2023-05-17,Standard,6212.22
ORD006493,CUST00095,2023-08-11,2023-08-16,Standard,134.71
ORD006494,CUST00255,2023-08-02,2023-08-04,Express,1515.2
ORD006495,CUST00464,2024-08-14,2024-08-16,Express,187.12
ORD006496,CUST00180,2023-08-27,2023-09-01,Standard,1817.15
ORD006497,CUST00199,2024-12-15,2024-12-20,Standard,1699.26
ORD006498,CUST00742,2023-07-18,2023-07-20,Express,4252.15
ORD006499,CUST00506,2024-05-15,2024-05-20,Standard,1183.25
ORD006500,CUST01079,2024-09-15,2024-09-20,Standard,328.0
ORD006501,CUST00091,2024-04-15,2024-04-20,Standard,1064.45
ORD006502,CUST00382,2024-07-14,2024-07-16,Express,4288.15
ORD006503,CUST01149,2023-05-17,2023-05-22,Standard,2497.5
ORD006504,CUST01181,2023-11-30,2023-12-05,Standard,822.73
ORD006505,CUST01166,2023-02-11,2023-02-16,Standard,72.48
ORD006506,CUST00680,2023-06-06,2023-06-11,Standard,1360.56
ORD006507,CUST00136,2024-01-07,2024-01-12,Standard,5930.7
ORD006508,CUST00626,2024-07-27,2024-07-29,Express,2010.83
ORD006509,CUST00074,2024-12-03,2024-12-05,Express,2572.92
ORD006510,CUST00512,2024-02-29,2024-03-05,Standard,579.06
ORD006511,CUST00058,2023-11-18,2023-11-20,Express,162.45
ORD006512,CUST00971,2024-06-06,2024-06-11,Standard,57.04
ORD006513,CUST00294,2023-02-04,2023-02-06,Express,261.6
ORD006514,CUST00724,2023-06-23,2023-06-25,Express,202.02
ORD006515,CUST00183,2024-07-21,2024-07-26,Standard,2350.43
ORD006516,CUST00590,2023-09-04,2023-09-06,Express,2824.42
ORD006517,CUST00180,2023-01-04,2023-01-09,Standard,650.36
ORD006518,CUST00267,2023-01-13,2023-01-15,Express,619.23
ORD006519,CUST00345,2024-09-30,2024-10-05,Standard,1758.27
ORD006520,CUST00593,2023-07-08,2023-07-13,Standard,899.65
ORD006521,CUST00984,2024-05-26,2024-05-28,Express,747.12
ORD006522,CUST00145,2024-11-28,2024-11-30,Express,1799.04
ORD006523,CUST01143,2023-02-17,2023-02-22,Standard,2198.64
ORD006524,CUST01170,2024-06-14,2024-06-16,Express,893.7
ORD006525,CUST00029,2024-05-26,2024-05-28,Express,81.97
ORD006526,CUST00915,2023-07-10,2023-07-15,Standard,1297.34
ORD006527,CUST00704,2024-09-16,2024-09-21,Standard,278.6
ORD006528,CUST00862,2024-06-11,2024-06-13,Express,1450.53
ORD006529,CUST00015,2024-09-29,2024-10-04,Standard,661.31
ORD006530,CUST00205,2023-09-18,2023-09-23,Standard,409.34
ORD006531,CUST00370,2024-01-15,2024-01-20,Standard,1615.0
ORD006532,CUST00643,2023-02-07,2023-02-12,Standard,311.31
ORD006533,CUST00804,2024-12-11,2024-12-16,Standard,4180.15
ORD006534,CUST00843,2024-04-29,2024-05-04,Standard,722.93
ORD006535,CUST00292,2023-02-28,2023-03-05,Standard,1012.88
ORD006536,CUST00533,2023-02-23,2023-02-25,Express,624.19
ORD006537,CUST00978,2023-02-03,2023-02-08,Standard,326.15
ORD006538,CUST00485,2024-10-31,2024-11-05,Standard,2334.92
ORD006539,CUST00163,2024-02-08,2024-02-13,Standard,483.37
ORD006540,CUST00114,2023-09-07,2023-09-12,Standard,5839.33
ORD006541,CUST00046,2023-06-03,2023-06-05,Express,764.7
ORD006542,CUST00595,2023-02-13,2023-02-15,Express,1014.16
ORD006543,CUST00772,2023-05-10,2023-05-12,Express,7826.99
ORD006544,CUST00757,2023-11-19,2023-11-24,Standard,1964.63
ORD006545,CUST00594,2024-10-16,2024-10-21,Standard,1999.47
ORD006546,CUST00979,2024-05-29,2024-06-03,Standard,5075.61
ORD006547,CUST00855,2024-10-25,2024-10-27,Express,393.69
ORD006548,CUST01167,2024-07-24,2024-07-29,Standard,816.7
ORD006549,CUST00836,2023-03-25,2023-03-30,Standard,777.04
ORD006550,CUST00913,2023-07-06,2023-07-08,Express,2320.2
ORD006551,CUST01062,2024-12-12,2024-12-14,Express,81.5
ORD006552,CUST00673,2024-03-20,2024-03-25,Standard,378.35
ORD006553,CUST01039,2023-12-30,2024-01-01,Express,2455.02
ORD006554,CUST00192,2024-09-17,2024-09-22,Standard,1221.04
ORD006555,CUST01014,2024-02-03,2024-02-05,Express,653.99
ORD006556,CUST01036,2024-05-29,2024-05-31,Express,567.15
ORD006557,CUST00542,2024-03-13,2024-03-18,Standard,286.07
ORD006558,CUST00014,2023-03-01,2023-03-03,Express,549.84
ORD006559,CUST00507,2023-02-02,2023-02-07,Standard,480.7
ORD006560,CUST00334,2024-02-19,2024-02-24,Standard,1452.69
ORD006561,CUST01191,2024-04-15,2024-04-17,Express,272.41
ORD006562,CUST00507,2024-05-08,2024-05-13,Standard,73.51
ORD006563,CUST01018,2023-04-03,2023-04-05,Express,1133.86
ORD006564,CUST00373,2023-11-13,2023-11-18,Standard,664.09
ORD006565,CUST00926,2023-02-28,2023-03-05,Standard,121.8
ORD006566,CUST01198,2023-11-07,2023-11-12,Standard,995.0
ORD006567,CUST01178,2023-01-27,2023-01-29,Express,151.34
ORD006568,CUST00488,2023-11-18,2023-11-23,Standard,4008.72
ORD006569,CUST01184,2023-05-10,2023-05-12,Express,3087.47
ORD006570,CUST00267,2024-05-31,2024-05-31,Same Day,3598.08
ORD006571,CUST00164,2024-11-12,2024-11-14,Express,850.53
ORD006572,CUST01134,2023-12-08,2023-12-13,Standard,1583.24
ORD006573,CUST00638,2023-11-25,2023-11-27,Express,6183.45
ORD006574,CUST01193,2024-04-10,2024-04-15,Standard,299.12
ORD006575,CUST00940,2024-04-04,2024-04-09,Standard,2760.81
ORD006576,CUST00589,2024-07-14,2024-07-19,Standard,3993.27
ORD006577,CUST00811,2023-07-13,2023-07-15,Express,7449.49
ORD006578,CUST00879,2023-12-10,2023-12-12,Express,130.46
ORD006579,CUST00411,2023-07-06,2023-07-06,Same Day,2242.29
ORD006580,CUST00352,2023-03-16,2023-03-18,Express,4358.55
ORD006581,CUST00679,2024-04-25,2024-04-27,Express,796.0
ORD006582,CUST00290,2024-04-04,2024-04-09,Standard,49.83
ORD006583,CUST00203,2023-02-25,2023-02-27,Express,719.62
ORD006584,CUST00315,2024-02-15,2024-02-17,Express,2672.61
ORD006585,CUST00033,2023-04-25,2023-04-30,Standard,1117.65
ORD006586,CUST00644,2023-07-17,2023-07-22,Standard,292.88
ORD006587,CUST00838,2024-06-14,2024-06-19,Standard,718.97
ORD006588,CUST00059,2024-04-20,2024-04-25,Standard,124.32
ORD006589,CUST00770,2024-11-02,2024-11-07,Standard,667.65
ORD006590,CUST00798,2024-03-29,2024-03-31,Express,458.95
ORD006591,CUST00600,2023-07-21,2023-07-26,Standard,3961.2
ORD006592,CUST00470,2023-12-09,2023-12-09,Same Day,443.25
ORD006593,CUST00755,2024-08-28,2024-09-02,Standard,62.43
ORD006594,CUST00039,2024-06-02,2024-06-07,Standard,42.7
ORD006595,CUST00548,2024-08-04,2024-08-06,Express,184.72
ORD006596,CUST00036,2023-11-01,2023-11-06,Standard,646.43
ORD006597,CUST01041,2024-07-30,2024-08-04,Standard,535.7
ORD006598,CUST00583,2024-08-08,2024-08-13,Standard,3466.2
ORD006599,CUST00337,2024-12-20,2024-12-25,Standard,724.87
ORD006600,CUST01009,2023-07-27,2023-08-01,Standard,118.42
ORD006601,CUST00342,2023-01-30,2023-02-04,Standard,725.21
ORD006602,CUST00385,2024-12-04,2024-12-04,Same Day,1042.02
ORD006603,CUST00068,2023-12-09,2023-12-14,Standard,202.28
ORD006604,CUST00813,2024-02-16,2024-02-16,Same Day,1766.23
ORD006605,CUST01165,2023-10-20,2023-10-25,Standard,428.7
ORD006606,CUST00375,2024-08-13,2024-08-15,Express,3033.14
ORD006607,CUST01175,2023-12-27,2024-01-01,Standard,55.06
ORD006608,CUST00731,2024-02-26,2024-03-02,Standard,1723.13
ORD006609,CUST00728,2023-05-16,2023-05-21,Standard,709.84
ORD006610,CUST00504,2024-12-22,2024-12-27,Standard,316.55
ORD006611,CUST00556,2024-12-20,2024-12-25,Standard,2434.92
ORD006612,CUST01028,2024-07-26,2024-07-28,Express,234.47
ORD006613,CUST00538,2023-09-26,2023-10-01,Standard,560.72
ORD006614,CUST01027,2024-10-17,2024-10-17,Same Day,2200.08
ORD006615,CUST00957,2023-09-12,2023-09-17,Standard,897.76
ORD006616,CUST01140,2024-12-04,2024-12-09,Standard,6351.7
ORD006617,CUST00929,2024-05-31,2024-05-31,Same Day,987.45
ORD006618,CUST01020,2024-07-26,2024-07-31,Standard,327.84
ORD006619,CUST00950,2023-05-23,2023-05-28,Standard,1513.53
ORD006620,CUST00763,2024-05-21,2024-05-26,Standard,330.88
ORD006621,CUST01119,2024-11-18,2024-11-23,Standard,4733.37
ORD006622,CUST00856,2023-02-08,2023-02-13,Standard,2526.88
ORD006623,CUST00313,2023-09-18,2023-09-23,Standard,7984.17
ORD006624,CUST00241,2023-12-07,2023-12-09,Express,4357.52
ORD006625,CUST00694,2023-09-05,2023-09-10,Standard,2150.2
ORD006626,CUST00511,2024-12-18,2024-12-23,Standard,1106.1
ORD006627,CUST00375,2024-11-10,2024-11-15,Standard,286.6
ORD006628,CUST00472,2024-08-18,2024-08-23,Standard,208.06
ORD006629,CUST00276,2023-10-18,2023-10-18,Same Day,892.08
ORD006630,CUST01050,2024-10-09,2024-10-11,Express,196.8
ORD006631,CUST00481,2024-12-19,2024-12-21,Express,262.99
ORD006632,CUST00890,2023-09-05,2023-09-10,Standard,561.89
ORD006633,CUST00233,2023-11-05,2023-11-10,Standard,167.56
ORD006634,CUST00088,2023-12-20,2023-12-25,Standard,65.77
ORD006635,CUST00983,2024-09-08,2024-09-13,Standard,51.48
ORD006636,CUST00097,2024-12-29,2025-01-03,Standard,552.44
ORD006637,CUST00542,2024-07-23,2024-07-28,Standard,167.4
ORD006638,CUST01095,2024-11-06,2024-11-08,Express,149.84
ORD006639,CUST00517,2024-05-23,2024-05-25,Express,2736.37
ORD006640,CUST00973,2023-12-26,2023-12-31,Standard,126.29
ORD006641,CUST00023,2024-03-31,2024-04-02,Express,223.04
ORD006642,CUST00607,2023-10-14,2023-10-19,Standard,4271.86
ORD006643,CUST00757,2023-11-04,2023-11-09,Standard,1414.34
ORD006644,CUST00837,2024-07-19,2024-07-24,Standard,3075.64
ORD006645,CUST00148,2023-05-03,2023-05-08,Standard,3970.24
ORD006646,CUST01176,2024-04-07,2024-04-12,Standard,3474.5
ORD006647,CUST00819,2024-12-27,2024-12-27,Same Day,940.24
ORD006648,CUST00606,2024-11-26,2024-12-01,Standard,105.87
ORD006649,CUST00456,2024-01-19,2024-01-24,Standard,733.84
ORD006650,CUST00544,2023-07-03,2023-07-05,Express,1175.02
ORD006651,CUST00762,2023-05-10,2023-05-15,Standard,328.74
ORD006652,CUST00663,2023-04-28,2023-04-30,Express,1717.95
ORD006653,CUST00175,2024-06-10,2024-06-15,Standard,329.94
ORD006654,CUST01095,2024-12-24,2024-12-24,Same Day,4102.96
ORD006655,CUST01065,2023-08-24,2023-08-26,Express,698.23
ORD006656,CUST00332,2023-06-23,2023-06-25,Express,746.2
ORD006657,CUST00973,2024-07-19,2024-07-24,Standard,109.62
ORD006658,CUST00353,2024-03-16,2024-03-21,Standard,4181.2
ORD006659,CUST00548,2024-02-04,2024-02-09,Standard,3695.18
ORD006660,CUST00936,2024-02-01,2024-02-03,Express,1816.06
ORD006661,CUST00302,2023-04-03,2023-04-08,Standard,1199.91
ORD006662,CUST00770,2024-07-21,2024-07-26,Standard,869.01
ORD006663,CUST00603,2024-04-19,2024-04-24,Standard,788.48
ORD006664,CUST00182,2023-06-14,2023-06-19,Standard,66.16
ORD006665,CUST00961,2023-10-08,2023-10-13,Standard,708.94
ORD006666,CUST00211,2024-05-23,2024-05-28,Standard,2545.8
ORD006667,CUST00375,2024-04-03,2024-04-08,Standard,434.35
ORD006668,CUST00686,2024-06-01,2024-06-01,Same Day,245.88
ORD006669,CUST00603,2023-11-22,2023-11-27,Standard,2722.94
ORD006670,CUST01200,2023-01-18,2023-01-20,Express,118.42
ORD006671,CUST00597,2024-03-30,2024-04-04,Standard,3816.82
ORD006672,CUST00585,2024-11-08,2024-11-13,Standard,1178.23
ORD006673,CUST00301,2024-11-22,2024-11-27,Standard,3259.39
ORD006674,CUST01188,2023-11-15,2023-11-17,Express,884.84
ORD006675,CUST00496,2024-12-10,2024-12-15,Standard,1027.43
ORD006676,CUST00296,2023-07-08,2023-07-08,Same Day,214.28
ORD006677,CUST00561,2023-07-05,2023-07-10,Standard,116.64
ORD006678,CUST01169,2024-08-05,2024-08-07,Express,5281.8
ORD006679,CUST01066,2023-09-14,2023-09-19,Standard,740.02
ORD006680,CUST00939,2023-02-23,2023-02-28,Standard,6095.69
ORD006681,CUST00834,2023-11-23,2023-11-28,Standard,845.89
ORD006682,CUST00640,2024-11-04,2024-11-09,Standard,789.42
ORD006683,CUST00722,2024-10-23,2024-10-28,Standard,1208.16
ORD006684,CUST01081,2023-07-16,2023-07-21,Standard,750.6
ORD006685,CUST00626,2024-07-21,2024-07-26,Standard,183.05
ORD006686,CUST00253,2023-05-04,2023-05-09,Standard,1703.8
ORD006687,CUST00759,2023-02-28,2023-03-05,Standard,3098.18
ORD006688,CUST00305,2024-11-12,2024-11-14,Express,10558.33
ORD006689,CUST01161,2024-09-17,2024-09-22,Standard,1362.55
ORD006690,CUST00729,2024-09-04,2024-09-09,Standard,1671.66
ORD006691,CUST01164,2023-10-01,2023-10-06,Standard,418.61
ORD006692,CUST01127,2023-07-30,2023-08-04,Standard,296.01
ORD006693,CUST00929,2024-10-17,2024-10-22,Standard,674.03
ORD006694,CUST01133,2024-11-15,2024-11-20,Standard,1557.25
ORD006695,CUST00356,2023-10-24,2023-10-24,Same Day,819.95
ORD006696,CUST00629,2023-03-18,2023-03-20,Express,1531.36
ORD006697,CUST00302,2023-09-29,2023-10-04,Standard,792.96
ORD006698,CUST00642,2024-12-22,2024-12-27,Standard,573.63
ORD006699,CUST00806,2024-09-03,2024-09-08,Standard,331.46
ORD006700,CUST00979,2024-11-06,2024-11-11,Standard,192.85
ORD006701,CUST01122,2023-04-11,2023-04-16,Standard,4375.41
ORD006702,CUST01006,2024-11-18,2024-11-20,Express,933.02
ORD006703,CUST01088,2024-08-28,2024-08-30,Express,145.35
ORD006704,CUST00886,2023-05-21,2023-05-23,Express,222.26
ORD006705,CUST00989,2023-03-25,2023-03-30,Standard,559.65
ORD006706,CUST00136,2024-12-15,2024-12-15,Same Day,5760.36
ORD006707,CUST00603,2024-05-20,2024-05-22,Express,57.96
ORD006708,CUST01008,2023-07-23,2023-07-28,Standard,709.05
ORD006709,CUST00556,2024-03-24,2024-03-29,Standard,1143.91
ORD006710,CUST00245,2024-07-24,2024-07-29,Standard,823.61
ORD006711,CUST00911,2023-01-30,2023-02-04,Standard,945.95
ORD006712,CUST01175,2023-11-06,2023-11-11,Standard,1235.04
ORD006713,CUST00339,2024-07-06,2024-07-06,Same Day,802.02
ORD006714,CUST01025,2023-09-09,2023-09-14,Standard,2699.68
ORD006715,CUST00596,2024-07-31,2024-08-02,Express,163.92
ORD006716,CUST00724,2023-06-13,2023-06-18,Standard,246.96
ORD006717,CUST01045,2023-09-17,2023-09-22,Standard,7220.65
ORD006718,CUST00321,2024-01-03,2024-01-05,Express,192.85
ORD006719,CUST00854,2024-02-03,2024-02-08,Standard,81.5
ORD006720,CUST00140,2023-07-24,2023-07-29,Standard,66.59
ORD006721,CUST01070,2024-07-02,2024-07-07,Standard,6985.71
ORD006722,CUST00356,2023-11-23,2023-11-28,Standard,547.87
ORD006723,CUST01179,2023-11-12,2023-11-14,Express,982.08
ORD006724,CUST00501,2023-06-11,2023-06-16,Standard,1146.82
ORD006725,CUST01164,2024-07-27,2024-08-01,Standard,2617.77
ORD006726,CUST01132,2024-12-11,2024-12-16,Standard,62.16
ORD006727,CUST00182,2023-10-16,2023-10-21,Standard,9669.67
ORD006728,CUST00331,2024-04-12,2024-04-17,Standard,5057.2
ORD006729,CUST00848,2023-02-04,2023-02-09,Standard,1212.16
ORD006730,CUST00357,2024-09-12,2024-09-17,Standard,265.17
ORD006731,CUST00982,2024-12-10,2024-12-15,Standard,359.95
ORD006732,CUST00692,2023-04-07,2023-04-12,Standard,2651.79
ORD006733,CUST00624,2023-03-12,2023-03-14,Express,2339.58
ORD006734,CUST00840,2024-11-08,2024-11-13,Standard,214.0
ORD006735,CUST00651,2023-12-12,2023-12-14,Express,5466.11
ORD006736,CUST00373,2023-04-09,2023-04-14,Standard,1629.5
ORD006737,CUST00902,2024-11-18,2024-11-23,Standard,78.2
ORD006738,CUST00987,2024-05-22,2024-05-24,Express,63.47
ORD006739,CUST00568,2023-04-15,2023-04-20,Standard,1501.77
ORD006740,CUST00062,2024-03-22,2024-03-27,Standard,1117.79
ORD006741,CUST01171,2024-09-20,2024-09-25,Standard,519.88
ORD006742,CUST01153,2023-11-06,2023-11-11,Standard,628.2
ORD006743,CUST00495,2024-07-01,2024-07-03,Express,2279.27
ORD006744,CUST00883,2024-03-01,2024-03-06,Standard,302.68
ORD006745,CUST00283,2024-08-24,2024-08-29,Standard,359.9
ORD006746,CUST00095,2023-12-07,2023-12-07,Same Day,516.06
ORD006747,CUST00879,2024-11-18,2024-11-18,Same Day,1832.97
ORD006748,CUST00651,2024-12-05,2024-12-07,Express,6829.65
ORD006749,CUST00420,2023-05-10,2023-05-10,Same Day,170.93
ORD006750,CUST01149,2023-01-29,2023-02-03,Standard,3231.94
ORD006751,CUST00224,2024-12-25,2024-12-27,Express,100.87
ORD006752,CUST00733,2023-06-21,2023-06-23,Express,726.42
ORD006753,CUST00027,2023-09-14,2023-09-14,Same Day,2006.2
ORD006754,CUST00850,2023-06-24,2023-06-29,Standard,2169.81
ORD006755,CUST00088,2023-10-08,2023-10-13,Standard,3016.03
ORD006756,CUST00066,2023-10-22,2023-10-27,Standard,93.59
ORD006757,CUST00317,2023-02-14,2023-02-14,Same Day,486.64
ORD006758,CUST00497,2023-09-03,2023-09-05,Express,1139.71
ORD006759,CUST00207,2024-11-23,2024-11-25,Express,4103.88
ORD006760,CUST00989,2024-04-01,2024-04-03,Express,401.8
ORD006761,CUST01144,2024-12-31,2025-01-05,Standard,2021.06
ORD006762,CUST00748,2023-05-20,2023-05-22,Express,1383.68
ORD006763,CUST00643,2023-12-21,2023-12-23,Express,60.12
ORD006764,CUST00102,2024-03-20,2024-03-25,Standard,172.5
ORD006765,CUST00001,2024-03-11,2024-03-16,Standard,1828.05
ORD006766,CUST00880,2023-10-04,2023-10-04,Same Day,1677.05
ORD006767,CUST01016,2023-09-24,2023-09-29,Standard,2780.55
ORD006768,CUST00178,2024-02-02,2024-02-07,Standard,1183.6
ORD006769,CUST00695,2023-08-28,2023-09-02,Standard,1857.83
ORD006770,CUST00005,2023-07-17,2023-07-19,Express,973.28
ORD006771,CUST00979,2024-07-23,2024-07-25,Express,7196.2
ORD006772,CUST01085,2024-09-14,2024-09-19,Standard,2970.9
ORD006773,CUST00916,2023-02-27,2023-03-04,Standard,1186.14
ORD006774,CUST00957,2023-01-27,2023-02-01,Standard,479.8
ORD006775,CUST00947,2023-12-24,2023-12-24,Same Day,1827.4
ORD006776,CUST00856,2024-09-02,2024-09-07,Standard,2481.34
ORD006777,CUST00615,2024-09-11,2024-09-16,Standard,2084.84
ORD006778,CUST01095,2023-07-31,2023-08-05,Standard,428.56
ORD006779,CUST00920,2023-02-10,2023-02-15,Standard,441.6
ORD006780,CUST00857,2024-07-18,2024-07-23,Standard,1225.38
ORD006781,CUST00535,2024-07-14,2024-07-19,Standard,85.41
ORD006782,CUST01042,2024-11-19,2024-11-21,Express,1335.0
ORD006783,CUST00399,2024-05-21,2024-05-23,Express,285.96
ORD006784,CUST00079,2023-06-18,2023-06-23,Standard,1107.03
ORD006785,CUST00535,2023-08-10,2023-08-15,Standard,3095.08
ORD006786,CUST00859,2023-05-17,2023-05-19,Express,967.59
ORD006787,CUST00092,2024-12-14,2024-12-14,Same Day,1026.44
ORD006788,CUST00917,2024-02-02,2024-02-07,Standard,1892.83
ORD006789,CUST00665,2024-03-20,2024-03-25,Standard,6934.68
ORD006790,CUST00553,2023-07-22,2023-07-27,Standard,373.1
ORD006791,CUST00005,2024-02-09,2024-02-11,Express,1960.79
ORD006792,CUST00517,2023-08-07,2023-08-07,Same Day,164.36
ORD006793,CUST00966,2024-11-01,2024-11-06,Standard,383.21
ORD006794,CUST00254,2023-11-29,2023-12-01,Express,2558.45
ORD006795,CUST00510,2024-10-04,2024-10-09,Standard,567.5
ORD006796,CUST00856,2023-05-19,2023-05-24,Standard,345.12
ORD006797,CUST00483,2024-12-16,2024-12-21,Standard,1890.04
ORD006798,CUST00946,2024-12-27,2024-12-29,Express,1355.71
ORD006799,CUST00683,2023-02-17,2023-02-22,Standard,1243.95
ORD006800,CUST00969,2024-11-04,2024-11-04,Same Day,29.53
ORD006801,CUST00919,2023-01-22,2023-01-27,Standard,1036.56
ORD006802,CUST00164,2023-02-07,2023-02-12,Standard,5279.94
ORD006803,CUST00696,2024-06-27,2024-06-29,Express,958.1
ORD006804,CUST01153,2024-03-15,2024-03-20,Standard,784.67
ORD006805,CUST00755,2024-03-23,2024-03-25,Express,73.32
ORD006806,CUST00245,2024-11-22,2024-11-27,Standard,365.56
ORD006807,CUST00958,2024-06-29,2024-07-01,Express,1485.98
ORD006808,CUST00584,2023-07-09,2023-07-14,Standard,746.37
ORD006809,CUST00580,2024-07-02,2024-07-04,Express,191.66
ORD006810,CUST00813,2024-07-27,2024-08-01,Standard,4438.55
ORD006811,CUST00385,2023-02-08,2023-02-13,Standard,2501.41
ORD006812,CUST00727,2023-05-17,2023-05-22,Standard,2968.9
ORD006813,CUST00590,2024-03-07,2024-03-07,Same Day,1537.25
ORD006814,CUST01152,2024-12-28,2024-12-30,Express,1722.92
ORD006815,CUST00972,2024-06-23,2024-06-25,Express,1999.47
ORD006816,CUST00400,2023-11-29,2023-12-01,Express,72.68
ORD006817,CUST00057,2023-09-05,2023-09-10,Standard,316.33
ORD006818,CUST00698,2024-06-06,2024-06-11,Standard,373.1
ORD006819,CUST00264,2023-07-30,2023-07-30,Same Day,1296.23
ORD006820,CUST00689,2023-08-18,2023-08-20,Express,200.44
ORD006821,CUST00086,2024-08-03,2024-08-08,Standard,2537.94
ORD006822,CUST00771,2024-11-03,2024-11-08,Standard,1772.4
ORD006823,CUST00735,2024-10-29,2024-11-03,Standard,100.8
ORD006824,CUST00015,2023-11-07,2023-11-07,Same Day,3229.08
ORD006825,CUST00834,2023-05-22,2023-05-27,Standard,1368.1
ORD006826,CUST00269,2024-08-29,2024-09-03,Standard,2273.87
ORD006827,CUST01065,2023-11-11,2023-11-16,Standard,3738.27
ORD006828,CUST00974,2024-11-30,2024-12-05,Standard,585.02
ORD006829,CUST01064,2023-04-07,2023-04-12,Standard,120.8
ORD006830,CUST00108,2023-09-05,2023-09-07,Express,202.16
ORD006831,CUST00745,2023-10-27,2023-11-01,Standard,1048.88
ORD006832,CUST00037,2023-04-09,2023-04-14,Standard,4769.24
ORD006833,CUST00440,2024-01-11,2024-01-16,Standard,1170.04
ORD006834,CUST00447,2023-08-21,2023-08-23,Express,3582.07
ORD006835,CUST00137,2024-02-17,2024-02-22,Standard,5041.57
ORD006836,CUST00475,2024-03-22,2024-03-27,Standard,4895.06
ORD006837,CUST00797,2024-05-29,2024-05-31,Express,1287.32
ORD006838,CUST00876,2023-09-09,2023-09-14,Standard,861.46
ORD006839,CUST00290,2024-09-27,2024-10-02,Standard,1048.77
ORD006840,CUST01179,2024-05-09,2024-05-09,Same Day,3491.16
ORD006841,CUST00874,2024-09-05,2024-09-10,Standard,160.45
ORD006842,CUST00399,2023-02-23,2023-02-28,Standard,4840.02
ORD006843,CUST00800,2024-12-22,2024-12-24,Express,2154.57
ORD006844,CUST01064,2023-04-05,2023-04-10,Standard,872.08
ORD006845,CUST00009,2024-12-07,2024-12-09,Express,3383.85
ORD006846,CUST00475,2024-02-15,2024-02-20,Standard,229.77
ORD006847,CUST00546,2023-09-02,2023-09-07,Standard,261.05
ORD006848,CUST00273,2023-08-31,2023-09-02,Express,2271.3
ORD006849,CUST01009,2024-01-09,2024-01-14,Standard,5511.18
ORD006850,CUST01111,2023-08-26,2023-08-28,Express,1221.76
ORD006851,CUST00507,2024-11-30,2024-12-05,Standard,361.31
ORD006852,CUST00809,2024-12-28,2024-12-30,Express,290.73
ORD006853,CUST00698,2024-10-20,2024-10-22,Express,1743.42
ORD006854,CUST00094,2023-12-21,2023-12-26,Standard,180.31
ORD006855,CUST00115,2024-03-12,2024-03-14,Express,246.96
ORD006856,CUST00723,2023-07-20,2023-07-25,Standard,2119.46
ORD006857,CUST00482,2023-01-07,2023-01-09,Express,3025.71
ORD006858,CUST00690,2023-05-07,2023-05-09,Express,4212.7
ORD006859,CUST01170,2023-11-05,2023-11-10,Standard,5047.6
ORD006860,CUST00044,2023-04-14,2023-04-14,Same Day,479.4
ORD006861,CUST00029,2023-11-06,2023-11-11,Standard,4513.18
ORD006862,CUST00659,2024-11-23,2024-11-23,Same Day,2730.71
ORD006863,CUST01076,2023-11-16,2023-11-21,Standard,2433.2
ORD006864,CUST00799,2024-09-06,2024-09-08,Express,615.73
ORD006865,CUST00237,2023-08-12,2023-08-17,Standard,404.66
ORD006866,CUST00842,2023-03-15,2023-03-20,Standard,438.22
ORD006867,CUST00068,2023-12-28,2024-01-02,Standard,317.04
ORD006868,CUST01118,2023-07-06,2023-07-11,Standard,1410.48
ORD006869,CUST00756,2024-01-28,2024-02-02,Standard,644.83
ORD006870,CUST01188,2023-01-29,2023-02-03,Standard,38.48
ORD006871,CUST00637,2023-10-10,2023-10-15,Standard,503.82
ORD006872,CUST00124,2024-06-14,2024-06-19,Standard,3536.82
ORD006873,CUST01158,2023-05-15,2023-05-20,Standard,188.64
ORD006874,CUST01121,2024-12-22,2024-12-24,Express,949.95
ORD006875,CUST00596,2023-09-26,2023-10-01,Standard,986.29
ORD006876,CUST01139,2023-06-20,2023-06-22,Express,116.32
ORD006877,CUST00567,2023-07-16,2023-07-21,Standard,792.96
ORD006878,CUST00224,2024-08-31,2024-09-02,Express,2392.1
ORD006879,CUST00469,2023-08-23,2023-08-28,Standard,1244.85
ORD006880,CUST01053,2024-11-07,2024-11-12,Standard,1309.44
ORD006881,CUST00411,2023-10-09,2023-10-14,Standard,2294.52
ORD006882,CUST00782,2024-07-20,2024-07-25,Standard,2008.52
ORD006883,CUST00792,2024-11-25,2024-11-27,Express,337.8
ORD006884,CUST00452,2024-01-01,2024-01-06,Standard,526.35
ORD006885,CUST01037,2023-12-27,2024-01-01,Standard,4167.95
ORD006886,CUST00486,2024-12-12,2024-12-14,Express,167.16
ORD006887,CUST00319,2023-12-17,2023-12-22,Standard,54.4
ORD006888,CUST00033,2023-10-03,2023-10-08,Standard,589.66
ORD006889,CUST00415,2023-11-29,2023-12-01,Express,5975.38
ORD006890,CUST00261,2023-10-02,2023-10-02,Same Day,57.53
ORD006891,CUST00852,2024-11-02,2024-11-04,Express,4250.92
ORD006892,CUST00540,2023-06-03,2023-06-03,Same Day,690.55
ORD006893,CUST01066,2024-12-21,2024-12-23,Express,6236.58
ORD006894,CUST00278,2024-12-09,2024-12-11,Express,2622.5
ORD006895,CUST00683,2024-03-10,2024-03-10,Same Day,685.48
ORD006896,CUST01080,2024-09-06,2024-09-08,Express,129.21
ORD006897,CUST00814,2023-11-04,2023-11-06,Express,190.91
ORD006898,CUST00500,2023-11-01,2023-11-03,Express,687.75
ORD006899,CUST00938,2023-09-21,2023-09-26,Standard,186.97
ORD006900,CUST00590,2023-06-23,2023-06-28,Standard,5894.98
ORD006901,CUST00213,2023-09-06,2023-09-11,Standard,133.73
ORD006902,CUST00544,2023-07-23,2023-07-28,Standard,139.03
ORD006903,CUST00535,2023-05-28,2023-06-02,Standard,1275.96
ORD006904,CUST00945,2024-02-15,2024-02-20,Standard,2941.76
ORD006905,CUST00242,2023-01-20,2023-01-20,Same Day,3890.51
ORD006906,CUST00354,2023-12-15,2023-12-20,Standard,75.68
ORD006907,CUST00707,2024-07-17,2024-07-22,Standard,109.31
ORD006908,CUST00850,2024-03-30,2024-04-01,Express,1102.81
ORD006909,CUST01180,2023-09-29,2023-10-01,Express,428.56
ORD006910,CUST01131,2024-02-18,2024-02-20,Express,730.36
ORD006911,CUST00344,2023-12-01,2023-12-06,Standard,84.45
ORD006912,CUST01162,2023-09-29,2023-10-04,Standard,1105.81
ORD006913,CUST00790,2023-05-20,2023-05-25,Standard,558.86
ORD006914,CUST00405,2023-11-11,2023-11-11,Same Day,96.94
ORD006915,CUST00070,2023-02-16,2023-02-18,Express,3264.75
ORD006916,CUST00164,2024-08-13,2024-08-18,Standard,381.28
ORD006917,CUST01170,2024-07-18,2024-07-23,Standard,9021.0
ORD006918,CUST00995,2023-07-06,2023-07-08,Express,574.86
ORD006919,CUST00582,2023-12-17,2023-12-19,Express,675.28
ORD006920,CUST00247,2024-01-14,2024-01-19,Standard,85.41
ORD006921,CUST00895,2023-11-04,2023-11-06,Express,189.27
ORD006922,CUST00128,2023-11-07,2023-11-07,Same Day,764.71
ORD006923,CUST00933,2024-01-28,2024-02-02,Standard,2914.01
ORD006924,CUST00555,2023-05-23,2023-05-23,Same Day,527.87
ORD006925,CUST01171,2023-05-10,2023-05-15,Standard,6984.35
ORD006926,CUST01074,2024-12-16,2024-12-21,Standard,6350.23
ORD006927,CUST00161,2024-10-05,2024-10-10,Standard,3576.06
ORD006928,CUST01022,2024-04-17,2024-04-22,Standard,96.54
ORD006929,CUST00387,2024-12-26,2024-12-31,Standard,647.43
ORD006930,CUST00988,2023-02-09,2023-02-14,Standard,1358.83
ORD006931,CUST00746,2024-01-04,2024-01-09,Standard,2584.64
ORD006932,CUST01171,2023-12-17,2023-12-19,Express,91.09
ORD006933,CUST01140,2024-11-09,2024-11-14,Standard,902.72
ORD006934,CUST00913,2023-08-11,2023-08-16,Standard,3803.15
ORD006935,CUST00611,2023-01-16,2023-01-21,Standard,4020.06
ORD006936,CUST01079,2024-12-02,2024-12-07,Standard,810.95
ORD006937,CUST00645,2024-08-26,2024-08-28,Express,276.87
ORD006938,CUST00482,2024-10-18,2024-10-20,Express,907.8
ORD006939,CUST00713,2024-03-24,2024-03-24,Same Day,88.72
ORD006940,CUST00407,2023-07-20,2023-07-22,Express,66.19
ORD006941,CUST00111,2023-06-11,2023-06-16,Standard,5246.91
ORD006942,CUST01010,2023-02-01,2023-02-03,Express,1033.36
ORD006943,CUST00182,2024-11-21,2024-11-26,Standard,373.1
ORD006944,CUST01166,2023-09-21,2023-09-21,Same Day,273.95
ORD006945,CUST01114,2023-09-21,2023-09-26,Standard,410.48
ORD006946,CUST00011,2024-06-23,2024-06-25,Express,551.32
ORD006947,CUST00146,2023-11-15,2023-11-15,Same Day,287.64
ORD006948,CUST00917,2024-10-02,2024-10-07,Standard,34.36
ORD006949,CUST00578,2024-01-13,2024-01-15,Express,3486.84
ORD006950,CUST00092,2023-09-13,2023-09-15,Express,1449.14
ORD006951,CUST00737,2024-12-24,2024-12-29,Standard,932.78
ORD006952,CUST00031,2024-02-12,2024-02-17,Standard,689.45
ORD006953,CUST00476,2024-11-22,2024-11-22,Same Day,4076.82
ORD006954,CUST00089,2024-04-07,2024-04-12,Standard,982.89
ORD006955,CUST00405,2024-09-06,2024-09-11,Standard,318.36
ORD006956,CUST00156,2024-10-26,2024-10-31,Standard,173.88
ORD006957,CUST00552,2023-12-29,2024-01-03,Standard,992.43
ORD006958,CUST00638,2024-12-20,2024-12-25,Standard,814.75
ORD006959,CUST00302,2024-12-15,2024-12-20,Standard,3614.26
ORD006960,CUST01163,2024-11-17,2024-11-22,Standard,680.28
ORD006961,CUST00450,2024-07-30,2024-08-01,Express,330.95
ORD006962,CUST00624,2023-11-22,2023-11-27,Standard,2125.45
ORD006963,CUST01025,2024-04-11,2024-04-16,Standard,86.89
ORD006964,CUST00271,2024-11-01,2024-11-03,Express,5551.31
ORD006965,CUST00434,2023-04-23,2023-04-28,Standard,8253.27
ORD006966,CUST00776,2024-04-12,2024-04-17,Standard,4145.75
ORD006967,CUST00265,2023-09-28,2023-09-28,Same Day,1122.49
ORD006968,CUST00841,2024-08-19,2024-08-24,Standard,1907.9
ORD006969,CUST00722,2024-06-17,2024-06-22,Standard,3544.23
ORD006970,CUST00403,2024-03-05,2024-03-10,Standard,538.58
ORD006971,CUST00872,2023-05-14,2023-05-19,Standard,189.07
ORD006972,CUST01105,2024-12-09,2024-12-09,Same Day,3336.4
ORD006973,CUST00035,2023-04-05,2023-04-10,Standard,4032.78
ORD006974,CUST00309,2024-11-25,2024-11-27,Express,4711.01
ORD006975,CUST00414,2024-08-24,2024-08-26,Express,552.52
ORD006976,CUST00291,2024-11-12,2024-11-17,Standard,449.01
ORD006977,CUST00332,2023-12-14,2023-12-19,Standard,1016.27
ORD006978,CUST00239,2023-11-12,2023-11-17,Standard,3698.29
ORD006979,CUST00458,2023-05-07,2023-05-12,Standard,4488.8
ORD006980,CUST00662,2023-02-05,2023-02-07,Express,622.0
ORD006981,CUST00944,2023-05-01,2023-05-06,Standard,1201.5
ORD006982,CUST01180,2023-12-30,2024-01-01,Express,1170.04
ORD006983,CUST00371,2024-07-09,2024-07-11,Express,475.53
ORD006984,CUST00668,2024-12-18,2024-12-20,Express,1591.45
ORD006985,CUST00695,2024-02-22,2024-02-27,Standard,898.64
ORD006986,CUST00583,2024-11-11,2024-11-13,Express,686.33
ORD006987,CUST01058,2023-11-15,2023-11-20,Standard,134.49
ORD006988,CUST00068,2024-08-07,2024-08-12,Standard,625.25
ORD006989,CUST00658,2024-03-13,2024-03-18,Standard,126.16
ORD006990,CUST00608,2024-06-04,2024-06-09,Standard,4138.14
ORD006991,CUST00551,2024-06-10,2024-06-12,Express,2008.52
ORD006992,CUST01136,2023-10-14,2023-10-19,Standard,2748.2
ORD006993,CUST00069,2023-01-17,2023-01-22,Standard,646.27
ORD006994,CUST00022,2023-06-06,2023-06-11,Standard,2191.39
ORD006995,CUST00272,2024-05-08,2024-05-13,Standard,907.09
ORD006996,CUST01179,2024-04-17,2024-04-22,Standard,128.4
ORD006997,CUST00888,2024-07-16,2024-07-18,Express,2229.8
ORD006998,CUST00964,2024-09-18,2024-09-18,Same Day,59.82
ORD006999,CUST00959,2024-06-05,2024-06-05,Same Day,48.15
ORD007000,CUST00868,2024-01-16,2024-01-18,Express,961.92
ORD007001,CUST00171,2024-10-21,2024-10-23,Express,2643.35
ORD007002,CUST00536,2024-03-27,2024-04-01,Standard,910.19
ORD007003,CUST01100,2024-03-25,2024-03-30,Standard,1904.87
ORD007004,CUST01108,2023-01-23,2023-01-28,Standard,4260.12
ORD007005,CUST00145,2023-11-11,2023-11-11,Same Day,973.3
ORD007006,CUST00888,2023-07-17,2023-07-22,Standard,337.8
ORD007007,CUST01075,2024-07-19,2024-07-21,Express,222.89
ORD007008,CUST00584,2024-01-20,2024-01-25,Standard,65.77
ORD007009,CUST00630,2023-05-12,2023-05-12,Same Day,5164.7
ORD007010,CUST01048,2024-10-17,2024-10-19,Express,2864.65
ORD007011,CUST00671,2023-01-12,2023-01-14,Express,598.43
ORD007012,CUST00648,2023-12-18,2023-12-20,Express,2285.04
ORD007013,CUST01020,2023-06-01,2023-06-06,Standard,944.39
ORD007014,CUST00918,2024-06-10,2024-06-15,Standard,455.54
ORD007015,CUST01179,2023-12-28,2024-01-02,Standard,663.91
ORD007016,CUST00015,2024-11-03,2024-11-05,Express,144.96
ORD007017,CUST00411,2024-03-14,2024-03-19,Standard,336.49
ORD007018,CUST00105,2024-11-25,2024-11-30,Standard,1882.6
ORD007019,CUST01192,2023-07-04,2023-07-06,Express,500.2
ORD007020,CUST00032,2023-06-11,2023-06-16,Standard,155.4
ORD007021,CUST00316,2023-04-05,2023-04-05,Same Day,1403.84
ORD007022,CUST00662,2023-12-16,2023-12-21,Standard,121.04
ORD007023,CUST00175,2023-11-25,2023-11-27,Express,847.75
ORD007024,CUST00973,2023-02-01,2023-02-06,Standard,53.5
ORD007025,CUST00657,2023-01-25,2023-01-27,Express,264.67
ORD007026,CUST00104,2024-10-29,2024-10-29,Same Day,3877.68
ORD007027,CUST00997,2024-10-25,2024-10-30,Standard,758.91
ORD007028,CUST00192,2023-10-09,2023-10-14,Standard,341.51
ORD007029,CUST00528,2024-04-16,2024-04-21,Standard,412.2
ORD007030,CUST00343,2024-07-29,2024-08-03,Standard,80.76
ORD007031,CUST01149,2024-12-06,2024-12-11,Standard,547.45
ORD007032,CUST00492,2024-08-06,2024-08-08,Express,3917.44
ORD007033,CUST00502,2024-08-08,2024-08-13,Standard,3075.64
ORD007034,CUST00375,2024-12-04,2024-12-09,Standard,3969.51
ORD007035,CUST01136,2023-04-18,2023-04-23,Standard,3961.2
ORD007036,CUST00547,2023-06-02,2023-06-07,Standard,2782.47
ORD007037,CUST00677,2023-06-14,2023-06-19,Standard,1138.92
ORD007038,CUST00792,2024-11-22,2024-11-27,Standard,617.52
ORD007039,CUST00216,2024-05-03,2024-05-08,Standard,960.38
ORD007040,CUST00917,2024-12-09,2024-12-14,Standard,483.76
ORD007041,CUST00922,2023-07-09,2023-07-14,Standard,268.7
ORD007042,CUST00397,2024-12-11,2024-12-16,Standard,5509.49
ORD007043,CUST00144,2023-10-24,2023-10-26,Express,758.91
ORD007044,CUST00940,2023-11-29,2023-12-04,Standard,936.55
ORD007045,CUST00607,2023-10-08,2023-10-10,Express,909.68
ORD007046,CUST00528,2024-06-28,2024-07-03,Standard,3240.43
ORD007047,CUST00323,2024-12-13,2024-12-18,Standard,53.81
ORD007048,CUST00464,2023-04-14,2023-04-19,Standard,2229.23
ORD007049,CUST00113,2024-05-10,2024-05-15,Standard,257.28
ORD007050,CUST00321,2023-11-19,2023-11-24,Standard,671.58
ORD007051,CUST00623,2023-12-08,2023-12-13,Standard,168.78
ORD007052,CUST00673,2024-06-04,2024-06-06,Express,4770.04
ORD007053,CUST00312,2023-10-06,2023-10-11,Standard,479.4
ORD007054,CUST00511,2024-04-02,2024-04-04,Express,834.77
ORD007055,CUST00137,2024-08-30,2024-09-01,Express,57.96
ORD007056,CUST01139,2023-10-10,2023-10-15,Standard,1422.54
ORD007057,CUST00195,2024-07-03,2024-07-08,Standard,293.28
ORD007058,CUST00234,2023-04-18,2023-04-18,Same Day,144.81
ORD007059,CUST01035,2024-05-16,2024-05-21,Standard,952.88
ORD007060,CUST00987,2023-07-25,2023-07-30,Standard,3474.5
ORD007061,CUST00062,2023-07-23,2023-07-25,Express,822.62
ORD007062,CUST00282,2024-11-11,2024-11-13,Express,283.95
ORD007063,CUST00407,2024-09-25,2024-09-30,Standard,1823.11
ORD007064,CUST00109,2023-12-07,2023-12-12,Standard,4716.0
ORD007065,CUST00990,2024-08-11,2024-08-13,Express,1034.74
ORD007066,CUST00908,2024-07-17,2024-07-22,Standard,1601.67
ORD007067,CUST00548,2023-05-10,2023-05-12,Express,142.0
ORD007068,CUST00913,2024-04-12,2024-04-17,Standard,2515.81
ORD007069,CUST01142,2024-12-12,2024-12-17,Standard,1159.13
ORD007070,CUST00202,2024-02-07,2024-02-12,Standard,4343.38
ORD007071,CUST01138,2024-11-24,2024-11-29,Standard,280.4
ORD007072,CUST00594,2024-11-13,2024-11-18,Standard,98.52
ORD007073,CUST00840,2023-11-06,2023-11-11,Standard,191.64
ORD007074,CUST00985,2023-11-06,2023-11-11,Standard,682.15
ORD007075,CUST00625,2023-12-03,2023-12-08,Standard,285.96
ORD007076,CUST00616,2024-11-05,2024-11-10,Standard,528.4
ORD007077,CUST00446,2024-09-21,2024-09-23,Express,403.82
ORD007078,CUST01136,2023-06-16,2023-06-18,Express,303.29
ORD007079,CUST00012,2024-11-18,2024-11-23,Standard,4085.71
ORD007080,CUST00001,2023-07-20,2023-07-20,Same Day,206.48
ORD007081,CUST00346,2023-09-09,2023-09-14,Standard,146.7
ORD007082,CUST00494,2024-04-28,2024-05-03,Standard,117.66
ORD007083,CUST00660,2024-10-08,2024-10-10,Express,745.9
ORD007084,CUST01176,2023-01-21,2023-01-23,Express,4588.12
ORD007085,CUST00991,2024-05-28,2024-06-02,Standard,2711.62
ORD007086,CUST00402,2023-11-25,2023-11-27,Express,1042.42
ORD007087,CUST00198,2023-08-17,2023-08-22,Standard,857.2
ORD007088,CUST00162,2023-07-05,2023-07-10,Standard,1266.95
ORD007089,CUST00766,2023-10-22,2023-10-24,Express,184.75
ORD007090,CUST00656,2024-11-26,2024-12-01,Standard,3486.84
ORD007091,CUST00874,2024-04-01,2024-04-03,Express,147.8
ORD007092,CUST00938,2024-07-09,2024-07-09,Same Day,888.76
ORD007093,CUST00489,2024-03-23,2024-03-28,Standard,1416.9
ORD007094,CUST00881,2023-04-09,2023-04-09,Same Day,1255.32
ORD007095,CUST00267,2024-06-17,2024-06-22,Standard,2888.26
ORD007096,CUST00622,2024-11-06,2024-11-08,Express,89.66
ORD007097,CUST00131,2023-05-08,2023-05-13,Standard,1422.31
ORD007098,CUST01040,2023-12-14,2023-12-19,Standard,2793.74
ORD007099,CUST00639,2024-08-12,2024-08-14,Express,415.79
ORD007100,CUST00448,2023-07-08,2023-07-10,Express,207.82
ORD007101,CUST01001,2024-05-25,2024-05-25,Same Day,956.97
ORD007102,CUST00781,2024-08-16,2024-08-18,Express,3003.68
ORD007103,CUST00270,2024-02-07,2024-02-12,Standard,2349.46
ORD007104,CUST01096,2023-05-16,2023-05-21,Standard,639.08
ORD007105,CUST00389,2024-11-15,2024-11-20,Standard,2882.66
ORD007106,CUST00035,2024-05-18,2024-05-20,Express,193.36
ORD007107,CUST01100,2024-06-11,2024-06-13,Express,17470.21
ORD007108,CUST00579,2024-11-26,2024-12-01,Standard,3652.32
ORD007109,CUST00478,2023-11-10,2023-11-12,Express,4055.86
ORD007110,CUST00102,2023-04-03,2023-04-03,Same Day,3377.87
ORD007111,CUST00845,2024-02-06,2024-02-11,Standard,689.97
ORD007112,CUST00868,2023-08-26,2023-08-31,Standard,327.37
ORD007113,CUST00532,2023-06-26,2023-06-28,Express,6910.92
ORD007114,CUST00257,2023-11-10,2023-11-15,Standard,805.49
ORD007115,CUST00280,2024-11-22,2024-11-27,Standard,2698.56
ORD007116,CUST00675,2024-07-03,2024-07-05,Express,6874.91
ORD007117,CUST00573,2024-06-30,2024-07-05,Standard,637.26
ORD007118,CUST00294,2023-11-18,2023-11-18,Same Day,471.15
ORD007119,CUST00383,2024-03-26,2024-03-31,Standard,3844.55
ORD007120,CUST00885,2023-12-12,2023-12-14,Express,4876.69
ORD007121,CUST00326,2024-05-13,2024-05-13,Same Day,374.24
ORD007122,CUST00561,2023-07-31,2023-08-05,Standard,4770.23
ORD007123,CUST00797,2023-01-03,2023-01-08,Standard,2884.88
ORD007124,CUST00571,2023-01-09,2023-01-14,Standard,1645.04
ORD007125,CUST00176,2024-06-10,2024-06-15,Standard,1155.9
ORD007126,CUST00109,2024-06-02,2024-06-04,Express,1870.07
ORD007127,CUST00042,2023-08-23,2023-08-25,Express,1133.86
ORD007128,CUST00653,2024-04-15,2024-04-20,Standard,4288.72
ORD007129,CUST00119,2023-01-02,2023-01-04,Express,150.72
ORD007130,CUST00986,2024-09-29,2024-09-29,Same Day,1462.44
ORD007131,CUST00187,2024-12-20,2024-12-25,Standard,2407.03
ORD007132,CUST01046,2023-02-10,2023-02-15,Standard,31.47
ORD007133,CUST00271,2024-07-26,2024-07-28,Express,172.5
ORD007134,CUST00639,2024-03-22,2024-03-27,Standard,2910.62
ORD007135,CUST00533,2023-07-12,2023-07-17,Standard,2161.47
ORD007136,CUST00109,2023-12-28,2024-01-02,Standard,328.38
ORD007137,CUST00752,2023-06-23,2023-06-28,Standard,4246.14
ORD007138,CUST01003,2024-12-11,2024-12-16,Standard,271.66
ORD007139,CUST00733,2024-07-05,2024-07-10,Standard,3245.49
ORD007140,CUST01009,2023-01-26,2023-01-31,Standard,445.49
ORD007141,CUST00241,2023-05-15,2023-05-20,Standard,80.38
ORD007142,CUST01138,2024-04-18,2024-04-23,Standard,129.71
ORD007143,CUST00348,2024-07-15,2024-07-15,Same Day,466.49
ORD007144,CUST00284,2024-11-08,2024-11-13,Standard,5134.42
ORD007145,CUST00622,2023-01-18,2023-01-20,Express,4434.96
ORD007146,CUST00488,2023-11-20,2023-11-25,Standard,1123.3
ORD007147,CUST00011,2023-06-24,2023-06-29,Standard,48.72
ORD007148,CUST00891,2024-11-05,2024-11-10,Standard,592.1
ORD007149,CUST00852,2023-10-22,2023-10-22,Same Day,45.22
ORD007150,CUST00914,2024-01-09,2024-01-11,Express,669.58
ORD007151,CUST00448,2023-04-30,2023-05-05,Standard,95.11
ORD007152,CUST01190,2023-12-18,2023-12-23,Standard,1839.11
ORD007153,CUST00149,2023-02-25,2023-02-27,Express,3075.64
ORD007154,CUST00477,2024-07-10,2024-07-12,Express,231.18
ORD007155,CUST00903,2023-04-15,2023-04-20,Standard,3202.58
ORD007156,CUST00445,2024-03-18,2024-03-23,Standard,90.19
ORD007157,CUST00295,2023-01-16,2023-01-16,Same Day,95.88
ORD007158,CUST01019,2024-05-24,2024-05-26,Express,3740.17
ORD007159,CUST00924,2024-09-19,2024-09-24,Standard,1188.87
ORD007160,CUST00597,2023-09-02,2023-09-04,Express,2398.48
ORD007161,CUST00805,2024-02-04,2024-02-06,Express,212.96
ORD007162,CUST00255,2023-07-31,2023-08-05,Standard,1004.47
ORD007163,CUST00690,2024-03-11,2024-03-16,Standard,2688.43
ORD007164,CUST00723,2024-07-08,2024-07-10,Express,65.72
ORD007165,CUST00589,2023-02-02,2023-02-02,Same Day,159.52
ORD007166,CUST00379,2024-09-12,2024-09-17,Standard,220.53
ORD007167,CUST00711,2023-09-24,2023-09-26,Express,939.26
ORD007168,CUST00974,2023-02-08,2023-02-08,Same Day,1599.58
ORD007169,CUST00336,2023-09-21,2023-09-26,Standard,11132.46
ORD007170,CUST00373,2023-06-26,2023-07-01,Standard,4272.72
ORD007171,CUST01175,2023-04-26,2023-05-01,Standard,68.0
ORD007172,CUST00042,2024-07-23,2024-07-28,Standard,1878.99
ORD007173,CUST00371,2024-03-07,2024-03-09,Express,212.96
ORD007174,CUST00648,2024-05-30,2024-06-04,Standard,2497.06
ORD007175,CUST00639,2024-07-06,2024-07-06,Same Day,2842.64
ORD007176,CUST01072,2024-11-20,2024-11-22,Express,65.55
ORD007177,CUST00602,2023-05-15,2023-05-20,Standard,4758.1
ORD007178,CUST00367,2023-10-22,2023-10-24,Express,3230.78
ORD007179,CUST01050,2024-08-05,2024-08-07,Express,257.22
ORD007180,CUST00438,2023-11-29,2023-12-04,Standard,3492.95
ORD007181,CUST00848,2024-06-24,2024-06-26,Express,87.89
ORD007182,CUST00762,2024-09-14,2024-09-19,Standard,160.5
ORD007183,CUST00257,2024-11-03,2024-11-08,Standard,1034.63
ORD007184,CUST00644,2024-01-07,2024-01-12,Standard,785.25
ORD007185,CUST00649,2024-08-03,2024-08-08,Standard,535.7
ORD007186,CUST00895,2024-02-22,2024-02-24,Express,4240.85
ORD007187,CUST00685,2024-08-09,2024-08-14,Standard,447.8
ORD007188,CUST00894,2023-03-25,2023-03-30,Standard,1331.1
ORD007189,CUST01135,2023-11-05,2023-11-07,Express,2790.17
ORD007190,CUST00778,2024-03-06,2024-03-11,Standard,532.83
ORD007191,CUST00843,2023-09-12,2023-09-14,Express,2222.86
ORD007192,CUST00728,2023-06-20,2023-06-25,Standard,3093.43
ORD007193,CUST01035,2023-06-30,2023-07-05,Standard,585.44
ORD007194,CUST00836,2024-12-29,2024-12-31,Express,1064.8
ORD007195,CUST00200,2024-04-06,2024-04-11,Standard,3028.7
ORD007196,CUST00945,2024-07-25,2024-07-27,Express,4169.68
ORD007197,CUST00101,2023-06-12,2023-06-14,Express,675.8
ORD007198,CUST00929,2024-01-08,2024-01-10,Express,254.73
ORD007199,CUST00398,2023-12-20,2023-12-25,Standard,3598.08
ORD007200,CUST00132,2024-03-20,2024-03-20,Same Day,2067.11
ORD007201,CUST01115,2024-11-05,2024-11-10,Standard,820.99
ORD007202,CUST00060,2023-07-26,2023-07-31,Standard,1034.61
ORD007203,CUST00455,2024-03-30,2024-04-01,Express,835.11
ORD007204,CUST00041,2023-12-10,2023-12-12,Express,478.03
ORD007205,CUST00729,2023-11-24,2023-11-29,Standard,2981.83
ORD007206,CUST00091,2023-09-24,2023-09-26,Express,3011.99
ORD007207,CUST00804,2023-05-06,2023-05-11,Standard,198.57
ORD007208,CUST00560,2023-01-15,2023-01-17,Express,719.76
ORD007209,CUST00030,2023-03-21,2023-03-23,Express,1576.59
ORD007210,CUST00545,2023-04-11,2023-04-16,Standard,2459.61
ORD007211,CUST00774,2024-02-11,2024-02-16,Standard,269.71
ORD007212,CUST00364,2023-09-22,2023-09-24,Express,1186.14
ORD007213,CUST01014,2024-06-21,2024-06-23,Express,6984.03
ORD007214,CUST01078,2024-05-28,2024-06-02,Standard,5877.74
ORD007215,CUST00346,2024-07-13,2024-07-15,Express,742.28
ORD007216,CUST00354,2023-07-23,2023-07-25,Express,602.62
ORD007217,CUST00247,2023-05-12,2023-05-14,Express,1232.3
ORD007218,CUST00698,2023-04-22,2023-04-24,Express,1266.08
ORD007219,CUST01157,2023-07-11,2023-07-13,Express,3917.47
ORD007220,CUST00835,2024-06-05,2024-06-10,Standard,1363.63
ORD007221,CUST00451,2023-12-10,2023-12-15,Standard,258.12
ORD007222,CUST01001,2023-12-31,2024-01-05,Standard,495.42
ORD007223,CUST01008,2023-11-08,2023-11-10,Express,4259.5
ORD007224,CUST00359,2024-05-04,2024-05-06,Express,4637.45
ORD007225,CUST01155,2023-11-06,2023-11-11,Standard,1223.45
ORD007226,CUST00196,2023-12-30,2023-12-30,Same Day,687.15
ORD007227,CUST00539,2023-07-15,2023-07-20,Standard,4793.5
ORD007228,CUST00316,2024-06-09,2024-06-14,Standard,1680.34
ORD007229,CUST01061,2023-10-20,2023-10-20,Same Day,4307.3
ORD007230,CUST00428,2023-04-10,2023-04-15,Standard,252.65
ORD007231,CUST00805,2023-10-12,2023-10-17,Standard,1715.02
ORD007232,CUST00747,2024-12-14,2024-12-16,Express,936.45
ORD007233,CUST00804,2024-03-21,2024-03-26,Standard,3277.95
ORD007234,CUST01096,2023-06-24,2023-06-29,Standard,1517.24
ORD007235,CUST00467,2023-11-03,2023-11-08,Standard,1762.23
ORD007236,CUST00769,2024-11-11,2024-11-16,Standard,1128.02
ORD007237,CUST00808,2023-12-01,2023-12-03,Express,1442.44
ORD007238,CUST00603,2024-12-29,2024-12-31,Express,1196.58
ORD007239,CUST00026,2023-07-02,2023-07-04,Express,611.68
ORD007240,CUST00881,2023-12-13,2023-12-15,Express,177.34
ORD007241,CUST00845,2023-06-15,2023-06-17,Express,261.05
ORD007242,CUST00790,2024-12-29,2025-01-03,Standard,1920.52
ORD007243,CUST00983,2024-11-26,2024-12-01,Standard,2090.29
ORD007244,CUST00406,2024-04-18,2024-04-20,Express,1094.48
ORD007245,CUST00799,2024-03-21,2024-03-23,Express,441.6
ORD007246,CUST00793,2023-02-02,2023-02-07,Standard,248.79
ORD007247,CUST00805,2024-08-28,2024-08-30,Express,5615.5
ORD007248,CUST00188,2024-10-05,2024-10-10,Standard,547.05
ORD007249,CUST00769,2024-10-13,2024-10-15,Express,726.45
ORD007250,CUST00323,2023-06-24,2023-06-29,Standard,1215.8
ORD007251,CUST00491,2024-12-06,2024-12-11,Standard,4587.28
ORD007252,CUST00106,2023-03-22,2023-03-27,Standard,163.88
ORD007253,CUST00237,2024-09-27,2024-09-27,Same Day,164.64
ORD007254,CUST00594,2023-12-23,2023-12-25,Express,2358.96
ORD007255,CUST00721,2023-08-15,2023-08-17,Express,66.59
ORD007256,CUST00891,2023-09-08,2023-09-13,Standard,818.66
ORD007257,CUST01154,2023-11-23,2023-11-25,Express,151.34
ORD007258,CUST00553,2023-06-23,2023-06-25,Express,294.74
ORD007259,CUST00999,2023-08-12,2023-08-14,Express,475.99
ORD007260,CUST00563,2024-04-09,2024-04-14,Standard,1491.73
ORD007261,CUST01031,2023-06-09,2023-06-14,Standard,493.11
ORD007262,CUST01047,2024-02-23,2024-02-28,Standard,1998.61
ORD007263,CUST01177,2024-10-21,2024-10-26,Standard,2477.1
ORD007264,CUST00256,2024-03-10,2024-03-15,Standard,5707.43
ORD007265,CUST00568,2023-04-11,2023-04-16,Standard,1319.14
ORD007266,CUST00949,2024-03-24,2024-03-29,Standard,311.69
ORD007267,CUST01193,2023-07-02,2023-07-04,Express,4126.01
ORD007268,CUST00236,2024-12-11,2024-12-11,Same Day,996.5
ORD007269,CUST00572,2024-02-27,2024-02-27,Same Day,904.85
ORD007270,CUST00693,2024-02-24,2024-02-26,Express,355.55
ORD007271,CUST00806,2024-08-22,2024-08-27,Standard,418.9
ORD007272,CUST00554,2024-06-25,2024-06-25,Same Day,54.79
ORD007273,CUST00683,2023-05-12,2023-05-14,Express,5087.89
ORD007274,CUST00831,2023-02-04,2023-02-09,Standard,5832.1
ORD007275,CUST01072,2023-03-06,2023-03-11,Standard,13.6
ORD007276,CUST00246,2023-11-20,2023-11-22,Express,113.44
ORD007277,CUST00456,2024-10-17,2024-10-22,Standard,1360.63
ORD007278,CUST00026,2024-07-10,2024-07-15,Standard,187.12
ORD007279,CUST00769,2024-06-16,2024-06-18,Express,252.78
ORD007280,CUST01003,2023-06-12,2023-06-14,Express,468.27
ORD007281,CUST01119,2024-10-28,2024-10-30,Express,1309.68
ORD007282,CUST01091,2024-06-05,2024-06-10,Standard,2479.62
ORD007283,CUST00226,2024-07-07,2024-07-12,Standard,2267.72
ORD007284,CUST00749,2024-07-21,2024-07-26,Standard,1096.44
ORD007285,CUST00106,2024-08-21,2024-08-26,Standard,2864.18
ORD007286,CUST01191,2024-05-07,2024-05-09,Express,69.0
ORD007287,CUST00243,2023-04-20,2023-04-22,Express,31.47
ORD007288,CUST00415,2024-08-24,2024-08-26,Express,1722.92
ORD007289,CUST00743,2024-12-27,2025-01-01,Standard,531.01
ORD007290,CUST00330,2023-03-06,2023-03-08,Express,287.65
ORD007291,CUST00844,2024-09-16,2024-09-21,Standard,4271.98
ORD007292,CUST00834,2023-06-15,2023-06-15,Same Day,723.6
ORD007293,CUST00911,2024-07-10,2024-07-15,Standard,179.95
ORD007294,CUST00671,2023-09-16,2023-09-18,Express,2993.8
ORD007295,CUST00546,2024-08-30,2024-09-04,Standard,652.28
ORD007296,CUST00652,2023-06-21,2023-06-23,Express,661.76
ORD007297,CUST00282,2023-07-08,2023-07-13,Standard,211.36
ORD007298,CUST00113,2023-12-11,2023-12-16,Standard,3016.49
ORD007299,CUST00313,2023-06-11,2023-06-13,Express,492.34
ORD007300,CUST00252,2024-09-17,2024-09-19,Express,1073.62
ORD007301,CUST00165,2023-04-08,2023-04-13,Standard,4897.1
ORD007302,CUST00537,2023-07-11,2023-07-16,Standard,3328.46
ORD007303,CUST00189,2024-12-10,2024-12-15,Standard,162.61
ORD007304,CUST00748,2024-01-26,2024-01-31,Standard,1052.69
ORD007305,CUST00541,2024-12-21,2024-12-23,Express,3391.99
ORD007306,CUST01034,2023-11-09,2023-11-14,Standard,252.32
ORD007307,CUST00506,2023-06-19,2023-06-21,Express,2143.1
ORD007308,CUST00234,2024-12-30,2025-01-01,Express,1086.88
ORD007309,CUST01039,2023-11-18,2023-11-18,Same Day,3441.51
ORD007310,CUST00602,2023-06-03,2023-06-08,Standard,1553.77
ORD007311,CUST00884,2024-11-02,2024-11-04,Express,4452.31
ORD007312,CUST00055,2024-05-26,2024-05-31,Standard,1267.24
ORD007313,CUST00177,2023-11-11,2023-11-16,Standard,1638.25
ORD007314,CUST01189,2024-11-23,2024-11-25,Express,1000.29
ORD007315,CUST00492,2024-01-07,2024-01-12,Standard,300.72
ORD007316,CUST00928,2024-12-19,2024-12-19,Same Day,1441.38
ORD007317,CUST00856,2024-07-06,2024-07-08,Express,794.45
ORD007318,CUST00110,2023-05-07,2023-05-12,Standard,6618.33
ORD007319,CUST00310,2023-03-16,2023-03-18,Express,2793.74
ORD007320,CUST00285,2023-04-15,2023-04-20,Standard,516.27
ORD007321,CUST00488,2024-03-27,2024-04-01,Standard,1305.62
ORD007322,CUST00020,2023-05-02,2023-05-02,Same Day,1227.28
ORD007323,CUST01028,2024-09-18,2024-09-23,Standard,1854.98
ORD007324,CUST01040,2023-12-12,2023-12-17,Standard,845.53
ORD007325,CUST00714,2024-02-23,2024-02-23,Same Day,1464.34
ORD007326,CUST00370,2023-11-03,2023-11-08,Standard,621.5
ORD007327,CUST00235,2023-10-09,2023-10-09,Same Day,410.48
ORD007328,CUST01105,2023-09-24,2023-09-26,Express,40.92
ORD007329,CUST00976,2023-10-13,2023-10-18,Standard,1870.59
ORD007330,CUST00165,2024-05-26,2024-05-28,Express,147.93
ORD007331,CUST01059,2024-06-11,2024-06-16,Standard,759.04
ORD007332,CUST00854,2023-09-28,2023-10-03,Standard,3882.82
ORD007333,CUST00681,2023-09-09,2023-09-11,Express,3579.9
ORD007334,CUST00888,2023-03-07,2023-03-12,Standard,5494.64
ORD007335,CUST00991,2024-12-11,2024-12-16,Standard,3488.75
ORD007336,CUST00110,2023-02-02,2023-02-02,Same Day,519.09
ORD007337,CUST01079,2024-08-12,2024-08-17,Standard,582.16
ORD007338,CUST00635,2023-06-07,2023-06-12,Standard,2892.7
ORD007339,CUST01044,2024-07-09,2024-07-11,Express,1208.84
ORD007340,CUST00630,2023-02-05,2023-02-10,Standard,238.0
ORD007341,CUST00955,2024-07-23,2024-07-28,Standard,281.25
ORD007342,CUST00361,2024-10-08,2024-10-13,Standard,996.5
ORD007343,CUST00571,2024-02-12,2024-02-17,Standard,1439.24
ORD007344,CUST01016,2024-06-15,2024-06-17,Express,359.43
ORD007345,CUST00253,2023-07-20,2023-07-25,Standard,1300.04
ORD007346,CUST00236,2023-10-01,2023-10-03,Express,1011.56
ORD007347,CUST00396,2023-11-30,2023-12-05,Standard,1784.28
ORD007348,CUST01160,2024-12-31,2025-01-05,Standard,714.73
ORD007349,CUST01140,2023-12-15,2023-12-20,Standard,1502.05
ORD007350,CUST00213,2023-06-30,2023-07-05,Standard,1593.03
ORD007351,CUST00365,2024-08-31,2024-09-02,Express,967.83
ORD007352,CUST00139,2024-12-06,2024-12-08,Express,131.14
ORD007353,CUST00937,2023-04-04,2023-04-09,Standard,698.87
ORD007354,CUST00155,2023-10-01,2023-10-06,Standard,1454.93
ORD007355,CUST00312,2023-03-19,2023-03-21,Express,1898.43
ORD007356,CUST00658,2024-02-17,2024-02-19,Express,79.1
ORD007357,CUST00015,2023-07-13,2023-07-13,Same Day,1227.7
ORD007358,CUST00053,2024-04-12,2024-04-17,Standard,1062.02
ORD007359,CUST00825,2023-05-03,2023-05-05,Express,579.73
ORD007360,CUST00801,2023-02-10,2023-02-15,Standard,3395.94
ORD007361,CUST00187,2024-12-08,2024-12-13,Standard,3612.83
ORD007362,CUST00936,2024-01-29,2024-02-03,Standard,898.3
ORD007363,CUST00456,2023-02-13,2023-02-18,Standard,277.69
ORD007364,CUST00810,2023-08-30,2023-09-04,Standard,241.35
ORD007365,CUST00919,2023-12-26,2023-12-28,Express,139.67
ORD007366,CUST00598,2023-05-11,2023-05-16,Standard,198.24
ORD007367,CUST00863,2023-11-23,2023-11-28,Standard,1892.92
ORD007368,CUST00912,2023-08-03,2023-08-05,Express,4483.84
ORD007369,CUST00215,2024-10-27,2024-11-01,Standard,1229.44
ORD007370,CUST01118,2023-06-02,2023-06-07,Standard,1186.38
ORD007371,CUST00545,2023-04-02,2023-04-07,Standard,169.71
ORD007372,CUST01008,2024-09-20,2024-09-20,Same Day,428.7
ORD007373,CUST00116,2024-04-14,2024-04-19,Standard,2009.11
ORD007374,CUST00461,2023-11-06,2023-11-08,Express,459.99
ORD007375,CUST00423,2024-09-09,2024-09-11,Express,3455.79
ORD007376,CUST00156,2023-02-12,2023-02-14,Express,599.76
ORD007377,CUST00739,2023-01-24,2023-01-24,Same Day,784.63
ORD007378,CUST01138,2023-09-16,2023-09-21,Standard,4056.68
ORD007379,CUST00113,2024-05-22,2024-05-27,Standard,356.83
ORD007380,CUST00141,2024-04-28,2024-04-30,Express,3694.93
ORD007381,CUST00607,2024-11-14,2024-11-14,Same Day,732.24
ORD007382,CUST00244,2024-07-24,2024-07-29,Standard,15.14
ORD007383,CUST00473,2024-04-28,2024-04-28,Same Day,764.79
ORD007384,CUST01037,2024-05-08,2024-05-08,Same Day,838.42
ORD007385,CUST00818,2023-11-24,2023-11-29,Standard,566.0
ORD007386,CUST00911,2023-10-07,2023-10-12,Standard,1821.59
ORD007387,CUST00684,2023-10-20,2023-10-22,Express,3222.66
ORD007388,CUST00756,2024-11-18,2024-11-23,Standard,685.51
ORD007389,CUST00294,2024-04-19,2024-04-24,Standard,126.56
ORD007390,CUST01160,2024-08-06,2024-08-06,Same Day,86.28
ORD007391,CUST00606,2024-05-31,2024-06-02,Express,427.2
ORD007392,CUST00428,2024-08-30,2024-09-04,Standard,908.98
ORD007393,CUST00954,2024-12-26,2024-12-31,Standard,327.86
ORD007394,CUST01100,2024-12-28,2025-01-02,Standard,1400.96
ORD007395,CUST00416,2023-07-20,2023-07-22,Express,1645.25
ORD007396,CUST01120,2024-11-26,2024-11-28,Express,2221.85
ORD007397,CUST00283,2024-02-01,2024-02-03,Express,98.52
ORD007398,CUST00040,2023-01-16,2023-01-21,Standard,1605.14
ORD007399,CUST00023,2024-10-02,2024-10-07,Standard,1441.74
ORD007400,CUST00437,2024-12-03,2024-12-05,Express,987.38
ORD007401,CUST00035,2024-10-26,2024-10-31,Standard,954.12
ORD007402,CUST00342,2024-04-01,2024-04-06,Standard,813.12
ORD007403,CUST00950,2024-12-01,2024-12-06,Standard,65.77
ORD007404,CUST00199,2023-11-20,2023-11-25,Standard,205.24
ORD007405,CUST00246,2024-12-14,2024-12-19,Standard,229.77
ORD007406,CUST00017,2023-01-24,2023-01-26,Express,627.74
ORD007407,CUST00675,2023-10-22,2023-10-24,Express,3427.56
ORD007408,CUST00767,2024-08-08,2024-08-13,Standard,981.42
ORD007409,CUST01061,2024-05-29,2024-05-31,Express,2099.5
ORD007410,CUST00061,2023-03-26,2023-03-31,Standard,2451.75
ORD007411,CUST00606,2023-11-25,2023-11-27,Express,1087.07
ORD007412,CUST00286,2024-02-22,2024-02-24,Express,1063.81
ORD007413,CUST01172,2023-04-22,2023-04-27,Standard,2294.52
ORD007414,CUST00192,2023-10-19,2023-10-24,Standard,287.64
ORD007415,CUST00416,2023-06-02,2023-06-04,Express,198.4
ORD007416,CUST00441,2024-11-14,2024-11-14,Same Day,375.15
ORD007417,CUST00467,2023-07-19,2023-07-24,Standard,104.1
ORD007418,CUST00944,2023-03-31,2023-04-05,Standard,1024.14
ORD007419,CUST00871,2023-11-07,2023-11-12,Standard,3757.75
ORD007420,CUST00850,2024-08-25,2024-08-25,Same Day,6723.66
ORD007421,CUST00991,2024-08-24,2024-08-26,Express,1734.71
ORD007422,CUST01156,2023-07-18,2023-07-23,Standard,492.6
ORD007423,CUST01073,2023-04-14,2023-04-16,Express,293.28
ORD007424,CUST00368,2023-07-31,2023-08-05,Standard,649.74
ORD007425,CUST00540,2024-09-13,2024-09-18,Standard,2245.75
ORD007426,CUST00619,2023-02-04,2023-02-09,Standard,4565.37
ORD007427,CUST00405,2024-11-10,2024-11-15,Standard,1714.2
ORD007428,CUST00716,2023-08-23,2023-08-28,Standard,331.46
ORD007429,CUST00735,2024-06-11,2024-06-16,Standard,205.24
ORD007430,CUST00832,2023-11-27,2023-12-02,Standard,1382.18
ORD007431,CUST00680,2024-08-02,2024-08-07,Standard,175.78
ORD007432,CUST00326,2023-08-23,2023-08-25,Express,685.66
ORD007433,CUST00096,2024-09-28,2024-10-03,Standard,798.58
ORD007434,CUST00875,2023-07-10,2023-07-15,Standard,334.97
ORD007435,CUST00880,2023-11-02,2023-11-04,Express,1124.79
ORD007436,CUST00466,2024-11-23,2024-11-25,Express,1486.26
ORD007437,CUST00335,2023-09-15,2023-09-15,Same Day,257.46
ORD007438,CUST00587,2024-11-01,2024-11-06,Standard,401.8
ORD007439,CUST00902,2023-12-31,2024-01-05,Standard,222.77
ORD007440,CUST00301,2023-02-26,2023-03-03,Standard,371.24
ORD007441,CUST00860,2023-04-24,2023-04-29,Standard,370.52
ORD007442,CUST00966,2023-02-26,2023-03-03,Standard,512.3
ORD007443,CUST00616,2023-05-12,2023-05-17,Standard,2776.38
ORD007444,CUST00684,2024-02-05,2024-02-10,Standard,980.76
ORD007445,CUST01035,2023-10-31,2023-11-02,Express,431.4
ORD007446,CUST00457,2023-01-20,2023-01-22,Express,250.1
ORD007447,CUST00564,2023-11-19,2023-11-24,Standard,1065.91
ORD007448,CUST00641,2023-04-18,2023-04-20,Express,834.93
ORD007449,CUST00059,2024-06-24,2024-06-29,Standard,461.79
ORD007450,CUST00844,2024-12-26,2024-12-31,Standard,1814.12
ORD007451,CUST00119,2024-07-16,2024-07-21,Standard,3092.36
ORD007452,CUST00579,2023-10-17,2023-10-22,Standard,1488.25
ORD007453,CUST00544,2024-06-24,2024-06-29,Standard,152.85
ORD007454,CUST00470,2024-01-14,2024-01-19,Standard,1097.82
ORD007455,CUST00208,2023-10-19,2023-10-24,Standard,40.92
ORD007456,CUST00596,2023-05-03,2023-05-08,Standard,3101.26
ORD007457,CUST00263,2024-12-08,2024-12-13,Standard,625.25
ORD007458,CUST01187,2024-02-10,2024-02-15,Standard,1238.46
ORD007459,CUST00860,2023-08-06,2023-08-08,Express,4259.5
ORD007460,CUST00214,2024-06-22,2024-06-27,Standard,502.8
ORD007461,CUST00715,2023-11-23,2023-11-28,Standard,4091.93
ORD007462,CUST00481,2024-03-01,2024-03-06,Standard,726.5
ORD007463,CUST00041,2024-04-01,2024-04-03,Express,59.57
ORD007464,CUST00272,2023-04-21,2023-04-23,Express,6175.08
ORD007465,CUST00994,2024-01-24,2024-01-29,Standard,515.52
ORD007466,CUST00255,2024-01-22,2024-01-22,Same Day,5776.52
ORD007467,CUST00052,2024-08-19,2024-08-24,Standard,305.19
ORD007468,CUST00966,2024-06-17,2024-06-19,Express,587.01
ORD007469,CUST00599,2024-12-27,2025-01-01,Standard,1621.84
ORD007470,CUST00408,2024-11-12,2024-11-17,Standard,174.72
ORD007471,CUST00949,2023-07-06,2023-07-11,Standard,1461.39
ORD007472,CUST00334,2023-09-11,2023-09-16,Standard,383.52
ORD007473,CUST00959,2023-11-16,2023-11-21,Standard,1297.74
ORD007474,CUST00227,2023-09-24,2023-09-24,Same Day,187.12
ORD007475,CUST00204,2023-08-27,2023-09-01,Standard,6840.86
ORD007476,CUST00108,2024-06-16,2024-06-21,Standard,3247.63
ORD007477,CUST00964,2024-07-23,2024-07-28,Standard,2476.92
ORD007478,CUST00398,2023-08-14,2023-08-16,Express,482.52
ORD007479,CUST01019,2024-09-07,2024-09-09,Express,1974.67
ORD007480,CUST01164,2023-12-21,2023-12-26,Standard,841.39
ORD007481,CUST00833,2024-03-30,2024-04-01,Express,166.99
ORD007482,CUST00323,2024-11-05,2024-11-10,Standard,38.18
ORD007483,CUST00731,2023-08-19,2023-08-24,Standard,6468.19
ORD007484,CUST00279,2024-05-08,2024-05-13,Standard,2840.61
ORD007485,CUST00454,2024-07-28,2024-08-02,Standard,179.95
ORD007486,CUST00642,2024-11-25,2024-11-27,Express,1004.26
ORD007487,CUST00916,2023-10-23,2023-10-23,Same Day,818.11
ORD007488,CUST00765,2023-07-16,2023-07-18,Express,1024.68
ORD007489,CUST00839,2024-08-04,2024-08-09,Standard,298.31
ORD007490,CUST01098,2024-07-10,2024-07-15,Standard,1466.36
ORD007491,CUST00361,2023-01-23,2023-01-25,Express,890.87
ORD007492,CUST00166,2023-01-15,2023-01-17,Express,130.46
ORD007493,CUST00010,2023-11-06,2023-11-11,Standard,2628.37
ORD007494,CUST01038,2024-11-19,2024-11-21,Express,521.33
ORD007495,CUST01050,2024-01-02,2024-01-04,Express,1463.61
ORD007496,CUST00893,2024-02-12,2024-02-17,Standard,4253.22
ORD007497,CUST00879,2024-08-15,2024-08-20,Standard,80.7
ORD007498,CUST00115,2023-04-30,2023-05-02,Express,5736.64
ORD007499,CUST01076,2023-11-30,2023-12-02,Express,4635.09
ORD007500,CUST00329,2024-11-26,2024-11-26,Same Day,5180.25
ORD007501,CUST00699,2024-06-07,2024-06-12,Standard,2372.28
ORD007502,CUST00624,2024-10-24,2024-10-26,Express,236.16
ORD007503,CUST00586,2023-11-21,2023-11-26,Standard,104.42
ORD007504,CUST00175,2024-06-13,2024-06-15,Express,1184.18
ORD007505,CUST00785,2024-02-29,2024-03-05,Standard,566.93
ORD007506,CUST01149,2024-04-08,2024-04-13,Standard,2691.4
ORD007507,CUST00295,2023-07-23,2023-07-25,Express,4777.99
ORD007508,CUST01079,2024-06-27,2024-07-02,Standard,245.13
ORD007509,CUST00253,2023-08-15,2023-08-17,Express,2952.95
ORD007510,CUST00021,2023-05-12,2023-05-17,Standard,1134.34
ORD007511,CUST00024,2024-12-14,2024-12-14,Same Day,2679.6
ORD007512,CUST00762,2024-09-18,2024-09-23,Standard,1813.76
ORD007513,CUST00754,2024-09-12,2024-09-14,Express,238.8
ORD007514,CUST00191,2024-02-17,2024-02-17,Same Day,96.54
ORD007515,CUST00834,2024-02-04,2024-02-09,Standard,1937.26
ORD007516,CUST00570,2023-08-21,2023-08-26,Standard,2655.05
ORD007517,CUST00094,2024-05-01,2024-05-01,Same Day,2455.02
ORD007518,CUST00877,2024-11-15,2024-11-20,Standard,2254.8
ORD007519,CUST00791,2023-06-13,2023-06-15,Express,115.92
ORD007520,CUST00789,2024-07-15,2024-07-20,Standard,1920.5
ORD007521,CUST00836,2024-06-25,2024-06-27,Express,253.24
ORD007522,CUST00064,2023-02-26,2023-03-03,Standard,753.31
ORD007523,CUST00747,2023-08-25,2023-08-30,Standard,177.5
ORD007524,CUST00384,2024-10-07,2024-10-12,Standard,2413.65
ORD007525,CUST00291,2024-07-22,2024-07-24,Express,495.16
ORD007526,CUST00673,2023-12-08,2023-12-10,Express,625.25
ORD007527,CUST00989,2023-09-16,2023-09-21,Standard,3467.76
ORD007528,CUST00046,2023-10-11,2023-10-13,Express,870.74
ORD007529,CUST00141,2024-03-09,2024-03-14,Standard,429.29
ORD007530,CUST01037,2023-07-10,2023-07-10,Same Day,300.58
ORD007531,CUST00882,2023-11-08,2023-11-13,Standard,492.6
ORD007532,CUST00895,2023-07-16,2023-07-21,Standard,703.41
ORD007533,CUST00232,2023-06-05,2023-06-10,Standard,4749.76
ORD007534,CUST01087,2023-06-28,2023-07-03,Standard,270.32
ORD007535,CUST01071,2023-07-22,2023-07-27,Standard,3367.5
ORD007536,CUST00037,2024-11-15,2024-11-17,Express,746.2
ORD007537,CUST00976,2023-06-14,2023-06-19,Standard,98.87
ORD007538,CUST00029,2023-03-06,2023-03-11,Standard,1700.79
ORD007539,CUST00231,2023-12-04,2023-12-09,Standard,141.84
ORD007540,CUST00306,2024-10-17,2024-10-17,Same Day,381.48
ORD007541,CUST00937,2023-12-09,2023-12-09,Same Day,1360.63
ORD007542,CUST00367,2024-04-13,2024-04-15,Express,2036.08
ORD007543,CUST00860,2024-02-04,2024-02-09,Standard,1194.39
ORD007544,CUST00321,2024-07-28,2024-07-28,Same Day,2340.07
ORD007545,CUST00999,2023-08-20,2023-08-20,Same Day,11824.86
ORD007546,CUST00676,2024-08-18,2024-08-23,Standard,932.75
ORD007547,CUST00782,2024-01-28,2024-02-02,Standard,5740.56
ORD007548,CUST01036,2024-09-28,2024-09-30,Express,617.85
ORD007549,CUST00031,2024-04-29,2024-05-04,Standard,75.68
ORD007550,CUST01105,2023-09-23,2023-09-25,Express,2731.36
ORD007551,CUST00190,2023-02-14,2023-02-19,Standard,1455.17
ORD007552,CUST00830,2024-10-03,2024-10-08,Standard,1839.63
ORD007553,CUST00038,2023-10-24,2023-10-29,Standard,4770.23
ORD007554,CUST00783,2023-06-29,2023-07-01,Express,1567.67
ORD007555,CUST01145,2023-01-26,2023-01-31,Standard,77.65
ORD007556,CUST00495,2023-08-07,2023-08-12,Standard,5133.54
ORD007557,CUST00775,2024-09-03,2024-09-08,Standard,3312.5
ORD007558,CUST00199,2024-06-04,2024-06-09,Standard,107.63
ORD007559,CUST00897,2024-02-02,2024-02-07,Standard,1085.52
ORD007560,CUST00847,2024-10-10,2024-10-15,Standard,961.1
ORD007561,CUST00221,2023-06-13,2023-06-18,Standard,2685.13
ORD007562,CUST00412,2023-03-22,2023-03-27,Standard,8207.21
ORD007563,CUST00679,2023-12-24,2023-12-29,Standard,189.93
ORD007564,CUST00499,2024-05-29,2024-05-29,Same Day,465.15
ORD007565,CUST00729,2023-12-03,2023-12-05,Express,848.26
ORD007566,CUST01139,2023-12-17,2023-12-22,Standard,2196.94
ORD007567,CUST00198,2023-10-21,2023-10-23,Express,1926.04
ORD007568,CUST00308,2023-08-13,2023-08-13,Same Day,2677.11
ORD007569,CUST00426,2024-04-12,2024-04-14,Express,80.45
ORD007570,CUST00104,2024-10-15,2024-10-17,Express,2267.72
ORD007571,CUST00765,2024-02-08,2024-02-13,Standard,66.19
ORD007572,CUST00278,2023-04-16,2023-04-18,Express,4479.36
ORD007573,CUST01095,2023-12-20,2023-12-22,Express,3452.51
ORD007574,CUST00903,2024-08-20,2024-08-20,Same Day,172.14
ORD007575,CUST00336,2023-04-22,2023-04-27,Standard,373.12
ORD007576,CUST01060,2023-07-19,2023-07-21,Express,5224.95
ORD007577,CUST00395,2023-06-21,2023-06-23,Express,372.9
ORD007578,CUST00307,2024-08-11,2024-08-16,Standard,336.76
ORD007579,CUST00782,2023-06-19,2023-06-21,Express,996.5
ORD007580,CUST00630,2023-04-08,2023-04-13,Standard,1615.75
ORD007581,CUST00441,2023-06-23,2023-06-28,Standard,420.54
ORD007582,CUST01030,2024-04-23,2024-04-28,Standard,6190.9
ORD007583,CUST00003,2023-11-26,2023-11-28,Express,496.04
ORD007584,CUST00275,2024-05-26,2024-05-31,Standard,63.28
ORD007585,CUST01125,2023-01-21,2023-01-26,Standard,155.25
ORD007586,CUST01118,2024-07-20,2024-07-25,Standard,556.34
ORD007587,CUST00715,2023-11-01,2023-11-01,Same Day,1794.35
ORD007588,CUST01024,2024-12-04,2024-12-09,Standard,719.8
ORD007589,CUST01162,2024-04-24,2024-04-26,Express,187.19
ORD007590,CUST00526,2023-11-04,2023-11-06,Express,2543.25
ORD007591,CUST00519,2023-12-13,2023-12-15,Express,59.15
ORD007592,CUST00842,2024-11-05,2024-11-10,Standard,566.52
ORD007593,CUST01057,2023-09-29,2023-10-01,Express,3423.22
ORD007594,CUST00631,2023-05-20,2023-05-22,Express,813.12
ORD007595,CUST00345,2024-09-08,2024-09-10,Express,1983.04
ORD007596,CUST01090,2023-04-17,2023-04-19,Express,2256.01
ORD007597,CUST00514,2024-12-27,2025-01-01,Standard,1568.15
ORD007598,CUST00853,2024-10-16,2024-10-18,Express,4138.65
ORD007599,CUST00506,2024-11-05,2024-11-10,Standard,5140.22
ORD007600,CUST00082,2023-07-19,2023-07-24,Standard,7552.5
ORD007601,CUST00226,2023-06-10,2023-06-12,Express,17.18
ORD007602,CUST00436,2023-07-04,2023-07-06,Express,1183.6
ORD007603,CUST00774,2024-08-30,2024-09-04,Standard,3916.79
ORD007604,CUST00348,2023-06-17,2023-06-22,Standard,3731.44
ORD007605,CUST00713,2023-02-18,2023-02-23,Standard,868.29
ORD007606,CUST00064,2024-11-23,2024-11-28,Standard,2153.83
ORD007607,CUST01082,2023-10-11,2023-10-13,Express,3682.96
ORD007608,CUST00326,2024-08-04,2024-08-09,Standard,1713.48
ORD007609,CUST00151,2023-05-08,2023-05-13,Standard,273.27
ORD007610,CUST00791,2024-03-11,2024-03-13,Express,116.32
ORD007611,CUST01195,2024-06-29,2024-07-01,Express,922.08
ORD007612,CUST01069,2023-07-25,2023-07-27,Express,2068.37
ORD007613,CUST00297,2023-11-29,2023-12-01,Express,924.72
ORD007614,CUST00195,2023-06-24,2023-06-29,Standard,1042.42
ORD007615,CUST00749,2023-12-04,2023-12-09,Standard,302.68
ORD007616,CUST00894,2023-06-12,2023-06-17,Standard,568.79
ORD007617,CUST00991,2024-06-23,2024-06-28,Standard,1957.17
ORD007618,CUST00616,2023-11-12,2023-11-12,Same Day,1209.04
ORD007619,CUST00610,2024-12-20,2024-12-22,Express,723.6
ORD007620,CUST01145,2024-07-19,2024-07-24,Standard,449.14
ORD007621,CUST00347,2023-04-03,2023-04-08,Standard,1062.02
ORD007622,CUST00631,2024-11-02,2024-11-04,Express,1134.7
ORD007623,CUST00582,2023-08-07,2023-08-12,Standard,903.83
ORD007624,CUST00884,2023-04-06,2023-04-11,Standard,331.46
ORD007625,CUST01101,2023-02-10,2023-02-15,Standard,2888.05
ORD007626,CUST00513,2023-05-13,2023-05-18,Standard,2599.43
ORD007627,CUST00102,2023-11-03,2023-11-08,Standard,3362.14
ORD007628,CUST00840,2024-10-18,2024-10-20,Express,1652.01
ORD007629,CUST00649,2024-10-14,2024-10-19,Standard,3191.94
ORD007630,CUST00425,2024-12-26,2024-12-31,Standard,2197.65
ORD007631,CUST01192,2024-01-30,2024-02-04,Standard,2879.04
ORD007632,CUST00601,2024-04-23,2024-04-25,Express,915.08
ORD007633,CUST00908,2024-12-24,2024-12-26,Express,891.55
ORD007634,CUST00009,2023-08-27,2023-08-27,Same Day,827.68
ORD007635,CUST01017,2023-02-15,2023-02-20,Standard,354.48
ORD007636,CUST01021,2024-07-09,2024-07-11,Express,113.14
ORD007637,CUST00579,2024-08-14,2024-08-16,Express,1381.89
ORD007638,CUST00980,2024-12-26,2024-12-31,Standard,1856.12
ORD007639,CUST00678,2023-12-11,2023-12-16,Standard,624.42
ORD007640,CUST00133,2024-01-19,2024-01-24,Standard,3902.49
ORD007641,CUST00121,2023-03-05,2023-03-10,Standard,1306.96
ORD007642,CUST00284,2024-04-04,2024-04-04,Same Day,218.75
ORD007643,CUST01083,2023-05-01,2023-05-03,Express,965.36
ORD007644,CUST00372,2024-02-12,2024-02-17,Standard,200.65
ORD007645,CUST00604,2024-03-22,2024-03-24,Express,360.34
ORD007646,CUST00372,2023-01-10,2023-01-15,Standard,655.86
ORD007647,CUST00761,2024-09-23,2024-09-23,Same Day,1767.87
ORD007648,CUST00405,2024-07-25,2024-07-30,Standard,5222.4
ORD007649,CUST00769,2024-10-20,2024-10-25,Standard,732.69
ORD007650,CUST00615,2023-12-12,2023-12-17,Standard,2103.16
ORD007651,CUST00971,2024-11-24,2024-11-29,Standard,3486.84
ORD007652,CUST01050,2024-03-24,2024-03-29,Standard,2529.5
ORD007653,CUST00481,2024-10-02,2024-10-04,Express,2655.05
ORD007654,CUST00418,2024-07-29,2024-08-03,Standard,2603.67
ORD007655,CUST00212,2024-01-02,2024-01-04,Express,2427.91
ORD007656,CUST00892,2023-12-06,2023-12-11,Standard,403.81
ORD007657,CUST00620,2024-05-17,2024-05-17,Same Day,834.23
ORD007658,CUST01056,2023-12-25,2023-12-27,Express,261.26
ORD007659,CUST00545,2024-12-14,2024-12-19,Standard,170.94
ORD007660,CUST00233,2024-05-27,2024-06-01,Standard,488.36
ORD007661,CUST00154,2024-05-26,2024-05-31,Standard,981.32
ORD007662,CUST00122,2023-01-24,2023-01-29,Standard,455.43
ORD007663,CUST01097,2023-03-24,2023-03-24,Same Day,7905.2
ORD007664,CUST00689,2023-05-20,2023-05-22,Express,717.08
ORD007665,CUST00374,2023-11-28,2023-11-28,Same Day,6691.74
ORD007666,CUST00036,2023-07-27,2023-07-27,Same Day,794.45
ORD007667,CUST00512,2023-11-20,2023-11-25,Standard,1146.82
ORD007668,CUST00790,2024-11-08,2024-11-08,Same Day,2692.92
ORD007669,CUST01162,2024-08-28,2024-08-30,Express,970.15
ORD007670,CUST00313,2023-09-23,2023-09-28,Standard,581.54
ORD007671,CUST00229,2023-06-22,2023-06-27,Standard,271.77
ORD007672,CUST00597,2024-09-13,2024-09-18,Standard,90.68
ORD007673,CUST00643,2023-09-19,2023-09-24,Standard,273.84
ORD007674,CUST00532,2024-06-11,2024-06-11,Same Day,479.31
ORD007675,CUST00638,2024-02-24,2024-02-26,Express,1146.36
ORD007676,CUST00013,2024-12-10,2024-12-15,Standard,1854.98
ORD007677,CUST00459,2023-03-16,2023-03-16,Same Day,708.96
ORD007678,CUST00178,2024-06-09,2024-06-14,Standard,832.35
ORD007679,CUST00056,2024-01-20,2024-01-25,Standard,32.77
ORD007680,CUST00892,2023-04-27,2023-04-27,Same Day,2434.07
ORD007681,CUST00240,2024-06-18,2024-06-20,Express,2100.03
ORD007682,CUST00149,2024-09-27,2024-10-02,Standard,282.74
ORD007683,CUST00019,2023-11-17,2023-11-22,Standard,715.02
ORD007684,CUST00609,2024-04-18,2024-04-20,Express,2677.11
ORD007685,CUST01084,2023-08-06,2023-08-11,Standard,1814.59
ORD007686,CUST01110,2023-06-05,2023-06-10,Standard,1962.1
ORD007687,CUST00402,2023-12-25,2023-12-30,Standard,662.92
ORD007688,CUST00026,2023-06-14,2023-06-19,Standard,2563.63
ORD007689,CUST00456,2024-11-16,2024-11-21,Standard,1863.45
ORD007690,CUST01042,2023-09-14,2023-09-16,Express,1976.0
ORD007691,CUST00451,2024-09-24,2024-09-26,Express,126.76
ORD007692,CUST00719,2024-01-14,2024-01-16,Express,557.31
ORD007693,CUST00500,2024-04-10,2024-04-15,Standard,716.14
ORD007694,CUST00149,2024-07-24,2024-07-29,Standard,413.36
ORD007695,CUST00901,2023-12-15,2023-12-17,Express,1211.98
ORD007696,CUST00715,2023-07-09,2023-07-14,Standard,3882.77
ORD007697,CUST00078,2024-09-18,2024-09-20,Express,6696.04
ORD007698,CUST00768,2023-02-06,2023-02-11,Standard,3180.15
ORD007699,CUST00379,2023-03-30,2023-04-04,Standard,1203.16
ORD007700,CUST00701,2024-06-28,2024-07-03,Standard,2289.75
ORD007701,CUST00325,2024-12-30,2025-01-01,Express,2884.93
ORD007702,CUST00363,2024-06-27,2024-06-29,Express,253.24
ORD007703,CUST01026,2024-01-07,2024-01-12,Standard,286.6
ORD007704,CUST00977,2023-11-12,2023-11-12,Same Day,2670.82
ORD007705,CUST00526,2023-05-20,2023-05-25,Standard,613.85
ORD007706,CUST00823,2023-05-26,2023-05-31,Standard,432.77
ORD007707,CUST00357,2023-07-18,2023-07-23,Standard,55.72
ORD007708,CUST00314,2023-12-09,2023-12-14,Standard,5591.8
ORD007709,CUST00544,2024-10-29,2024-10-31,Express,450.42
ORD007710,CUST00165,2024-05-10,2024-05-15,Standard,1788.04
ORD007711,CUST00425,2023-07-11,2023-07-16,Standard,1758.12
ORD007712,CUST00213,2024-07-07,2024-07-12,Standard,10.88
ORD007713,CUST00462,2024-12-01,2024-12-01,Same Day,106.58
ORD007714,CUST00200,2024-11-22,2024-11-24,Express,355.53
ORD007715,CUST00677,2024-05-07,2024-05-12,Standard,3300.92
ORD007716,CUST00781,2024-08-31,2024-09-05,Standard,4064.01
ORD007717,CUST01031,2024-10-17,2024-10-19,Express,230.65
ORD007718,CUST01017,2024-11-26,2024-12-01,Standard,281.25
ORD007719,CUST00030,2024-11-30,2024-12-05,Standard,2163.84
ORD007720,CUST00478,2023-01-01,2023-01-03,Express,4698.08
ORD007721,CUST00571,2023-02-17,2023-02-22,Standard,261.05
ORD007722,CUST00514,2024-03-04,2024-03-09,Standard,1594.6
ORD007723,CUST00303,2023-04-13,2023-04-18,Standard,535.26
ORD007724,CUST00105,2024-11-27,2024-12-02,Standard,344.22
ORD007725,CUST00674,2023-02-23,2023-02-25,Express,1032.21
ORD007726,CUST00366,2024-07-13,2024-07-18,Standard,851.84
ORD007727,CUST01098,2024-01-29,2024-02-03,Standard,106.5
ORD007728,CUST00696,2023-11-30,2023-12-05,Standard,6869.56
ORD007729,CUST01190,2024-05-08,2024-05-13,Standard,6164.17
ORD007730,CUST00149,2024-01-13,2024-01-15,Express,4750.44
ORD007731,CUST01026,2023-11-01,2023-11-03,Express,2267.72
ORD007732,CUST00431,2024-07-17,2024-07-22,Standard,1239.65
ORD007733,CUST01022,2024-11-01,2024-11-03,Express,3024.66
ORD007734,CUST00790,2023-07-29,2023-08-03,Standard,367.55
ORD007735,CUST00219,2024-07-03,2024-07-05,Express,2966.56
ORD007736,CUST01052,2024-11-10,2024-11-12,Express,113.14
ORD007737,CUST01032,2023-01-24,2023-01-29,Standard,142.76
ORD007738,CUST00102,2024-05-20,2024-05-20,Same Day,1268.25
ORD007739,CUST00015,2023-12-09,2023-12-14,Standard,2307.42
ORD007740,CUST00955,2024-11-24,2024-11-29,Standard,4965.72
ORD007741,CUST00835,2024-03-23,2024-03-28,Standard,71.21
ORD007742,CUST00615,2023-02-21,2023-02-26,Standard,314.89
ORD007743,CUST00978,2024-11-14,2024-11-16,Express,553.33
ORD007744,CUST00123,2024-07-07,2024-07-09,Express,157.17
ORD007745,CUST00624,2023-03-04,2023-03-06,Express,1291.15
ORD007746,CUST00581,2024-05-31,2024-06-02,Express,263.67
ORD007747,CUST00122,2024-10-31,2024-11-05,Standard,308.77
ORD007748,CUST00883,2024-01-04,2024-01-06,Express,766.56
ORD007749,CUST00963,2024-10-18,2024-10-23,Standard,2197.65
ORD007750,CUST00853,2023-03-16,2023-03-21,Standard,3250.1
ORD007751,CUST00834,2024-11-13,2024-11-15,Express,776.52
ORD007752,CUST00941,2024-06-30,2024-06-30,Same Day,133.19
ORD007753,CUST00155,2023-03-18,2023-03-23,Standard,3713.83
ORD007754,CUST00526,2023-12-06,2023-12-11,Standard,3709.34
ORD007755,CUST00981,2023-07-06,2023-07-08,Express,4614.93
ORD007756,CUST00995,2023-12-01,2023-12-06,Standard,2369.55
ORD007757,CUST00036,2023-12-26,2023-12-28,Express,301.31
ORD007758,CUST00898,2024-12-16,2024-12-21,Standard,3131.64
ORD007759,CUST01090,2023-12-04,2023-12-09,Standard,3370.26
ORD007760,CUST00219,2024-05-28,2024-06-02,Standard,147.02
ORD007761,CUST00272,2024-07-07,2024-07-07,Same Day,63.15
ORD007762,CUST00870,2024-12-01,2024-12-03,Express,173.2
ORD007763,CUST01127,2024-03-26,2024-03-31,Standard,2490.52
ORD007764,CUST01095,2024-08-12,2024-08-14,Express,510.2
ORD007765,CUST00873,2024-06-26,2024-07-01,Standard,739.38
ORD007766,CUST00487,2024-11-22,2024-11-27,Standard,2622.52
ORD007767,CUST01026,2024-07-07,2024-07-09,Express,565.71
ORD007768,CUST00024,2024-06-27,2024-07-02,Standard,409.12
ORD007769,CUST00600,2024-01-17,2024-01-22,Standard,3491.16
ORD007770,CUST01150,2023-08-23,2023-08-23,Same Day,449.15
ORD007771,CUST00186,2023-11-30,2023-12-05,Standard,1128.24
ORD007772,CUST00239,2024-04-29,2024-04-29,Same Day,163.08
ORD007773,CUST00351,2023-11-27,2023-11-29,Express,106.5
ORD007774,CUST00763,2023-11-06,2023-11-11,Standard,1802.37
ORD007775,CUST00499,2023-11-28,2023-12-03,Standard,93.65
ORD007776,CUST00202,2023-12-23,2023-12-23,Same Day,267.5
ORD007777,CUST00468,2023-03-18,2023-03-23,Standard,4750.63
ORD007778,CUST00730,2023-11-20,2023-11-25,Standard,2522.3
ORD007779,CUST00711,2023-10-05,2023-10-10,Standard,2433.77
ORD007780,CUST00221,2023-07-07,2023-07-07,Same Day,359.9
ORD007781,CUST00884,2024-08-16,2024-08-18,Express,121.08
ORD007782,CUST00180,2024-02-06,2024-02-11,Standard,147.93
ORD007783,CUST00088,2023-07-07,2023-07-07,Same Day,2023.31
ORD007784,CUST01068,2024-02-27,2024-03-03,Standard,1292.32
ORD007785,CUST01026,2023-12-05,2023-12-10,Standard,1191.6
ORD007786,CUST00931,2024-12-14,2024-12-14,Same Day,2389.55
ORD007787,CUST00262,2023-11-04,2023-11-09,Standard,394.08
ORD007788,CUST00424,2024-08-30,2024-09-01,Express,172.56
ORD007789,CUST00994,2024-04-30,2024-05-05,Standard,502.56
ORD007790,CUST00787,2023-01-27,2023-02-01,Standard,641.33
ORD007791,CUST01192,2024-02-16,2024-02-21,Standard,497.32
ORD007792,CUST01152,2024-12-16,2024-12-21,Standard,889.34
ORD007793,CUST01063,2023-11-04,2023-11-06,Express,314.34
ORD007794,CUST00519,2024-11-28,2024-11-30,Express,3064.11
ORD007795,CUST01188,2024-07-12,2024-07-14,Express,3097.66
ORD007796,CUST00193,2024-04-16,2024-04-21,Standard,257.22
ORD007797,CUST00349,2024-04-15,2024-04-15,Same Day,511.25
ORD007798,CUST01083,2024-10-26,2024-10-28,Express,1938.8
ORD007799,CUST00296,2024-07-28,2024-07-28,Same Day,517.43
ORD007800,CUST00022,2023-06-19,2023-06-24,Standard,4259.5
ORD007801,CUST00188,2023-03-09,2023-03-11,Express,236.84
ORD007802,CUST00404,2023-06-26,2023-07-01,Standard,301.89
ORD007803,CUST00787,2023-11-22,2023-11-27,Standard,1447.19
ORD007804,CUST00244,2024-03-31,2024-04-02,Express,1239.65
ORD007805,CUST01041,2023-03-09,2023-03-14,Standard,2027.57
ORD007806,CUST00736,2023-07-13,2023-07-18,Standard,783.98
ORD007807,CUST01114,2024-06-03,2024-06-05,Express,381.48
ORD007808,CUST00505,2023-01-16,2023-01-16,Same Day,596.63
ORD007809,CUST01110,2023-07-11,2023-07-16,Standard,441.6
ORD007810,CUST00941,2024-12-08,2024-12-13,Standard,833.67
ORD007811,CUST00985,2024-08-12,2024-08-17,Standard,1538.27
ORD007812,CUST01110,2023-09-12,2023-09-17,Standard,87.89
ORD007813,CUST00579,2023-11-16,2023-11-18,Express,2745.21
ORD007814,CUST00427,2023-05-31,2023-06-02,Express,842.56
ORD007815,CUST00848,2023-06-27,2023-07-02,Standard,1470.8
ORD007816,CUST00913,2024-06-11,2024-06-11,Same Day,766.56
ORD007817,CUST00002,2024-07-03,2024-07-05,Express,282.85
ORD007818,CUST00768,2023-06-25,2023-06-27,Express,941.27
ORD007819,CUST00533,2024-08-13,2024-08-18,Standard,65.72
ORD007820,CUST00429,2023-01-17,2023-01-22,Standard,495.42
ORD007821,CUST00053,2023-03-17,2023-03-22,Standard,954.8
ORD007822,CUST00171,2023-12-27,2024-01-01,Standard,727.42
ORD007823,CUST00698,2024-08-25,2024-08-27,Express,558.08
ORD007824,CUST00023,2024-06-12,2024-06-12,Same Day,305.02
ORD007825,CUST00604,2024-01-03,2024-01-08,Standard,94.6
ORD007826,CUST00325,2023-10-29,2023-10-31,Express,476.75
ORD007827,CUST00814,2023-12-10,2023-12-12,Express,781.99
ORD007828,CUST00326,2023-01-09,2023-01-14,Standard,981.45
ORD007829,CUST00184,2023-10-03,2023-10-05,Express,80.45
ORD007830,CUST01144,2024-12-30,2025-01-01,Express,95.88
ORD007831,CUST00760,2024-10-24,2024-10-24,Same Day,1865.38
ORD007832,CUST00389,2023-12-20,2023-12-20,Same Day,312.3
ORD007833,CUST00991,2023-02-20,2023-02-25,Standard,2752.55
ORD007834,CUST01007,2024-12-27,2024-12-29,Express,1843.39
ORD007835,CUST00348,2024-03-03,2024-03-08,Standard,1886.98
ORD007836,CUST00316,2023-06-27,2023-06-29,Express,186.55
ORD007837,CUST00512,2024-12-09,2024-12-09,Same Day,2084.84
ORD007838,CUST00195,2023-12-02,2023-12-04,Express,449.32
ORD007839,CUST00823,2023-06-29,2023-07-04,Standard,157.09
ORD007840,CUST00454,2024-05-06,2024-05-08,Express,879.36
ORD007841,CUST00883,2023-01-20,2023-01-25,Standard,23.14
ORD007842,CUST00404,2024-05-10,2024-05-12,Express,425.19
ORD007843,CUST00903,2023-06-15,2023-06-20,Standard,922.12
ORD007844,CUST01166,2024-05-23,2024-05-28,Standard,3652.39
ORD007845,CUST00612,2023-09-16,2023-09-21,Standard,4245.1
ORD007846,CUST00693,2023-05-26,2023-05-26,Same Day,3422.06
ORD007847,CUST00067,2023-07-21,2023-07-26,Standard,855.71
ORD007848,CUST00409,2024-09-25,2024-09-25,Same Day,2599.43
ORD007849,CUST01108,2024-07-21,2024-07-23,Express,354.6
ORD007850,CUST00357,2024-10-04,2024-10-09,Standard,4742.55
ORD007851,CUST00116,2023-11-06,2023-11-11,Standard,251.34
ORD007852,CUST00134,2023-07-05,2023-07-07,Express,383.33
ORD007853,CUST00999,2024-02-01,2024-02-01,Same Day,307.86
ORD007854,CUST00384,2023-03-11,2023-03-13,Express,941.3
ORD007855,CUST00868,2024-12-11,2024-12-16,Standard,4739.38
ORD007856,CUST00885,2023-12-22,2023-12-24,Express,249.55
ORD007857,CUST00899,2024-04-06,2024-04-08,Express,113.44
ORD007858,CUST00908,2023-02-24,2023-03-01,Standard,364.34
ORD007859,CUST00898,2024-01-23,2024-01-28,Standard,6874.94
ORD007860,CUST00639,2024-11-02,2024-11-07,Standard,1186.14
ORD007861,CUST00960,2024-04-27,2024-05-02,Standard,446.69
ORD007862,CUST00933,2023-11-01,2023-11-06,Standard,126.62
ORD007863,CUST00243,2024-11-21,2024-11-26,Standard,2410.24
ORD007864,CUST01126,2024-11-22,2024-11-27,Standard,2200.08
ORD007865,CUST01177,2024-07-26,2024-07-31,Standard,503.64
ORD007866,CUST00205,2024-07-27,2024-07-29,Express,46.28
ORD007867,CUST00356,2023-07-27,2023-08-01,Standard,2257.91
ORD007868,CUST00769,2024-01-05,2024-01-10,Standard,464.68
ORD007869,CUST00830,2023-01-28,2023-02-02,Standard,1670.21
ORD007870,CUST00821,2024-11-20,2024-11-22,Express,151.54
ORD007871,CUST01038,2023-05-07,2023-05-09,Express,1509.43
ORD007872,CUST00094,2024-10-07,2024-10-09,Express,675.95
ORD007873,CUST00978,2023-01-08,2023-01-13,Standard,518.36
ORD007874,CUST00868,2023-03-15,2023-03-20,Standard,3190.85
ORD007875,CUST00617,2024-05-26,2024-05-31,Standard,1086.46
ORD007876,CUST00697,2024-11-22,2024-11-24,Express,3516.33
ORD007877,CUST01181,2023-01-16,2023-01-18,Express,1264.05
ORD007878,CUST00154,2023-02-05,2023-02-07,Express,85.86
ORD007879,CUST00113,2023-05-17,2023-05-22,Standard,5587.48
ORD007880,CUST00736,2023-10-22,2023-10-24,Express,1522.75
ORD007881,CUST00929,2023-07-12,2023-07-17,Standard,401.14
ORD007882,CUST00705,2024-10-10,2024-10-15,Standard,171.0
ORD007883,CUST00038,2023-03-04,2023-03-09,Standard,2125.09
ORD007884,CUST00341,2023-03-29,2023-04-03,Standard,2711.5
ORD007885,CUST00348,2024-10-01,2024-10-01,Same Day,2414.36
ORD007886,CUST00923,2024-11-01,2024-11-03,Express,968.61
ORD007887,CUST00306,2023-06-22,2023-06-27,Standard,837.34
ORD007888,CUST00984,2024-08-02,2024-08-07,Standard,830.69
ORD007889,CUST01028,2023-06-30,2023-07-05,Standard,1163.92
ORD007890,CUST00280,2024-02-25,2024-03-01,Standard,52.21
ORD007891,CUST00347,2023-04-28,2023-05-03,Standard,534.0
ORD007892,CUST00055,2024-05-03,2024-05-08,Standard,2817.03
ORD007893,CUST00203,2024-09-23,2024-09-25,Express,177.76
ORD007894,CUST00970,2024-03-18,2024-03-23,Standard,969.2
ORD007895,CUST01021,2023-12-30,2024-01-01,Express,201.12
ORD007896,CUST01012,2024-12-16,2024-12-21,Standard,139.86
ORD007897,CUST00591,2024-08-16,2024-08-18,Express,77.65
ORD007898,CUST01057,2024-11-07,2024-11-12,Standard,1186.73
ORD007899,CUST00802,2023-02-24,2023-03-01,Standard,1472.1
ORD007900,CUST00150,2024-07-01,2024-07-03,Express,3653.63
ORD007901,CUST00141,2023-10-02,2023-10-07,Standard,378.04
ORD007902,CUST01135,2024-08-23,2024-08-28,Standard,2227.4
ORD007903,CUST00443,2023-12-11,2023-12-16,Standard,2017.84
ORD007904,CUST00134,2024-07-04,2024-07-06,Express,1143.62
ORD007905,CUST00305,2024-10-13,2024-10-18,Standard,3932.94
ORD007906,CUST00187,2024-12-23,2024-12-28,Standard,465.28
ORD007907,CUST00125,2023-12-22,2023-12-27,Standard,5244.18
ORD007908,CUST00951,2024-10-16,2024-10-21,Standard,374.8
ORD007909,CUST00008,2024-03-10,2024-03-12,Express,1097.6
ORD007910,CUST00400,2024-07-26,2024-07-28,Express,805.25
ORD007911,CUST01166,2024-02-18,2024-02-20,Express,174.59
ORD007912,CUST00316,2024-12-26,2024-12-26,Same Day,1334.28
ORD007913,CUST00472,2023-08-18,2023-08-20,Express,1884.3
ORD007914,CUST00638,2024-09-08,2024-09-13,Standard,2764.37
ORD007915,CUST00887,2023-02-06,2023-02-08,Express,508.64
ORD007916,CUST00173,2023-11-10,2023-11-15,Standard,559.99
ORD007917,CUST00677,2023-08-17,2023-08-19,Express,378.86
ORD007918,CUST01163,2023-05-11,2023-05-11,Same Day,895.64
ORD007919,CUST01050,2023-06-15,2023-06-17,Express,90.91
ORD007920,CUST00737,2023-05-29,2023-06-03,Standard,847.75
ORD007921,CUST00143,2024-11-25,2024-11-30,Standard,897.73
ORD007922,CUST00213,2024-08-27,2024-09-01,Standard,495.26
ORD007923,CUST01048,2023-02-22,2023-02-22,Same Day,555.8
ORD007924,CUST00112,2024-11-08,2024-11-10,Express,193.36
ORD007925,CUST00239,2023-02-02,2023-02-07,Standard,1370.32
ORD007926,CUST00263,2024-08-02,2024-08-04,Express,507.1
ORD007927,CUST00764,2024-08-05,2024-08-07,Express,8806.67
ORD007928,CUST00779,2023-12-17,2023-12-22,Standard,105.68
ORD007929,CUST00376,2024-01-20,2024-01-22,Express,280.4
ORD007930,CUST00795,2023-05-05,2023-05-07,Express,947.57
ORD007931,CUST00439,2023-11-05,2023-11-10,Standard,1624.75
ORD007932,CUST00257,2023-08-27,2023-09-01,Standard,1295.11
ORD007933,CUST00571,2023-08-08,2023-08-10,Express,4637.45
ORD007934,CUST00389,2024-09-07,2024-09-07,Same Day,5425.36
ORD007935,CUST00839,2024-11-14,2024-11-19,Standard,224.12
ORD007936,CUST00815,2024-06-09,2024-06-11,Express,49.27
ORD007937,CUST00045,2024-12-09,2024-12-14,Standard,823.64
ORD007938,CUST00105,2023-11-11,2023-11-16,Standard,1155.24
ORD007939,CUST01159,2024-08-24,2024-08-26,Express,378.14
ORD007940,CUST01024,2024-11-22,2024-11-24,Express,562.21
ORD007941,CUST00188,2023-01-21,2023-01-23,Express,464.45
ORD007942,CUST01169,2023-09-27,2023-10-02,Standard,208.84
ORD007943,CUST00356,2024-09-09,2024-09-11,Express,410.48
ORD007944,CUST00509,2024-11-28,2024-11-30,Express,530.26
ORD007945,CUST00207,2023-11-14,2023-11-19,Standard,367.16
ORD007946,CUST01128,2023-05-17,2023-05-22,Standard,720.88
ORD007947,CUST00716,2023-02-19,2023-02-21,Express,1464.32
ORD007948,CUST00837,2024-11-09,2024-11-14,Standard,262.4
ORD007949,CUST00271,2023-12-08,2023-12-13,Standard,127.16
ORD007950,CUST00942,2024-09-02,2024-09-07,Standard,1507.88
ORD007951,CUST01059,2023-04-10,2023-04-15,Standard,2784.46
ORD007952,CUST00243,2024-12-03,2024-12-08,Standard,809.69
ORD007953,CUST00102,2024-09-12,2024-09-12,Same Day,539.0
ORD007954,CUST00943,2024-07-22,2024-07-27,Standard,4749.76
ORD007955,CUST00623,2023-12-04,2023-12-09,Standard,244.5
ORD007956,CUST00349,2023-09-25,2023-09-30,Standard,602.7
ORD007957,CUST00042,2024-10-09,2024-10-14,Standard,413.86
ORD007958,CUST00513,2024-06-08,2024-06-13,Standard,256.31
ORD007959,CUST01146,2023-10-24,2023-10-29,Standard,4827.29
ORD007960,CUST01117,2023-06-16,2023-06-21,Standard,2343.34
ORD007961,CUST00041,2024-12-12,2024-12-17,Standard,3696.01
ORD007962,CUST00923,2024-07-29,2024-08-03,Standard,3336.05
ORD007963,CUST00025,2024-03-31,2024-04-02,Express,6285.46
ORD007964,CUST00971,2024-02-22,2024-02-22,Same Day,72.45
ORD007965,CUST00164,2024-03-26,2024-03-26,Same Day,909.12
ORD007966,CUST00496,2023-12-03,2023-12-05,Express,1152.77
ORD007967,CUST00716,2023-08-02,2023-08-04,Express,136.21
ORD007968,CUST00813,2024-02-19,2024-02-24,Standard,661.63
ORD007969,CUST00344,2024-07-14,2024-07-16,Express,127.36
ORD007970,CUST00519,2023-05-07,2023-05-12,Standard,2286.61
ORD007971,CUST00316,2023-10-25,2023-10-30,Standard,5260.49
ORD007972,CUST00450,2023-08-19,2023-08-24,Standard,3482.32
ORD007973,CUST00779,2023-03-27,2023-04-01,Standard,2245.0
ORD007974,CUST01053,2024-04-10,2024-04-15,Standard,1761.19
ORD007975,CUST00440,2024-08-13,2024-08-13,Same Day,723.6
ORD007976,CUST00709,2023-04-05,2023-04-07,Express,1964.33
ORD007977,CUST00327,2023-02-06,2023-02-11,Standard,1368.06
ORD007978,CUST00983,2024-08-26,2024-08-31,Standard,4363.95
ORD007979,CUST00919,2023-06-09,2023-06-11,Express,4834.35
ORD007980,CUST00198,2023-06-13,2023-06-15,Express,155.25
ORD007981,CUST00557,2024-09-07,2024-09-12,Standard,1671.92
ORD007982,CUST01146,2024-12-27,2025-01-01,Standard,1125.46
ORD007983,CUST01070,2024-10-25,2024-10-27,Express,96.43
ORD007984,CUST00139,2024-01-01,2024-01-06,Standard,541.84
ORD007985,CUST00652,2023-01-11,2023-01-13,Express,2665.96
ORD007986,CUST00839,2023-08-02,2023-08-02,Same Day,317.18
ORD007987,CUST00708,2023-03-26,2023-03-31,Standard,372.9
ORD007988,CUST00859,2023-08-11,2023-08-16,Standard,254.32
ORD007989,CUST00317,2024-11-22,2024-11-27,Standard,723.6
ORD007990,CUST00630,2024-11-08,2024-11-13,Standard,294.99
ORD007991,CUST00768,2023-12-15,2023-12-20,Standard,1172.28
ORD007992,CUST00397,2023-01-20,2023-01-22,Express,2967.24
ORD007993,CUST00184,2024-11-16,2024-11-18,Express,63.28
ORD007994,CUST00140,2024-04-04,2024-04-09,Standard,265.88
ORD007995,CUST00453,2023-11-23,2023-11-25,Express,5937.2
ORD007996,CUST00390,2023-01-22,2023-01-27,Standard,389.8
ORD007997,CUST00077,2023-09-01,2023-09-03,Express,973.28
ORD007998,CUST00374,2023-04-05,2023-04-10,Standard,6668.79
ORD007999,CUST00561,2023-05-01,2023-05-06,Standard,6023.06
ORD008000,CUST00316,2023-06-11,2023-06-13,Express,200.79
